Timecode,BlendshapeCount,EyeBlinkLeft,EyeLookDownLeft,EyeLookInLeft,EyeLookOutLeft,EyeLookUpLeft,EyeSquintLeft,EyeWideLeft,EyeBlinkRight,EyeLookDownRight,EyeLookInRight,EyeLookOutRight,EyeLookUpRight,EyeSquintRight,EyeWideRight,JawForward,JawRight,JawLeft,JawOpen,MouthClose,MouthFunnel,MouthPucker,MouthRight,MouthLeft,MouthSmileLeft,MouthSmileRight,MouthFrownLeft,MouthFrownRight,MouthDimpleLeft,MouthDimpleRight,MouthStretchLeft,MouthStretchRight,MouthRollLower,MouthRollUpper,MouthShrugLower,MouthShrugUpper,MouthPressLeft,MouthPressRight,MouthLowerDownLeft,MouthLowerDownRight,MouthUpperUpLeft,MouthUpperUpRight,BrowDownLeft,BrowDownRight,BrowInnerUp,BrowOuterUpLeft,BrowOuterUpRight,CheekPuff,CheekSquintLeft,CheekSquintRight,NoseSneerLeft,NoseSneerRight,TongueOut,HeadYaw,HeadPitch,HeadRoll,LeftEyeYaw,LeftEyePitch,LeftEyeRoll,RightEyeYaw,RightEyePitch,RightEyeRoll
15:11:18:13.629,61,0.0566684380,0.1993260384,0.1277252883,0.0000000000,0.0000000000,0.0399490707,0.0000000000,0.0565304458,0.1997703016,0.0000000000,0.0037575383,0.0000000000,0.0399404541,0.0000000000,0.0135858199,0.0069370307,0.0000000000,0.0142443087,0.0146470107,0.0127535602,0.0614300705,0.0081367027,0.0000000000,0.0137923891,0.0235903896,0.0000000000,0.0000000000,0.0320679359,0.0314813107,0.0376558267,0.0364605077,0.0355462357,0.0122653469,0.2676827908,0.1827270985,0.0818004906,0.0887191892,0.0282434132,0.0260829162,0.0217109211,0.0224704612,0.4849700332,0.4848376215,0.0147170452,0.0000000000,0.0000000000,0.0212186575,0.0305883344,0.0318755023,0.1138712764,0.1234784946,0.0000000644,0.0000000000,0.0000000000,0.0000000000,0.0022782797,0.1220330596,0.0002794136,0.0774441212,0.1221292466,0.0094957137
15:11:18:14.631,61,0.0565357022,0.1988554597,0.1284958720,0.0000000000,0.0000000000,0.0400926545,0.0000000000,0.0563959777,0.1993054152,0.0000000000,0.0044971965,0.0000000000,0.0400839932,0.0000000000,0.0135434084,0.0069598774,0.0000000000,0.0142383026,0.0146369534,0.0127096660,0.0614644475,0.0080944495,0.0000000000,0.0142895933,0.0242562164,0.0000000000,0.0000000000,0.0321391597,0.0315620489,0.0375807732,0.0363876447,0.0355380215,0.0122582968,0.2678071856,0.1827949435,0.0817536637,0.0886784792,0.0283074118,0.0261526108,0.0217067134,0.0224789139,0.4864048660,0.4862704873,0.0146915158,0.0000000000,0.0000000000,0.0211631060,0.0305377599,0.0318301320,0.1135662720,0.1231900528,0.0000000429,0.0000000000,0.0000000000,0.0000000000,0.0027268461,0.1217492223,0.0003336411,0.0779140815,0.1218453869,0.0095307948
15:11:18:15.636,61,0.0564105660,0.1985336691,0.1289124191,0.0000000000,0.0000000000,0.0403091908,0.0000000000,0.0562694147,0.1989864409,0.0000000000,0.0048996247,0.0000000000,0.0403004661,0.0000000000,0.0134481639,0.0069300141,0.0000000000,0.0142152943,0.0146001754,0.0125906439,0.0612639785,0.0081410687,0.0000000000,0.0196977165,0.0296593476,0.0000000000,0.0000000000,0.0322834998,0.0317010023,0.0374498032,0.0362498015,0.0354110897,0.0122530563,0.2580522597,0.1780012101,0.0813990459,0.0883111358,0.0283587053,0.0261963326,0.0216032136,0.0223824400,0.4873250425,0.4871904552,0.0146636516,0.0000000000,0.0000000000,0.0210382640,0.0304960962,0.0317957215,0.1125697270,0.1222206280,0.0000000292,0.0000000000,0.0000000000,0.0000000000,0.0029709262,0.1215544567,0.0003629180,0.0781685188,0.1216506362,0.0095464196
15:11:18:16.635,61,0.0564430356,0.1987889111,0.1297776848,0.0000000000,0.0000000000,0.0404801182,0.0000000000,0.0562993921,0.1992503256,0.0000000000,0.0057222666,0.0000000000,0.0404713303,0.0000000000,0.0133637385,0.0068590306,0.0000000000,0.0142093012,0.0145933079,0.0125233578,0.0612080023,0.0082031684,0.0000000000,0.0220091697,0.0316862166,0.0000000000,0.0000000000,0.0324386805,0.0318528451,0.0373315364,0.0361339226,0.0353703238,0.0122625716,0.2557495832,0.1767184585,0.0812761635,0.0881787315,0.0284939595,0.0263184868,0.0215865280,0.0223723147,0.4898816049,0.4897452593,0.0146545786,0.0000000000,0.0000000000,0.0209470000,0.0304709673,0.0317693390,0.1122093722,0.1218651831,0.0000000233,0.0000000000,0.0000000000,0.0000000000,0.0034696732,0.1217158362,0.0004244113,0.0786916912,0.1218120679,0.0096230544
15:11:18:17.636,61,0.0563333705,0.1992531717,0.1308188438,0.0000000000,0.0000000000,0.0405922867,0.0000000000,0.0561885461,0.1997254491,0.0000000000,0.0066806199,0.0000000000,0.0405833758,0.0000000000,0.0132847056,0.0068374895,0.0000000000,0.0141880848,0.0145816309,0.0124769509,0.0612495840,0.0081273252,0.0000000000,0.0229439475,0.0327444263,0.0000000000,0.0000000000,0.0324768871,0.0319043174,0.0372399241,0.0360552929,0.0353245512,0.0122447712,0.2549408674,0.1762353033,0.0811490864,0.0880539045,0.0285948534,0.0264264625,0.0215917770,0.0223898739,0.4923382998,0.4922008216,0.0146650076,0.0000000000,0.0000000000,0.0208867174,0.0304256249,0.0317285657,0.1120300367,0.1217048317,0.0000000216,0.0000000000,0.0000000000,0.0000000000,0.0040506236,0.1220063493,0.0004966672,0.0793202147,0.1221026555,0.0097231213
15:11:18:18.638,61,0.0562936775,0.1996528804,0.1318930984,0.0000000000,0.0000000000,0.0406259671,0.0000000000,0.0561496094,0.2001362294,0.0000000000,0.0077023124,0.0000000000,0.0406168401,0.0000000000,0.0132035436,0.0067943097,0.0000000000,0.0141337710,0.0145356478,0.0123781422,0.0610811822,0.0079010250,0.0000000000,0.0231296811,0.0332761332,0.0000000000,0.0000000000,0.0324590914,0.0319122151,0.0370469429,0.0358835757,0.0352474004,0.0122313220,0.2545390427,0.1759711653,0.0809718072,0.0878763199,0.0286134370,0.0264633670,0.0215609148,0.0223847311,0.4923407733,0.4922040105,0.0146282110,0.0000000000,0.0000000000,0.0207866225,0.0302990098,0.0316092037,0.1118281856,0.1215407699,0.0000000218,0.0000000000,0.0000000000,0.0000000000,0.0046699559,0.1222576052,0.0005737972,0.0799691528,0.1223539785,0.0098228715
15:11:18:19.642,61,0.0561918579,0.1993626058,0.1323184967,0.0000000000,0.0000000000,0.0407138877,0.0000000000,0.0560471714,0.1998489350,0.0000000000,0.0080862343,0.0000000000,0.0407046378,0.0000000000,0.0131356604,0.0068197032,0.0000000000,0.0140966093,0.0145023931,0.0122946417,0.0609689020,0.0078088711,0.0000000000,0.0233529005,0.0337963812,0.0000000000,0.0000000000,0.0324949138,0.0319607295,0.0369057655,0.0357412584,0.0351733603,0.0122227911,0.2543863654,0.1757698357,0.0808142126,0.0877278745,0.0286425967,0.0265040919,0.0215190910,0.0223580170,0.4923493564,0.4922116697,0.0145939831,0.0000000000,0.0000000000,0.0207140166,0.0302121565,0.0315298922,0.1114900857,0.1212206483,0.0000000239,0.0000000000,0.0000000000,0.0000000000,0.0049028364,0.1220822558,0.0006015383,0.0802288279,0.1221786588,0.0098404372
15:11:18:20.640,61,0.0562836826,0.2000390291,0.1328006387,0.0000000000,0.0000000000,0.0407495573,0.0000000000,0.0561360270,0.2005318552,0.0000000000,0.0085132001,0.0000000000,0.0407403037,0.0000000000,0.0130864326,0.0067989058,0.0000000000,0.0140928468,0.0145023074,0.0122361882,0.0608591586,0.0079547763,0.0000000000,0.0238350127,0.0342395641,0.0000000000,0.0000000000,0.0325940400,0.0320499837,0.0368187763,0.0356436782,0.0351476967,0.0122324144,0.2543184161,0.1755256355,0.0806595534,0.0875607356,0.0287462622,0.0265966933,0.0215053521,0.0223412979,0.4921137094,0.4919742644,0.0145787736,0.0000000000,0.0000000000,0.0206403416,0.0301563367,0.0314679258,0.1112514362,0.1209536567,0.0000000246,0.0000000000,0.0000000000,0.0000000000,0.0051614488,0.1224996001,0.0006354543,0.0805170685,0.1225960702,0.0099097881
15:11:18:21.642,61,0.0564789586,0.2006778419,0.1328027099,0.0000000000,0.0000000000,0.0407589674,0.0000000000,0.0563284680,0.2011726201,0.0000000000,0.0084662940,0.0000000000,0.0407497622,0.0000000000,0.0130475312,0.0067391391,0.0000000000,0.0141062923,0.0145191988,0.0122007569,0.0607946590,0.0081068296,0.0000000000,0.0243815277,0.0346728377,0.0000000000,0.0000000000,0.0327318907,0.0321781561,0.0367614664,0.0355855748,0.0351549312,0.0122560151,0.2543928027,0.1753385216,0.0805423409,0.0874291286,0.0288915001,0.0267261285,0.0215125512,0.0223455094,0.4919022024,0.4917619526,0.0145797478,0.0000000000,0.0000000000,0.0205751192,0.0301177185,0.0314203836,0.1111947596,0.1208583266,0.0000000229,0.0000000000,0.0000000000,0.0000000000,0.0051327622,0.1228909865,0.0006339620,0.0805144534,0.1229875684,0.0099414308
15:11:18:22.644,61,0.0565815382,0.2013075799,0.1333291531,0.0000000000,0.0000000000,0.0407323614,0.0000000000,0.0564278588,0.2018091530,0.0000000000,0.0089512728,0.0000000000,0.0407232046,0.0000000000,0.0130243748,0.0066922605,0.0000000000,0.0141255660,0.0145416101,0.0121908020,0.0608403124,0.0082930801,0.0000000000,0.0250092484,0.0351399668,0.0000000000,0.0000000000,0.0328901261,0.0323254019,0.0367388837,0.0355564021,0.0352032930,0.0122758215,0.2547471523,0.1753662229,0.0805929750,0.0874838904,0.0290354826,0.0268558152,0.0215470493,0.0223722421,0.4917743206,0.4916329384,0.0146000478,0.0000000000,0.0000000000,0.0205581319,0.0301017314,0.0313919596,0.1112094894,0.1208319664,0.0000000223,0.0000000000,0.0000000000,0.0000000000,0.0054265242,0.1232800260,0.0006723884,0.0808297694,0.1233766824,0.0100121731
15:11:18:23.648,61,0.0566535667,0.2020477802,0.1336537451,0.0000000000,0.0000000000,0.0407192558,0.0000000000,0.0564984381,0.2025547028,0.0000000000,0.0092401849,0.0000000000,0.0407100655,0.0000000000,0.0130023332,0.0067135380,0.0000000000,0.0141197070,0.0145433201,0.0121777793,0.0608238578,0.0083038714,0.0000000000,0.0250488147,0.0353026427,0.0000000000,0.0000000000,0.0329526216,0.0323909633,0.0366844572,0.0354994424,0.0352453142,0.0122877080,0.2554143965,0.1756504029,0.0806775242,0.0875838548,0.0291127227,0.0269316696,0.0215882715,0.0224199705,0.4917700589,0.4916279018,0.0145998476,0.0000000000,0.0000000000,0.0205368232,0.0300655551,0.0313533358,0.1114113629,0.1210410297,0.0000000260,0.0000000000,0.0000000000,0.0000000000,0.0056013544,0.1237355918,0.0006966421,0.0810219869,0.1238322854,0.0100733684
15:11:18:24.650,61,0.0566856228,0.2026955038,0.1333971918,0.0000000000,0.0000000000,0.0406805016,0.0000000000,0.0565302186,0.2032020688,0.0000000000,0.0089728832,0.0000000000,0.0406713001,0.0000000000,0.0129928654,0.0067521171,0.0000000000,0.0141332736,0.0145660881,0.0121880677,0.0608510189,0.0082502794,0.0000000000,0.0249752849,0.0354399830,0.0000000000,0.0000000000,0.0329781845,0.0324259438,0.0366792455,0.0354909077,0.0353142209,0.0122971209,0.2560205758,0.1759260297,0.0807262436,0.0876548886,0.0291932188,0.0270123761,0.0216440707,0.0224878751,0.4917079210,0.4915655851,0.0146217421,0.0000000000,0.0000000000,0.0205304902,0.0300563462,0.0313451551,0.1116670743,0.1213156730,0.0000000260,0.0000000000,0.0000000000,0.0000000000,0.0054390491,0.1241309345,0.0006786400,0.0808624849,0.1242276728,0.0100860121
15:11:18:25.652,61,0.0567841679,0.2033386230,0.1336035728,0.0000000000,0.0000000000,0.0406464860,0.0000000000,0.0566268303,0.2038491219,0.0000000000,0.0091653215,0.0000000000,0.0406373069,0.0000000000,0.0129923886,0.0067550442,0.0000000000,0.0141467862,0.0145803615,0.0121896584,0.0608743802,0.0082799923,0.0000000000,0.0251414869,0.0356350243,0.0000000000,0.0000000000,0.0330836549,0.0325320177,0.0366713181,0.0354802646,0.0353901982,0.0123194652,0.2566353679,0.1761772037,0.0808422938,0.0877847821,0.0293010585,0.0271138046,0.0216888767,0.0225369483,0.4921405911,0.4919984639,0.0146327754,0.0000000000,0.0000000000,0.0205306951,0.0300477464,0.0313357338,0.1118875369,0.1215455979,0.0000000258,0.0000000000,0.0000000000,0.0000000000,0.0055554230,0.1245262846,0.0006953908,0.0809836015,0.1246230602,0.0101335673
15:11:18:26.653,61,0.0569664724,0.2041126490,0.1337465197,0.0000000000,0.0000000000,0.0405635834,0.0000000000,0.0568062440,0.2046269029,0.0000000000,0.0092869997,0.0000000000,0.0405544452,0.0000000000,0.0129925422,0.0066986410,0.0000000000,0.0141660292,0.0145900548,0.0121652642,0.0607767887,0.0083684865,0.0000000000,0.0255568903,0.0359330885,0.0000000000,0.0000000000,0.0332362019,0.0326764248,0.0366317816,0.0354426689,0.0354522914,0.0123609304,0.2568199635,0.1761097461,0.0808583871,0.0877963603,0.0294152461,0.0272147395,0.0217006300,0.0225481372,0.4922306538,0.4920881987,0.0146389315,0.0000000000,0.0000000000,0.0204968136,0.0300186835,0.0312961526,0.1120558381,0.1217086166,0.0000000232,0.0000000000,0.0000000000,0.0000000000,0.0056288424,0.1250014752,0.0007072975,0.0810654387,0.1250982881,0.0101828696
15:11:18:27.652,61,0.0570785962,0.2048593611,0.1336929500,0.0000000000,0.0000000000,0.0404362082,0.0000000000,0.0569151975,0.2053754479,0.0000000000,0.0092267971,0.0000000000,0.0404271334,0.0000000000,0.0129763149,0.0066566016,0.0000000000,0.0141721722,0.0145866554,0.0121155847,0.0606277362,0.0084454184,0.0000000000,0.0260803271,0.0363593735,0.0000000000,0.0000000000,0.0334035382,0.0328333490,0.0365634486,0.0353716128,0.0354717299,0.0124007836,0.2567607760,0.1758763194,0.0808242932,0.0877586305,0.0294978321,0.0272822585,0.0216848291,0.0225338079,0.4920496941,0.4919069707,0.0146319801,0.0000000000,0.0000000000,0.0204493552,0.0299532432,0.0312256590,0.1121926308,0.1218463778,0.0000000184,0.0000000000,0.0000000000,0.0000000000,0.0055920328,0.1254587322,0.0007052696,0.0810283199,0.1255555898,0.0102158133
15:11:18:28.656,61,0.0572116934,0.2063654959,0.1339420676,0.0000000000,0.0000000000,0.0402598567,0.0000000000,0.0570442863,0.2068886310,0.0000000000,0.0094436677,0.0000000000,0.0402508751,0.0000000000,0.0129744522,0.0066373302,0.0000000000,0.0141889788,0.0145995682,0.0120826839,0.0604765601,0.0085893692,0.0000000000,0.0265635289,0.0367070585,0.0000000000,0.0000000000,0.0335501730,0.0329660103,0.0365266949,0.0353268795,0.0355263427,0.0124446629,0.2567007542,0.1756488681,0.0807742104,0.0877040476,0.0296041518,0.0273678806,0.0216958970,0.0225412529,0.4918623567,0.4917185605,0.0146443266,0.0000000000,0.0000000000,0.0203989316,0.0299029872,0.0311635751,0.1125008836,0.1221590862,0.0000000184,0.0000000000,0.0000000000,0.0000000000,0.0057227993,0.1263831556,0.0007271371,0.0811698586,0.1264801472,0.0103097791
15:11:18:29.658,61,0.0572328530,0.2074707896,0.1345301419,0.0000000000,0.0000000000,0.0400624983,0.0000000000,0.0570622273,0.2080030739,0.0000000000,0.0100297090,0.0000000000,0.0400536209,0.0000000000,0.0129930461,0.0066156806,0.0000000000,0.0142096328,0.0146149229,0.0120695718,0.0603217855,0.0087007694,0.0000000000,0.0268590301,0.0368771926,0.0000000000,0.0000000000,0.0336797461,0.0330877453,0.0365074873,0.0353048407,0.0356080979,0.0125002731,0.2567046583,0.1754742414,0.0807905123,0.0877212062,0.0297239386,0.0274651963,0.0217170008,0.0225600880,0.4919118285,0.4917672276,0.0146598648,0.0000000000,0.0000000000,0.0203756932,0.0298591331,0.0311071016,0.1130280122,0.1227107868,0.0000000166,0.0000000000,0.0000000000,0.0000000000,0.0060774083,0.1270641983,0.0007763992,0.0815192014,0.1271612495,0.0104104057
15:11:18:30.659,61,0.0571534410,0.2085062414,0.1351182908,0.0000000000,0.0000000000,0.0398709178,0.0000000000,0.0569805391,0.2090474814,0.0000000000,0.0105966637,0.0000000000,0.0398621559,0.0000000000,0.0130215855,0.0066214907,0.0000000000,0.0142391156,0.0146395285,0.0120648583,0.0602155849,0.0087507283,0.0000000000,0.0267890394,0.0367656015,0.0000000000,0.0000000000,0.0337200724,0.0331263430,0.0364847183,0.0352838933,0.0356974155,0.0125486879,0.2568116486,0.1754231900,0.0807693377,0.0876980945,0.0297925081,0.0275207888,0.0217469763,0.0225903485,0.4918819666,0.4917365313,0.0146678472,0.0000000000,0.0000000000,0.0203558952,0.0298137777,0.0310547352,0.1135255694,0.1232321113,0.0000000177,0.0000000000,0.0000000000,0.0000000000,0.0064204261,0.1277025044,0.0008243848,0.0818689615,0.1277995855,0.0105080223
15:11:18:31.658,61,0.0571341291,0.2090819478,0.1351518631,0.0000000000,0.0000000000,0.0397560336,0.0000000000,0.0569583625,0.2096253186,0.0000000000,0.0106268795,0.0000000000,0.0397473536,0.0000000000,0.0130604627,0.0066496227,0.0000000000,0.0142612504,0.0146512389,0.0120522892,0.0601151735,0.0087958490,0.0000000000,0.0266938694,0.0366102457,0.0000000000,0.0000000000,0.0337670892,0.0331730172,0.0364535004,0.0352528021,0.0358001851,0.0125937434,0.2571200430,0.1755355448,0.0808384717,0.0877723694,0.0298318695,0.0275510252,0.0217701178,0.0226140749,0.4926861525,0.4925394058,0.0146655748,0.0000000000,0.0000000000,0.0203414615,0.0297875367,0.0310237240,0.1139613613,0.1236883402,0.0000000176,0.0000000000,0.0000000000,0.0000000000,0.0064384411,0.1280554831,0.0008290082,0.0818855986,0.1281526834,0.0105395066
15:11:18:32.660,61,0.0571166277,0.2099560499,0.1348020136,0.0000000000,0.0000000000,0.0397097506,0.0000000000,0.0569389351,0.2104988545,0.0000000000,0.0102964044,0.0000000000,0.0397011265,0.0000000000,0.0131195970,0.0066413209,0.0000000000,0.0143038034,0.0146858217,0.0120819928,0.0601569787,0.0088028423,0.0000000000,0.0267332383,0.0365511850,0.0000000000,0.0000000000,0.0338333845,0.0332426019,0.0364804529,0.0352915190,0.0359625295,0.0126380101,0.2580343485,0.1758712381,0.0810520202,0.0880022347,0.0299229790,0.0276328493,0.0218406767,0.0226827506,0.4984519780,0.4983167648,0.0146920038,0.0000000000,0.0000000000,0.0203671176,0.0298303012,0.0310622677,0.1144501418,0.1241911650,0.0000000182,0.0000000000,0.0000000000,0.0000000000,0.0062377886,0.1285889596,0.0008065558,0.0816680267,0.1286861598,0.0105558084
15:11:18:33.661,61,0.0572246760,0.2109039724,0.1345382631,0.0000000000,0.0000000000,0.0396820530,0.0000000000,0.0570450872,0.2114472538,0.0000000000,0.0100598885,0.0000000000,0.0396734662,0.0000000000,0.0131816883,0.0066374149,0.0000000000,0.0143489596,0.0147266025,0.0121302428,0.0602272116,0.0088208271,0.0000000000,0.0269325301,0.0366263352,0.0000000000,0.0000000000,0.0339330323,0.0333460011,0.0365480669,0.0353689976,0.0361397751,0.0126846880,0.2587879598,0.1762070507,0.0813110396,0.0882810950,0.0300647020,0.0277599413,0.0219346341,0.0227726027,0.5053769350,0.5052498579,0.0147322463,0.0000000000,0.0000000000,0.0204079021,0.0298833232,0.0311114229,0.1150867864,0.1248337030,0.0000000190,0.0000000000,0.0000000000,0.0000000000,0.0060940445,0.1291682273,0.0007915589,0.0815021247,0.1292653978,0.0105823595
15:11:18:34.666,61,0.0573851690,0.2119862884,0.1345978528,0.0000000000,0.0000000000,0.0397127904,0.0000000000,0.0572027043,0.2125335932,0.0000000000,0.0101098809,0.0000000000,0.0397042222,0.0000000000,0.0132456385,0.0066222670,0.0000000000,0.0143995034,0.0147770438,0.0121857729,0.0602934323,0.0088660512,0.0000000000,0.0271485839,0.0366677493,0.0000000000,0.0000000000,0.0340136476,0.0334276743,0.0366117582,0.0354461409,0.0363304541,0.0127476500,0.2591929436,0.1762438267,0.0814885721,0.0884722173,0.0302607343,0.0279315691,0.0220326260,0.0228660069,0.5270660520,0.5269575119,0.0147725679,0.0000000000,0.0000000000,0.0204693098,0.0299438573,0.0311655533,0.1164060459,0.1261934638,0.0000000199,0.0000000000,0.0000000000,0.0000000000,0.0061237998,0.1298318356,0.0007995566,0.0815312117,0.1299290955,0.0106410924
15:11:18:35.665,61,0.0576952025,0.2134175152,0.1348881274,0.0000000000,0.0000000000,0.0397806875,0.0000000000,0.0575104468,0.2139721215,0.0000000000,0.0103600761,0.0000000000,0.0397720560,0.0000000000,0.0133211054,0.0065572346,0.0000000000,0.0144522358,0.0148280738,0.0122497305,0.0604621619,0.0087943999,0.0000000000,0.0272539705,0.0366916284,0.0000000000,0.0000000000,0.0341011360,0.0335252136,0.0366364717,0.0354990587,0.0365389027,0.0128302341,0.2595303655,0.1762167215,0.0817331746,0.0887355730,0.0304799750,0.0281294845,0.0221156981,0.0229577012,0.5443072319,0.5442074537,0.0148122003,0.0000000000,0.0000000000,0.0205803420,0.0299905892,0.0312051084,0.1175369099,0.1276537180,0.0000000215,0.0000000000,0.0000000000,0.0000000000,0.0062746247,0.1307107359,0.0008248583,0.0816976652,0.1308081299,0.0107357278
15:11:18:36.666,61,0.0580585375,0.2150313854,0.1347395629,0.0000000000,0.0000000000,0.0398393907,0.0000000000,0.0578718819,0.2155896574,0.0000000000,0.0101931430,0.0000000000,0.0398307107,0.0000000000,0.0134014478,0.0064575979,0.0000000000,0.0145121217,0.0148895038,0.0123498822,0.0606717728,0.0087748058,0.0000000000,0.0274933428,0.0367270932,0.0000000000,0.0000000000,0.0342154503,0.0336375199,0.0367035083,0.0355888754,0.0367686413,0.0129227331,0.2598406076,0.1761361957,0.0820395425,0.0890571624,0.0307497289,0.0283661690,0.0222275238,0.0230683368,0.5534963012,0.5533996224,0.0148678897,0.0000000000,0.0000000000,0.0207322221,0.0300794411,0.0312792510,0.1209931374,0.1313229650,0.0000000229,0.0000000000,0.0000000000,0.0000000000,0.0061727171,0.1316987425,0.0008176667,0.0815970749,0.1317962408,0.0108044734
15:11:18:37.668,61,0.0584861413,0.2163272500,0.1348358691,0.0000000000,0.0000000000,0.0399467051,0.0000000000,0.0582981370,0.2168905586,0.0000000000,0.0102603175,0.0000000000,0.0399379320,0.0000000000,0.0134853628,0.0063575264,0.0000000000,0.0145829013,0.0149690146,0.0124654751,0.0608703084,0.0087349182,0.0000000000,0.0277858656,0.0368692651,0.0000000000,0.0000000000,0.0343174972,0.0337387621,0.0368002877,0.0357064307,0.0370048545,0.0130228121,0.2597526312,0.1757394224,0.0822500363,0.0892740637,0.0310906898,0.0286672376,0.0223423745,0.0231828839,0.5614629984,0.5613683462,0.0149461553,0.0000000000,0.0000000000,0.0209012050,0.0302005820,0.0313852690,0.1232884154,0.1338002533,0.0000000240,0.0000000000,0.0000000000,0.0000000000,0.0062127411,0.1324934959,0.0008279930,0.0816468075,0.1325910836,0.0108770039
15:11:18:38.672,61,0.0589804910,0.2175512612,0.1343507767,0.0000000000,0.0000000000,0.0400457084,0.0000000000,0.0587914586,0.2181136608,0.0000000000,0.0097812153,0.0000000000,0.0400368161,0.0000000000,0.0135749364,0.0062253131,0.0000000000,0.0146623673,0.0150590604,0.0125870435,0.0610259511,0.0086672138,0.0000000000,0.0282576084,0.0371407643,0.0000000000,0.0000000000,0.0344675556,0.0338902362,0.0369306020,0.0358696058,0.0372742675,0.0131207854,0.2598947585,0.1755141914,0.0825225785,0.0895489678,0.0314326771,0.0289722756,0.0224931035,0.0233344641,0.5650373101,0.5649437308,0.0150271049,0.0000000000,0.0000000000,0.0210475735,0.0303505044,0.0315177888,0.1257576048,0.1363111734,0.0000000255,0.0000000000,0.0000000000,0.0000000000,0.0059220465,0.1332404166,0.0007937539,0.0813449696,0.1333380640,0.0108986581
15:11:18:39.671,61,0.0594647601,0.2190423608,0.1336409152,0.0000000000,0.0000000000,0.0401081555,0.0000000000,0.0592747144,0.2196022272,0.0000000000,0.0090684723,0.0000000000,0.0400991663,0.0000000000,0.0136674792,0.0060917297,0.0000000000,0.0147560891,0.0151771735,0.0127391443,0.0612157024,0.0085611874,0.0000000000,0.0287459735,0.0374527015,0.0000000000,0.0000000000,0.0345908515,0.0340224691,0.0370907784,0.0360707492,0.0375739671,0.0132168578,0.2602212429,0.1754474342,0.0828305110,0.0898686796,0.0318181254,0.0293248259,0.0226983912,0.0235400554,0.5668170452,0.5667237639,0.0151125863,0.0000000000,0.0000000000,0.0211722553,0.0305119660,0.0316622555,0.1287231296,0.1392649114,0.0000000250,0.0000000000,0.0000000000,0.0000000000,0.0054898458,0.1341494173,0.0007409055,0.0809052885,0.1342471391,0.0109146759
15:11:18:40.672,61,0.0600501485,0.2201565951,0.1333344132,0.0000000000,0.0000000000,0.0402503014,0.0000000000,0.0598596223,0.2207168639,0.0000000000,0.0087532224,0.0000000000,0.0402411632,0.0000000000,0.0137739126,0.0059984541,0.0000000000,0.0148618221,0.0153169502,0.0129300226,0.0614545755,0.0083929431,0.0000000000,0.0289410036,0.0375984423,0.0000000000,0.0000000000,0.0346741043,0.0341231264,0.0372940823,0.0363115333,0.0379116796,0.0133104939,0.2610759139,0.1756138653,0.0831577778,0.0902107656,0.0322492905,0.0297218058,0.0229514744,0.0238025226,0.5687828064,0.5686905384,0.0151862307,0.0000000000,0.0000000000,0.0212952476,0.0306955948,0.0318367891,0.1323964596,0.1433143318,0.0000000233,0.0000000000,0.0000000000,0.0000000000,0.0052985111,0.1348301470,0.0007187565,0.0807122961,0.1349279433,0.0109445890
15:11:18:41.677,61,0.0605294853,0.2210690081,0.1327780485,0.0000000000,0.0000000000,0.0403690711,0.0000000000,0.0603386648,0.2216264755,0.0000000000,0.0081987251,0.0000000000,0.0403598100,0.0000000000,0.0138529027,0.0059286403,0.0000000000,0.0149447313,0.0154310483,0.0130793201,0.0616190396,0.0082521988,0.0000000000,0.0291140545,0.0377194248,0.0000000000,0.0000000000,0.0346995406,0.0341647752,0.0374631621,0.0365165323,0.0381665044,0.0133714536,0.2616263330,0.1757620722,0.0833685622,0.0904288217,0.0325759426,0.0300263781,0.0231656227,0.0240236837,0.5692175031,0.5691254139,0.0152475890,0.0000000000,0.0000000000,0.0213611517,0.0308644250,0.0320049301,0.1339307725,0.1449240297,0.0000000227,0.0000000000,0.0000000000,0.0000000000,0.0049624881,0.1353855878,0.0006759816,0.0803694278,0.1354833841,0.0109436112
15:11:18:42.676,61,0.0609483123,0.2214299589,0.1324863583,0.0000000000,0.0000000000,0.0405379571,0.0000000000,0.0607564822,0.2219855189,0.0000000000,0.0078955265,0.0000000000,0.0405285731,0.0000000000,0.0139081664,0.0058842180,0.0000000000,0.0150098428,0.0155159831,0.0131699480,0.0616974235,0.0081525641,0.0000000000,0.0293895900,0.0379363075,0.0000000000,0.0000000000,0.0347461887,0.0342169777,0.0375712812,0.0366482772,0.0383458398,0.0134265088,0.2617983222,0.1756899655,0.0834665820,0.0905345976,0.0328075029,0.0302410629,0.0233016126,0.0241641067,0.5691713095,0.5690793395,0.0152781215,0.0000000000,0.0000000000,0.0213988144,0.0310136490,0.0321557410,0.1346887946,0.1456825882,0.0000000204,0.0000000000,0.0000000000,0.0000000000,0.0047788266,0.1356048137,0.0006520309,0.0801904649,0.1357026249,0.0109371841
15:11:18:43.677,61,0.0614120550,0.2224427462,0.1318409294,0.0000000000,0.0000000000,0.0406312943,0.0000000000,0.0612191483,0.2229948044,0.0000000000,0.0072356761,0.0000000000,0.0406218544,0.0000000000,0.0139234718,0.0058343788,0.0000000000,0.0150453281,0.0155697213,0.0132239033,0.0617298596,0.0081196800,0.0000000000,0.0297453012,0.0381604545,0.0000000000,0.0000000000,0.0347517878,0.0342226885,0.0376218893,0.0367153510,0.0384123549,0.0134565867,0.2616059780,0.1753970832,0.0834580585,0.0905200616,0.0329819955,0.0303967968,0.0233779810,0.0242382027,0.5669528246,0.5668623447,0.0153015563,0.0000000000,0.0000000000,0.0214014146,0.0311164465,0.0322663672,0.1349476129,0.1459010988,0.0000000196,0.0000000000,0.0000000000,0.0000000000,0.0043790773,0.1362211108,0.0006002381,0.0797930956,0.1363189816,0.0109331487
15:11:18:44.681,61,0.0618324727,0.2233453691,0.1309855282,0.0000000000,0.0000000000,0.0406625606,0.0000000000,0.0616389588,0.2238913178,0.0000000000,0.0063985293,0.0000000000,0.0406530797,0.0000000000,0.0139131052,0.0057890126,0.0000000000,0.0150732370,0.0156140048,0.0132464319,0.0617091432,0.0081328126,0.0000000000,0.0300881639,0.0383345746,0.0000000000,0.0000000000,0.0347053520,0.0341719165,0.0376551263,0.0367581025,0.0384096429,0.0134676499,0.2605595589,0.1748398840,0.0832622945,0.0903112441,0.0331067145,0.0305023324,0.0234058034,0.0242589675,0.5622224808,0.5621324182,0.0153198568,0.0000000000,0.0000000000,0.0213704780,0.0311892219,0.0323479660,0.1348169446,0.1456971914,0.0000000211,0.0000000000,0.0000000000,0.0000000000,0.0038721398,0.1367684305,0.0005329121,0.0792693868,0.1368664056,0.0109057100
15:11:18:45.681,61,0.0622287951,0.2240436524,0.1303787977,0.0000000000,0.0000000000,0.0406310894,0.0000000000,0.0620348044,0.2245854735,0.0000000000,0.0058156606,0.0000000000,0.0406216457,0.0000000000,0.0139017552,0.0057865158,0.0000000000,0.0150956186,0.0156542808,0.0132721215,0.0616885722,0.0081978394,0.0000000000,0.0303592123,0.0384742171,0.0000000000,0.0000000000,0.0346554294,0.0341129489,0.0376883373,0.0367907733,0.0383919142,0.0134716406,0.2599054575,0.1743501723,0.0831002593,0.0901403353,0.0332073383,0.0305846445,0.0234262403,0.0242713857,0.5530906320,0.5529984832,0.0153469499,0.0000000000,0.0000000000,0.0213358179,0.0312476419,0.0324186198,0.1346101016,0.1454179585,0.0000000208,0.0000000000,0.0000000000,0.0000000000,0.0035192051,0.1371923536,0.0004858590,0.0788975954,0.1372902840,0.0108887078
15:11:18:46.682,61,0.0625651702,0.2242572159,0.1302772909,0.0000000000,0.0000000000,0.0406449772,0.0000000000,0.0623706244,0.2247986346,0.0000000000,0.0057315170,0.0000000000,0.0406355709,0.0000000000,0.0139124459,0.0057420260,0.0000000000,0.0151444506,0.0157282520,0.0133429784,0.0617383607,0.0082705198,0.0000000000,0.0306394901,0.0385621414,0.0000000000,0.0000000000,0.0346127748,0.0340662524,0.0377572365,0.0368693322,0.0384334959,0.0134903546,0.2595316172,0.1740107238,0.0830209404,0.0900432616,0.0333951302,0.0307469722,0.0235085580,0.0243426319,0.5496793985,0.5495853424,0.0153772887,0.0000000000,0.0000000000,0.0213130843,0.0313456431,0.0325184278,0.1346786022,0.1454102546,0.0000000227,0.0000000000,0.0000000000,0.0000000000,0.0034682248,0.1373225152,0.0004792809,0.0788347572,0.1374204457,0.0108905016
15:11:18:47.684,61,0.0628471524,0.2245364189,0.1298707873,0.0000000000,0.0000000000,0.0406391174,0.0000000000,0.0626524165,0.2250744551,0.0000000000,0.0053500351,0.0000000000,0.0406297706,0.0000000000,0.0139328167,0.0057200883,0.0000000000,0.0151936729,0.0157997925,0.0134236636,0.0618364662,0.0083168782,0.0000000000,0.0309158545,0.0386848599,0.0000000000,0.0000000000,0.0345921926,0.0340423360,0.0378308706,0.0369538553,0.0385183431,0.0135108689,0.2595455348,0.1739546508,0.0830842927,0.0901046097,0.0335418135,0.0308779161,0.0236122832,0.0244376846,0.5477392077,0.5476447344,0.0154164722,0.0000000000,0.0000000000,0.0213199556,0.0314530581,0.0326286815,0.1348603517,0.1455093026,0.0000000231,0.0000000000,0.0000000000,0.0000000000,0.0032373096,0.1374908984,0.0004479259,0.0785869136,0.1375888437,0.0108698085
15:11:18:48.685,61,0.0630896837,0.2248128355,0.1296775639,0.0000000000,0.0000000000,0.0406226404,0.0000000000,0.0628947914,0.2253497243,0.0000000000,0.0051669334,0.0000000000,0.0406133570,0.0000000000,0.0139530376,0.0057120053,0.0000000000,0.0152420560,0.0158723742,0.0134971179,0.0618881844,0.0083690286,0.0000000000,0.0311037339,0.0387495905,0.0000000000,0.0000000000,0.0345652550,0.0340128243,0.0379150733,0.0370453596,0.0385903455,0.0135262161,0.2595236599,0.1738540530,0.0830719993,0.0900932625,0.0336892121,0.0310082063,0.0237100888,0.0245273355,0.5464854836,0.5463909507,0.0154440040,0.0000000000,0.0000000000,0.0213057417,0.0315440632,0.0327246785,0.1350514144,0.1456306726,0.0000000229,0.0000000000,0.0000000000,0.0000000000,0.0031264420,0.1376589984,0.0004331215,0.0784681663,0.1377569139,0.0108668460
15:11:18:49.687,61,0.0633295551,0.2249141783,0.1294675320,0.0000000000,0.0000000000,0.0406035036,0.0000000000,0.0631340072,0.2254492044,0.0000000000,0.0049674725,0.0000000000,0.0405942872,0.0000000000,0.0139649753,0.0057258364,0.0000000000,0.0152761415,0.0159228239,0.0135554587,0.0619357713,0.0084481128,0.0000000000,0.0312615633,0.0387720726,0.0000000000,0.0000000000,0.0345427766,0.0339817889,0.0379912071,0.0371171720,0.0386260785,0.0135371909,0.2593837082,0.1736568660,0.0830446705,0.0900678486,0.0338081121,0.0311095454,0.0237663891,0.0245726854,0.5458021760,0.5457078815,0.0154649187,0.0000000000,0.0000000000,0.0213073269,0.0316062048,0.0327912122,0.1350908875,0.1455974430,0.0000000219,0.0000000000,0.0000000000,0.0000000000,0.0030057251,0.1377197206,0.0004165841,0.0783403963,0.1378176510,0.0108540338
15:11:18:50.688,61,0.0635293126,0.2252386957,0.1291069537,0.0000000000,0.0000000000,0.0405537523,0.0000000000,0.0633334741,0.2257709354,0.0000000000,0.0046255765,0.0000000000,0.0405446067,0.0000000000,0.0139718065,0.0057420740,0.0000000000,0.0153080635,0.0159749668,0.0136070456,0.0619496182,0.0085417461,0.0000000000,0.0313091725,0.0386988707,0.0000000000,0.0000000000,0.0344809368,0.0339143425,0.0380660966,0.0371848233,0.0386186577,0.0135462871,0.2589218915,0.1732226014,0.0828888565,0.0898971632,0.0339236818,0.0312075689,0.0237915609,0.0245863385,0.5450521111,0.5449579954,0.0154916672,0.0000000000,0.0000000000,0.0212936420,0.0316543430,0.0328402333,0.1351400912,0.1455681324,0.0000000215,0.0000000000,0.0000000000,0.0000000000,0.0027987738,0.1379161477,0.0003884617,0.0781200826,0.1380140930,0.0108391978
15:11:18:51.690,61,0.0636883900,0.2255445123,0.1289894432,0.0000000000,0.0000000000,0.0405207686,0.0000000000,0.0634921789,0.2260764092,0.0000000000,0.0045170137,0.0000000000,0.0405117087,0.0000000000,0.0139711946,0.0057452871,0.0000000000,0.0153279742,0.0160077643,0.0136561282,0.0620456599,0.0086302906,0.0000000000,0.0312682055,0.0385000855,0.0000000000,0.0000000000,0.0343876854,0.0338135324,0.0380825214,0.0372011662,0.0386094786,0.0135514997,0.2587123811,0.1730063558,0.0828316733,0.0898312777,0.0339686871,0.0312408805,0.0238143317,0.0245957561,0.5447104573,0.5446166396,0.0155118741,0.0000000000,0.0000000000,0.0213020910,0.0316976234,0.0328835882,0.1351461709,0.1455022246,0.0000000221,0.0000000000,0.0000000000,0.0000000000,0.0027330162,0.1381027848,0.0003798546,0.0780469477,0.1382007003,0.0108438991
15:11:18:52.694,61,0.0639608651,0.2262374163,0.1289276928,0.0000000000,0.0000000000,0.0405410267,0.0000000000,0.0637647361,0.2267706990,0.0000000000,0.0044638710,0.0000000000,0.0405320339,0.0000000000,0.0139818471,0.0057174964,0.0000000000,0.0153495371,0.0160401873,0.0137124909,0.0622194819,0.0086966064,0.0000000000,0.0314754322,0.0385185853,0.0000000000,0.0000000000,0.0343783386,0.0337948427,0.0381050482,0.0372315869,0.0386592224,0.0135684963,0.2588162720,0.1729776114,0.0829663798,0.0899794847,0.0340487882,0.0313099027,0.0238675177,0.0246365778,0.5483083129,0.5482248068,0.0155388042,0.0000000000,0.0000000000,0.0213567279,0.0317637064,0.0329534858,0.1351968497,0.1454951614,0.0000000214,0.0000000000,0.0000000000,0.0000000000,0.0027007023,0.1385268569,0.0003765309,0.0780050159,0.1386248469,0.0108717727
15:11:18:53.693,61,0.0643669069,0.2267657071,0.1290953159,0.0000000000,0.0000000000,0.0406888947,0.0000000000,0.0641718209,0.2273022681,0.0000000000,0.0046285773,0.0000000000,0.0406798869,0.0000000000,0.0140163163,0.0056457808,0.0000000000,0.0153816575,0.0160887204,0.0138016343,0.0625230297,0.0086759683,0.0000000000,0.0316632353,0.0385493636,0.0000000000,0.0000000000,0.0343744308,0.0337913632,0.0381531827,0.0373034142,0.0387918577,0.0135872439,0.2592785060,0.1731901765,0.0832230747,0.0902437419,0.0341894329,0.0314452648,0.0239824373,0.0247463137,0.5649292469,0.5648701787,0.0155780064,0.0000000000,0.0000000000,0.0214647483,0.0318815894,0.0330710858,0.1354385316,0.1456905603,0.0000000229,0.0000000000,0.0000000000,0.0000000000,0.0028002246,0.1388515979,0.0003913333,0.0781028792,0.1389495879,0.0109112179
15:11:18:54.694,61,0.0650099888,0.2271445394,0.1293615252,0.0000000000,0.0000000000,0.0410407968,0.0000000000,0.0648207814,0.2276849747,0.0000000000,0.0048839212,0.0000000000,0.0410317406,0.0000000000,0.0140900277,0.0055700173,0.0000000000,0.0154425371,0.0161646139,0.0139583861,0.0630252808,0.0086457357,0.0000000000,0.0319025256,0.0386112370,0.0000000000,0.0000000000,0.0344161801,0.0338352211,0.0382676572,0.0374442115,0.0390321054,0.0136223463,0.2609038949,0.1735520214,0.0836931095,0.0907341987,0.0344336517,0.0316790901,0.0241535660,0.0249103568,0.5938403010,0.5937954783,0.0156470221,0.0000000000,0.0000000000,0.0216926653,0.0320923291,0.0332801230,0.1358831823,0.1461045891,0.0000000229,0.0000000000,0.0000000000,0.0000000000,0.0029546078,0.1390854716,0.0004136130,0.0782614201,0.1391835064,0.0109519595
15:11:18:55.696,61,0.0662132278,0.2274009138,0.1294618845,0.0000000000,0.0000000000,0.0415620990,0.0000000000,0.0660290867,0.2279431075,0.0000000000,0.0049588513,0.0000000000,0.0415529422,0.0000000000,0.0142044509,0.0054826154,0.0000000000,0.0155240064,0.0162679516,0.0141814696,0.0640569627,0.0086030141,0.0000000000,0.0321662202,0.0387072898,0.0000000000,0.0000000000,0.0344988070,0.0339170843,0.0384514630,0.0376504064,0.0393913276,0.0136627425,0.2653031647,0.1741548330,0.0845668763,0.0917911455,0.0347871631,0.0320186503,0.0243994445,0.0251483582,0.6158599257,0.6158187985,0.0157568678,0.0000000000,0.0000000000,0.0220356230,0.0323904417,0.0335711613,0.1367368847,0.1469776034,0.0000000234,0.0000000000,0.0000000000,0.0000000000,0.0029998717,0.1392431706,0.0004204317,0.0783204213,0.1393412352,0.0109727802
15:11:18:56.698,61,0.0693544000,0.2281400859,0.1297018081,0.0000000000,0.0000000000,0.0425375290,0.0000000000,0.0691733658,0.2286869287,0.0000000000,0.0051567503,0.0000000000,0.0425275676,0.0000000000,0.0143965194,0.0053200591,0.0000000000,0.0156734549,0.0164568182,0.0145194530,0.0654323101,0.0085385172,0.0000000000,0.0326308198,0.0389439501,0.0000000000,0.0000000000,0.0346806236,0.0341032594,0.0387588181,0.0379973166,0.0400744863,0.0137516418,0.2723568380,0.1757230610,0.0867464840,0.0941438600,0.0356163643,0.0326565430,0.0248251203,0.0255670827,0.6427174807,0.6426809430,0.0159180053,0.0000000000,0.0000000000,0.0224648099,0.0328569673,0.0340145975,0.1460456848,0.1567392349,0.0000000238,0.0000000000,0.0000000000,0.0000000000,0.0031193926,0.1396976262,0.0004386280,0.0784605742,0.1397957355,0.0110286977
15:11:18:57.703,61,0.0735526532,0.2288746983,0.1297568381,0.0000000000,0.0000000000,0.0440779254,0.0000000000,0.0733814687,0.2294242531,0.0000000000,0.0051727756,0.0000000000,0.0440670997,0.0000000000,0.0146424044,0.0051304465,0.0000000000,0.0158567522,0.0166916996,0.0149382399,0.0675796717,0.0084636584,0.0000000000,0.0330815762,0.0391957015,0.0000000000,0.0000000000,0.0348812491,0.0343056805,0.0391486660,0.0384244658,0.0412358642,0.0138574848,0.2800315619,0.1790851057,0.0900916010,0.0977442265,0.0367317051,0.0335816815,0.0253527556,0.0260866024,0.6564736366,0.6564405560,0.0161100104,0.0000000000,0.0000000000,0.0229643025,0.0334330350,0.0345698893,0.1517443210,0.1626161188,0.0000000237,0.0000000000,0.0000000000,0.0000000000,0.0031288879,0.1401479840,0.0004414003,0.0784889087,0.1402462125,0.0110686887
15:11:18:58.704,61,0.0782058239,0.2293517292,0.1294139624,0.0000000000,0.0000000000,0.0474301241,0.0000000000,0.0780475363,0.2298990488,0.0000000000,0.0048100301,0.0000000000,0.0474169813,0.0000000000,0.0149713177,0.0048771640,0.0000000000,0.0160986912,0.0170016661,0.0154738035,0.0714963898,0.0083733741,0.0000000000,0.0352301262,0.0403791964,0.0000000000,0.0000000000,0.0352116413,0.0346356072,0.0396861844,0.0390015952,0.0438832082,0.0139986584,0.2904762030,0.1838772297,0.0965019241,0.1046925783,0.0398961902,0.0363502167,0.0262331683,0.0269723386,0.6821294427,0.6821041107,0.0163426921,0.0000000000,0.0000000000,0.0235813800,0.0347447507,0.0357540995,0.1587406397,0.1700485498,0.0000000254,0.0000000000,0.0000000000,0.0000000000,0.0029093525,0.1404379606,0.0004112904,0.0782782882,0.1405361742,0.0110621769
15:11:18:59.705,61,0.0828865692,0.2299459130,0.1290974468,0.0000000000,0.0000000000,0.0526667386,0.0000000000,0.0827254057,0.2304915935,0.0000000000,0.0044575646,0.0000000000,0.0526506603,0.0000000000,0.0153734442,0.0045735710,0.0000000000,0.0164022259,0.0173845533,0.0161462165,0.0785426274,0.0082769673,0.0000000000,0.0390248112,0.0427775718,0.0000000000,0.0000000000,0.0356609225,0.0350823812,0.0405109711,0.0400385298,0.0474508442,0.0141558191,0.3039282858,0.1907052398,0.1035668105,0.1120242178,0.0442573391,0.0402858406,0.0279341042,0.0286478959,0.7094778419,0.7094514966,0.0166485757,0.0000000000,0.0000000000,0.0245926138,0.0372805744,0.0380701870,0.1649169177,0.1764618158,0.0000000258,0.0000000000,0.0000000000,0.0000000000,0.0026960250,0.1407998204,0.0003821279,0.0780828446,0.1408981085,0.0110634081
15:11:19:00.704,61,0.0875029936,0.2305470705,0.1288232505,0.0000000000,0.0000000000,0.0584083609,0.0000000000,0.0873404443,0.2310915589,0.0000000000,0.0041304971,0.0000000000,0.0583889373,0.0000000000,0.0158484355,0.0042228992,0.0000000000,0.0167548116,0.0178209972,0.0172444191,0.0845311880,0.0081257634,0.0000000000,0.0412938856,0.0442430563,0.0000000000,0.0000000000,0.0361821242,0.0356077328,0.0415141396,0.0413490348,0.0514770336,0.0143436873,0.3195801079,0.2006307393,0.1113019958,0.1199227646,0.0480496436,0.0437927470,0.0302612223,0.0309731737,0.7275309563,0.7275048494,0.0169890616,0.0000000000,0.0000000000,0.0258920304,0.0401590206,0.0406095274,0.1742643863,0.1861841381,0.0000000271,0.0000000000,0.0000000000,0.0000000000,0.0024980786,0.1411662549,0.0003550053,0.0779129416,0.1412646025,0.0110684847
15:11:19:01.705,61,0.0963828415,0.2317442447,0.1283659190,0.0000000000,0.0000000000,0.0642402396,0.0000000000,0.0961973369,0.2322872281,0.0000000000,0.0035832736,0.0000000000,0.0642165095,0.0000000000,0.0163967013,0.0038397440,0.0000000000,0.0171341114,0.0183081850,0.0186310802,0.0871551037,0.0080460999,0.0000000000,0.0469551943,0.0485124364,0.0000000000,0.0000000000,0.0370013081,0.0363708101,0.0435715057,0.0435302556,0.0559268072,0.0145611921,0.3274261653,0.2053201050,0.1172625199,0.1260784268,0.0542381592,0.0492692143,0.0334079266,0.0341099948,0.7434139252,0.7433881760,0.0173815154,0.0000000000,0.0000000000,0.0269527808,0.0434288010,0.0435684249,0.1876449287,0.2004146576,0.0000000263,0.0000000000,0.0000000000,0.0000000000,0.0021668980,0.1418965161,0.0003095555,0.0776282847,0.1419950426,0.0110859191
15:11:19:02.708,61,0.1017656624,0.2330900878,0.1278720200,0.0000000000,0.0000000000,0.0687384531,0.0000000000,0.1015826613,0.2336315066,0.0000000000,0.0029916666,0.0000000000,0.0687100664,0.0000000000,0.0169194061,0.0034078860,0.0000000000,0.0175097194,0.0188051779,0.0195687413,0.0887213945,0.0079435427,0.0000000000,0.0508970842,0.0522020161,0.0000000000,0.0000000000,0.0376546122,0.0370127372,0.0448558554,0.0449550375,0.0585663542,0.0147675090,0.3310327232,0.2076577693,0.1198983416,0.1287756115,0.0582162440,0.0528744943,0.0358144231,0.0365849324,0.7542811036,0.7542568445,0.0177794844,0.0000000000,0.0000000000,0.0277500451,0.0457397476,0.0456870124,0.1939146370,0.2070383579,0.0000000229,0.0000000000,0.0000000000,0.0000000000,0.0018089252,0.1427175999,0.0002599326,0.0773205012,0.1428162456,0.0111067882
15:11:19:03.712,61,0.1061315611,0.2341727167,0.1274746060,0.0000000000,0.0000000000,0.0729072466,0.0000000000,0.1059604138,0.2347128987,0.0000000000,0.0025390668,0.0000000000,0.0728741363,0.0000000000,0.0173917208,0.0029160958,0.0000000000,0.0178770106,0.0193035640,0.0203669611,0.0896239728,0.0078379810,0.0000000000,0.0591138378,0.0595357940,0.0000000000,0.0000000000,0.0383279957,0.0376731195,0.0458319113,0.0460302271,0.0600907058,0.0149699412,0.3327090442,0.2087993771,0.1214607954,0.1303613335,0.0611714944,0.0555996783,0.0375028364,0.0383236147,0.7607503533,0.7607276440,0.0181675442,0.0000000000,0.0000000000,0.0283680595,0.0478516556,0.0476905666,0.1975875497,0.2108875811,0.0000000203,0.0000000000,0.0000000000,0.0000000000,0.0015351126,0.1433781236,0.0002216222,0.0770728514,0.1434768587,0.0111232018
15:11:19:04.710,61,0.1110270023,0.2354341447,0.1271436214,0.0000000000,0.0000000000,0.0773318335,0.0000000000,0.1108522341,0.2359741926,0.0000000000,0.0021547144,0.0000000000,0.0772937313,0.0000000000,0.0178193077,0.0024057920,0.0000000000,0.0182459559,0.0197913758,0.0210663304,0.0901860073,0.0077738157,0.0000000000,0.0656167939,0.0646684766,0.0000000000,0.0000000000,0.0390245803,0.0383535661,0.0466171466,0.0468727984,0.0611653030,0.0151815461,0.3333106041,0.2092800885,0.1224926487,0.1313885301,0.0628804788,0.0571719036,0.0386416204,0.0394780785,0.7658304572,0.7658078074,0.0185528565,0.0000000000,0.0000000000,0.0288758688,0.0499299206,0.0495954379,0.1999401152,0.2132412195,0.0000000146,0.0000000000,0.0000000000,0.0000000000,0.0013025888,0.1441485584,0.0001890777,0.0768641979,0.1442474276,0.0111535527
15:11:19:05.712,61,0.1205134094,0.2374774367,0.1267564148,0.0000000000,0.0000000000,0.0837168247,0.0000000000,0.1203039810,0.2380189002,0.0000000000,0.0016780111,0.0000000000,0.0836698115,0.0000000000,0.0182112828,0.0018078450,0.0000000000,0.0186295621,0.0202900264,0.0216675494,0.0903442279,0.0078047332,0.0000000000,0.0793083385,0.0727206096,0.0000000000,0.0000000000,0.0400933176,0.0393142961,0.0472934768,0.0476107374,0.0619894676,0.0154194571,0.3308688402,0.2088616937,0.1232286021,0.1320805848,0.0648061335,0.0588093922,0.0395746343,0.0404000133,0.7741959095,0.7741730213,0.0189025234,0.0000000000,0.0000000000,0.0292487275,0.0525800996,0.0518197268,0.2043217421,0.2170648277,0.0000000107,0.0000000000,0.0000000000,0.0000000000,0.0010142230,0.1453975439,0.0001485135,0.0766161755,0.1454965770,0.0112152733
15:11:19:06.713,61,0.1317269206,0.2397730947,0.1266938299,0.0000000000,0.0000000000,0.0888886303,0.0000000000,0.1314087063,0.2403201312,0.0000000000,0.0015444546,0.0000000000,0.0888339505,0.0000000000,0.0185799059,0.0010651019,0.0000000000,0.0190088414,0.0207558423,0.0221571159,0.0902758837,0.0080588069,0.0000000000,0.1278488040,0.1002866402,0.0000000000,0.0000000000,0.0462087765,0.0448063612,0.0478697866,0.0482734479,0.0626314729,0.0157110970,0.3293917477,0.2080710232,0.1245353818,0.1330670118,0.0667025223,0.0602749623,0.0404432453,0.0412085690,0.7807287574,0.7806993127,0.0192703605,0.0000000000,0.0000000000,0.0295278523,0.0559874438,0.0543870516,0.2073637545,0.2190687507,0.0000000090,0.0000000000,0.0000000000,0.0000000000,0.0009333056,0.1468032897,0.0001380051,0.0765625462,0.1469025165,0.0113172950
15:11:19:07.718,61,0.1474992484,0.2429232746,0.1272108257,0.0000000000,0.0000000000,0.0931765065,0.0000000000,0.1469260603,0.2434848994,0.0000000000,0.0020178116,0.0000000000,0.0931128636,0.0000000000,0.0189342927,0.0000000000,0.0008493159,0.0193780959,0.0211685095,0.0225300696,0.0899362415,0.0089761158,0.0000000000,0.1916412264,0.1510946602,0.0000000000,0.0000000000,0.0645401031,0.0607209094,0.0484309942,0.0489762872,0.0631727055,0.0160755254,0.3289347291,0.2076016665,0.1291389614,0.1370827407,0.0685657114,0.0613802597,0.0427780785,0.0425752550,0.7890126109,0.7889654040,0.0196993835,0.0000000000,0.0000000000,0.0297224447,0.0634621233,0.0596655197,0.2154257894,0.2235160321,0.0000000075,0.0000000000,0.0000000000,0.0000000000,0.0012190019,0.1487365812,0.0001826591,0.0768529475,0.1488359720,0.0115118511
15:11:19:08.720,61,0.1619720608,0.2478235662,0.1285231411,0.0000000000,0.0000000000,0.0972552374,0.0000000000,0.1613380462,0.2484139651,0.0000000000,0.0033227580,0.0000000000,0.0971856713,0.0000000000,0.0192027725,0.0000000000,0.0032031985,0.0197195783,0.0215019509,0.0227276608,0.0875004679,0.0101958513,0.0000000000,0.2739480734,0.2288369536,0.0000000000,0.0000000000,0.0860417783,0.0808853954,0.0489055999,0.0496036112,0.0635562241,0.0164455865,0.3287814856,0.2071831971,0.1327148974,0.1409331113,0.0703747869,0.0622885674,0.0455767512,0.0447694361,0.7977432013,0.7976875901,0.0201997701,0.0000000000,0.0000000000,0.0297798458,0.0753736645,0.0707933009,0.2195253521,0.2278136164,0.0000000082,0.0000000000,0.0000000000,0.0000000000,0.0020064323,0.1517477334,0.0003068302,0.0776105747,0.1518474370,0.0118639115
15:11:19:09.721,61,0.1756744236,0.2530987263,0.1292965859,0.0000000000,0.0000000000,0.1024219394,0.0000000000,0.1750729084,0.2537133694,0.0000000000,0.0041361414,0.0000000000,0.1023491919,0.0000000000,0.0193448514,0.0000000000,0.0061530778,0.0199855492,0.0217057988,0.0226521175,0.0805466324,0.0119059673,0.0000000000,0.3654214144,0.3167280257,0.0000000000,0.0000000000,0.1097311899,0.1025112867,0.0491951667,0.0500482954,0.0637503117,0.0167821217,0.3288956583,0.2069421262,0.1348752081,0.1434435546,0.0714453831,0.0629232973,0.0478818379,0.0467929170,0.8042054176,0.8041452169,0.0207018983,0.0000000000,0.0000000000,0.0296372324,0.0876893327,0.0836495310,0.2215980887,0.2301034778,0.0000000082,0.0000000000,0.0000000000,0.0000000000,0.0024963405,0.1549851745,0.0003900233,0.0780387521,0.1550850272,0.0121876290
15:11:19:10.723,61,0.1967384368,0.2610434294,0.1295237988,0.0000000000,0.0000000000,0.1089275852,0.0000000000,0.1962134242,0.2616838813,0.0000000000,0.0045434120,0.0000000000,0.1088673770,0.0000000000,0.0193440411,0.0000000000,0.0091545377,0.0201709550,0.0218053032,0.0224289913,0.0725772306,0.0128970379,0.0000000000,0.4671813548,0.4202164412,0.0000000000,0.0000000000,0.1391502023,0.1308410466,0.0493945703,0.0504310913,0.0638456494,0.0170718376,0.3304082453,0.2071091980,0.1428817213,0.1521893740,0.0723049343,0.0634206608,0.0511369444,0.0502295084,0.8093947768,0.8093293309,0.0212030746,0.0000000000,0.0000000000,0.0293362327,0.1113318056,0.1105197892,0.2248042226,0.2387302816,0.0000000065,0.0000000000,0.0000000000,0.0000000000,0.0027400281,0.1598542184,0.0004417738,0.0781157017,0.1599543244,0.0125891306
15:11:19:11.725,61,0.2113407701,0.2716121972,0.1295653433,0.0000000000,0.0000000000,0.1143891364,0.0000000000,0.2107600570,0.2722839713,0.0000000000,0.0048773913,0.0000000000,0.1143435091,0.0000000000,0.0192379914,0.0000000000,0.0107436571,0.0202019736,0.0217598230,0.0221024267,0.0664581209,0.0141840624,0.0000000000,0.5513799191,0.5065656900,0.0000000000,0.0000000000,0.1561499983,0.1470098346,0.0495911129,0.0507867895,0.0639553741,0.0172116328,0.3831545711,0.2416850477,0.1677765399,0.1772611588,0.0727020651,0.0635172203,0.0603427067,0.0586248226,0.8128538132,0.8127782345,0.0216020346,0.0000000000,0.0000000000,0.0289329328,0.1386979073,0.1364436746,0.2417927682,0.2616868615,0.0000000061,0.0000000000,0.0000000000,0.0000000000,0.0029383104,0.1663295776,0.0004932846,0.0780578181,0.1664299667,0.0130983889
15:11:19:12.726,61,0.2212708741,0.2818056345,0.1302765310,0.0000000000,0.0000000000,0.1187802255,0.0000000000,0.2206541747,0.2825161219,0.0000000000,0.0058000563,0.0000000000,0.1187449694,0.0000000000,0.0190523472,0.0000000000,0.0118547576,0.0201486703,0.0216527414,0.0216890443,0.0618569292,0.0151733598,0.0000000000,0.5989755392,0.5605506897,0.0000000000,0.0000000000,0.1683931649,0.1589339226,0.0498505570,0.0511928089,0.0639647692,0.0172224063,0.3973954916,0.2528946102,0.1752961576,0.1848291308,0.0728535801,0.0634119511,0.0677715763,0.0654054433,0.8146601915,0.8145796657,0.0219366830,0.0000000000,0.0000000000,0.0284041949,0.1595796198,0.1577609032,0.2512488067,0.2719426453,0.0000000149,0.0000000000,0.0000000000,0.0000000000,0.0034904215,0.1725803614,0.0006084294,0.0784027353,0.1726810634,0.0136600053
15:11:19:13.725,61,0.2329024971,0.2908308804,0.1301300824,0.0000000000,0.0000000000,0.1218735799,0.0000000000,0.2323515713,0.2915656865,0.0000000000,0.0058218581,0.0000000000,0.1218450591,0.0000000000,0.0188254528,0.0000000000,0.0126494383,0.0201188941,0.0216062218,0.0212584641,0.0584784634,0.0158056617,0.0000000000,0.6595111489,0.6303083301,0.0000000000,0.0000000000,0.1817626953,0.1723087877,0.0502776206,0.0517474487,0.0640056878,0.0171688795,0.4048992097,0.2585900426,0.1794102639,0.1888862848,0.0730067119,0.0633391887,0.0733131021,0.0711265430,0.8151670694,0.8150817156,0.0222791918,0.0000000000,0.0000000000,0.0277751088,0.1951378137,0.1921579391,0.2579391599,0.2799199522,0.0000000192,0.0000000000,0.0000000000,0.0000000000,0.0035001116,0.1781084985,0.0006300749,0.0782381743,0.1782094687,0.0140769808
15:11:19:14.726,61,0.2437383384,0.2983787358,0.1284935772,0.0000000000,0.0000000000,0.1239260808,0.0000000000,0.2432145625,0.2991131544,0.0000000000,0.0042672493,0.0000000000,0.1239042282,0.0000000000,0.0185318068,0.0000000000,0.0131111918,0.0201481637,0.0216853730,0.0208339281,0.0557265095,0.0160563234,0.0000000000,0.7034119964,0.6897336245,0.0000000000,0.0000000000,0.1912973225,0.1820567846,0.0508779474,0.0524434000,0.0641593114,0.0170384422,0.4091817141,0.2632891834,0.1815412492,0.1908798963,0.0731074139,0.0633033887,0.0787197575,0.0780369788,0.8139886260,0.8138868809,0.0226941910,0.0000000000,0.0000000000,0.0270854291,0.2451736480,0.2487569153,0.2671998143,0.2930941284,0.0000000313,0.0000000000,0.0000000000,0.0000000000,0.0025633220,0.1827184856,0.0004736485,0.0771894157,0.1828196943,0.0142559633
15:11:19:15.731,61,0.2544258237,0.3077771366,0.1254444569,0.0000000000,0.0000000000,0.1253807098,0.0000000000,0.2539647222,0.3084955513,0.0000000000,0.0014686447,0.0000000000,0.1253640056,0.0000000000,0.0181760844,0.0000000000,0.0132062677,0.0201720223,0.0217559971,0.0202780832,0.0529388413,0.0160677396,0.0000000000,0.7640929818,0.7491089702,0.0000000000,0.0000000000,0.2352573574,0.2244342268,0.0515300557,0.0531534739,0.0644570962,0.0168082733,0.4597999454,0.3104044199,0.1828644872,0.1920634061,0.0729693770,0.0630956739,0.0834018141,0.0839040726,0.8110103011,0.8108985424,0.0230244547,0.0000000000,0.0000000000,0.0263354033,0.2646625638,0.2686918378,0.2717549801,0.2982661426,0.0000000433,0.0000000000,0.0000000000,0.0000000000,0.0008812609,0.1884492934,0.0001680672,0.0752767324,0.1885507107,0.0143495621
15:11:19:16.732,61,0.2598583400,0.3134234250,0.1237568930,0.0000000000,0.0000000000,0.1263138056,0.0000000000,0.2594200671,0.3141330481,0.0001018544,0.0000000000,0.0000000000,0.1262997687,0.0000000000,0.0178407356,0.0000000000,0.0130515033,0.0202430990,0.0218295511,0.0196662471,0.0507360473,0.0158738438,0.0000000000,0.7843805552,0.7705073357,0.0000000000,0.0000000000,0.2527711689,0.2425250262,0.0526466370,0.0544060692,0.0650365725,0.0165167041,0.4917012751,0.3379549682,0.1849032789,0.1934405416,0.0725775883,0.0627031177,0.0867715850,0.0881126821,0.8070577979,0.8069401979,0.0233498663,0.0000000000,0.0000000000,0.0256387759,0.2831374705,0.2865060568,0.2741469145,0.3010350168,0.0000000526,0.0000000000,0.0000000000,0.0000000000,-0.0000610773,0.1918929666,-0.0000118663,0.0742148459,0.1919945329,0.0144123081
15:11:19:17.731,61,0.2626507878,0.3147022426,0.1226832718,0.0000000000,0.0000000000,0.1270915568,0.0000000000,0.2622192502,0.3153998852,0.0011333417,0.0000000000,0.0000000000,0.1270792484,0.0000000000,0.0175514184,0.0000000000,0.0127541432,0.0203603618,0.0218909923,0.0190452021,0.0493156016,0.0156663880,0.0000000000,0.7946040630,0.7813938856,0.0000000000,0.0000000000,0.2692777812,0.2589607239,0.0541391745,0.0560724810,0.0663678572,0.0162141174,0.5147632360,0.3602938950,0.1911032349,0.1986297965,0.0720144212,0.0621770397,0.0886797234,0.0902722403,0.8052124977,0.8050904274,0.0236535333,0.0000000000,0.0000000000,0.0250339843,0.2922806144,0.2947606444,0.2753714025,0.3023346961,0.0000000599,0.0000000000,0.0000000000,0.0000000000,-0.0006795092,0.1926669031,-0.0001325633,0.0735598803,0.1927684993,0.0143443914
15:11:19:18.732,61,0.2642173767,0.3139010966,0.1235597804,0.0000000000,0.0000000000,0.1280000359,0.0000000000,0.2637816966,0.3146091998,0.0002715350,0.0000000000,0.0000000000,0.1279888004,0.0000000000,0.0173273459,0.0000000000,0.0124079091,0.0205142014,0.0219341367,0.0184713714,0.0483075120,0.0155131500,0.0000000000,0.7927174568,0.7806118727,0.0000000000,0.0000000000,0.2785844505,0.2678764164,0.0555793308,0.0574797206,0.0685171410,0.0159518830,0.5283545852,0.3731678128,0.2025013864,0.2097531855,0.0713421926,0.0615652613,0.0899360105,0.0916250199,0.8043497801,0.8042253256,0.0239404216,0.0000000000,0.0000000000,0.0245585330,0.2966697514,0.2987070084,0.2758674026,0.3026984036,0.0000001073,0.0000000000,0.0000000000,0.0000000000,-0.0001628175,0.1921838373,-0.0000316819,0.0740924403,0.1922854185,0.0144109260
15:11:19:19.734,61,0.2649075985,0.3108843863,0.1247306690,0.0000000000,0.0000000000,0.1296057701,0.0000000000,0.2644579709,0.3116011322,0.0000000000,0.0008799492,0.0000000000,0.1295904368,0.0000000000,0.0171690583,0.0000000000,0.0120809786,0.0207017101,0.0219488870,0.0179448333,0.0475693978,0.0154288644,0.0000000000,0.7851275802,0.7712387443,0.0000000000,0.0000000000,0.2890199125,0.2775214314,0.0570408478,0.0589772686,0.0706681907,0.0157129299,0.5452440977,0.3884900808,0.2128331810,0.2198216468,0.0702309683,0.0607635565,0.0907644853,0.0924210101,0.8041867614,0.8040601611,0.0241788141,0.0000000000,0.0000000000,0.0242013503,0.2986239493,0.2989834547,0.2749938369,0.2993048131,0.0000003879,0.0000000000,0.0000000000,0.0000000000,0.0005278219,0.1903463304,0.0001017002,0.0748212114,0.1904478222,0.0144098988
15:11:19:20.736,61,0.2655982971,0.3102198839,0.1267619729,0.0000000000,0.0000000000,0.1363226026,0.0000000000,0.2651252449,0.3109634221,0.0000000000,0.0029459086,0.0000000000,0.1362873018,0.0000000000,0.0170898568,0.0000000000,0.0117230425,0.0209483933,0.0219693203,0.0174820069,0.0470197834,0.0153314965,0.0000000000,0.7809312940,0.7666118741,0.0000000000,0.0000000000,0.3052653372,0.2951192856,0.0594892129,0.0618104376,0.0733316615,0.0154861892,0.5762904286,0.4188915491,0.2231818885,0.2293323874,0.0682915971,0.0594008602,0.0913398638,0.0928959846,0.8041922450,0.8040627241,0.0243517235,0.0000000000,0.0000000000,0.0239313915,0.3000247478,0.2994724214,0.2692551613,0.2912904918,0.0000007213,0.0000000000,0.0000000000,0.0000000000,0.0017671837,0.1899570525,0.0003397856,0.0760455653,0.1900585294,0.0146145495
15:11:19:21.740,61,0.2738306522,0.3119210899,0.1275872141,0.0000000000,0.0000000000,0.1457803994,0.0000000000,0.2730630636,0.3126810789,0.0000000000,0.0038877151,0.0000000000,0.1457319558,0.0000000000,0.0171047952,0.0000000000,0.0113240294,0.0212771799,0.0219986234,0.0170833804,0.0465447381,0.0152895013,0.0000000000,0.7747280002,0.7600186467,0.0000000000,0.0000000000,0.3304114044,0.3186106086,0.0631333962,0.0654606223,0.0780062675,0.0153009919,0.5961382985,0.4397943020,0.2386869788,0.2450503856,0.0658330917,0.0576030463,0.0916943327,0.0931003168,0.8039436936,0.8038100600,0.0244816318,0.0000000000,0.0000000000,0.0237440597,0.3009001017,0.2995755374,0.2597574890,0.2809000909,0.0000008591,0.0000000000,0.0000000000,0.0000000000,0.0023316804,0.1910065562,0.0004508622,0.0765252635,0.1911079288,0.0147897415
15:11:19:22.742,61,0.3136159182,0.3178765774,0.1290575266,0.0000000000,0.0000000000,0.1581552923,0.0000000000,0.3131213188,0.3186742365,0.0000000000,0.0056602852,0.0000000000,0.1581053436,0.0000000000,0.0172491539,0.0000000000,0.0108999070,0.0216932334,0.0219400357,0.0167133622,0.0461507402,0.0151961669,0.0000000000,0.7421829104,0.7276239991,0.0000000000,0.0000000000,0.3935124576,0.3806096017,0.0683396086,0.0703621507,0.0865709335,0.0151899457,0.6493197083,0.4955469370,0.2830164731,0.2892466486,0.0619103238,0.0550293438,0.0916034430,0.0928653404,0.8035870790,0.8034508228,0.0244794637,0.0000000000,0.0000000000,0.0236872546,0.2909925878,0.2802683413,0.2454619557,0.2651714385,0.0000009823,0.0000000000,0.0000000000,0.0000000000,0.0033923634,0.1946681589,0.0006688540,0.0773521215,0.1947695911,0.0152428942
15:11:19:23.743,61,0.3471077383,0.3364911079,0.1310473233,0.0000000000,0.0000000000,0.1635679603,0.0000000000,0.3458481431,0.3373710811,0.0000000000,0.0079385722,0.0000000000,0.1635086089,0.0000000000,0.0175566338,0.0000000000,0.0104525331,0.0221806839,0.0217762217,0.0163963288,0.0459736511,0.0151011841,0.0000000000,0.6875910759,0.6722375154,0.0000000000,0.0000000000,0.4256524146,0.4117540717,0.0720732883,0.0738371313,0.0987647846,0.0151722860,0.6777002215,0.5252310038,0.3185372353,0.3231149614,0.0574943572,0.0522925891,0.0912184641,0.0923408344,0.8032499552,0.8031130433,0.0244274605,0.0000000000,0.0000000000,0.0238599442,0.2439892441,0.2320204526,0.2370281667,0.2538073063,0.0000009743,0.0000000000,0.0000000000,0.0000000000,0.0047467789,0.2060906440,0.0009923521,0.0783635527,0.2061925828,0.0163727012
15:11:19:24.742,61,0.3634816110,0.3614522815,0.1333109736,0.0000000000,0.0000000000,0.1654844284,0.0000000000,0.3624064326,0.3624398410,0.0000000000,0.0101488084,0.0000000000,0.1654221416,0.0000000000,0.0179523863,0.0000000000,0.0099179046,0.0226658471,0.0214767810,0.0160774644,0.0459396504,0.0146942949,0.0000000000,0.6637029052,0.6517770886,0.0000000000,0.0000000000,0.4811223745,0.4712704122,0.0740399659,0.0757557079,0.1106833369,0.0152338790,0.7030825615,0.5546038747,0.3403666019,0.3463114500,0.0532222800,0.0496336557,0.0906427652,0.0917362869,0.8026424050,0.8025076985,0.0243518781,0.0000000000,0.0000000000,0.0242318828,0.2202700227,0.2113765925,0.2299775183,0.2451733798,0.0000008554,0.0000000000,0.0000000000,0.0000000000,0.0060482253,0.2214060128,0.0013614234,0.0794538036,0.2215090543,0.0178726297
15:11:19:25.744,61,0.3714425564,0.3774532676,0.1334530115,0.0000000000,0.0000000000,0.1620226949,0.0000000000,0.3704971969,0.3784897923,0.0000000000,0.0098800622,0.0000000000,0.1619739383,0.0000000000,0.0184621960,0.0000000000,0.0092473216,0.0231798198,0.0211380702,0.0158023853,0.0459847748,0.0130346762,0.0000000000,0.6485615969,0.6414271593,0.0000000000,0.0000000000,0.4990498126,0.4903111756,0.0759691671,0.0777714252,0.1206562072,0.0153257493,0.7170245647,0.5688446760,0.3537256122,0.3599639237,0.0504180677,0.0479607731,0.0901473314,0.0913666561,0.8025035262,0.8023736477,0.0243769046,0.0000000000,0.0000000000,0.0247907136,0.2091337740,0.2020428181,0.2257881910,0.2413458377,0.0000008865,0.0000000000,0.0000000000,0.0000000000,0.0058747879,0.2312103659,0.0013830363,0.0793597847,0.2313143462,0.0186698418
15:11:19:26.745,61,0.3754567802,0.3816591203,0.1327230483,0.0000000000,0.0000000000,0.1568664163,0.0000000000,0.3745699525,0.3826953173,0.0000000000,0.0089552766,0.0000000000,0.1568330079,0.0000000000,0.0190540683,0.0000000000,0.0086643491,0.0238367710,0.0207740813,0.0156171639,0.0462813564,0.0114973607,0.0000000000,0.6231790781,0.6213297844,0.0000000000,0.0000000000,0.5234307647,0.5167139173,0.0802940279,0.0820324272,0.1435003728,0.0154671799,0.7485619187,0.6104100347,0.3789429963,0.3847908676,0.0475392640,0.0459490456,0.0897605419,0.0911561102,0.8024871349,0.8023629189,0.0245249718,0.0000000000,0.0000000000,0.0276272465,0.2036285996,0.1972991824,0.2191673815,0.2354057431,0.0000016239,0.0000000000,0.0000000000,0.0000000000,0.0053216629,0.2337786406,0.0012672554,0.0788777992,0.2338830233,0.0187703986
15:11:19:27.747,61,0.3772108257,0.3803974688,0.1338035911,0.0000000000,0.0000000000,0.1533515453,0.0000000000,0.3763657510,0.3814485073,0.0000000000,0.0101079289,0.0000000000,0.1533233374,0.0000000000,0.0196854379,0.0000000000,0.0082286410,0.0251403488,0.0203866512,0.0154995080,0.0467864461,0.0106610144,0.0000000000,0.6059612036,0.5980076790,0.0000000000,0.0000000000,0.5810683966,0.5702882409,0.0868816748,0.0876022577,0.1656911969,0.0157043748,0.7650528550,0.6278172135,0.3993404806,0.4042616189,0.0453542396,0.0440732837,0.0894506723,0.0909514576,0.8027907610,0.8026717901,0.0247491002,0.0000000000,0.0000000000,0.0325501822,0.2008737028,0.1947190464,0.2108400315,0.2231101692,0.0000019367,0.0000000000,0.0000000000,0.0000000000,0.0060077123,0.2330179363,0.0014257949,0.0795344338,0.2331221253,0.0188624430
15:11:19:28.749,61,0.3663359582,0.3753301203,0.1360715926,0.0000000000,0.0000000000,0.1502352208,0.0000000000,0.3658779562,0.3764045238,0.0000000000,0.0121966572,0.0000000000,0.1502087712,0.0000000000,0.0206129421,0.0000000000,0.0078611765,0.0266116038,0.0199836846,0.0154309338,0.0473511368,0.0100130327,0.0000000000,0.5834292769,0.5752090812,0.0000000000,0.0000000000,0.6116790175,0.6003994346,0.0905385166,0.0906817690,0.1814795583,0.0160920396,0.7722641826,0.6358015537,0.4118568897,0.4189202189,0.0440673828,0.0429219380,0.0891285911,0.0907323584,0.8033235073,0.8032098413,0.0248692855,0.0000000000,0.0000000000,0.0383454561,0.1966389120,0.1871726662,0.1956185251,0.2043706626,0.0000018913,0.0000000000,0.0000000000,0.0000000000,0.0072544268,0.2299386263,0.0016980896,0.0809413940,0.2300428152,0.0189325903
15:11:19:29.753,61,0.3405226171,0.3697245121,0.1384702772,0.0000000000,0.0000000000,0.1468961090,0.0000000000,0.3400556147,0.3708219528,0.0000000000,0.0143708102,0.0000000000,0.1468719393,0.0000000000,0.0222747363,0.0000000000,0.0076111541,0.0278352667,0.0195612684,0.0154957073,0.0497021414,0.0094818464,0.0000000000,0.5251494050,0.5149353147,0.0000000000,0.0000000000,0.6268745065,0.6152223945,0.0930270776,0.0928013027,0.1912911385,0.0165696144,0.7764591575,0.6402412653,0.4226133227,0.4320539534,0.0430594012,0.0419575125,0.0887209177,0.0904389769,0.8040565848,0.8039574623,0.0249504577,0.0000000000,0.0000000000,0.0469945185,0.1789139509,0.1671431810,0.1801962703,0.1883611530,0.0000020325,0.0000000000,0.0000000000,0.0000000000,0.0085543580,0.2265306562,0.0019716399,0.0824335590,0.2266348600,0.0189850871
15:11:19:30.754,61,0.3135337532,0.3635405898,0.1403992027,0.0000000000,0.0000000000,0.1447592527,0.0000000000,0.3133807778,0.3646503091,0.0000000000,0.0160494950,0.0000000000,0.1447370797,0.0000000000,0.0247327629,0.0000000000,0.0074240416,0.0287550557,0.0190960057,0.0156584289,0.0529034734,0.0087215779,0.0000000000,0.4952978492,0.4886685014,0.0000000000,0.0000000000,0.6550936699,0.6491185427,0.0948261991,0.0946824625,0.2064396888,0.0171567276,0.7811563611,0.6443581581,0.4323396385,0.4443765879,0.0422085226,0.0411171168,0.0883060694,0.0902510956,0.8094989657,0.8094397187,0.0249701422,0.0000000000,0.0000000000,0.0552896038,0.1621880233,0.1528144479,0.1663966179,0.1751433462,0.0000017132,0.0000000000,0.0000000000,0.0000000000,0.0095618432,0.2227625698,0.0021659308,0.0836538449,0.2228667587,0.0189342294
15:11:19:31.753,61,0.2916141748,0.3551278710,0.1408731937,0.0000000000,0.0000000000,0.1434405893,0.0000000000,0.2915417850,0.3562182486,0.0000000000,0.0163519587,0.0000000000,0.1434187591,0.0000000000,0.0280514024,0.0000000000,0.0073039024,0.0295725614,0.0186004844,0.0159363281,0.0548645295,0.0076846364,0.0000000000,0.4627056718,0.4607472122,0.0000000000,0.0000000000,0.6950564981,0.6888449788,0.0960643664,0.0959946886,0.2390376031,0.0181544814,0.7864981890,0.6496427655,0.4550539255,0.4720510840,0.0415167212,0.0403920785,0.0880330876,0.0903194696,0.8164753914,0.8164448738,0.0248597823,0.0000000000,0.0000000000,0.0629886538,0.1532058567,0.1448092014,0.1542696506,0.1633051336,0.0000019791,0.0000000000,0.0000000000,0.0000000000,0.0097532794,0.2176118791,0.0021565412,0.0840327367,0.2177158296,0.0185659099
15:11:19:32.757,61,0.2831341326,0.3482916951,0.1402280033,0.0000000000,0.0000000000,0.1428306550,0.0000000000,0.2831041515,0.3493496180,0.0000000000,0.0155662708,0.0000000000,0.1428088844,0.0000000000,0.0302520450,0.0000000000,0.0071871388,0.0302556530,0.0181074683,0.0162934996,0.0574078113,0.0065870401,0.0000000000,0.4480508268,0.4469323754,0.0000000000,0.0000000000,0.7074190974,0.7015684247,0.0973694995,0.0973889008,0.2486618906,0.0189009197,0.7922710180,0.6564102173,0.4618795514,0.4802355170,0.0408761986,0.0397184715,0.0877386257,0.0904120132,0.8232169151,0.8231996298,0.0247573368,0.0000000000,0.0000000000,0.0668504164,0.1487205774,0.1409158558,0.1493550092,0.1585326642,0.0000029313,0.0000000000,0.0000000000,0.0000000000,0.0092931828,0.2134148926,0.0020139411,0.0837243795,0.2135187387,0.0181302484
15:11:19:33.756,61,0.2785625458,0.3421488404,0.1414773911,0.0000000000,0.0000000000,0.1428858787,0.0000000000,0.2785514295,0.3432061970,0.0000000000,0.0169245955,0.0000000000,0.1428630054,0.0000000000,0.0318501741,0.0000000000,0.0071337181,0.0308733825,0.0176255368,0.0167296901,0.0597044788,0.0055214167,0.0000000000,0.4398622513,0.4383751452,0.0000000000,0.0000000000,0.7138620019,0.7082071304,0.0988314599,0.0988625735,0.2537018955,0.0196187478,0.7972427011,0.6616290808,0.4638120532,0.4811191261,0.0403050780,0.0391022712,0.0874471515,0.0905073583,0.8280764818,0.8280639052,0.0246523898,0.0000000000,0.0000000000,0.0690160617,0.1463051438,0.1387376934,0.1464818418,0.1557460427,0.0000043083,0.0000000000,0.0000000000,0.0000000000,0.0101122586,0.2096636444,0.0021517556,0.0845382884,0.2097670883,0.0179747492
15:11:19:34.758,61,0.2760145068,0.3368377388,0.1451740712,0.0000000000,0.0000000000,0.1441949159,0.0000000000,0.2760079801,0.3379339278,0.0000000000,0.0207676515,0.0000000000,0.1441575587,0.0000000000,0.0333009101,0.0000000000,0.0071239774,0.0314573608,0.0171390045,0.0171975475,0.0608798340,0.0045107901,0.0000000000,0.4211881459,0.4192974567,0.0000000000,0.0000000000,0.7232704163,0.7180317640,0.0997191072,0.0997302160,0.2586860657,0.0207738802,0.7996870875,0.6643134952,0.4654515982,0.4826290607,0.0397804305,0.0385161079,0.0872170925,0.0906621292,0.8330805898,0.8330695629,0.0245107822,0.0000000000,0.0000000000,0.0711001307,0.1450982988,0.1375584602,0.1435430944,0.1519251615,0.0000050891,0.0000000000,0.0000000000,0.0000000000,0.0124168759,0.2064482272,0.0026004198,0.0868063346,0.2065513879,0.0181645490
15:11:19:35.759,61,0.2744266987,0.3360591531,0.1474192441,0.0000000000,0.0000000000,0.1447300315,0.0000000000,0.2744179964,0.3371887207,0.0000000000,0.0229303688,0.0000000000,0.1446866989,0.0000000000,0.0343134366,0.0000000000,0.0070979386,0.0320038013,0.0166783836,0.0176815931,0.0619134717,0.0035837323,0.0000000000,0.4129373729,0.4115658104,0.0000000000,0.0000000000,0.7269855738,0.7218619585,0.1005414426,0.1004927307,0.2611506581,0.0216109864,0.8011742830,0.6658989191,0.4660542607,0.4831432700,0.0392681770,0.0379452221,0.0869389027,0.0907519609,0.8350656033,0.8350555301,0.0244170260,0.0000000000,0.0000000000,0.0738833025,0.1443012655,0.1367331147,0.1388349235,0.1462354809,0.0000055277,0.0000000000,0.0000000000,0.0000000000,0.0137112550,0.2059965283,0.0028650151,0.0881574452,0.2060986906,0.0184048917
15:11:19:36.761,61,0.2723622620,0.3337237835,0.1470677108,0.0000000000,0.0000000000,0.1451907605,0.0000000000,0.2723299563,0.3348398209,0.0000000000,0.0224966295,0.0000000000,0.1451436728,0.0000000000,0.0351243466,0.0000000000,0.0070510181,0.0325313993,0.0162623152,0.0181699134,0.0627857149,0.0026835508,0.0000000000,0.4094468355,0.4082596302,0.0000000000,0.0000000000,0.7292621732,0.7241705656,0.1013291404,0.1011911929,0.2626224458,0.0223432481,0.8022392988,0.6669592857,0.4656260908,0.4827123284,0.0388497040,0.0374637470,0.0866519064,0.0908174440,0.8361879587,0.8361781836,0.0243062489,0.0000000000,0.0000000000,0.0754298493,0.1438489258,0.1362437755,0.1367681026,0.1439433247,0.0000057103,0.0000000000,0.0000000000,0.0000000000,0.0134559199,0.2045608312,0.0027915097,0.0879733488,0.2046629041,0.0182349905
15:11:19:37.763,61,0.2713161707,0.3323278129,0.1456039250,0.0000000000,0.0000000000,0.1457888633,0.0000000000,0.2712782919,0.3334165514,0.0000000000,0.0211918149,0.0000000000,0.1457392424,0.0000000000,0.0357401222,0.0000000000,0.0069845002,0.0330208912,0.0158863179,0.0185848027,0.0634247288,0.0016714798,0.0000000000,0.4197075963,0.4226201177,0.0000000000,0.0000000000,0.7307606339,0.7257485986,0.1025084406,0.1022729650,0.2635168731,0.0229600370,0.8031610847,0.6678864360,0.4639018178,0.4808114469,0.0384902395,0.0370516106,0.0864198729,0.0909441113,0.8367276192,0.8367179036,0.0241905153,0.0000000000,0.0000000000,0.0763514265,0.1440562457,0.1364589483,0.1355850697,0.1427262276,0.0000075676,0.0000000000,0.0000000000,0.0000000000,0.0126777552,0.2036892176,0.0026185613,0.0871131942,0.2037911117,0.0179781113
15:11:19:38.764,61,0.2713218629,0.3299059570,0.1462757438,0.0000000000,0.0000000000,0.1482205987,0.0000000000,0.2712803781,0.3309958279,0.0000000000,0.0222165640,0.0000000000,0.1481504589,0.0000000000,0.0361567885,0.0000000000,0.0069079022,0.0334890336,0.0155311665,0.0188762080,0.0638328567,0.0007788565,0.0000000000,0.4286298454,0.4308874905,0.0000000000,0.0000000000,0.7368685603,0.7324291468,0.1037534997,0.1033291891,0.2647365630,0.0235731509,0.8048280478,0.6704437733,0.4631028175,0.4799217284,0.0381342396,0.0366407819,0.0862723216,0.0910936520,0.8369091749,0.8368991613,0.0240941588,0.0000000000,0.0000000000,0.0767878294,0.1477573663,0.1388035566,0.1349454969,0.1420442760,0.0000087178,0.0000000000,0.0000000000,0.0000000000,0.0132948412,0.2022120059,0.0027255409,0.0875417218,0.2023135275,0.0179316867
15:11:19:39.769,61,0.2709966302,0.3252303004,0.1486165822,0.0000000000,0.0000000000,0.1501017958,0.0000000000,0.2709545791,0.3263377845,0.0000000000,0.0248167664,0.0000000000,0.1500119716,0.0000000000,0.0364633948,0.0000000000,0.0068821646,0.0339476429,0.0152067216,0.0189958755,0.0640659630,0.0000000000,0.0000631697,0.4537994564,0.4545176625,0.0000000000,0.0000000000,0.7429064512,0.7390496135,0.1055579036,0.1052615270,0.2654584050,0.0241593644,0.8057058454,0.6714283228,0.4529996216,0.4682107866,0.0378444307,0.0363055728,0.0860957503,0.0911546722,0.8367497325,0.8367394209,0.0239366610,0.0000000000,0.0000000000,0.0769145712,0.1491246521,0.1397326440,0.1345036477,0.1415397227,0.0000098212,0.0000000000,0.0000000000,0.0000000000,0.0148594538,0.1993707567,0.0030023074,0.0889941528,0.1994718611,0.0179654099
15:11:19:40.767,61,0.2698919177,0.3219904006,0.1503123194,0.0000000000,0.0000000000,0.1521466225,0.0000000000,0.2698594928,0.3231105506,0.0000000000,0.0266604330,0.0000000000,0.1520343125,0.0000000000,0.0367359743,0.0000000000,0.0068852049,0.0343567319,0.0148760080,0.0190436952,0.0642544255,0.0000000000,0.0008602680,0.4610753953,0.4614731073,0.0000000000,0.0000000000,0.7583712339,0.7549585700,0.1073943824,0.1070699021,0.2678687572,0.0247516241,0.8071005940,0.6727266908,0.4499237835,0.4647749066,0.0375513807,0.0359677002,0.0859647766,0.0912420377,0.8366243243,0.8366138339,0.0237506181,0.0000000000,0.0000000000,0.0770647526,0.1499570459,0.1402718723,0.1339928210,0.1409278810,0.0000110795,0.0000000000,0.0000000000,0.0000000000,0.0159697011,0.1974025369,0.0031939095,0.0900452733,0.1975034177,0.0179928746
15:11:19:41.769,61,0.2692568898,0.3202512562,0.1519433707,0.0000000000,0.0000000000,0.1542685926,0.0000000000,0.2692264318,0.3213881254,0.0000000000,0.0284854416,0.0000000000,0.1541278511,0.0000000000,0.0369382314,0.0000000000,0.0069279084,0.0347283483,0.0145586571,0.0190799776,0.0644484535,0.0000000000,0.0015074424,0.4661197364,0.4660057425,0.0000000000,0.0000000000,0.7674759030,0.7632511854,0.1092668101,0.1086974144,0.2752528489,0.0252982359,0.8106057644,0.6774609089,0.4483666420,0.4631095529,0.0373125039,0.0356543399,0.0860601589,0.0915097520,0.8365181684,0.8365074396,0.0235795416,0.0000000000,0.0000000000,0.0772097334,0.1525765806,0.1414548904,0.1336061507,0.1403992176,0.0000105649,0.0000000000,0.0000000000,0.0000000000,0.0170664638,0.1963538080,0.0033946291,0.0910415128,0.1964544803,0.0180922262
15:11:19:42.771,61,0.2689298987,0.3203342855,0.1523840874,0.0000000000,0.0000000000,0.1554703116,0.0000000000,0.2688992321,0.3214778006,0.0000000000,0.0289817490,0.0000000000,0.1553176343,0.0000000000,0.0370681919,0.0000000000,0.0069537698,0.0351093262,0.0142797139,0.0190585740,0.0646331608,0.0000000000,0.0020789399,0.4825540483,0.4834094048,0.0000000000,0.0000000000,0.7714187503,0.7669917345,0.1120038256,0.1110501960,0.2793174982,0.0257616192,0.8122431040,0.6792889833,0.4460449815,0.4613739550,0.0371363088,0.0353974663,0.0862014741,0.0918088704,0.8354094625,0.8353967071,0.0234138463,0.0000000000,0.0000000000,0.0772137567,0.1550500244,0.1429609805,0.1331682056,0.1398331225,0.0000109021,0.0000000000,0.0000000000,0.0000000000,0.0173636284,0.1964096427,0.0034547383,0.0913046598,0.1965102553,0.0181496441
15:11:19:43.775,61,0.2683426142,0.3188990951,0.1534650028,0.0000000000,0.0000000000,0.1560512036,0.0000000000,0.2683127820,0.3200526536,0.0000000000,0.0300766565,0.0000000000,0.1558936983,0.0000000000,0.0372370891,0.0000000000,0.0069396333,0.0355539918,0.0140447533,0.0189437624,0.0647444874,0.0000000000,0.0026112713,0.4937812686,0.4959807992,0.0000000000,0.0000000000,0.7734869719,0.7689248323,0.1158365011,0.1143699512,0.2821506560,0.0261696205,0.8134626150,0.6805974841,0.4422276616,0.4582917988,0.0369516872,0.0351538733,0.0863859579,0.0921293646,0.8334714174,0.8334572315,0.0233168118,0.0000000000,0.0000000000,0.0771807805,0.1582190692,0.1454031020,0.1329186708,0.1394965053,0.0000120525,0.0000000000,0.0000000000,0.0000000000,0.0180227254,0.1955412179,0.0035695925,0.0919682086,0.1956418455,0.0181982704
15:11:19:44.774,61,0.2663996220,0.3164011836,0.1557225734,0.0000000000,0.0000000000,0.1558878869,0.0000000000,0.2663732469,0.3175774515,0.0000000000,0.0323134437,0.0000000000,0.1557296067,0.0000000000,0.0373789370,0.0000000000,0.0068707145,0.0360191949,0.0138372909,0.0187129788,0.0648132786,0.0000000000,0.0030806756,0.5034598708,0.5070124269,0.0000000000,0.0000000000,0.7745287418,0.7698885798,0.1193221286,0.1177256405,0.2835577726,0.0265058726,0.8143765330,0.6815996170,0.4380021691,0.4538891017,0.0367053971,0.0348846018,0.0864612088,0.0923097581,0.8276039958,0.8275874853,0.0231975522,0.0000000000,0.0000000000,0.0771584138,0.1596706510,0.1465507299,0.1326992214,0.1391576231,0.0000118030,0.0000000000,0.0000000000,0.0000000000,0.0193688385,0.1940339059,0.0038058406,0.0933490545,0.1941344291,0.0183247197
15:11:19:45.775,61,0.2599158883,0.3132041395,0.1584579796,0.0000000000,0.0000000000,0.1541333199,0.0000000000,0.2598958313,0.3144068718,0.0000000000,0.0349146724,0.0000000000,0.1539895386,0.0000000000,0.0374933444,0.0000000000,0.0067395465,0.0364939049,0.0136527158,0.0184028465,0.0648453906,0.0000000000,0.0034860487,0.5073872209,0.5114805698,0.0000000000,0.0000000000,0.7748207450,0.7701347470,0.1214134619,0.1197424978,0.2839368880,0.0267827325,0.8150138259,0.6822630763,0.4316427112,0.4474007487,0.0363802165,0.0345688462,0.0863655135,0.0922941193,0.8215608597,0.8215442300,0.0231276657,0.0000000000,0.0000000000,0.0771418735,0.1604330838,0.1471507996,0.1324217767,0.1387360543,0.0000111300,0.0000000000,0.0000000000,0.0000000000,0.0209359396,0.1921028495,0.0040717493,0.0950248465,0.1922034025,0.0184624624
15:11:19:46.777,61,0.2523188889,0.3107047677,0.1598726958,0.0000000000,0.0000000000,0.1528255641,0.0000000000,0.2523086369,0.3119177222,0.0000000000,0.0361876823,0.0000000000,0.1526921242,0.0000000000,0.0376415476,0.0000000000,0.0065645296,0.0369219333,0.0134658646,0.0181092788,0.0649407580,0.0000000000,0.0040146010,0.5069243312,0.5131806731,0.0000000000,0.0000000000,0.7750731707,0.7704478502,0.1227282211,0.1210371703,0.2843350172,0.0270795356,0.8156551719,0.6829614043,0.4294609725,0.4452135861,0.0360302143,0.0342534147,0.0862492695,0.0923038051,0.8187434673,0.8187284470,0.0230329372,0.0000000000,0.0000000000,0.0773330852,0.1605635583,0.1473064870,0.1320617795,0.1382514834,0.0000116815,0.0000000000,0.0000000000,0.0000000000,0.0217056666,0.1905851513,0.0041872491,0.0959014818,0.1906856596,0.0184814837
15:11:19:47.778,61,0.2494245470,0.3103482425,0.1592970788,0.0000000000,0.0000000000,0.1504766345,0.0000000000,0.2494176030,0.3115520179,0.0000000000,0.0354626887,0.0000000000,0.1503612995,0.0000000000,0.0377226807,0.0000000000,0.0063339588,0.0372948684,0.0132986661,0.0178078655,0.0649656653,0.0000000000,0.0045790118,0.5042433143,0.5129688978,0.0000000000,0.0000000000,0.7747495174,0.7702422142,0.1234717593,0.1218021736,0.2826296389,0.0273152161,0.8160021901,0.6832982302,0.4281842411,0.4439689517,0.0356649458,0.0339391418,0.0859511122,0.0921516269,0.8165293932,0.8165165186,0.0229419954,0.0000000000,0.0000000000,0.0774229616,0.1601155847,0.1471016109,0.1317404658,0.1378611475,0.0000122187,0.0000000000,0.0000000000,0.0000000000,0.0212717317,0.1903599054,0.0040985839,0.0955602303,0.1904605329,0.0183936656
15:11:19:48.783,61,0.2479307055,0.3117099702,0.1588678807,0.0000000000,0.0000000000,0.1462420076,0.0000000000,0.2479255646,0.3129137158,0.0000000000,0.0348628573,0.0000000000,0.1461496204,0.0000000000,0.0378211588,0.0000000000,0.0061081857,0.0376097597,0.0131320516,0.0175053533,0.0649397597,0.0000000000,0.0050946395,0.4992583990,0.5093091726,0.0000000000,0.0000000000,0.7743380070,0.7699652314,0.1238466874,0.1222196221,0.2812475264,0.0275381412,0.8162019253,0.6834283471,0.4277389646,0.4435592890,0.0353081115,0.0336400457,0.0856257901,0.0919650123,0.8152722716,0.8152602911,0.0228391942,0.0000000000,0.0000000000,0.0775108114,0.1562497467,0.1451141089,0.1314989775,0.1375650764,0.0000164803,0.0000000000,0.0000000000,0.0000000000,0.0209085736,0.1911904663,0.0040466343,0.0952874795,0.1912912279,0.0184232984
15:11:19:49.785,61,0.2470283657,0.3133458793,0.1582596600,0.0000000000,0.0000000000,0.1421856880,0.0000000000,0.2470242977,0.3145480454,0.0000000000,0.0341233015,0.0000000000,0.1421089172,0.0000000000,0.0378716141,0.0000000000,0.0058517409,0.0378561206,0.0129667521,0.0172222797,0.0650794879,0.0000000000,0.0056267818,0.4977379441,0.5084126592,0.0000000000,0.0000000000,0.7739347816,0.7696999907,0.1242509410,0.1226453781,0.2806597352,0.0276896153,0.8166587353,0.6839846969,0.4285076559,0.4447904527,0.0349811465,0.0333595015,0.0854602382,0.0919541046,0.8141795397,0.8141687512,0.0227552019,0.0000000000,0.0000000000,0.0777052939,0.1548057050,0.1442570984,0.1313342154,0.1373860240,0.0000239332,0.0000000000,0.0000000000,0.0000000000,0.0204610713,0.1921872199,0.0039811986,0.0949043334,0.1922881901,0.0184474569
15:11:19:50.786,61,0.2468090802,0.3156156838,0.1565875858,0.0000000000,0.0000000000,0.1393602043,0.0000000000,0.2468055785,0.3168033063,0.0000000000,0.0323370546,0.0000000000,0.1392934769,0.0000000000,0.0378443189,0.0000000000,0.0055580945,0.0380647145,0.0128254304,0.0169823095,0.0652119741,0.0000000000,0.0061506950,0.4974669218,0.5090241432,0.0000000000,0.0000000000,0.7733097076,0.7692076564,0.1245661676,0.1229678765,0.2802077830,0.0277733486,0.8171342015,0.6845986247,0.4309740365,0.4475875795,0.0347137153,0.0331301093,0.0853827372,0.0920482203,0.8128892779,0.8128793836,0.0226730593,0.0000000000,0.0000000000,0.0778577551,0.1540970653,0.1439363211,0.1313468218,0.1374554932,0.0000252798,0.0000000000,0.0000000000,0.0000000000,0.0193847939,0.1935609877,0.0037994550,0.0938763544,0.1936620921,0.0183819402
15:11:19:51.784,61,0.2469046414,0.3184584081,0.1536905169,0.0000000000,0.0000000000,0.1371722966,0.0000000000,0.2469015419,0.3196156919,0.0000000000,0.0292924531,0.0000000000,0.1371131390,0.0000000000,0.0378171392,0.0000000000,0.0052796039,0.0382745229,0.0127082272,0.0167885479,0.0653700680,0.0000000000,0.0067079286,0.4975385964,0.5095137954,0.0000000000,0.0000000000,0.7723733187,0.7686011195,0.1248958036,0.1232995614,0.2799662650,0.0278365389,0.8175675869,0.6851713657,0.4331240654,0.4501191378,0.0344883390,0.0329378694,0.0853320807,0.0921901017,0.8107800484,0.8107711077,0.0226174127,0.0000000000,0.0000000000,0.0780637190,0.1537757069,0.1439195871,0.1313304156,0.1375509351,0.0000264835,0.0000000000,0.0000000000,0.0000000000,0.0175537411,0.1952726245,0.0034718160,0.0921082571,0.1953739673,0.0182003025
15:11:19:52.786,61,0.2476179153,0.3220555782,0.1514216661,0.0000000000,0.0000000000,0.1358169168,0.0000000000,0.2476157695,0.3231936693,0.0000000000,0.0269317329,0.0000000000,0.1357622594,0.0000000000,0.0376798064,0.0000000000,0.0049303784,0.0384286754,0.0126246698,0.0166274961,0.0654135495,0.0000000000,0.0074537247,0.4999071360,0.5161648393,0.0000000000,0.0000000000,0.7656978965,0.7643749118,0.1249462292,0.1233943552,0.2752858102,0.0278408900,0.8175009489,0.6850305200,0.4342451990,0.4513638914,0.0343412794,0.0328336954,0.0851636156,0.0922794938,0.8098896146,0.8098810911,0.0225422662,0.0000000000,0.0000000000,0.0781146213,0.1536883861,0.1442213058,0.1315065920,0.1379704326,0.0000254639,0.0000000000,0.0000000000,0.0000000000,0.0161320474,0.1974537969,0.0032272355,0.0907090381,0.1975554079,0.0181300119
15:11:19:53.788,61,0.2480033636,0.3240649700,0.1502714604,0.0000000000,0.0000000000,0.1349268258,0.0000000000,0.2480015904,0.3251938224,0.0000000000,0.0257129408,0.0000000000,0.1348737180,0.0000000000,0.0375542045,0.0000000000,0.0046012336,0.0385381356,0.0125308512,0.0164891798,0.0654707253,0.0000000000,0.0082935626,0.5004095435,0.5179331303,0.0000000000,0.0000000000,0.7637201548,0.7631260753,0.1249136999,0.1234401688,0.2705970705,0.0278673824,0.8172236681,0.6845099926,0.4347903728,0.4519910812,0.0342246629,0.0327627845,0.0848116577,0.0922025070,0.8096446395,0.8096365333,0.0224678647,0.0000000000,0.0000000000,0.0781349540,0.1532257199,0.1441541165,0.1313771158,0.1380868554,0.0000233517,0.0000000000,0.0000000000,0.0000000000,0.0153982192,0.1986734867,0.0030999817,0.0899979398,0.1987752169,0.0181023143
15:11:19:54.790,61,0.2476579547,0.3241237104,0.1508677751,0.0000000000,0.0000000000,0.1340900660,0.0000000000,0.2476564199,0.3252617121,0.0000000000,0.0262313690,0.0000000000,0.1340370476,0.0000000000,0.0374101922,0.0000000000,0.0042695734,0.0385797285,0.0124202985,0.0163297970,0.0655519143,0.0000000000,0.0092381062,0.5003485680,0.5186310410,0.0000000000,0.0000000000,0.7627320290,0.7626067996,0.1247863546,0.1234507933,0.2624734342,0.0278855171,0.8167559505,0.6828687191,0.4349246025,0.4521576464,0.0340963453,0.0326949060,0.0842719153,0.0919288918,0.8098401427,0.8098324537,0.0223904308,0.0000000000,0.0000000000,0.0781941786,0.1502788365,0.1434186101,0.1310403794,0.1379612535,0.0000298011,0.0000000000,0.0000000000,0.0000000000,0.0157085508,0.1987159401,0.0031631463,0.0903543681,0.1988177449,0.0181777906
15:11:19:55.794,61,0.2416063845,0.3240313232,0.1515875906,0.0000000000,0.0000000000,0.1328930557,0.0000000000,0.2416051477,0.3251797557,0.0000000000,0.0268345401,0.0000000000,0.1328371763,0.0000000000,0.0373184830,0.0000000000,0.0039738379,0.0385842696,0.0122843720,0.0161431842,0.0656523630,0.0000000000,0.0099308761,0.4952009022,0.5132760406,0.0000000000,0.0000000000,0.7633876204,0.7636284232,0.1245798096,0.1233611777,0.2596817613,0.0279496852,0.8164744973,0.6821678281,0.4353620708,0.4526376724,0.0339385830,0.0325931907,0.0837063566,0.0915631130,0.8105193377,0.8105129004,0.0222640429,0.0000000000,0.0000000000,0.0783637017,0.1422575265,0.1366589218,0.1305471212,0.1375392079,0.0000438864,0.0000000000,0.0000000000,0.0000000000,0.0160699151,0.1986670345,0.0032350877,0.0907864720,0.1987689734,0.0182598606
15:11:19:56.795,61,0.2394574136,0.3242813349,0.1516162753,0.0000000000,0.0000000000,0.1319563687,0.0000000000,0.2394565046,0.3254312873,0.0000000000,0.0267893989,0.0000000000,0.1318981647,0.0000000000,0.0372121111,0.0000000000,0.0036886395,0.0385885499,0.0121580865,0.0159531981,0.0657599568,0.0000000000,0.0106032053,0.4937457144,0.5119599700,0.0000000000,0.0000000000,0.7637685537,0.7642008066,0.1243971810,0.1232943088,0.2580400407,0.0279969387,0.8162426353,0.6816633344,0.4355583489,0.4528625607,0.0337786078,0.0324894041,0.0831748173,0.0912392959,0.8110240102,0.8110182285,0.0221454147,0.0000000000,0.0000000000,0.0785242245,0.1395530254,0.1344641745,0.1301072836,0.1371798366,0.0000516295,0.0000000000,0.0000000000,0.0000000000,0.0160423871,0.1988205910,0.0032321098,0.0908008292,0.1989225894,0.0182772335
15:11:19:57.794,61,0.2384003848,0.3250281215,0.1515213847,0.0000000000,0.0000000000,0.1313059777,0.0000000000,0.2383996397,0.3261795640,0.0000000000,0.0266700108,0.0000000000,0.1312466115,0.0000000000,0.0371513851,0.0000000000,0.0034294231,0.0386326984,0.0120573714,0.0158019550,0.0658471882,0.0000000000,0.0112940865,0.4929148853,0.5113403201,0.0000000000,0.0000000000,0.7640850544,0.7646493912,0.1243330538,0.1233292893,0.2573024333,0.0280540846,0.8159453273,0.6811593175,0.4357364774,0.4530746937,0.0336575992,0.0324211866,0.0826794952,0.0909633264,0.8112064004,0.8112010956,0.0220216140,0.0000000000,0.0000000000,0.0786819011,0.1381879449,0.1333991736,0.1296880841,0.1368976682,0.0000560475,0.0000000000,0.0000000000,0.0000000000,0.0159694236,0.1992774904,0.0032250041,0.0907356739,0.1993795484,0.0183072351
15:11:19:58.796,61,0.2379950434,0.3256298900,0.1519275755,0.0000000000,0.0000000000,0.1306478232,0.0000000000,0.2379944026,0.3267896771,0.0000000000,0.0270493422,0.0000000000,0.1305878311,0.0000000000,0.0371255949,0.0000000000,0.0031538233,0.0387020409,0.0119702406,0.0156643745,0.0659687743,0.0000000000,0.0119394558,0.4922600091,0.5109825134,0.0000000000,0.0000000000,0.7642738819,0.7649604678,0.1243918836,0.1234727427,0.2571296990,0.0281131957,0.8156815767,0.6807888150,0.4360715747,0.4534210265,0.0335152708,0.0323347338,0.0822324380,0.0907287374,0.8109609485,0.8109560013,0.0219122283,0.0000000000,0.0000000000,0.0789200813,0.1374367476,0.1328261942,0.1292732954,0.1366294771,0.0000563125,0.0000000000,0.0000000000,0.0000000000,0.0161953364,0.1996509880,0.0032769183,0.0909721181,0.1997530758,0.0183901098
15:11:19:59.798,61,0.2377672642,0.3256285489,0.1528217196,0.0000000000,0.0000000000,0.1300982982,0.0000000000,0.2377666831,0.3268017471,0.0000000000,0.0279108882,0.0000000000,0.1300376058,0.0000000000,0.0370917395,0.0000000000,0.0028819428,0.0387764126,0.0118882330,0.0155366128,0.0661475435,0.0000000000,0.0125359297,0.4916288853,0.5106456280,0.0000000000,0.0000000000,0.7645183206,0.7653102279,0.1245016977,0.1236474961,0.2570874095,0.0281813685,0.8153018355,0.6802829504,0.4363563359,0.4537407458,0.0333831422,0.0322502255,0.0817463771,0.0904335305,0.8105413318,0.8105366230,0.0218075048,0.0000000000,0.0000000000,0.0791959763,0.1369261444,0.1324183196,0.1287083775,0.1361817420,0.0000525671,0.0000000000,0.0000000000,0.0000000000,0.0167111438,0.1996600777,0.0033814332,0.0915074870,0.1997621655,0.0184988752
15:11:20:00.799,61,0.2375895977,0.3253031075,0.1545111686,0.0000000000,0.0000000000,0.1294602901,0.0000000000,0.2375890613,0.3265002966,0.0000000000,0.0295294058,0.0000000000,0.1293992996,0.0000000000,0.0371597223,0.0000000000,0.0026354883,0.0388881527,0.0118171312,0.0154355597,0.0663208812,0.0000000000,0.0130197322,0.4856237769,0.5066918731,0.0000000000,0.0000000000,0.7646337748,0.7655110359,0.1246229708,0.1238190383,0.2573569119,0.0282764677,0.8149663806,0.6798595190,0.4368867874,0.4543121755,0.0332236849,0.0321376584,0.0813198760,0.0901725590,0.8101789951,0.8101745248,0.0217419267,0.0000000000,0.0000000000,0.0796006620,0.1365215629,0.1320354491,0.1281508952,0.1357252002,0.0000539910,0.0000000000,0.0000000000,0.0000000000,0.0176808611,0.1994792968,0.0035743024,0.0925227031,0.1995814592,0.0186861027
15:11:20:01.804,61,0.2376612127,0.3259748220,0.1553726494,0.0000000000,0.0000000000,0.1287703216,0.0000000000,0.2376607060,0.3271875381,0.0000000000,0.0303507019,0.0000000000,0.1287093610,0.0000000000,0.0372351706,0.0000000000,0.0024058109,0.0389817320,0.0117529342,0.0153555023,0.0665575862,0.0000000000,0.0134881390,0.4836537838,0.5053325891,0.0000000000,0.0000000000,0.7646780610,0.7656385899,0.1248117611,0.1240611225,0.2578755319,0.0283380039,0.8148151636,0.6797221899,0.4375317693,0.4549749494,0.0330718160,0.0320324749,0.0810043588,0.0900241807,0.8095954657,0.8095912337,0.0216958765,0.0000000000,0.0000000000,0.0800282359,0.1363698095,0.1318869591,0.1277342141,0.1354230791,0.0000586356,0.0000000000,0.0000000000,0.0000000000,0.0181710664,0.1999009550,0.0036813645,0.0930307955,0.2000032216,0.0188291706
15:11:20:02.805,61,0.2379077822,0.3261698782,0.1554137319,0.0000000000,0.0000000000,0.1280650049,0.0000000000,0.2379073203,0.3273840845,0.0000000000,0.0303693078,0.0000000000,0.1280042529,0.0000000000,0.0373479687,0.0000000000,0.0021796662,0.0391105264,0.0117009440,0.0152810020,0.0667671636,0.0000000000,0.0139577407,0.4823410809,0.5044338703,0.0000000000,0.0000000000,0.7648696899,0.7659147382,0.1250809878,0.1243529543,0.2596134841,0.0284431223,0.8145841956,0.6794580221,0.4384807646,0.4563831389,0.0329545736,0.0319530629,0.0807143524,0.0899044499,0.8087251186,0.8087211847,0.0216636546,0.0000000000,0.0000000000,0.0804954022,0.1362065822,0.1317453831,0.1272401661,0.1350591481,0.0000582815,0.0000000000,0.0000000000,0.0000000000,0.0181817636,0.2000210881,0.0036858050,0.0930531323,0.2001233250,0.0188452937
15:11:20:03.807,61,0.2383244038,0.3267860115,0.1553035527,0.0000000000,0.0000000000,0.1274491996,0.0000000000,0.2383239865,0.3280009925,0.0000000000,0.0302417241,0.0000000000,0.1273892969,0.0000000000,0.0374301895,0.0000000000,0.0019794018,0.0392487496,0.0116727324,0.0152274845,0.0669387132,0.0000000000,0.0144223981,0.4820070863,0.5043459535,0.0000000000,0.0000000000,0.7648184299,0.7659363151,0.1253067702,0.1246035919,0.2605159283,0.0285379272,0.8142747879,0.6790610552,0.4391426742,0.4572034478,0.0328912623,0.0319197252,0.0804952085,0.0898609534,0.8080557585,0.8080519438,0.0216342937,0.0000000000,0.0000000000,0.0808837637,0.1363291442,0.1319175810,0.1269335449,0.1349261552,0.0000516599,0.0000000000,0.0000000000,0.0000000000,0.0181039963,0.2003977150,0.0036771412,0.0929800794,0.2005000114,0.0188669469
15:11:20:04.805,61,0.2389328629,0.3277740180,0.1542170495,0.0000000000,0.0000000000,0.1269415170,0.0000000000,0.2389325052,0.3289766312,0.0000000000,0.0291700345,0.0000000000,0.1268824935,0.0000000000,0.0375510566,0.0000000000,0.0018571742,0.0394038297,0.0116505222,0.0151998466,0.0671675056,0.0000000000,0.0147879003,0.4817924798,0.5041744113,0.0000000000,0.0000000000,0.7649806142,0.7661199570,0.1255661696,0.1248740852,0.2638325095,0.0286677200,0.8141238689,0.6788782477,0.4403301179,0.4588670135,0.0328527875,0.0318950377,0.0803721249,0.0898903832,0.8070885539,0.8070846796,0.0215963274,0.0000000000,0.0000000000,0.0812750608,0.1364328563,0.1320265979,0.1266221702,0.1347644925,0.0000436917,0.0000000000,0.0000000000,0.0000000000,0.0174603220,0.2009914368,0.0035572129,0.0923183486,0.2010937333,0.0187900662
15:11:20:05.807,61,0.2393122017,0.3286505640,0.1524100304,0.0000000000,0.0000000000,0.1265738755,0.0000000000,0.2393118888,0.3298293054,0.0000000000,0.0273687858,0.0000000000,0.1265159845,0.0000000000,0.0377151445,0.0000000000,0.0017453054,0.0395681337,0.0116393445,0.0152355302,0.0674219877,0.0000000000,0.0151765523,0.4809634387,0.5034034252,0.0000000000,0.0000000000,0.7650690079,0.7662331462,0.1257162690,0.1250206530,0.2654039264,0.0288287383,0.8138421774,0.6784426570,0.4415702522,0.4608608484,0.0328543670,0.0319012664,0.0802486911,0.0899421498,0.8066532016,0.8066492677,0.0215810835,0.0000000000,0.0000000000,0.0817678422,0.1365461648,0.1321755648,0.1262422353,0.1345676780,0.0000342768,0.0000000000,0.0000000000,0.0000000000,0.0163804125,0.2015086859,0.0033460481,0.0912267864,0.2016110420,0.0186176412
15:11:20:06.808,61,0.2397900969,0.3294652998,0.1506294459,0.0000000000,0.0000000000,0.1260996312,0.0000000000,0.2397898287,0.3306204379,0.0000000000,0.0255704056,0.0000000000,0.1260432899,0.0000000000,0.0378172733,0.0000000000,0.0016123203,0.0397239737,0.0116527835,0.0152477073,0.0675466731,0.0000000000,0.0155930519,0.4808870256,0.5034254789,0.0000000000,0.0000000000,0.7645048499,0.7657987475,0.1257584542,0.1250873357,0.2657374740,0.0289310254,0.8128157854,0.6753095984,0.4420388043,0.4615820646,0.0328809470,0.0319407657,0.0800060928,0.0898598209,0.8060654998,0.8060615659,0.0215800516,0.0000000000,0.0000000000,0.0820746273,0.1367300451,0.1324370056,0.1259559840,0.1344979554,0.0000338509,0.0000000000,0.0000000000,0.0000000000,0.0153025594,0.2019885033,0.0031335426,0.0901519507,0.2020908743,0.0184439309
15:11:20:07.810,61,0.2404068261,0.3311043382,0.1475445032,0.0000000000,0.0000000000,0.1257267743,0.0000000000,0.2404066920,0.3322189450,0.0000000000,0.0224715155,0.0000000000,0.1256721169,0.0000000000,0.0378914699,0.0000000000,0.0014885806,0.0398399420,0.0116679184,0.0152943386,0.0676542595,0.0000000000,0.0160838496,0.4812290370,0.5040881634,0.0000000000,0.0000000000,0.7639849186,0.7653559446,0.1257761717,0.1251394004,0.2659499049,0.0290050227,0.8121049404,0.6738070250,0.4424196482,0.4621450901,0.0329539143,0.0320137292,0.0798597634,0.0899190605,0.8058217764,0.8058178425,0.0215964224,0.0000000000,0.0000000000,0.0823722109,0.1372098625,0.1333054900,0.1257562488,0.1345526874,0.0000312040,0.0000000000,0.0000000000,0.0000000000,0.0134453448,0.2029596269,0.0027668695,0.0882876813,0.2030620128,0.0181528218
15:11:20:08.815,61,0.2424911857,0.3334590197,0.1421901137,0.0000000000,0.0000000000,0.1253684312,0.0000000000,0.2424919158,0.3345005512,0.0000000000,0.0170895662,0.0000000000,0.1253159642,0.0000000000,0.0379483663,0.0000000000,0.0013785984,0.0399208814,0.0116845258,0.0153406495,0.0676581860,0.0000000000,0.0165060796,0.4823025465,0.5051308870,0.0000000000,0.0000000000,0.7633785605,0.7647629976,0.1256613582,0.1250401437,0.2658721209,0.0290485062,0.8114659190,0.6727214456,0.4426878691,0.4625622928,0.0330565721,0.0321066082,0.0797444284,0.0899943262,0.8058940172,0.8058901429,0.0215946920,0.0000000000,0.0000000000,0.0824402347,0.1376530528,0.1339735687,0.1257537305,0.1348231137,0.0000289233,0.0000000000,0.0000000000,0.0000000000,0.0102222338,0.2043455988,0.0021183975,0.0850588083,0.2044481337,0.0176134519
15:11:20:09.813,61,0.2435020059,0.3346308172,0.1376459748,0.0000000000,0.0000000000,0.1249862835,0.0000000000,0.2435030937,0.3356068432,0.0000000000,0.0125209438,0.0000000000,0.1249365062,0.0000000000,0.0380542055,0.0000000000,0.0012656767,0.0400365777,0.0117081804,0.0153775290,0.0676639304,0.0000000000,0.0168817770,0.4829153717,0.5057879686,0.0000000000,0.0000000000,0.7629706264,0.7643498778,0.1256168187,0.1249798015,0.2662437260,0.0291248113,0.8110974431,0.6721336246,0.4431115389,0.4631613195,0.0331519954,0.0321900062,0.0797325522,0.0901831388,0.8058665395,0.8058627844,0.0215859264,0.0000000000,0.0000000000,0.0825263634,0.1380552799,0.1345818788,0.1257634759,0.1350962222,0.0000259593,0.0000000000,0.0000000000,0.0000000000,0.0074884356,0.2050163746,0.0015571140,0.0823285282,0.2051189244,0.0171070192
15:11:20:10.814,61,0.2444085479,0.3338053823,0.1318238229,0.0000000000,0.0000000000,0.1252326369,0.0000000000,0.2444097251,0.3346901536,0.0000000000,0.0067013535,0.0000000000,0.1251857430,0.0000000000,0.0381318443,0.0000000000,0.0011472104,0.0401097052,0.0117303114,0.0154260863,0.0676196069,0.0000000000,0.0172996912,0.4839224815,0.5069226027,0.0000000000,0.0000000000,0.7624087334,0.7638106346,0.1256091744,0.1249910593,0.2661018074,0.0291520953,0.8106377721,0.6714574099,0.4428016245,0.4630101025,0.0332763903,0.0322973616,0.0796218440,0.0902708173,0.8061955571,0.8061919212,0.0215812419,0.0000000000,0.0000000000,0.0823505372,0.1385748833,0.1355930716,0.1256460100,0.1352451593,0.0000305902,0.0000000000,0.0000000000,0.0000000000,0.0040083644,0.2044522464,0.0008311298,0.0788547546,0.2045547366,0.0163405184
15:11:20:11.816,61,0.2450347394,0.3246257603,0.1238083914,0.0000000000,0.0000000000,0.1463175565,0.0000000000,0.2450358570,0.3253653944,0.0010247495,0.0000000000,0.0000000000,0.1462875009,0.0000000000,0.0382307917,0.0000000000,0.0009612694,0.0401893370,0.0117799230,0.0155355381,0.0674204230,0.0000000000,0.0178207718,0.4847017527,0.5083420277,0.0000000000,0.0000000000,0.7581371665,0.7608229518,0.1257430613,0.1251654029,0.2643469274,0.0291618295,0.8091050386,0.6681329608,0.4283776879,0.4501760900,0.0334420018,0.0324601978,0.0793013573,0.0901705474,0.8089068532,0.8089036942,0.0215268880,0.0000000000,0.0000000000,0.0811664388,0.1449870169,0.1489907652,0.1252993047,0.1351785362,0.0000430112,0.0000000000,0.0000000000,0.0000000000,-0.0006136603,0.1987544894,-0.0001235996,0.0741453320,0.1988562793,0.0149269393
15:11:20:12.821,61,0.2416878492,0.3105146587,0.1171718240,0.0000000000,0.0000000000,0.1678652614,0.0000000000,0.2416861355,0.3111243248,0.0074150464,0.0000000000,0.0000000000,0.1678579301,0.0000000000,0.0383513197,0.0000000000,0.0007226563,0.0402260572,0.0118194707,0.0156976618,0.0672960505,0.0000000000,0.0184191745,0.4851106405,0.5091245174,0.0000000000,0.0000000000,0.7564945817,0.7595565319,0.1259025484,0.1253538728,0.2634061873,0.0291639920,0.8083064556,0.6668065786,0.4217684567,0.4442680776,0.0336147808,0.0326333530,0.0789609179,0.0901032686,0.8154712319,0.8154686689,0.0214207899,0.0000000000,0.0000000000,0.0803805068,0.1496058255,0.1559501439,0.1247996241,0.1349492967,0.0000549611,0.0000000000,0.0000000000,0.0000000000,-0.0044480329,0.1900569350,-0.0008557047,0.0702902675,0.1901578903,0.0135177635
15:11:20:13.819,61,0.2154794782,0.2974604368,0.1096121743,0.0000000000,0.0000000000,0.1754587591,0.0000000000,0.2154801339,0.2979368269,0.0151533820,0.0000000000,0.0000000000,0.1754586101,0.0000000000,0.0385602899,0.0000000000,0.0004717355,0.0402730145,0.0118516041,0.0158497468,0.0672339499,0.0000000000,0.0190655738,0.4853429496,0.5097898245,0.0000000000,0.0000000000,0.7554258108,0.7586651444,0.1261139512,0.1255588979,0.2629862428,0.0291486178,0.8080727458,0.6664259434,0.4189622402,0.4418674707,0.0337603129,0.0327846743,0.0787406713,0.0902118757,0.8196285963,0.8196269274,0.0212509260,0.0000000000,0.0000000000,0.0799172372,0.1517297626,0.1591580510,0.1243113428,0.1347148716,0.0000710361,0.0000000000,0.0000000000,0.0000000000,-0.0091037853,0.1820068657,-0.0016754690,0.0658542886,0.1821073741,0.0121175488
15:11:20:14.821,61,0.1988053918,0.2865282297,0.1059290916,0.0000000000,0.0000000000,0.1790445596,0.0000000000,0.1988034993,0.2869334817,0.0191717092,0.0000000000,0.0000000000,0.1790481061,0.0000000000,0.0387358405,0.0000000000,0.0001705192,0.0402945243,0.0118777705,0.0159336273,0.0672599748,0.0000000000,0.0196212381,0.4857912362,0.5112578273,0.0000000000,0.0000000000,0.7535314560,0.7565784454,0.1263317466,0.1257289499,0.2615358829,0.0290777031,0.8080038428,0.6664029360,0.4174093306,0.4406378567,0.0338666327,0.0329020731,0.0784603059,0.0902353451,0.8216644526,0.8216631413,0.0210661683,0.0000000000,0.0000000000,0.0796407908,0.1528691500,0.1608006507,0.1238260940,0.1344820559,0.0000770732,0.0000000000,0.0000000000,0.0000000000,-0.0115318839,0.1752894372,-0.0020423310,0.0637183934,0.1753897816,0.0112834563
15:11:20:15.823,61,0.1847109050,0.2757756412,0.1033902615,0.0000000000,0.0000000000,0.1807734221,0.0000000000,0.1847071201,0.2761279047,0.0220370553,0.0000000000,0.0000000000,0.1807787120,0.0000000000,0.0389625579,0.0001101467,0.0000000000,0.0403162092,0.0118936468,0.0159781817,0.0672922879,0.0000000000,0.0201514140,0.4863077700,0.5129575133,0.0000000000,0.0000000000,0.7525807023,0.7555984259,0.1266832054,0.1260156035,0.2609214783,0.0290032253,0.8082538843,0.6670899391,0.4164469838,0.4399497807,0.0339337029,0.0329819098,0.0782467797,0.0903447196,0.8230871558,0.8230860233,0.0208659749,0.0000000000,0.0000000000,0.0795247704,0.1536423862,0.1617766321,0.1233224794,0.1342293620,0.0000738006,0.0000000000,0.0000000000,0.0000000000,-0.0132706100,0.1686919332,-0.0022600542,0.0622622818,0.1687919647,0.0106030796
15:11:20:16.827,61,0.1766223758,0.2681298256,0.1016421542,0.0000000000,0.0000000000,0.1814294755,0.0000000000,0.1766165942,0.2684464455,0.0240167994,0.0000000000,0.0000000000,0.1814355105,0.0000000000,0.0391978733,0.0003956509,0.0000000000,0.0403390080,0.0119010620,0.0160034988,0.0673005581,0.0000000000,0.0206236709,0.4867504835,0.5139921904,0.0000000000,0.0000000000,0.7521765828,0.7551388144,0.1270515621,0.1262818277,0.2606097758,0.0289437044,0.8086066246,0.6677803397,0.4158506393,0.4396408796,0.0339946449,0.0330492705,0.0780445188,0.0904590040,0.8241392374,0.8241382241,0.0206506774,0.0000000000,0.0000000000,0.0795440078,0.1540524960,0.1622304022,0.1227487996,0.1338621676,0.0000679700,0.0000000000,0.0000000000,0.0000000000,-0.0144741982,0.1640019566,-0.0023952227,0.0612576120,0.1641017646,0.0101370113
15:11:20:17.828,61,0.1689845473,0.2615418434,0.1012362838,0.0000000000,0.0000000000,0.1818152666,0.0000000000,0.1689728647,0.2618424892,0.0244770870,0.0000000000,0.0000000000,0.1818214953,0.0000000000,0.0394907929,0.0006433061,0.0000000000,0.0403643362,0.0118915914,0.0160316695,0.0673602372,0.0000000000,0.0209820513,0.4865252376,0.5141578913,0.0000000000,0.0000000000,0.7521952987,0.7550730705,0.1274482161,0.1265422106,0.2608158886,0.0289304107,0.8091616035,0.6700237393,0.4156967103,0.4397743642,0.0340122394,0.0330693983,0.0778931528,0.0905981287,0.8251293898,0.8251284361,0.0204105489,0.0000000000,0.0000000000,0.0796764195,0.1541621089,0.1622348428,0.1220864579,0.1333535016,0.0000749410,0.0000000000,0.0000000000,0.0000000000,-0.0147613259,0.1599680632,-0.0023816000,0.0610531606,0.1600676328,0.0098505216
15:11:20:18.830,61,0.1629972160,0.2571979463,0.1006556749,0.0000000000,0.0000000000,0.1818839014,0.0000000000,0.1629831940,0.2574843168,0.0251382980,0.0000000000,0.0000000000,0.1818900257,0.0000000000,0.0397846140,0.0008546008,0.0000000000,0.0403662361,0.0118709868,0.0160632730,0.0674661621,0.0000000000,0.0212046355,0.4835197330,0.5118055344,0.0000000000,0.0000000000,0.7521845698,0.7549385428,0.1277072728,0.1266412586,0.2610256076,0.0289298017,0.8097519279,0.6719939113,0.4160754979,0.4415221512,0.0340042934,0.0330567323,0.0777224302,0.0906727985,0.8259752989,0.8259744048,0.0201585442,0.0000000000,0.0000000000,0.0798945501,0.1538151801,0.1612334847,0.1214012355,0.1327901930,0.0000884008,0.0000000000,0.0000000000,0.0000000000,-0.0151665369,0.1573064774,-0.0024055736,0.0607287847,0.1574058831,0.0096325837
15:11:20:19.829,61,0.1587836295,0.2551576495,0.1000375301,0.0000000000,0.0000000000,0.1817056388,0.0000000000,0.1587702185,0.2554330826,0.0258454494,0.0000000000,0.0000000000,0.1817115396,0.0000000000,0.0400517955,0.0010672818,0.0000000000,0.0403361842,0.0118429717,0.0161162000,0.0676574185,0.0000000000,0.0214520004,0.4806530774,0.5098877549,0.0000000000,0.0000000000,0.7520973086,0.7547494769,0.1279111356,0.1266953796,0.2612664104,0.0289081316,0.8107138276,0.6754211187,0.4168924689,0.4433944821,0.0339558981,0.0330178775,0.0775865465,0.0907786489,0.8267205954,0.8267198205,0.0199240744,0.0000000000,0.0000000000,0.0802929029,0.1532598585,0.1601470262,0.1208162680,0.1323220283,0.0000996849,0.0000000000,0.0000000000,0.0000000000,-0.0155962668,0.1560543478,-0.0024537123,0.0603677407,0.1561537385,0.0094979638
15:11:20:20.834,61,0.1553134322,0.2557720840,0.1002863869,0.0000000000,0.0000000000,0.1814882606,0.0000000000,0.1553026736,0.2560514510,0.0256046429,0.0000000000,0.0000000000,0.1814938784,0.0000000000,0.0402720757,0.0012556799,0.0000000000,0.0402724035,0.0118004121,0.0161816534,0.0679678917,0.0000000000,0.0216852967,0.4790140688,0.5087441802,0.0000000000,0.0000000000,0.7522128224,0.7547518611,0.1280775964,0.1267145574,0.2616662383,0.0288758744,0.8121737838,0.6790014505,0.4184591174,0.4459890127,0.0338881984,0.0329503044,0.0775071681,0.0909325704,0.8274349570,0.8274342418,0.0197043829,0.0000000000,0.0000000000,0.0808096677,0.1526866555,0.1593260765,0.1201839671,0.1317815334,0.0001180389,0.0000000000,0.0000000000,0.0000000000,-0.0154500315,0.1564317644,-0.0024366833,0.0605143309,0.1565311849,0.0095443912
15:11:20:21.835,61,0.1528978944,0.2553563714,0.1001470461,0.0000000000,0.0000000000,0.1811552197,0.0000000000,0.1528896242,0.2556335628,0.0257146228,0.0000000000,0.0000000000,0.1811605394,0.0000000000,0.0404723622,0.0014249504,0.0000000000,0.0402084514,0.0117513621,0.0162129179,0.0682397634,0.0000000000,0.0218160674,0.4777133167,0.5074378848,0.0000000000,0.0000000000,0.7524239421,0.7548351884,0.1282319576,0.1267024428,0.2620708644,0.0288525093,0.8131295443,0.6811399460,0.4213775396,0.4498158991,0.0338097215,0.0328645930,0.0774201751,0.0910342485,0.8279477358,0.8279470205,0.0194903091,0.0000000000,0.0000000000,0.0812731162,0.1518939883,0.1578957886,0.1194998249,0.1311541051,0.0001103607,0.0000000000,0.0000000000,0.0000000000,-0.0155170187,0.1561766118,-0.0024431897,0.0604326613,0.1562759727,0.0095157325
15:11:20:22.834,61,0.1508121490,0.2552038431,0.0996382907,0.0000000000,0.0000000000,0.1806084812,0.0000000000,0.1508047730,0.2554745972,0.0262525380,0.0000000000,0.0000000000,0.1806135178,0.0000000000,0.0406703800,0.0015583409,0.0000000000,0.0401448794,0.0117041878,0.0162544828,0.0685500875,0.0000000000,0.0218917150,0.4769253135,0.5066121221,0.0000000000,0.0000000000,0.7526332140,0.7548828721,0.1283938736,0.1267065257,0.2625829577,0.0288207754,0.8141819239,0.6829635501,0.4227213860,0.4514953196,0.0337335430,0.0327792205,0.0774023086,0.0911870152,0.8283881545,0.8283874393,0.0193025637,0.0000000000,0.0000000000,0.0818052888,0.1513068229,0.1570508629,0.1189226359,0.1306177676,0.0000895556,0.0000000000,0.0000000000,0.0000000000,-0.0158418585,0.1560803056,-0.0024927685,0.0601265505,0.1561797112,0.0094616655
15:11:20:23.835,61,0.1492671669,0.2545339763,0.0999515802,0.0000000000,0.0000000000,0.1800336689,0.0000000000,0.1492595524,0.2548074126,0.0259355158,0.0000000000,0.0000000000,0.1800383925,0.0000000000,0.0408278108,0.0016737930,0.0000000000,0.0400764756,0.0116612799,0.0162882023,0.0688740835,0.0000000000,0.0220110081,0.4761329293,0.5057818890,0.0000000000,0.0000000000,0.7525224090,0.7546733022,0.1284816414,0.1266898513,0.2628601193,0.0287754927,0.8150240779,0.6843650937,0.4241821170,0.4527638257,0.0336328819,0.0326814950,0.0773611888,0.0913093016,0.8287596703,0.8287590146,0.0191346481,0.0000000000,0.0000000000,0.0823114663,0.1506934613,0.1562881023,0.1184262186,0.1301722676,0.0001186306,0.0000000000,0.0000000000,0.0000000000,-0.0156515539,0.1556722224,-0.0024562816,0.0603194833,0.1557715982,0.0094667785
15:11:20:24.840,61,0.1484167129,0.2542578876,0.1005800366,0.0000000000,0.0000000000,0.1794645488,0.0000000000,0.1484092027,0.2545382380,0.0253069457,0.0000000000,0.0000000000,0.1794689745,0.0000000000,0.0409001559,0.0018129548,0.0000000000,0.0399991348,0.0116215041,0.0163120981,0.0691744909,0.0000000000,0.0221740119,0.4756123126,0.5052980781,0.0000000000,0.0000000000,0.7522854209,0.7543649077,0.1285687536,0.1266853660,0.2627899349,0.0286970213,0.8156445622,0.6851865053,0.4248683453,0.4534095526,0.0335402153,0.0325940959,0.0772318989,0.0913391188,0.8290424347,0.8290417194,0.0189918503,0.0000000000,0.0000000000,0.0826965570,0.1501313299,0.1556549668,0.1179803833,0.1298131347,0.0001303556,0.0000000000,0.0000000000,0.0000000000,-0.0152726220,0.1555068642,-0.0023942313,0.0607003458,0.1556062251,0.0095161973
15:11:20:25.841,61,0.1477121562,0.2537270784,0.1007329077,0.0000000000,0.0000000000,0.1793415695,0.0000000000,0.1477049738,0.2540083230,0.0251877289,0.0000000000,0.0000000000,0.1793457121,0.0000000000,0.0409606211,0.0019018413,0.0000000000,0.0398868583,0.0115740728,0.0163809229,0.0695489049,0.0000000000,0.0223517232,0.4751765430,0.5048584342,0.0000000000,0.0000000000,0.7521743178,0.7541772127,0.1286356300,0.1266774386,0.2628226280,0.0286003295,0.8166140318,0.6865594983,0.4253236949,0.4538261890,0.0334617533,0.0325186886,0.0771623030,0.0914413333,0.8296078444,0.8296071291,0.0188377462,0.0000000000,0.0000000000,0.0830474868,0.1496587247,0.1551662832,0.1176547483,0.1295758486,0.0001435477,0.0000000000,0.0000000000,0.0000000000,-0.0152014466,0.1551829576,-0.0023780297,0.0607956871,0.1552822888,0.0095109614
15:11:20:26.840,61,0.1470274180,0.2526884973,0.1009792984,0.0000000000,0.0000000000,0.1795376539,0.0000000000,0.1470204294,0.2529708445,0.0249666851,0.0000000000,0.0000000000,0.1795415431,0.0000000000,0.0409477726,0.0019722618,0.0000000000,0.0397494920,0.0115210870,0.0164013002,0.0699760318,0.0000000000,0.0225075036,0.4749553502,0.5046401024,0.0000000000,0.0000000000,0.7517830729,0.7537338734,0.1286929101,0.1266911477,0.2620542347,0.0284810737,0.8173260093,0.6874289513,0.4253426492,0.4537424743,0.0333602950,0.0324325524,0.0769961849,0.0914038420,0.8302217126,0.8302209377,0.0187037103,0.0000000000,0.0000000000,0.0832195282,0.1491034627,0.1546067446,0.1174197048,0.1294368207,0.0001406193,0.0000000000,0.0000000000,0.0000000000,-0.0150695294,0.1545488089,-0.0023476065,0.0609504208,0.1546480954,0.0094955694
15:11:20:27.845,61,0.1467257440,0.2524610758,0.1009732485,0.0000000000,0.0000000000,0.1797830313,0.0000000000,0.1467185318,0.2527428865,0.0249995217,0.0000000000,0.0000000000,0.1797867119,0.0000000000,0.0409686193,0.0021194089,0.0000000000,0.0396390483,0.0114689628,0.0164209101,0.0702979639,0.0000000000,0.0226129573,0.4744665325,0.5042219758,0.0000000000,0.0000000000,0.7517415285,0.7536567450,0.1287378520,0.1266447157,0.2614766657,0.0284018200,0.8177860975,0.6878680587,0.4251444638,0.4534552097,0.0332652368,0.0323489569,0.0767635107,0.0912890211,0.8308690786,0.8308682442,0.0185745601,0.0000000000,0.0000000000,0.0833648518,0.1481937468,0.1538431942,0.1171091720,0.1292137951,0.0001045559,0.0000000000,0.0000000000,0.0000000000,-0.0150896767,0.1544095874,-0.0023485930,0.0609480850,0.1545089036,0.0094865225
15:11:20:28.843,61,0.1469110101,0.2526365221,0.1006506607,0.0000000000,0.0000000000,0.1799647957,0.0000000000,0.1469032466,0.2529147863,0.0253216568,0.0000000000,0.0000000000,0.1799683571,0.0000000000,0.0409952998,0.0023448188,0.0000000000,0.0395457558,0.0114088422,0.0163814910,0.0704064071,0.0000000000,0.0226540528,0.4686738551,0.5003333688,0.0000000000,0.0000000000,0.7518981695,0.7538027763,0.1287819594,0.1265657097,0.2608222663,0.0283503141,0.8180413842,0.6880536675,0.4252490997,0.4534812272,0.0331481993,0.0322520286,0.0764352083,0.0910507515,0.8314561844,0.8314554095,0.0184641741,0.0000000000,0.0000000000,0.0832984447,0.1441647261,0.1499504298,0.1166680977,0.1288302988,0.0000789491,0.0000000000,0.0000000000,0.0000000000,-0.0152838649,0.1545150429,-0.0023804656,0.0607523583,0.1546144038,0.0094626565
15:11:20:29.845,61,0.1470843256,0.2524935603,0.1003145203,0.0000000000,0.0000000000,0.1800343543,0.0000000000,0.1470758021,0.2527677417,0.0256445110,0.0000000000,0.0000000000,0.1800378114,0.0000000000,0.0410035811,0.0026509096,0.0000000000,0.0394661166,0.0113415532,0.0162826087,0.0703075454,0.0000000000,0.0226264987,0.4659810662,0.4984832704,0.0000000000,0.0000000000,0.7523289323,0.7542209029,0.1288006455,0.1264205277,0.2598842382,0.0283209328,0.8180688620,0.6879702806,0.4256545007,0.4538523555,0.0330466777,0.0321655236,0.0760361105,0.0907099172,0.8318716288,0.8318709731,0.0183416978,0.0000000000,0.0000000000,0.0830990672,0.1399417222,0.1455901414,0.1160814837,0.1282517314,0.0000686479,0.0000000000,0.0000000000,0.0000000000,-0.0154789547,0.1544256657,-0.0024094314,0.0605503023,0.1545250118,0.0094256839
15:11:20:30.850,61,0.1472689807,0.2522499859,0.0995647684,0.0000000000,0.0000000000,0.1800354421,0.0000000000,0.1472598314,0.2525150180,0.0263828598,0.0000000000,0.0000000000,0.1800388545,0.0000000000,0.0410113335,0.0029410014,0.0000000000,0.0394244231,0.0112896627,0.0162015576,0.0702280700,0.0000000000,0.0226752535,0.4648983181,0.4978286028,0.0000000000,0.0000000000,0.7528762817,0.7547752261,0.1288723499,0.1263487488,0.2593994439,0.0282927770,0.8181951642,0.6880099177,0.4258666933,0.4540432394,0.0329496674,0.0320880227,0.0757356286,0.0904985666,0.8320803046,0.8320797682,0.0182367209,0.0000000000,0.0000000000,0.0830145329,0.1382885426,0.1439479738,0.1155453250,0.1277257055,0.0000738365,0.0000000000,0.0000000000,0.0000000000,-0.0159249995,0.1542723775,-0.0024763558,0.0600991622,0.1543716937,0.0093461145
15:11:20:31.848,61,0.1474412084,0.2521894872,0.0988380462,0.0000000000,0.0000000000,0.1801530570,0.0000000000,0.1474318653,0.2524459958,0.0271061119,0.0000000000,0.0000000000,0.1801563501,0.0000000000,0.0410291143,0.0031427192,0.0000000000,0.0394250266,0.0112647079,0.0161785539,0.0701906607,0.0000000000,0.0227606129,0.4665935636,0.4994040132,0.0000000000,0.0000000000,0.7535704374,0.7554193735,0.1289739460,0.1263205409,0.2592366934,0.0282870736,0.8182479143,0.6878440380,0.4256885648,0.4539033771,0.0329361558,0.0320710838,0.0755475610,0.0904080346,0.8321409225,0.8321404457,0.0181376170,0.0000000000,0.0000000000,0.0830623135,0.1377672851,0.1434509158,0.1150843427,0.1272705346,0.0000979296,0.0000000000,0.0000000000,0.0000000000,-0.0163616687,0.1542312950,-0.0025435640,0.0596608482,0.1543305814,0.0092755258
15:11:20:32.850,61,0.1474524885,0.2519985139,0.0982697234,0.0000000000,0.0000000000,0.1805445999,0.0000000000,0.1474433988,0.2522481084,0.0276792049,0.0000000000,0.0000000000,0.1805478185,0.0000000000,0.0411189236,0.0032358756,0.0000000000,0.0394574963,0.0112527907,0.0162125565,0.0702652708,0.0000000000,0.0228518303,0.4672580063,0.4999879897,0.0000000000,0.0000000000,0.7547128201,0.7561293840,0.1291811615,0.1264000535,0.2594881654,0.0283149648,0.8183463812,0.6876638532,0.4252206385,0.4535347521,0.0329601467,0.0320767127,0.0754348412,0.0903979614,0.8322581649,0.8322576880,0.0180491898,0.0000000000,0.0000000000,0.0832207128,0.1379158944,0.1436069161,0.1145891696,0.1267717183,0.0001679012,0.0000000000,0.0000000000,0.0000000000,-0.0167079102,0.1541112959,-0.0025953315,0.0593188778,0.1542105228,0.0092151379
15:11:20:33.851,61,0.1470318586,0.2504501045,0.0969168842,0.0000000000,0.0000000000,0.1831328571,0.0000000000,0.1470232755,0.2506817281,0.0290064756,0.0000000000,0.0000000000,0.1831364334,0.0000000000,0.0412185565,0.0032677671,0.0000000000,0.0394958407,0.0112466160,0.0162658691,0.0704247430,0.0000000000,0.0230331235,0.4676190615,0.5003198385,0.0000000000,0.0000000000,0.7555320859,0.7568033338,0.1295197606,0.1266268045,0.2596849203,0.0283595752,0.8184900284,0.6875134110,0.4229226112,0.4521753490,0.0330008045,0.0321008749,0.0752612054,0.0903372765,0.8324366212,0.8324361444,0.0179363377,0.0000000000,0.0000000000,0.0833165646,0.1385857761,0.1447154731,0.1140963435,0.1263121814,0.0002065443,0.0000000000,0.0000000000,0.0000000000,-0.0175116844,0.1531564444,-0.0027030515,0.0585108437,0.1532555968,0.0090325838
15:11:20:34.853,61,0.1451151818,0.2479562163,0.0951639637,0.0000000000,0.0000000000,0.1842985302,0.0000000000,0.1451105922,0.2481641471,0.0307526961,0.0000000000,0.0000000000,0.1843023002,0.0000000000,0.0412574820,0.0032681408,0.0000000000,0.0394993946,0.0112348776,0.0162715726,0.0705391020,0.0000000000,0.0232439898,0.4686934948,0.5011885166,0.0000000000,0.0000000000,0.7560948133,0.7572826743,0.1298698336,0.1269085258,0.2594152093,0.0283491611,0.8185528517,0.6872734427,0.4170345962,0.4469665587,0.0330315046,0.0321216695,0.0749968961,0.0901801512,0.8326286674,0.8326281905,0.0178366583,0.0000000000,0.0000000000,0.0832973570,0.1391258538,0.1454442441,0.1136655584,0.1259357035,0.0003028341,0.0000000000,0.0000000000,0.0000000000,-0.0185702834,0.1516211927,-0.0028372544,0.0574660450,0.1517202258,0.0087812217
15:11:20:35.854,61,0.1440183669,0.2462839931,0.0945048183,0.0000000000,0.0000000000,0.1849409789,0.0000000000,0.1440157592,0.2464826256,0.0314013623,0.0000000000,0.0000000000,0.1849450022,0.0000000000,0.0412278064,0.0032718231,0.0000000000,0.0394696593,0.0112166908,0.0162403286,0.0706245452,0.0000000000,0.0233585387,0.4717273712,0.5032252073,0.0000000000,0.0000000000,0.7565005422,0.7575918436,0.1301928461,0.1271567792,0.2578952014,0.0282908399,0.8185014129,0.6868972182,0.4114501178,0.4415815473,0.0330539718,0.0321332663,0.0746574625,0.0899131224,0.8328257799,0.8328253627,0.0177632812,0.0000000000,0.0000000000,0.0831616446,0.1395315826,0.1459644884,0.1132620499,0.1255797148,0.0004324394,0.0000000000,0.0000000000,0.0000000000,-0.0189649519,0.1505949646,-0.0028776338,0.0570769012,0.1506935954,0.0086619053
15:11:20:36.856,61,0.1432359070,0.2441518009,0.0933300927,0.0000000000,0.0000000000,0.1851110458,0.0000000000,0.1432340890,0.2443344146,0.0325443149,0.0000000000,0.0000000000,0.1851152033,0.0000000000,0.0411270894,0.0032679767,0.0000000000,0.0394422486,0.0112018976,0.0161669347,0.0706143081,0.0000000000,0.0234402418,0.4783098102,0.5089641809,0.0000000000,0.0000000000,0.7568188310,0.7578042746,0.1305134743,0.1274074465,0.2561141849,0.0282077231,0.8183541894,0.6864370704,0.4078827798,0.4380079508,0.0330700502,0.0321422741,0.0742848888,0.0895801857,0.8326088786,0.8326084614,0.0177038237,0.0000000000,0.0000000000,0.0829602852,0.1399554610,0.1464664191,0.1128893718,0.1252315938,0.0003993219,0.0000000000,0.0000000000,0.0000000000,-0.0196591355,0.1492844671,-0.0029566023,0.0563785248,0.1493829936,0.0084805051
15:11:20:37.857,61,0.1428679824,0.2426276952,0.0923289210,0.0000000000,0.0000000000,0.1844764054,0.0000000000,0.1428663284,0.2427972555,0.0335000865,0.0000000000,0.0000000000,0.1844811291,0.0000000000,0.0409613103,0.0032552555,0.0000000000,0.0394399688,0.0112033384,0.0160366483,0.0704850033,0.0000000000,0.0234038588,0.4898439050,0.5177317858,0.0000000000,0.0000000000,0.7567607164,0.7576076984,0.1308052838,0.1276457012,0.2528266609,0.0280984920,0.8180791736,0.6858146191,0.4038757086,0.4335320294,0.0330800638,0.0321466327,0.0738974959,0.0891787410,0.8320038915,0.8320035338,0.0176792536,0.0000000000,0.0000000000,0.0826371536,0.1403917968,0.1469181776,0.1126313284,0.1249682680,0.0003544770,0.0000000000,0.0000000000,0.0000000000,-0.0202393401,0.1483470052,-0.0030244500,0.0557815395,0.1484454274,0.0083373617
15:11:20:38.859,61,0.1427613050,0.2406752855,0.0920467228,0.0000000000,0.0000000000,0.1828791201,0.0000000000,0.1427583545,0.2408394217,0.0337516181,0.0000000000,0.0000000000,0.1828850508,0.0000000000,0.0407286361,0.0032330786,0.0000000000,0.0394809023,0.0112333866,0.0158486385,0.0701867342,0.0000000000,0.0232940465,0.5142945647,0.5384973884,0.0000000000,0.0000000000,0.7564575672,0.7571274638,0.1311778128,0.1279975325,0.2470951080,0.0279582720,0.8174360991,0.6816947460,0.3930614889,0.4212368131,0.0331415720,0.0322018117,0.0734722465,0.0886851326,0.8305791020,0.8305787444,0.0176933557,0.0000000000,0.0000000000,0.0821155384,0.1421574950,0.1483686119,0.1125331372,0.1248458326,0.0002748602,0.0000000000,0.0000000000,0.0000000000,-0.0203949343,0.1471512765,-0.0030227727,0.0556209274,0.1472495645,0.0082454281
15:11:20:39.860,61,0.1427432597,0.2373483032,0.0914489180,0.0000000000,0.0000000000,0.1819069833,0.0000000000,0.1427373588,0.2375019789,0.0342890993,0.0000000000,0.0000000000,0.1819138825,0.0000000000,0.0404610671,0.0031810917,0.0000000000,0.0395585150,0.0112885777,0.0156266503,0.0697297752,0.0000000000,0.0230724476,0.5296260715,0.5517488718,0.0000000000,0.0000000000,0.7559818625,0.7560298443,0.1315381825,0.1283646077,0.2411082387,0.0278150924,0.8152831793,0.6752836704,0.3842496276,0.4112343192,0.0332546234,0.0323044173,0.0730201080,0.0881002769,0.8292011023,0.8292003274,0.0176981613,0.0000000000,0.0000000000,0.0812485069,0.1469576806,0.1523093879,0.1126853824,0.1249585450,0.0001468147,0.0000000000,0.0000000000,0.0000000000,-0.0207259320,0.1451130956,-0.0030286682,0.0552762374,0.1452111751,0.0080793342
15:11:20:40.862,61,0.1424649358,0.2350794524,0.0910657495,0.0000000000,0.0000000000,0.1807307154,0.0000000000,0.1424563378,0.2352262288,0.0346760787,0.0000000000,0.0000000000,0.1807386726,0.0000000000,0.0402415805,0.0031365363,0.0000000000,0.0396405980,0.0113353478,0.0154122720,0.0693246499,0.0000000000,0.0228008367,0.5354391932,0.5567716360,0.0000000000,0.0000000000,0.7556571364,0.7554073930,0.1319109350,0.1287297606,0.2387031317,0.0276881605,0.8143230677,0.6730219722,0.3808833063,0.4074964225,0.0333548747,0.0323975980,0.0725932941,0.0875363722,0.8282585144,0.8282576203,0.0176800098,0.0000000000,0.0000000000,0.0806110129,0.1485729367,0.1536633521,0.1127843857,0.1249988303,0.0001244246,0.0000000000,0.0000000000,0.0000000000,-0.0209640730,0.1437233239,-0.0030337137,0.0550557375,0.1438213289,0.0079690432
15:11:20:41.867,61,0.1420676261,0.2331213802,0.0897223055,0.0000000000,0.0000000000,0.1799859405,0.0000000000,0.1420568824,0.2332511544,0.0360487923,0.0000000000,0.0000000000,0.1799944192,0.0000000000,0.0401097611,0.0030607416,0.0000000000,0.0397228338,0.0113639729,0.0152194407,0.0690102279,0.0000000000,0.0224376656,0.5330444574,0.5543229580,0.0000000000,0.0000000000,0.7556399703,0.7551057339,0.1323553771,0.1291242391,0.2376404703,0.0276111867,0.8137898445,0.6719602942,0.3792772293,0.4057710171,0.0334123299,0.0324500166,0.0722038820,0.0869980529,0.8275136948,0.8275128007,0.0176507123,0.0000000000,0.0000000000,0.0801370367,0.1493074000,0.1542125344,0.1127283722,0.1248101667,0.0001511885,0.0000000000,0.0000000000,0.0000000000,-0.0217977650,0.1425191313,-0.0031275460,0.0542528927,0.1426170319,0.0077862968
15:11:20:42.865,61,0.1416503042,0.2322287560,0.0884998366,0.0000000000,0.0000000000,0.1792101413,0.0000000000,0.1416378915,0.2323442549,0.0373090990,0.0000000000,0.0000000000,0.1792190224,0.0000000000,0.0399899594,0.0029905036,0.0000000000,0.0397868752,0.0113889603,0.0150214536,0.0686860085,0.0000000000,0.0219913721,0.5325773954,0.5535776019,0.0000000000,0.0000000000,0.7553880215,0.7545692325,0.1328369975,0.1295352429,0.2367784828,0.0275057368,0.8133628964,0.6713728905,0.3782726824,0.4047428966,0.0334534310,0.0324870683,0.0718073547,0.0864205882,0.8269668221,0.8269659877,0.0176609270,0.0000000000,0.0000000000,0.0796405300,0.1496346146,0.1543848217,0.1127454937,0.1246685982,0.0001786233,0.0000000000,0.0000000000,0.0000000000,-0.0225616284,0.1419674307,-0.0032244248,0.0535178892,0.1420652866,0.0076507968
15:11:20:43.867,61,0.1412258446,0.2316261381,0.0868854299,0.0000000000,0.0000000000,0.1785184592,0.0000000000,0.1412120461,0.2317233980,0.0389790088,0.0000000000,0.0000000000,0.1785275489,0.0000000000,0.0398635417,0.0029483095,0.0000000000,0.0398359634,0.0114106489,0.0148189794,0.0682707280,0.0000000000,0.0216090549,0.5327296853,0.5536739230,0.0000000000,0.0000000000,0.7553566098,0.7542926073,0.1333202273,0.1299488991,0.2362280339,0.0273846798,0.8129933476,0.6710308790,0.3776586056,0.4041593969,0.0335211940,0.0325503796,0.0714806616,0.0859355107,0.8264753819,0.8264746070,0.0176638644,0.0000000000,0.0000000000,0.0791228265,0.1499882787,0.1546475142,0.1127899066,0.1245574355,0.0001834183,0.0000000000,0.0000000000,0.0000000000,-0.0235727262,0.1415913701,-0.0033598561,0.0525443926,0.1416892260,0.0074916109
15:11:20:44.869,61,0.1407118589,0.2307736129,0.0848463103,0.0000000000,0.0000000000,0.1773427278,0.0000000000,0.1406967640,0.2308478802,0.0410726480,0.0000000000,0.0000000000,0.1773528159,0.0000000000,0.0397405773,0.0029576928,0.0000000000,0.0398702808,0.0114232050,0.0146184526,0.0678776354,0.0000000000,0.0212071314,0.5327407122,0.5537157655,0.0000000000,0.0000000000,0.7552993894,0.7539941669,0.1338126510,0.1303270012,0.2357701957,0.0272502713,0.8127112389,0.6708792448,0.3772454262,0.4038254321,0.0335613750,0.0325902812,0.0711569563,0.0854593292,0.8260635734,0.8260629177,0.0176808015,0.0000000000,0.0000000000,0.0786539763,0.1500860006,0.1547007561,0.1128607243,0.1244849861,0.0002102565,0.0000000000,0.0000000000,0.0000000000,-0.0248407535,0.1410607845,-0.0035271065,0.0513150580,0.1411586553,0.0072887335
15:11:20:45.873,61,0.1395404935,0.2299133241,0.0829943419,0.0000000000,0.0000000000,0.1764071435,0.0000000000,0.1395208240,0.2299668193,0.0429670401,0.0000000000,0.0000000000,0.1764182746,0.0000000000,0.0396757349,0.0029802946,0.0000000000,0.0399017818,0.0114303185,0.0144520346,0.0675798655,0.0000000000,0.0208532028,0.5322417021,0.5532878041,0.0000000000,0.0000000000,0.7553763986,0.7538563013,0.1342602670,0.1306609660,0.2356888354,0.0271549225,0.8125850558,0.6709436178,0.3772867918,0.4039845169,0.0335908085,0.0326205641,0.0708854720,0.0850577205,0.8257554173,0.8257547617,0.0176766235,0.0000000000,0.0000000000,0.0783543959,0.1499629021,0.1545487195,0.1129073054,0.1243798882,0.0002766149,0.0000000000,0.0000000000,0.0000000000,-0.0259884559,0.1405264884,-0.0036758680,0.0501987487,0.1406243891,0.0071029682
15:11:20:46.874,61,0.1382224858,0.2290261239,0.0807574689,0.0000000000,0.0000000000,0.1748348922,0.0000000000,0.1381953359,0.2290548831,0.0452545546,0.0000000000,0.0000000000,0.1748467386,0.0000000000,0.0396324061,0.0030087687,0.0000000000,0.0399035141,0.0114241010,0.0142999580,0.0673381612,0.0000000000,0.0205303989,0.5302388668,0.5517386794,0.0000000000,0.0000000000,0.7555018663,0.7537944913,0.1346519142,0.1309538782,0.2356304228,0.0270678122,0.8124740124,0.6710461974,0.3774836659,0.4042963088,0.0335893221,0.0326272547,0.0705865622,0.0846389756,0.8254241347,0.8254234791,0.0176717453,0.0000000000,0.0000000000,0.0781764388,0.1495552361,0.1541285217,0.1128989682,0.1242224723,0.0003324227,0.0000000000,0.0000000000,0.0000000000,-0.0273741931,0.1399744749,-0.0038564098,0.0488495491,0.1400723010,0.0068847258
15:11:20:47.876,61,0.1371711195,0.2278126776,0.0791104659,0.0000000000,0.0000000000,0.1726125032,0.0000000000,0.1371372938,0.2278230190,0.0469200946,0.0000000000,0.0000000000,0.1726247668,0.0000000000,0.0395892821,0.0030627346,0.0000000000,0.0399085246,0.0114165647,0.0141397491,0.0670638531,0.0000000000,0.0202823430,0.5283500552,0.5506104827,0.0000000000,0.0000000000,0.7555701137,0.7537199259,0.1349667311,0.1311903447,0.2354594320,0.0269992445,0.8122415543,0.6709998250,0.3777618706,0.4046871662,0.0335666984,0.0326238126,0.0702331811,0.0841783658,0.8249359131,0.8249353766,0.0176524408,0.0000000000,0.0000000000,0.0780280977,0.1486711651,0.1534205973,0.1128377095,0.1240274310,0.0003223867,0.0000000000,0.0000000000,0.0000000000,-0.0283846669,0.1392256320,-0.0039770515,0.0478582904,0.1393234134,0.0067085982
15:11:20:48.875,61,0.1360950768,0.2268796414,0.0775759220,0.0000000000,0.0000000000,0.1698185652,0.0000000000,0.1360549480,0.2268733680,0.0484244041,0.0000000000,0.0000000000,0.1698304266,0.0000000000,0.0395397395,0.0031028101,0.0000000000,0.0399308652,0.0114190970,0.0139941033,0.0667945743,0.0000000000,0.0201357212,0.5269218087,0.5497426391,0.0000000000,0.0000000000,0.7555269003,0.7535625696,0.1351731271,0.1313524991,0.2352953702,0.0269472916,0.8119266629,0.6708399653,0.3782531023,0.4052872360,0.0335534438,0.0326348096,0.0698892400,0.0837519243,0.8242517114,0.8242512941,0.0176268984,0.0000000000,0.0000000000,0.0779819936,0.1479509324,0.1527781039,0.1128015816,0.1238866523,0.0003077688,0.0000000000,0.0000000000,0.0000000000,-0.0292970818,0.1386489570,-0.0040876325,0.0469337180,0.1387466639,0.0065515069
15:11:20:49.876,61,0.1338914633,0.2258758694,0.0752481744,0.0000000000,0.0000000000,0.1670574248,0.0000000000,0.1338493377,0.2258448154,0.0507100672,0.0000000000,0.0000000000,0.1670689136,0.0000000000,0.0395248383,0.0031545723,0.0000000000,0.0399712026,0.0114192162,0.0138591919,0.0665567219,0.0000000000,0.0200337563,0.5231027603,0.5468968749,0.0000000000,0.0000000000,0.7556720972,0.7536116838,0.1353885680,0.1315231919,0.2353736609,0.0269212164,0.8117139339,0.6708307266,0.3814916611,0.4096150100,0.0335286595,0.0326384343,0.0695551559,0.0833526179,0.8229649663,0.8229647279,0.0175804552,0.0000000000,0.0000000000,0.0780319050,0.1467098743,0.1516929716,0.1126628146,0.1236329824,0.0002715867,0.0000000000,0.0000000000,0.0000000000,-0.0306826010,0.1380261332,-0.0042614066,0.0455293246,0.1381237805,0.0063267117
15:11:20:50.878,61,0.1324023604,0.2254966497,0.0733232796,0.0000000000,0.0000000000,0.1648517102,0.0000000000,0.1323574483,0.2254454792,0.0525992028,0.0000000000,0.0000000000,0.1648630202,0.0000000000,0.0394931547,0.0032004917,0.0000000000,0.0400073864,0.0114214979,0.0137393242,0.0663561746,0.0000000000,0.0199527331,0.5215650797,0.5456606150,0.0000000000,0.0000000000,0.7558487058,0.7536951900,0.1355580091,0.1316533238,0.2355069071,0.0269017145,0.8115450740,0.6708498597,0.3843075037,0.4129330516,0.0335212573,0.0326530822,0.0692638308,0.0829956457,0.8220865726,0.8220863938,0.0175113324,0.0000000000,0.0000000000,0.0781035572,0.1458481997,0.1508979797,0.1125736162,0.1234340519,0.0002249932,0.0000000000,0.0000000000,0.0000000000,-0.0318267047,0.1377870291,-0.0044124983,0.0443660989,0.1378846169,0.0061543705
15:11:20:51.883,61,0.1315939426,0.2255164087,0.0725285634,0.0000000000,0.0000000000,0.1632772088,0.0000000000,0.1315476596,0.2254570425,0.0533723980,0.0000000000,0.0000000000,0.1632881165,0.0000000000,0.0394175723,0.0032372100,0.0000000000,0.0400270410,0.0114286318,0.0136182420,0.0661302805,0.0000000000,0.0198995490,0.5208417773,0.5450718403,0.0000000000,0.0000000000,0.7557367086,0.7535128593,0.1356656402,0.1317547262,0.2353638858,0.0268641338,0.8112792969,0.6707419157,0.3856741190,0.4144695401,0.0335209593,0.0326787531,0.0689681843,0.0826337188,0.8209779859,0.8209779263,0.0174449235,0.0000000000,0.0000000000,0.0781003535,0.1451653838,0.1502692103,0.1125628054,0.1233304441,0.0002672915,0.0000000000,0.0000000000,0.0000000000,-0.0322945155,0.1377961785,-0.0044776341,0.0438851640,0.1378937811,0.0060881111
15:11:20:52.884,61,0.1308492273,0.2254961431,0.0723295063,0.0000000000,0.0000000000,0.1621082276,0.0000000000,0.1308025271,0.2254346907,0.0535694547,0.0000000000,0.0000000000,0.1621187925,0.0000000000,0.0393344387,0.0032627524,0.0000000000,0.0400081314,0.0114256945,0.0135064619,0.0659648180,0.0000000000,0.0199286528,0.5204807520,0.5448119640,0.0000000000,0.0000000000,0.7555728555,0.7533344030,0.1357377917,0.1318636537,0.2351239920,0.0267952383,0.8111428022,0.6708059311,0.3864692450,0.4153014123,0.0334981754,0.0326878391,0.0687070712,0.0823343769,0.8203961849,0.8203961849,0.0173935108,0.0000000000,0.0000000000,0.0781034082,0.1445589811,0.1497299075,0.1126027629,0.1233259663,0.0003054227,0.0000000000,0.0000000000,0.0000000000,-0.0324138142,0.1377830505,-0.0044937353,0.0437647961,0.1378806382,0.0060708374
15:11:20:53.883,61,0.1302514374,0.2250295430,0.0721191168,0.0000000000,0.0000000000,0.1612435877,0.0000000000,0.1302047968,0.2249657810,0.0537705012,0.0000000000,0.0000000000,0.1612539887,0.0000000000,0.0392257236,0.0033332123,0.0000000000,0.0399575382,0.0114142420,0.0134170735,0.0659049004,0.0000000000,0.0200537480,0.5195651650,0.5442916155,0.0000000000,0.0000000000,0.7551586032,0.7529758215,0.1357526779,0.1319270581,0.2347096950,0.0267138481,0.8110698462,0.6709878445,0.3870777786,0.4159108996,0.0334376656,0.0326687098,0.0684144273,0.0820446685,0.8199868202,0.8199868798,0.0173676927,0.0000000000,0.0000000000,0.0781677142,0.1437090337,0.1490861773,0.1125999019,0.1233367696,0.0002992206,0.0000000000,0.0000000000,0.0000000000,-0.0325367525,0.1374970078,-0.0045012892,0.0436392203,0.1375945657,0.0060407100
15:11:20:54.884,61,0.1301902235,0.2250105441,0.0718745887,0.0000000000,0.0000000000,0.1603690833,0.0000000000,0.1301433444,0.2249444276,0.0539727248,0.0000000000,0.0000000000,0.1603798866,0.0000000000,0.0390115008,0.0034221606,0.0000000000,0.0398916230,0.0114250127,0.0133264018,0.0658179522,0.0000000000,0.0202295762,0.5195573568,0.5445250869,0.0000000000,0.0000000000,0.7498943210,0.7486314774,0.1356243640,0.1318922192,0.2290395647,0.0265834499,0.8106428981,0.6706690192,0.3871450722,0.4158951640,0.0333974138,0.0326765887,0.0680435151,0.0816780180,0.8195075393,0.8195075989,0.0173704326,0.0000000000,0.0000000000,0.0780891404,0.1431181282,0.1486914903,0.1127891168,0.1235956550,0.0003258341,0.0000000000,0.0000000000,0.0000000000,-0.0326591767,0.1374845207,-0.0045178034,0.0434913225,0.1375820488,0.0060196966
15:11:20:55.886,61,0.1310770810,0.2252485901,0.0717320070,0.0000000000,0.0000000000,0.1594316214,0.0000000000,0.1310274750,0.2251815349,0.0540396720,0.0000000000,0.0000000000,0.1594433933,0.0000000000,0.0386757888,0.0035108037,0.0000000000,0.0398225002,0.0114583559,0.0132004647,0.0656143352,0.0000000000,0.0204388797,0.5338849425,0.5607768297,0.0000000000,0.0000000000,0.7404468060,0.7396255732,0.1355021298,0.1319044232,0.2207531929,0.0263799410,0.8096718192,0.6695492268,0.3853451312,0.4129001200,0.0333865173,0.0327105969,0.0676819980,0.0813193545,0.8187079430,0.8187080026,0.0174181890,0.0000000000,0.0000000000,0.0777491108,0.1431074142,0.1489238292,0.1132081598,0.1241389737,0.0004020348,0.0000000000,0.0000000000,0.0000000000,-0.0326990262,0.1376296282,-0.0045281490,0.0434041843,0.1377270818,0.0060140570
15:11:20:56.891,61,0.1322571784,0.2253909260,0.0714660734,0.0000000000,0.0000000000,0.1584608257,0.0000000000,0.1322052926,0.2253215015,0.0542406179,0.0000000000,0.0000000000,0.1584737301,0.0000000000,0.0382636599,0.0035853572,0.0000000000,0.0397325717,0.0114876013,0.0130300149,0.0653246418,0.0000000000,0.0206023809,0.5439805984,0.5701166987,0.0000000000,0.0000000000,0.7369924784,0.7361673117,0.1354282647,0.1319824159,0.2142398655,0.0261301007,0.8086891770,0.6684487462,0.3808826804,0.4072212279,0.0333808213,0.0327536911,0.0672953054,0.0809142441,0.8179991245,0.8179991841,0.0174893606,0.0000000000,0.0000000000,0.0771946311,0.1432043314,0.1492431909,0.1136954129,0.1247305423,0.0004108572,0.0000000000,0.0000000000,0.0000000000,-0.0328202397,0.1377157271,-0.0045478069,0.0432427488,0.1378131658,0.0059954962
15:11:20:57.892,61,0.1330657452,0.2259241194,0.0711193308,0.0000000000,0.0000000000,0.1579263359,0.0000000000,0.1330132484,0.2258514762,0.0545508303,0.0000000000,0.0000000000,0.1579399258,0.0000000000,0.0378808305,0.0036795014,0.0000000000,0.0396305621,0.0115115736,0.0128843356,0.0650602281,0.0000000000,0.0208467674,0.5476535559,0.5738245845,0.0000000000,0.0000000000,0.7349451780,0.7341990471,0.1353279650,0.1320400983,0.2114760578,0.0258931462,0.8079464436,0.6676550508,0.3790627420,0.4050190151,0.0333755687,0.0327988490,0.0669611543,0.0805930421,0.8177000880,0.8177002072,0.0175644308,0.0000000000,0.0000000000,0.0766275004,0.1434000134,0.1497212052,0.1142188087,0.1253833920,0.0004507219,0.0000000000,0.0000000000,0.0000000000,-0.0330064520,0.1380404830,-0.0045845248,0.0430309922,0.1381379217,0.0059803943
15:11:20:58.894,61,0.1335280240,0.2262324393,0.0712225884,0.0000000000,0.0000000000,0.1578830332,0.0000000000,0.1334751695,0.2261610329,0.0544420630,0.0000000000,0.0000000000,0.1578970999,0.0000000000,0.0375645757,0.0037596298,0.0000000000,0.0395077467,0.0115175415,0.0127706043,0.0648764521,0.0000000000,0.0210419316,0.5458399653,0.5723385811,0.0000000000,0.0000000000,0.7339422703,0.7332448959,0.1351497322,0.1320105344,0.2098052204,0.0257091299,0.8072809577,0.6669077277,0.3779161870,0.4036763608,0.0333684012,0.0328401998,0.0666032583,0.0802228749,0.8180091381,0.8180092573,0.0176320057,0.0000000000,0.0000000000,0.0760796145,0.1433268040,0.1498510540,0.1146255434,0.1258704364,0.0004353024,0.0000000000,0.0000000000,0.0000000000,-0.0329397805,0.1382293999,-0.0045816088,0.0430923514,0.1383267790,0.0059972103
15:11:20:59.892,61,0.1338080168,0.2263593823,0.0715405494,0.0000000000,0.0000000000,0.1587999314,0.0000000000,0.1337545514,0.2262913436,0.0541264750,0.0000000000,0.0000000000,0.1588145792,0.0000000000,0.0373560376,0.0038013139,0.0000000000,0.0394170359,0.0115184905,0.0126824295,0.0647504330,0.0000000000,0.0210620016,0.5264163017,0.5496944189,0.0000000000,0.0000000000,0.7334028482,0.7327027917,0.1349433810,0.1319109499,0.2087071538,0.0256074257,0.8065703511,0.6656230092,0.3771372437,0.4027794003,0.0333519727,0.0328664221,0.0661927238,0.0797429010,0.8198048472,0.8198049664,0.0177076813,0.0000000000,0.0000000000,0.0754711032,0.1430147886,0.1496160030,0.1148660779,0.1261173189,0.0003369376,0.0000000000,0.0000000000,0.0000000000,-0.0327484794,0.1383081675,-0.0045576389,0.0432842560,0.1384055614,0.0060273744
15:11:21:00.894,61,0.1340728849,0.2260245979,0.0723700002,0.0000000000,0.0000000000,0.1607985497,0.0000000000,0.1340171695,0.2259650826,0.0532963164,0.0000000000,0.0000000000,0.1608127505,0.0000000000,0.0371853448,0.0037861904,0.0000000000,0.0392696746,0.0114973504,0.0126049006,0.0647927150,0.0000000000,0.0208300799,0.4956367016,0.5131441951,0.0000000000,0.0000000000,0.7313296199,0.7295758128,0.1340378523,0.1312469095,0.2057292610,0.0255559701,0.8042376041,0.6621439457,0.3768296838,0.4023716748,0.0333030708,0.0328534506,0.0656526238,0.0788660794,0.8241605759,0.8241605759,0.0177903119,0.0000000000,0.0000000000,0.0747927576,0.1383960247,0.1435182393,0.1149475947,0.1261174083,0.0003269516,0.0000000000,0.0000000000,0.0000000000,-0.0322470888,0.1381065100,-0.0044812588,0.0437873378,0.1382039189,0.0060883854
15:11:21:01.895,61,0.1342542917,0.2258436680,0.0729057640,0.0000000000,0.0000000000,0.1626480222,0.0000000000,0.1341966838,0.2257897109,0.0527626760,0.0000000000,0.0000000000,0.1626605839,0.0000000000,0.0370606817,0.0037174434,0.0000000000,0.0390487984,0.0114440676,0.0125498753,0.0649467111,0.0000000000,0.0205104463,0.4767703414,0.4939014316,0.0000000000,0.0000000000,0.7299884558,0.7275339961,0.1313805580,0.1289812177,0.2042070329,0.0255401712,0.8030855060,0.6607091427,0.3777678609,0.4030770659,0.0332206264,0.0328031369,0.0651201159,0.0781074390,0.8305112720,0.8305110335,0.0178709775,0.0000000000,0.0000000000,0.0741755813,0.1311585903,0.1350872070,0.1149242893,0.1259285361,0.0003282658,0.0000000000,0.0000000000,0.0000000000,-0.0319246911,0.1379978508,-0.0044329371,0.0441121720,0.1380952597,0.0061286385
15:11:21:02.897,61,0.1342771500,0.2262521684,0.0732376203,0.0000000000,0.0000000000,0.1637886167,0.0000000000,0.1342185885,0.2262017727,0.0524379313,0.0000000000,0.0000000000,0.1637998670,0.0000000000,0.0369887874,0.0036498855,0.0000000000,0.0387257710,0.0113447756,0.0125427684,0.0653162897,0.0000000000,0.0201893412,0.4535664022,0.4721515179,0.0000000000,0.0000000000,0.7291647196,0.7264561653,0.1293701082,0.1271121800,0.2034519464,0.0255073141,0.8027796149,0.6607500315,0.3911583722,0.4164274037,0.0330580734,0.0326726548,0.0646884367,0.0774899945,0.8352760077,0.8352757692,0.0179280005,0.0000000000,0.0000000000,0.0737734213,0.1228567064,0.1267256141,0.1148237959,0.1256405562,0.0005610740,0.0000000000,0.0000000000,0.0000000000,-0.0317270868,0.1382488608,-0.0044136238,0.0443114191,0.1383462846,0.0061676358
15:11:21:03.899,61,0.1344956160,0.2271354795,0.0738335475,0.0000000000,0.0000000000,0.1649787724,0.0000000000,0.1344364434,0.2270916998,0.0518465899,0.0000000000,0.0000000000,0.1649885923,0.0000000000,0.0369204581,0.0035581857,0.0000000000,0.0382978469,0.0112218037,0.0125545431,0.0658493564,0.0000000000,0.0197841283,0.4382815659,0.4542298317,0.0000000000,0.0000000000,0.7228769064,0.7197431922,0.1249837354,0.1229511946,0.2016418278,0.0254494157,0.8025380373,0.6608752608,0.3967311084,0.4215172529,0.0328869745,0.0325345211,0.0642143860,0.0768185034,0.8416615725,0.8416613340,0.0179710742,0.0000000000,0.0000000000,0.0733274594,0.1151117608,0.1187486202,0.1148774847,0.1255093068,0.0006544541,0.0000000000,0.0000000000,0.0000000000,-0.0313669369,0.1387911439,-0.0043808771,0.0446686186,0.1388886124,0.0062420070
15:11:21:04.903,61,0.1347343028,0.2276705354,0.0755915418,0.0000000000,0.0000000000,0.1670239866,0.0000000000,0.1346725225,0.2276454568,0.0500950366,0.0000000000,0.0000000000,0.1670313776,0.0000000000,0.0369551852,0.0034216803,0.0000000000,0.0377891921,0.0110741323,0.0125763910,0.0666971281,0.0000000000,0.0190693457,0.3850560486,0.3953043222,0.0000000000,0.0000000000,0.7066130638,0.7018179893,0.1180561110,0.1159660742,0.1989772022,0.0254164618,0.8023599386,0.6612036228,0.4086541533,0.4314581454,0.0327049717,0.0323753245,0.0637222826,0.0760809258,0.8497818112,0.8497806191,0.0179674160,0.0000000000,0.0000000000,0.0728037804,0.1056878790,0.1076813936,0.1149188578,0.1253276616,0.0005981947,0.0000000000,0.0000000000,0.0000000000,-0.0303058214,0.1391250044,-0.0042430377,0.0457300879,0.1392225325,0.0064057931
15:11:21:05.905,61,0.1349943727,0.2280434519,0.0786666647,0.0000000000,0.0000000000,0.1714342088,0.0000000000,0.1349272430,0.2280511856,0.0469927602,0.0000000000,0.0000000000,0.1714384109,0.0000000000,0.0370878316,0.0032066582,0.0000000000,0.0372744203,0.0109341349,0.0126246391,0.0674116462,0.0000000000,0.0180834625,0.3676916957,0.3748745620,0.0000000000,0.0000000000,0.6934364438,0.6889065504,0.1115937904,0.1098456681,0.1964730769,0.0254433770,0.8020238876,0.6613841057,0.4228087366,0.4436564744,0.0325651132,0.0322574563,0.0632544681,0.0753419846,0.8567691445,0.8567667007,0.0179148111,0.0000000000,0.0000000000,0.0721991137,0.1004532129,0.1014946401,0.1150231734,0.1251868457,0.0005047933,0.0000000000,0.0000000000,0.0000000000,-0.0284280740,0.1393652409,-0.0039871773,0.0475888699,0.1394627392,0.0066776210
15:11:21:06.903,61,0.1348374784,0.2278320342,0.0832634717,0.0000000000,0.0000000000,0.1765233725,0.0000000000,0.1347631216,0.2278884202,0.0423498563,0.0000000000,0.0000000000,0.1765251309,0.0000000000,0.0372486189,0.0030037498,0.0000000000,0.0367334895,0.0107902624,0.0126807615,0.0681437030,0.0000000000,0.0172391851,0.3428375423,0.3497057855,0.0000000000,0.0000000000,0.6811082959,0.6775624156,0.1062106416,0.1047389582,0.1927679926,0.0254998934,0.8015564084,0.6614923477,0.4338221252,0.4534137547,0.0324151441,0.0321420915,0.0627516136,0.0745021179,0.8622202873,0.8622168899,0.0178527050,0.0000000000,0.0000000000,0.0716000125,0.0959032848,0.0964713991,0.1149601862,0.1248840690,0.0002000920,0.0000000000,0.0000000000,0.0000000000,-0.0256197341,0.1392551064,-0.0035905130,0.0503705479,0.1393525749,0.0070619532
15:11:21:07.908,61,0.1347761750,0.2284854949,0.0875976086,0.0000000000,0.0000000000,0.1806100458,0.0000000000,0.1346962154,0.2285885811,0.0379435010,0.0000000000,0.0000000000,0.1806106269,0.0000000000,0.0373577178,0.0028180073,0.0000000000,0.0361445211,0.0106508108,0.0127511229,0.0692962557,0.0000000000,0.0165378377,0.3315927386,0.3384201825,0.0000000000,0.0000000000,0.6489949822,0.6470906138,0.1018775180,0.1009086072,0.1837601662,0.0254843347,0.8007119894,0.6613491178,0.4381608367,0.4572229087,0.0322524346,0.0320294462,0.0622303262,0.0737218931,0.8672484159,0.8672448397,0.0178171117,0.0000000000,0.0000000000,0.0709334165,0.0930419192,0.0937111229,0.1151848212,0.1249676943,0.0000478380,0.0000000000,0.0000000000,0.0000000000,-0.0229527224,0.1396738589,-0.0032266125,0.0529894792,0.1397713274,0.0074513936
15:11:21:08.909,61,0.1349777877,0.2304324210,0.0935336053,0.0000000000,0.0000000000,0.1840535104,0.0000000000,0.1348957419,0.2306010425,0.0319519788,0.0000000000,0.0000000000,0.1840535402,0.0000000000,0.0373920426,0.0026942422,0.0000000000,0.0355152227,0.0105139827,0.0128549952,0.0708135143,0.0000000000,0.0160460472,0.3260004222,0.3329142034,0.0000000000,0.0000000000,0.6347064376,0.6343095303,0.0986009017,0.0981571972,0.1758196205,0.0253900867,0.8000388741,0.6612772346,0.4406012893,0.4593478441,0.0320496522,0.0318950489,0.0617235005,0.0730062723,0.8705161810,0.8705128431,0.0177881885,0.0000000000,0.0000000000,0.0703223497,0.0913611203,0.0920952037,0.1158074439,0.1255668849,0.0000249513,0.0000000000,0.0000000000,0.0000000000,-0.0193249993,0.1408926398,-0.0027407333,0.0565707013,0.1409902126,0.0080247335
15:11:21:09.908,61,0.1349614412,0.2320977300,0.1025731266,0.0000000000,0.0000000000,0.1856247932,0.0000000000,0.1348770112,0.2323656529,0.0229214001,0.0000000000,0.0000000000,0.1856244951,0.0000000000,0.0374144763,0.0026202945,0.0000000000,0.0348577648,0.0103797466,0.0129827540,0.0722500831,0.0000000000,0.0155927241,0.3228509128,0.3298395276,0.0000000000,0.0000000000,0.6187258959,0.6195288301,0.0953816697,0.0955319628,0.1696917266,0.0252223685,0.7994148731,0.6612855196,0.4420783222,0.4605421424,0.0318215638,0.0317425430,0.0612799600,0.0723621622,0.8733301759,0.8733270168,0.0177926421,0.0000000000,0.0000000000,0.0698562711,0.0901391879,0.0909259021,0.1188256145,0.1286000162,0.0000093899,0.0000000000,0.0000000000,0.0000000000,-0.0138610601,0.1419578493,-0.0019809450,0.0620288253,0.1420555115,0.0088653704
15:11:21:10.910,61,0.1334087551,0.2333370000,0.1153486744,0.0000000000,0.0000000000,0.1861027479,0.0000000000,0.1333191097,0.2337448895,0.0102690533,0.0000000000,0.0000000000,0.1861017346,0.0000000000,0.0375212394,0.0025821454,0.0000000000,0.0342378989,0.0102364728,0.0131355617,0.0749047771,0.0000000000,0.0152214412,0.3184275925,0.3270123005,0.0000000000,0.0000000000,0.6133995056,0.6146685481,0.0938222408,0.0941701755,0.1674170643,0.0250606015,0.7995278835,0.6655039787,0.4438934624,0.4615968764,0.0315502211,0.0315448008,0.0609747879,0.0718932822,0.8755428195,0.8755395412,0.0178128146,0.0000000000,0.0000000000,0.0697039813,0.0891296640,0.0898354650,0.1200645417,0.1298318058,0.0000042149,0.0000000000,0.0000000000,0.0000000000,-0.0062091677,0.1427893788,-0.0008926726,0.0697467551,0.1428872496,0.0100258356
15:11:21:11.912,61,0.1304931045,0.2342578620,0.1245273128,0.0000000000,0.0000000000,0.1862284988,0.0000000000,0.1304158866,0.2347674370,0.0012098853,0.0000000000,0.0000000000,0.1862261593,0.0000000000,0.0376747735,0.0024834604,0.0000000000,0.0337179862,0.0101032769,0.0133068534,0.0761912242,0.0000000000,0.0150389317,0.3167695403,0.3259793222,0.0000000000,0.0000000000,0.6367705464,0.6396837234,0.0928854048,0.0933454260,0.1671003401,0.0249789432,0.7998285890,0.6673080325,0.4448587298,0.4622530341,0.0313196667,0.0313774124,0.0607392341,0.0715524629,0.8776034117,0.8776002526,0.0178191476,0.0000000000,0.0000000000,0.0696848929,0.0884042606,0.0890883058,0.1207863837,0.1305973530,0.0000040432,0.0000000000,0.0000000000,0.0000000000,-0.0007314899,0.1434113383,-0.0001056291,0.0752904117,0.1435093582,0.0108689656
15:11:21:12.913,61,0.1291338652,0.2342929542,0.1333946735,0.0000000000,0.0000000000,0.1861952543,0.0000000000,0.1290618777,0.2348991632,0.0000000000,0.0076473826,0.0000000000,0.1861906201,0.0000000000,0.0377238765,0.0023717075,0.0000000000,0.0333100669,0.0099836765,0.0134325465,0.0770052075,0.0000000000,0.0150467521,0.3318931460,0.3536172807,0.0000000000,0.0000000000,0.6563555002,0.6594396830,0.0925203338,0.0930352807,0.1691546887,0.0249268692,0.8003452420,0.6694530249,0.4454878867,0.4627152979,0.0310964882,0.0312087126,0.0605749935,0.0713484883,0.8785137534,0.8785106540,0.0177963804,0.0000000000,0.0000000000,0.0697285905,0.0881257132,0.0888293833,0.1210684478,0.1309684217,0.0000035846,0.0000000000,0.0000000000,0.0000000000,0.0046235090,0.1434932798,0.0006680315,0.0806512013,0.1435914189,0.0116479117
15:11:21:13.915,61,0.1174604520,0.2322734147,0.1457451284,0.0000000000,0.0000000000,0.1862856448,0.0000000000,0.1174549013,0.2330069542,0.0000000000,0.0198911019,0.0000000000,0.1862764955,0.0000000000,0.0377957039,0.0022600975,0.0000000000,0.0330133475,0.0098575568,0.0135567710,0.0775584579,0.0000000000,0.0153154954,0.3399287164,0.3651619852,0.0000000000,0.0000000000,0.7087585926,0.7127276063,0.0926992968,0.0932245478,0.1915728152,0.0249617994,0.8077419996,0.6824402213,0.4474428892,0.4650716484,0.0308586378,0.0310191233,0.0606571473,0.0714835003,0.8790279627,0.8790249825,0.0177124143,0.0000000000,0.0000000000,0.0700597465,0.0882715434,0.0889840871,0.1209030449,0.1308476180,0.0000038807,0.0000000000,0.0000000000,0.0000000000,0.0120279016,0.1423462331,0.0017237416,0.0881336108,0.1424443722,0.0126227140
15:11:21:14.919,61,0.1069195047,0.2301010042,0.1594861150,0.0000000000,0.0000000000,0.1860134453,0.0000000000,0.1069137976,0.2309742719,0.0000000000,0.0335195810,0.0000000000,0.1859975606,0.0000000000,0.0377544798,0.0021822525,0.0000000000,0.0327506401,0.0097198561,0.0136353206,0.0780384690,0.0000000000,0.0157468952,0.3578796685,0.3855499923,0.0000000000,0.0000000000,0.7241870761,0.7284774780,0.0931018293,0.0936548784,0.1980926096,0.0249852929,0.8138434887,0.6904322505,0.4485123754,0.4661857486,0.0305934474,0.0308072362,0.0608549118,0.0717758760,0.8793063760,0.8793034554,0.0176093858,0.0000000000,0.0000000000,0.0705292523,0.0885830820,0.0892879367,0.1206041574,0.1305207163,0.0000039078,0.0000000000,0.0000000000,0.0000000000,0.0202724449,0.1411233693,0.0028798555,0.0964606777,0.1412215978,0.0136915063
15:11:21:15.917,61,0.0963673741,0.2279021293,0.1712419093,0.0000000000,0.0000000000,0.1857344508,0.0000000000,0.0963650644,0.2288912833,0.0000000000,0.0452729538,0.0000000000,0.1857069582,0.0000000000,0.0377396941,0.0020887358,0.0000000000,0.0325620584,0.0095829656,0.0137174670,0.0783812851,0.0000000000,0.0164593402,0.3653856218,0.3953289986,0.0000000000,0.0000000000,0.7339302301,0.7394658923,0.0943065211,0.0953451619,0.2072124630,0.0250478908,0.8208888769,0.6999496818,0.4526776075,0.4695142508,0.0303136222,0.0305885728,0.0612453632,0.0723234788,0.8794226050,0.8794198632,0.0174750332,0.0000000000,0.0000000000,0.0719927773,0.0894373879,0.0898637697,0.1202083901,0.1300548315,0.0000042306,0.0000000000,0.0000000000,0.0000000000,0.0273857154,0.1398745179,0.0038552412,0.1035900116,0.1399727315,0.0145681016
15:11:21:16.919,61,0.0903330520,0.2261050940,0.1856440604,0.0000000000,0.0000000000,0.1857273430,0.0000000000,0.0903318673,0.2272377908,0.0000000000,0.0597642846,0.0000000000,0.1856832951,0.0000000000,0.0377284735,0.0019851215,0.0000000000,0.0324204415,0.0094523393,0.0137793012,0.0786829367,0.0000000000,0.0171387009,0.3688585162,0.3996902108,0.0000000000,0.0000000000,0.7388536334,0.7448335290,0.0951492637,0.0966110900,0.2111737430,0.0251505803,0.8237197399,0.7036055326,0.4572421908,0.4727931321,0.0300550107,0.0303933416,0.0616266839,0.0728364140,0.8794993162,0.8794966936,0.0173225161,0.0000000000,0.0000000000,0.0729461089,0.0901780576,0.0904359296,0.1197015345,0.1294187903,0.0000068388,0.0000000000,0.0000000000,0.0000000000,0.0361566097,0.1389030665,0.0050536706,0.1123189330,0.1390012354,0.0156795029
15:11:21:17.921,61,0.0866863355,0.2263999134,0.2003943622,0.0000000000,0.0000000000,0.1860939711,0.0000000000,0.0866860673,0.2276901603,0.0000000000,0.0746690929,0.0000000000,0.1860273331,0.0000000000,0.0377577767,0.0018909769,0.0000000000,0.0323271453,0.0093296366,0.0138549693,0.0789327994,0.0000000000,0.0178094115,0.3701432049,0.4014998972,0.0000000000,0.0000000000,0.7417813540,0.7482886314,0.0959158540,0.0975512862,0.2146540582,0.0253125634,0.8253576756,0.7055755854,0.4663665891,0.4804700315,0.0298285782,0.0302288514,0.0620203540,0.0733428746,0.8795781136,0.8795757294,0.0171222556,0.0000000000,0.0000000000,0.0741857290,0.0908935443,0.0909492746,0.1190849245,0.1282358170,0.0000082562,0.0000000000,0.0000000000,0.0000000000,0.0451719686,0.1392309666,0.0063280580,0.1212393343,0.1393291950,0.0169590916
15:11:21:18.922,61,0.0849121734,0.2293776423,0.2111005187,0.0000000000,0.0000000000,0.1866223663,0.0000000000,0.0849123895,0.2308005840,0.0000000000,0.0855121166,0.0000000000,0.1865301430,0.0000000000,0.0377284326,0.0017779254,0.0000000000,0.0322107114,0.0092078224,0.0139035452,0.0792328492,0.0000000000,0.0184556767,0.3705718517,0.4022006691,0.0000000000,0.0000000000,0.7433554530,0.7501298785,0.0966081917,0.0983784869,0.2161193639,0.0254427139,0.8261607289,0.7063695192,0.4692424834,0.4828253686,0.0296380073,0.0300977025,0.0622984096,0.0736916289,0.8798358440,0.8798336387,0.0169350971,0.0000000000,0.0000000000,0.0748799071,0.0915004760,0.0913178921,0.1185006574,0.1274124682,0.0000100600,0.0000000000,0.0000000000,0.0000000000,0.0517176092,0.1411781162,0.0073468848,0.1276831925,0.1412764937,0.0181083325
15:11:21:19.924,61,0.0839589909,0.2317695022,0.2193401456,0.0000000000,0.0000000000,0.1871768534,0.0000000000,0.0839594230,0.2332975864,0.0000000000,0.0938060433,0.0000000000,0.1870548576,0.0000000000,0.0376473889,0.0016258429,0.0000000000,0.0320957564,0.0091004763,0.0139435278,0.0795031860,0.0000000000,0.0191356540,0.3711488545,0.4029064775,0.0000000000,0.0000000000,0.7440408468,0.7510324717,0.0971680358,0.0990958735,0.2165859342,0.0255428050,0.8263005018,0.7055802345,0.4703235924,0.4835405350,0.0294892173,0.0300139263,0.0625062063,0.0739499629,0.8802860379,0.8802840710,0.0167541914,0.0000000000,0.0000000000,0.0753763616,0.0921808332,0.0917402282,0.1180806011,0.1268349290,0.0000122512,0.0000000000,0.0000000000,0.0000000000,0.0567212999,0.1427445412,0.0081475489,0.1326386780,0.1428430974,0.0190182645
15:11:21:20.925,61,0.0832062960,0.2307681888,0.2274326682,0.0000000000,0.0000000000,0.1874418706,0.0000000000,0.0832068399,0.2323763072,0.0000000000,0.1019889563,0.0000000000,0.1872886568,0.0000000000,0.0375208221,0.0014790415,0.0000000000,0.0320069976,0.0090007512,0.0139722982,0.0796376616,0.0000000000,0.0197244324,0.3722197115,0.4036656022,0.0000000000,0.0000000000,0.7450020313,0.7520545721,0.0976969153,0.0997281298,0.2166977674,0.0256372504,0.8259993196,0.7023220062,0.4707692862,0.4838044941,0.0294042174,0.0299768262,0.0626036897,0.0740478188,0.8805824518,0.8805806637,0.0165455863,0.0000000000,0.0000000000,0.0757896453,0.0927415118,0.0920012891,0.1175560504,0.1261439174,0.0000141186,0.0000000000,0.0000000000,0.0000000000,0.0616740733,0.1422228664,0.0088252602,0.1375437677,0.1423214376,0.0196440630
15:11:21:21.930,61,0.0826937631,0.2307904810,0.2296997309,0.0000000000,0.0000000000,0.1874300838,0.0000000000,0.0826944187,0.2324227393,0.0000000000,0.1043382883,0.0000000000,0.1872485429,0.0000000000,0.0373785943,0.0013335254,0.0000000000,0.0319203250,0.0089088678,0.0140181547,0.0797305629,0.0000000000,0.0202897694,0.3765279055,0.4066945016,0.0000000000,0.0000000000,0.7457731366,0.7528594136,0.0982363150,0.1003723592,0.2165545076,0.0256785061,0.8256332278,0.7009676099,0.4707418382,0.4836237729,0.0293262564,0.0299455076,0.0626801550,0.0741197392,0.8806787133,0.8806770444,0.0163598191,0.0000000000,0.0000000000,0.0761843249,0.0933707505,0.0923454389,0.1171685606,0.1256320179,0.0000165251,0.0000000000,0.0000000000,0.0000000000,0.0630944595,0.1422639638,0.0090308776,0.1389143616,0.1423625052,0.0198443104
15:11:21:22.929,61,0.0816231370,0.2285439372,0.2368435264,0.0000000000,0.0000000000,0.1878519654,0.0000000000,0.0816237777,0.2302345634,0.0000000000,0.1116737574,0.0000000000,0.1876393855,0.0000000000,0.0372932367,0.0012112404,0.0000000000,0.0318285152,0.0088107996,0.0140792131,0.0799462646,0.0000000000,0.0207684375,0.3776297569,0.4074366689,0.0000000000,0.0000000000,0.7469568849,0.7542936206,0.0988764316,0.1011672094,0.2165771574,0.0257234722,0.8254954815,0.7003810406,0.4710373282,0.4837304652,0.0292188246,0.0298849717,0.0627973005,0.0742098540,0.8808237910,0.8808222413,0.0161818583,0.0000000000,0.0000000000,0.0767287686,0.0939874128,0.0926233009,0.1167329326,0.1250644773,0.0000214454,0.0000000000,0.0000000000,0.0000000000,0.0675430298,0.1409658641,0.0095772548,0.1432620585,0.1410641819,0.0202719737
15:11:21:23.930,61,0.0808701888,0.2268153727,0.2438904941,0.0000000000,0.0000000000,0.1883342564,0.0000000000,0.0808708295,0.2285657525,0.0000000000,0.1189285740,0.0000000000,0.1880891621,0.0000000000,0.0371832922,0.0010626272,0.0000000000,0.0317175351,0.0087168049,0.0141191287,0.0802591816,0.0000000000,0.0211562421,0.3780583441,0.4075787365,0.0000000000,0.0000000000,0.7473712564,0.7548080683,0.0994808003,0.1019034013,0.2161205113,0.0257338956,0.8251265883,0.6997285485,0.4710211456,0.4834672511,0.0291165188,0.0298326910,0.0627992898,0.0741416141,0.8809809089,0.8809794188,0.0160294119,0.0000000000,0.0000000000,0.0771598071,0.0944842920,0.0927566364,0.1162956581,0.1244920269,0.0000246121,0.0000000000,0.0000000000,0.0000000000,0.0719411448,0.1399873942,0.0101280650,0.1475459784,0.1400855482,0.0207269602
15:11:21:24.932,61,0.0804771110,0.2264622748,0.2518725097,0.0000000000,0.0000000000,0.1886909008,0.0000000000,0.0804778039,0.2282939553,0.0000000000,0.1269902885,0.0000000000,0.1884115785,0.0000000000,0.0370860174,0.0009873924,0.0000000000,0.0316158123,0.0086372122,0.0141283283,0.0803791732,0.0000000000,0.0214593913,0.3783701956,0.4077731967,0.0000000000,0.0000000000,0.7472825050,0.7548149824,0.0998869464,0.1023986787,0.2147436887,0.0257370267,0.8239652514,0.6974989176,0.4709660411,0.4831374586,0.0290485378,0.0298143160,0.0627518147,0.0740050897,0.8811967373,0.8811953068,0.0158725698,0.0000000000,0.0000000000,0.0774553940,0.0948051810,0.0927297547,0.1159855500,0.1240738928,0.0000257508,0.0000000000,0.0000000000,0.0000000000,0.0768193603,0.1398720592,0.0108044511,0.1523787379,0.1399703026,0.0213826410
15:11:21:25.936,61,0.0799576864,0.2252886742,0.2568109930,0.0000000000,0.0000000000,0.1887913346,0.0000000000,0.0799586028,0.2271616310,0.0000000000,0.1320376247,0.0000000000,0.1884735227,0.0000000000,0.0369858369,0.0009357490,0.0000000000,0.0314916708,0.0085448651,0.0140891243,0.0804535598,0.0000000000,0.0216924194,0.3783255816,0.4076699317,0.0000000000,0.0000000000,0.7473465800,0.7549645305,0.1002142578,0.1027991995,0.2139032781,0.0257358160,0.8232883215,0.6965835690,0.4712723792,0.4831506610,0.0289577097,0.0297690555,0.0626876056,0.0738225579,0.8814115524,0.8814102411,0.0156979430,0.0000000000,0.0000000000,0.0777484477,0.0948238596,0.0923718736,0.1156440526,0.1235764176,0.0000237376,0.0000000000,0.0000000000,0.0000000000,0.0798802227,0.1392119378,0.0111803124,0.1553815752,0.1393101215,0.0216963813
15:11:21:26.938,61,0.0795428380,0.2244870067,0.2579946518,0.0000000000,0.0000000000,0.1890270263,0.0000000000,0.0795440450,0.2263643742,0.0000000000,0.1333312094,0.0000000000,0.1886750460,0.0000000000,0.0368473120,0.0009323212,0.0000000000,0.0313516222,0.0084578255,0.0140454164,0.0805611163,0.0000000000,0.0219539981,0.3779775202,0.4073516428,0.0000000000,0.0000000000,0.7469360232,0.7546871901,0.1004388928,0.1031035036,0.2113191038,0.0257107168,0.8226080537,0.6958569288,0.4718607068,0.4834039211,0.0288522560,0.0297188833,0.0625559688,0.0735796019,0.8815549612,0.8815537095,0.0155409211,0.0000000000,0.0000000000,0.0779872611,0.0947457403,0.0919757932,0.1153392941,0.1231446937,0.0000174994,0.0000000000,0.0000000000,0.0000000000,0.0806682780,0.1387321949,0.0112509560,0.1561083049,0.1388302594,0.0217209700
15:11:21:27.939,61,0.0789851174,0.2244520932,0.2579590976,0.0000000000,0.0000000000,0.1895274222,0.0000000000,0.0789864957,0.2263277471,0.0000000000,0.1334043890,0.0000000000,0.1891482919,0.0000000000,0.0367766172,0.0009309857,0.0000000000,0.0312443394,0.0083831288,0.0140471365,0.0807925463,0.0000000000,0.0222168732,0.3738385737,0.4035859108,0.0000000000,0.0000000000,0.7465028167,0.7543985248,0.1007272750,0.1034802273,0.2102395147,0.0257268716,0.8222043514,0.6955215335,0.4729459584,0.4838159978,0.0287528001,0.0296771452,0.0624735169,0.0733997896,0.8818914294,0.8818902373,0.0154191460,0.0000000000,0.0000000000,0.0783524737,0.0948000476,0.0917140096,0.1151763424,0.1228869855,0.0000142100,0.0000000000,0.0000000000,0.0000000000,0.0807128027,0.1387102306,0.0112553472,0.1560872346,0.1388081908,0.0217145644
15:11:21:28.939,61,0.0784614310,0.2250583917,0.2555973530,0.0000000000,0.0000000000,0.1898066998,0.0000000000,0.0784628242,0.2269144803,0.0000000000,0.1310330927,0.0000000000,0.1894101650,0.0000000000,0.0367202945,0.0009679417,0.0000000000,0.0311434306,0.0083154002,0.0141071863,0.0811582953,0.0000000000,0.0224068630,0.3693285286,0.3982260823,0.0000000000,0.0000000000,0.7461112738,0.7540935874,0.1010632962,0.1038660780,0.2096530795,0.0257285070,0.8220796585,0.6956046820,0.4775365889,0.4866176844,0.0286430269,0.0296088140,0.0624824315,0.0733245835,0.8820480704,0.8820468783,0.0153464852,0.0000000000,0.0000000000,0.0789094567,0.0949490219,0.0915856808,0.1149900556,0.1226111129,0.0000092351,0.0000000000,0.0000000000,0.0000000000,0.0792742074,0.1390537322,0.0110829044,0.1546504200,0.1391516775,0.0215702672
15:11:21:29.940,61,0.0770610049,0.2248405814,0.2561361790,0.0000000000,0.0000000000,0.1898740679,0.0000000000,0.0770628229,0.2267003506,0.0000000000,0.1315841377,0.0000000000,0.1894623935,0.0000000000,0.0367188677,0.0009800233,0.0000000000,0.0310367364,0.0082478039,0.0141723994,0.0815779790,0.0000000000,0.0225680005,0.3657302558,0.3940463960,0.0000000000,0.0000000000,0.7457308769,0.7537918687,0.1013592854,0.1042183265,0.2093340456,0.0257409755,0.8221195936,0.6959006786,0.4795669019,0.4878694415,0.0285440609,0.0295486227,0.0625094846,0.0732683912,0.8822914958,0.8822903633,0.0152667537,0.0000000000,0.0000000000,0.0795240253,0.0949749649,0.0913516730,0.1148759127,0.1224133000,0.0000079375,0.0000000000,0.0000000000,0.0000000000,0.0796090215,0.1389262378,0.0111192744,0.1549792439,0.1390241683,0.0215956923
15:11:21:30.942,61,0.0763564408,0.2251944840,0.2550583780,0.0000000000,0.0000000000,0.1896631271,0.0000000000,0.0763583779,0.2270459384,0.0000000000,0.1305055618,0.0000000000,0.1892405450,0.0000000000,0.0366079994,0.0010205320,0.0000000000,0.0308822561,0.0081771482,0.0141920988,0.0818700120,0.0000000000,0.0227139350,0.3647629917,0.3929161727,0.0000000000,0.0000000000,0.7451083660,0.7532262802,0.1014625207,0.1043691859,0.2086941749,0.0256995354,0.8220713139,0.6961207986,0.4811269939,0.4890590906,0.0284572765,0.0294945836,0.0625229552,0.0732007697,0.8824401498,0.8824390769,0.0151606668,0.0000000000,0.0000000000,0.0799443126,0.0949350446,0.0911291987,0.1148756221,0.1223456040,0.0000064405,0.0000000000,0.0000000000,0.0000000000,0.0789541751,0.1391307116,0.0110444529,0.1543225497,0.1392287016,0.0215369798
15:11:21:31.943,61,0.0753395185,0.2253965139,0.2540952861,0.0000000000,0.0000000000,0.1894420236,0.0000000000,0.0753433928,0.2272393256,0.0000000000,0.1295659393,0.0000000000,0.1890095025,0.0000000000,0.0364994071,0.0011173951,0.0000000000,0.0307317581,0.0081151491,0.0142786521,0.0822684392,0.0000000000,0.0229586232,0.3641790748,0.3924939334,0.0000000000,0.0000000000,0.7429012656,0.7517754436,0.1015203819,0.1044610590,0.2079586834,0.0256357137,0.8219698071,0.6962721348,0.4832195640,0.4914260507,0.0283653699,0.0294258203,0.0625066385,0.0731499717,0.8822095394,0.8822084069,0.0150434524,0.0000000000,0.0000000000,0.0804714262,0.0949586779,0.0910279378,0.1147210225,0.1221836507,0.0000031135,0.0000000000,0.0000000000,0.0000000000,0.0783844367,0.1392429173,0.0109738819,0.1537372768,0.1393408626,0.0214734767
15:11:21:32.945,61,0.0741555318,0.2254835516,0.2519416511,0.0000000000,0.0000000000,0.1892973781,0.0000000000,0.0741602778,0.2273042202,0.0000000000,0.1274256259,0.0000000000,0.1888571084,0.0000000000,0.0363875553,0.0012180154,0.0000000000,0.0306004062,0.0080625648,0.0143687958,0.0825814083,0.0000000000,0.0231290143,0.3642127216,0.3926860690,0.0000000000,0.0000000000,0.7417939305,0.7508400083,0.1015514359,0.1044930443,0.2073802799,0.0255733356,0.8219020367,0.6964924932,0.4873394668,0.4964037240,0.0283011775,0.0293708667,0.0625410229,0.0731456056,0.8818122149,0.8818110824,0.0149048306,0.0000000000,0.0000000000,0.0809646696,0.0950760767,0.0910260305,0.1145156026,0.1219650060,0.0000019726,0.0000000000,0.0000000000,0.0000000000,0.0770892277,0.1392685175,0.0107949385,0.1524333209,0.1393664628,0.0212967768
15:11:21:33.946,61,0.0714497566,0.2254575789,0.2472309023,0.0000000000,0.0000000000,0.1888043433,0.0000000000,0.0714576915,0.2272288054,0.0000000000,0.1226551086,0.0000000000,0.1883636862,0.0000000000,0.0363291726,0.0012292824,0.0000000000,0.0304825511,0.0080082528,0.0144237364,0.0829323828,0.0000000000,0.0232982561,0.3645618558,0.3930666745,0.0000000000,0.0000000000,0.7410410643,0.7501502037,0.1017034054,0.1046867445,0.2070575953,0.0255168751,0.8219776154,0.6968886256,0.4888621569,0.4982279837,0.0282312427,0.0293022580,0.0625900328,0.0731606334,0.8813395500,0.8813384175,0.0148028471,0.0000000000,0.0000000000,0.0814523250,0.0952047035,0.0910319537,0.1142617315,0.1217092350,0.0000004851,0.0000000000,0.0000000000,0.0000000000,0.0742037743,0.1391916871,0.0103858626,0.1495839059,0.1392895877,0.0208901241
15:11:21:34.948,61,0.0697699413,0.2259282172,0.2401037663,0.0000000000,0.0000000000,0.1875522733,0.0000000000,0.0697774589,0.2276286185,0.0000000000,0.1154532731,0.0000000000,0.1871420741,0.0000000000,0.0363587514,0.0012287888,0.0000000000,0.0303694773,0.0079541272,0.0144799808,0.0833654180,0.0000000000,0.0233137067,0.3638001382,0.3908622861,0.0000000000,0.0000000000,0.7402364016,0.7487918139,0.1018742323,0.1048580334,0.2070462108,0.0254832618,0.8222894073,0.6983644962,0.4921377301,0.5025535226,0.0281470511,0.0292103458,0.0626837388,0.0732029602,0.8808718324,0.8808706999,0.0147321112,0.0000000000,0.0000000000,0.0820075050,0.0951347798,0.0908569247,0.1140033975,0.1214221194,0.0000004576,0.0000000000,0.0000000000,0.0000000000,0.0698445663,0.1393924952,0.0097910799,0.1452664882,0.1394903511,0.0203212742
15:11:21:35.949,61,0.0687024519,0.2275004834,0.2334573865,0.0000000000,0.0000000000,0.1836449355,0.0000000000,0.0687098131,0.2291435301,0.0000000000,0.1086921245,0.0000000000,0.1832994670,0.0000000000,0.0364082642,0.0011780908,0.0000000000,0.0302343965,0.0078986185,0.0145435194,0.0838784203,0.0000000000,0.0232446007,0.3632623553,0.3892444074,0.0000000000,0.0000000000,0.7375985980,0.7450804114,0.1019935459,0.1049961448,0.2070738822,0.0254216827,0.8227571249,0.7004192472,0.4935421646,0.5042563677,0.0280483272,0.0290981680,0.0628030524,0.0732586607,0.8804593682,0.8804582357,0.0146910166,0.0000000000,0.0000000000,0.0826068148,0.0949482694,0.0905867219,0.1139080897,0.1213021427,0.0000005301,0.0000000000,0.0000000000,0.0000000000,0.0657459199,0.1402809322,0.0092769219,0.1412267983,0.1403788477,0.0198876243
15:11:21:36.951,61,0.0679172873,0.2292261571,0.2290345877,0.0000000000,0.0000000000,0.1786657721,0.0000000000,0.0679243952,0.2308356166,0.0000000000,0.1041899398,0.0000000000,0.1783797890,0.0000000000,0.0364561789,0.0011470832,0.0000000000,0.0301093664,0.0078497920,0.0146171646,0.0844072327,0.0000000000,0.0231549274,0.3627128005,0.3881643414,0.0000000000,0.0000000000,0.7358156443,0.7427085638,0.1021243632,0.1051386595,0.2072151601,0.0253531542,0.8232573867,0.7021501064,0.4948064983,0.5057272911,0.0279500727,0.0289849397,0.0629496500,0.0733440444,0.8798238039,0.8798226714,0.0146843577,0.0000000000,0.0000000000,0.0836001039,0.0947792903,0.0903499499,0.1137682348,0.1211336553,0.0000006591,0.0000000000,0.0000000000,0.0000000000,0.0630134717,0.1412917525,0.0089568384,0.1385310292,0.1413897872,0.0196529087
15:11:21:37.956,61,0.0671861321,0.2297606617,0.2271106690,0.0000000000,0.0000000000,0.1737530679,0.0000000000,0.0671928525,0.2313534915,0.0000000000,0.1022595391,0.0000000000,0.1735121608,0.0000000000,0.0365288407,0.0011038338,0.0000000000,0.0300164334,0.0078150006,0.0146839963,0.0849443898,0.0000000000,0.0230315011,0.3621007502,0.3866896629,0.0000000000,0.0000000000,0.7314040065,0.7380200028,0.1022127494,0.1052546203,0.2073781341,0.0252919495,0.8237482905,0.7034751177,0.4966890812,0.5076197386,0.0278430544,0.0288649648,0.0630981252,0.0734339133,0.8790565729,0.8790553212,0.0146948053,0.0000000000,0.0000000000,0.0846210048,0.0945716724,0.0900778398,0.1136636436,0.1210177839,0.0000006836,0.0000000000,0.0000000000,0.0000000000,0.0618432201,0.1415983140,0.0088100489,0.1373611093,0.1416963637,0.0195308421
15:11:21:38.957,61,0.0664322674,0.2296656817,0.2234991640,0.0000000000,0.0000000000,0.1673916727,0.0000000000,0.0664385334,0.2312190533,0.0000000000,0.0986438617,0.0000000000,0.1671993732,0.0000000000,0.0365386046,0.0010592508,0.0000000000,0.0299363714,0.0077858116,0.0147003224,0.0853867680,0.0000000000,0.0228529777,0.3616626561,0.3857444525,0.0000000000,0.0000000000,0.7284802794,0.7345595360,0.1022683308,0.1053302214,0.2073469311,0.0252231620,0.8240934014,0.7042953968,0.4992730319,0.5107070804,0.0277364440,0.0287436321,0.0631773397,0.0734359249,0.8772235513,0.8772222400,0.0147263817,0.0000000000,0.0000000000,0.0854017660,0.0942427367,0.0897036642,0.1134951413,0.1208330840,0.0000007801,0.0000000000,0.0000000000,0.0000000000,0.0596573241,0.1414971054,0.0084928852,0.1351781785,0.1415951103,0.0192085281
15:11:21:39.956,61,0.0655068755,0.2286209762,0.2212973237,0.0000000000,0.0000000000,0.1620409042,0.0000000000,0.0655106306,0.2301431596,0.0000000000,0.0964693725,0.0000000000,0.1618824750,0.0000000000,0.0365036540,0.0010593503,0.0000000000,0.0298409928,0.0077648442,0.0147031499,0.0858009756,0.0000000000,0.0226431284,0.3609479666,0.3831810653,0.0000000000,0.0000000000,0.7185391188,0.7248600721,0.1021071076,0.1051992178,0.2070281357,0.0251492690,0.8244140744,0.7050330639,0.5049335957,0.5162466168,0.0276196543,0.0286197308,0.0632421002,0.0734170750,0.8759366870,0.8759351969,0.0147575513,0.0000000000,0.0000000000,0.0860763267,0.0937797800,0.0892237425,0.1135172695,0.1208347827,0.0000019399,0.0000000000,0.0000000000,0.0000000000,0.0583477318,0.1408277154,0.0082668504,0.1338587403,0.1409255713,0.0189310797
15:11:21:40.957,61,0.0648621693,0.2283382565,0.2187440395,0.0000000000,0.0000000000,0.1582996249,0.0000000000,0.0648650378,0.2298311591,0.0000000000,0.0939241871,0.0000000000,0.1581600308,0.0000000000,0.0364424884,0.0010877228,0.0000000000,0.0297534224,0.0077461018,0.0146771427,0.0860234797,0.0000000000,0.0224149767,0.3604733050,0.3820618391,0.0000000000,0.0000000000,0.7152835131,0.7216063142,0.1019064412,0.1050029546,0.2067374289,0.0250773951,0.8246268034,0.7055990696,0.5104663372,0.5223990679,0.0275185313,0.0285063125,0.0633369237,0.0734351203,0.8747398257,0.8747382760,0.0147830658,0.0000000000,0.0000000000,0.0866449326,0.0933373794,0.0887866467,0.1134538203,0.1207543314,0.0000030306,0.0000000000,0.0000000000,0.0000000000,0.0568098761,0.1406242400,0.0080374284,0.1323176920,0.1407220811,0.0186870918
15:11:21:41.959,61,0.0640187487,0.2278349400,0.2154068798,0.0000000000,0.0000000000,0.1563410610,0.0000000000,0.0640202910,0.2292889208,0.0000000000,0.0905795842,0.0000000000,0.1562096775,0.0000000000,0.0364282988,0.0010950506,0.0000000000,0.0296742581,0.0077237221,0.0146463420,0.0861688107,0.0000000000,0.0221867990,0.3598849475,0.3809351325,0.0000000000,0.0000000000,0.7137588859,0.7200375199,0.1017703190,0.1048583165,0.2067098469,0.0250254218,0.8248960972,0.7061991096,0.5137593746,0.5262492299,0.0274407566,0.0284086857,0.0634501576,0.0734786987,0.8738671541,0.8738656640,0.0147835109,0.0000000000,0.0000000000,0.0871079341,0.0929113999,0.0883584395,0.1132678613,0.1205413789,0.0000043830,0.0000000000,0.0000000000,0.0000000000,0.0547895096,0.1402765214,0.0077324691,0.1303049624,0.1403743029,0.0183584429
15:11:21:42.960,61,0.0633979738,0.2286225855,0.2127163410,0.0000000000,0.0000000000,0.1535700411,0.0000000000,0.0633990020,0.2300532907,0.0000000000,0.0878697708,0.0000000000,0.1534492075,0.0000000000,0.0364444479,0.0010772336,0.0000000000,0.0296096653,0.0077062324,0.0146329729,0.0863847062,0.0000000000,0.0219093170,0.3592452109,0.3793475926,0.0000000000,0.0000000000,0.7126649022,0.7188814878,0.1016066894,0.1046808138,0.2068658918,0.0249739774,0.8252684474,0.7069917321,0.5159803629,0.5287029147,0.0273433737,0.0282896385,0.0635994598,0.0735617429,0.8730095029,0.8730080724,0.0147888511,0.0000000000,0.0000000000,0.0876611397,0.0924087539,0.0878658742,0.1131354868,0.1203954369,0.0000049441,0.0000000000,0.0000000000,0.0000000000,0.0531469323,0.1407315880,0.0075255386,0.1286688149,0.1408294141,0.0181888100
15:11:21:43.965,61,0.0629432946,0.2293131351,0.2103323936,0.0000000000,0.0000000000,0.1510508060,0.0000000000,0.0629440099,0.2307231128,0.0000000000,0.0854656994,0.0000000000,0.1509406716,0.0000000000,0.0364522971,0.0010908097,0.0000000000,0.0295307320,0.0076877684,0.0146043086,0.0865672007,0.0000000000,0.0215895809,0.3577770293,0.3764387965,0.0000000000,0.0000000000,0.7112435102,0.7170999646,0.1014294922,0.1044785306,0.2069459707,0.0249057822,0.8256490827,0.7079011798,0.5185751915,0.5314648151,0.0272403192,0.0281648394,0.0637337640,0.0736321583,0.8722292185,0.8722277284,0.0147963269,0.0000000000,0.0000000000,0.0881165490,0.0918371156,0.0873247609,0.1130241379,0.1202846840,0.0000044795,0.0000000000,0.0000000000,0.0000000000,0.0516898856,0.1411304921,0.0073404396,0.1272193342,0.1412283182,0.0180366784
15:11:21:44.967,61,0.0627101362,0.2301959395,0.2069487423,0.0000000000,0.0000000000,0.1495736092,0.0000000000,0.0627106950,0.2315753251,0.0000000000,0.0821016282,0.0000000000,0.1494700462,0.0000000000,0.0365054943,0.0009982657,0.0000000000,0.0294805877,0.0076702614,0.0145687535,0.0867268145,0.0000000000,0.0212523155,0.3499249816,0.3648247421,0.0000000000,0.0000000000,0.7105396390,0.7162417173,0.1013623253,0.1044048369,0.2073608786,0.0248696320,0.8260813355,0.7092599869,0.5228374004,0.5362995863,0.0271328371,0.0280337390,0.0638723224,0.0736989975,0.8707591891,0.8707576990,0.0148153901,0.0000000000,0.0000000000,0.0884955749,0.0912423208,0.0867375582,0.1126496121,0.1198794693,0.0000042617,0.0000000000,0.0000000000,0.0000000000,0.0496516451,0.1416370422,0.0070768921,0.1251634061,0.1417348534,0.0178112928
15:11:21:45.968,61,0.0627780184,0.2310271561,0.2022911757,0.0000000000,0.0000000000,0.1489037424,0.0000000000,0.0627784729,0.2323614508,0.0000000000,0.0775047317,0.0000000000,0.1488029808,0.0000000000,0.0365708545,0.0008441739,0.0000000000,0.0294588022,0.0076626521,0.0145407030,0.0867776498,0.0000000000,0.0209095497,0.3454636931,0.3590736091,0.0000000000,0.0000000000,0.7098996639,0.7154824734,0.1012802199,0.1043190137,0.2078203112,0.0248706508,0.8263971806,0.7101014853,0.5284373760,0.5422908068,0.0270463340,0.0279221162,0.0640287697,0.0737750828,0.8694174290,0.8694155812,0.0148306601,0.0000000000,0.0000000000,0.0887340084,0.0907718614,0.0862576813,0.1121752337,0.1193662807,0.0000046182,0.0000000000,0.0000000000,0.0000000000,0.0468684584,0.1420986503,0.0067025805,0.1223379225,0.1421963722,0.0174687803
15:11:21:46.967,61,0.0631348416,0.2321491092,0.1975412667,0.0000000000,0.0000000000,0.1486619860,0.0000000000,0.0631351992,0.2334387004,0.0000000000,0.0728259832,0.0000000000,0.1485629082,0.0000000000,0.0366213061,0.0006686217,0.0000000000,0.0294439793,0.0076579247,0.0145207671,0.0867511630,0.0000000000,0.0205645114,0.3409620225,0.3532728255,0.0000000000,0.0000000000,0.7094444633,0.7149198055,0.1011526063,0.1041881144,0.2082971483,0.0249018855,0.8265684843,0.7106511593,0.5337601304,0.5478391647,0.0269863866,0.0278304759,0.0641820058,0.0738494098,0.8684605360,0.8684585690,0.0148421172,0.0000000000,0.0000000000,0.0888795629,0.0903373361,0.0858097151,0.1115923747,0.1187282577,0.0000049114,0.0000000000,0.0000000000,0.0000000000,0.0440350249,0.1427389234,0.0063264202,0.1194539219,0.1428366154,0.0171368830
15:11:21:47.969,61,0.0636720955,0.2330041826,0.1948894560,0.0000000000,0.0000000000,0.1484672278,0.0000000000,0.0636722445,0.2342699617,0.0000000000,0.0702166259,0.0000000000,0.1483696401,0.0000000000,0.0366393290,0.0004902153,0.0000000000,0.0294282995,0.0076577635,0.0144931851,0.0867148563,0.0000000000,0.0201597735,0.3367972076,0.3477878273,0.0000000000,0.0000000000,0.7087064385,0.7137121558,0.1010122299,0.1040449217,0.2085666060,0.0249153506,0.8266333342,0.7110616565,0.5373608470,0.5513358116,0.0269246865,0.0277392622,0.0642979741,0.0738597736,0.8667897582,0.8667871952,0.0148724318,0.0000000000,0.0000000000,0.0889367163,0.0898573995,0.0852976143,0.1109383032,0.1179325953,0.0000050755,0.0000000000,0.0000000000,0.0000000000,0.0424541645,0.1432373524,0.0061210385,0.1178416833,0.1433350444,0.0169665087
15:11:21:48.970,61,0.0655548871,0.2335234433,0.1919679940,0.0000000000,0.0000000000,0.1483946294,0.0000000000,0.0655521825,0.2347603440,0.0000000000,0.0673528686,0.0000000000,0.1482981890,0.0000000000,0.0366002694,0.0003202602,0.0000000000,0.0294225626,0.0076696691,0.0144442776,0.0864829868,0.0000000000,0.0197624825,0.3351626396,0.3456537426,0.0000000000,0.0000000000,0.7058076262,0.7099719048,0.1007950976,0.1038232669,0.2083825320,0.0249336008,0.8263596892,0.7109702229,0.5391335487,0.5531017780,0.0268877372,0.0276746955,0.0643398091,0.0737944394,0.8656954169,0.8656923771,0.0149145350,0.0000000000,0.0000000000,0.0888203382,0.0895005316,0.0849208534,0.1104623750,0.1173896268,0.0000054043,0.0000000000,0.0000000000,0.0000000000,0.0407209545,0.1435267478,0.0058833170,0.1160700321,0.1436243653,0.0167468339
15:11:21:49.971,61,0.0710353330,0.2350364029,0.1877808869,0.0000000000,0.0000000000,0.1480426192,0.0000000000,0.0710275471,0.2362360209,0.0000000000,0.0632335544,0.0000000000,0.1479475796,0.0000000000,0.0364873894,0.0001389907,0.0000000000,0.0294281635,0.0076983655,0.0143869771,0.0861827433,0.0000000000,0.0193978585,0.3347370625,0.3449049294,0.0000000000,0.0000000000,0.6987130046,0.7022179961,0.1005512401,0.1035919189,0.2067512125,0.0249162149,0.8258035779,0.7103250027,0.5399756432,0.5539389253,0.0268718470,0.0276384708,0.0642834008,0.0736253336,0.8641176224,0.8641139865,0.0149859367,0.0000000000,0.0000000000,0.0885453671,0.0891976729,0.0846076608,0.1101306379,0.1170407683,0.0000046891,0.0000000000,0.0000000000,0.0000000000,0.0382254757,0.1444146186,0.0055576060,0.1135234311,0.1445122510,0.0164837353
15:11:21:50.976,61,0.0740155727,0.2362261415,0.1850178540,0.0000000000,0.0000000000,0.1476381421,0.0000000000,0.0740072578,0.2374021113,0.0000000000,0.0604757108,0.0000000000,0.1475448310,0.0000000000,0.0364005305,0.0000000000,0.0000475246,0.0294369664,0.0077322219,0.0143529866,0.0859637931,0.0000000000,0.0190738458,0.3344643712,0.3444464505,0.0000000000,0.0000000000,0.6939182878,0.6974015832,0.1002905741,0.1033555418,0.2058562785,0.0249075368,0.8252108693,0.7097043991,0.5403595567,0.5543277264,0.0268559884,0.0276024714,0.0642175600,0.0734654441,0.8629379272,0.8629339337,0.0150807966,0.0000000000,0.0000000000,0.0883380622,0.0889076665,0.0843190327,0.1098605469,0.1167897657,0.0000044600,0.0000000000,0.0000000000,0.0000000000,0.0365545489,0.1451183259,0.0053410488,0.1118413508,0.1452159882,0.0163207613
15:11:21:51.975,61,0.0751657113,0.2359754741,0.1840295643,0.0000000000,0.0000000000,0.1473465115,0.0000000000,0.0751570538,0.2371392995,0.0000000000,0.0594886616,0.0000000000,0.1472545713,0.0000000000,0.0363488272,0.0000000000,0.0002113912,0.0294192359,0.0077452515,0.0142860385,0.0857830271,0.0000000000,0.0187135283,0.3340381086,0.3438943028,0.0000000000,0.0000000000,0.6919180155,0.6953464746,0.1000700146,0.1031453907,0.2052812278,0.0249063149,0.8248457909,0.7094672322,0.5409445763,0.5549309850,0.0268200543,0.0275449846,0.0641740337,0.0733206272,0.8620624542,0.8620583415,0.0151327075,0.0000000000,0.0000000000,0.0881442577,0.0884903371,0.0838857293,0.1094739363,0.1163764372,0.0000050494,0.0000000000,0.0000000000,0.0000000000,0.0359587781,0.1449545324,0.0052480246,0.1112464741,0.1450521350,0.0162157528
15:11:21:52.976,61,0.0755814761,0.2363260090,0.1822565496,0.0000000000,0.0000000000,0.1467413306,0.0000000000,0.0755729601,0.2374723852,0.0000000000,0.0577015728,0.0000000000,0.1466510892,0.0000000000,0.0363051482,0.0000000000,0.0003497812,0.0294018108,0.0077516604,0.0142104765,0.0856088996,0.0000000000,0.0183516536,0.3338429928,0.3436190486,0.0000000000,0.0000000000,0.6908472180,0.6942359209,0.0998857096,0.1029513553,0.2048974633,0.0248927977,0.8245177269,0.7093162537,0.5416042805,0.5557481050,0.0267764535,0.0274730511,0.0641355887,0.0731852353,0.8608025312,0.8607983589,0.0151705155,0.0000000000,0.0000000000,0.0880728066,0.0880278945,0.0834137201,0.1089855731,0.1158588827,0.0000052371,0.0000000000,0.0000000000,0.0000000000,0.0348775163,0.1451525539,0.0050973399,0.1101713330,0.1452501416,0.0160819273
15:11:21:53.978,61,0.0754280761,0.2364982516,0.1810297966,0.0000000000,0.0000000000,0.1460711211,0.0000000000,0.0754199401,0.2376320213,0.0000000000,0.0564891919,0.0000000000,0.1459826529,0.0000000000,0.0363123491,0.0000000000,0.0004549688,0.0293672644,0.0077431197,0.0141322566,0.0854259878,0.0000000000,0.0179922413,0.3333562911,0.3430994451,0.0000000000,0.0000000000,0.6905463338,0.6939079762,0.0997302532,0.1027636155,0.2049486935,0.0248821080,0.8244898319,0.7095960975,0.5439044833,0.5586012602,0.0267146807,0.0273824446,0.0641539097,0.0731183589,0.8599177599,0.8599135876,0.0151629802,0.0000000000,0.0000000000,0.0880754963,0.0874612108,0.0828511938,0.1084641218,0.1153055578,0.0000053362,0.0000000000,0.0000000000,0.0000000000,0.0341442116,0.1452464014,0.0049934839,0.1094281524,0.1453440189,0.0159843694
15:11:21:54.980,61,0.0753441229,0.2368227392,0.1785370559,0.0000000000,0.0000000000,0.1452701986,0.0000000000,0.0753363967,0.2379308343,0.0000000000,0.0540149137,0.0000000000,0.1451873332,0.0000000000,0.0363467112,0.0000000000,0.0005634433,0.0293518621,0.0077409423,0.0140613597,0.0852737203,0.0000000000,0.0176505316,0.3324599564,0.3419407308,0.0000000000,0.0000000000,0.6902217865,0.6935608387,0.0995925292,0.1025970504,0.2051153630,0.0248885937,0.8244724870,0.7098847628,0.5451974869,0.5601835847,0.0266385097,0.0272831060,0.0641740039,0.0730724558,0.8589406610,0.8589365482,0.0151809491,0.0000000000,0.0000000000,0.0881044045,0.0869210660,0.0823307857,0.1079884022,0.1148096621,0.0000061915,0.0000000000,0.0000000000,0.0000000000,0.0326478109,0.1454217583,0.0047805686,0.1079183593,0.1455193162,0.0157840103
15:11:21:55.984,61,0.0757697001,0.2376793474,0.1755368114,0.0000000000,0.0000000000,0.1442400962,0.0000000000,0.0757616684,0.2387586385,0.0000000000,0.0510814302,0.0000000000,0.1441645622,0.0000000000,0.0362519212,0.0000000000,0.0006192785,0.0293379780,0.0077592577,0.0139752999,0.0850621685,0.0000000000,0.0172952097,0.3324133158,0.3417825997,0.0000000000,0.0000000000,0.6846106052,0.6874140501,0.0993999690,0.1023744941,0.2038343549,0.0248544104,0.8240479231,0.7096271515,0.5459612608,0.5610373020,0.0265857931,0.0272125080,0.0640813634,0.0728899091,0.8567683101,0.8567638397,0.0152282817,0.0000000000,0.0000000000,0.0879667029,0.0865159705,0.0819650739,0.1077349931,0.1145602763,0.0000058164,0.0000000000,0.0000000000,0.0000000000,0.0308724679,0.1459193826,0.0045363870,0.1060968414,0.1460169554,0.0155724706
15:11:21:56.986,61,0.0790615305,0.2385374159,0.1716802716,0.0000000000,0.0000000000,0.1420514435,0.0000000000,0.0790412873,0.2395782024,0.0000000000,0.0473035462,0.0000000000,0.1419865638,0.0000000000,0.0360598601,0.0000000000,0.0006905471,0.0293233115,0.0077995001,0.0138779208,0.0847610384,0.0000000000,0.0169554371,0.3365664780,0.3442724645,0.0000000000,0.0000000000,0.6739317179,0.6759731770,0.0990872085,0.1020641625,0.1985950768,0.0247789174,0.8225823641,0.7078306675,0.5461763144,0.5612707734,0.0265652295,0.0271795727,0.0639270321,0.0726349801,0.8543053269,0.8543002605,0.0153094605,0.0000000000,0.0000000000,0.0876780227,0.0862160176,0.0817135200,0.1077869534,0.1146464720,0.0000058931,0.0000000000,0.0000000000,0.0000000000,0.0285871085,0.1464102566,0.0042150118,0.1037581041,0.1465077996,0.0152824260
15:11:21:57.987,61,0.0830883011,0.2396397293,0.1679511964,0.0000000000,0.0000000000,0.1389079094,0.0000000000,0.0830601901,0.2406444699,0.0000000000,0.0436310247,0.0000000000,0.1388552189,0.0000000000,0.0358212516,0.0000000000,0.0007387331,0.0293067563,0.0078477636,0.0137626352,0.0844713151,0.0000000000,0.0166343842,0.3393601477,0.3462047279,0.0000000000,0.0000000000,0.6666216850,0.6686062217,0.0987574533,0.1017531604,0.1939558685,0.0246835556,0.8203256130,0.7050300837,0.5460113287,0.5610989332,0.0265447181,0.0271540154,0.0636914298,0.0722925887,0.8509551287,0.8509497046,0.0154394582,0.0000000000,0.0000000000,0.0873198956,0.0858914107,0.0814417675,0.1079261974,0.1148274019,0.0000062317,0.0000000000,0.0000000000,0.0000000000,0.0263651535,0.1470528394,0.0039047890,0.1014944538,0.1471503526,0.0150167383
15:11:21:58.988,61,0.0848276615,0.2404703498,0.1647207886,0.0000000000,0.0000000000,0.1370328367,0.0000000000,0.0847968534,0.2414431721,0.0000000000,0.0404016785,0.0000000000,0.1369865090,0.0000000000,0.0356340334,0.0000000000,0.0007827218,0.0293128304,0.0078940401,0.0136620319,0.0840496197,0.0000000000,0.0164176058,0.3429858685,0.3502005339,0.0000000000,0.0000000000,0.6640270352,0.6659653187,0.0985241234,0.1015291661,0.1922438443,0.0246095136,0.8192439079,0.7038002014,0.5459979177,0.5611212850,0.0265477970,0.0271446574,0.0635483861,0.0720764548,0.8492674828,0.8492620587,0.0155320344,0.0000000000,0.0000000000,0.0870022178,0.0857125446,0.0813317001,0.1080362648,0.1149975136,0.0000059017,0.0000000000,0.0000000000,0.0000000000,0.0244119875,0.1475335360,0.0036275703,0.0995349288,0.1476310045,0.0147766294
15:11:21:59.990,61,0.0856936425,0.2406742573,0.1616690308,0.0000000000,0.0000000000,0.1358158439,0.0000000000,0.0856618360,0.2416141480,0.0000000000,0.0373284444,0.0000000000,0.1357727945,0.0000000000,0.0355814695,0.0000000000,0.0008521607,0.0293437839,0.0079335812,0.0135735180,0.0836295858,0.0000000000,0.0161491297,0.3440145850,0.3511884809,0.0000000000,0.0000000000,0.6630757451,0.6649624705,0.0982975140,0.1012839377,0.1916629672,0.0246027075,0.8185032606,0.7029989958,0.5463247299,0.5615355968,0.0265673567,0.0271409582,0.0634572208,0.0719140247,0.8482934833,0.8482880592,0.0155864870,0.0000000000,0.0000000000,0.0867702812,0.0854160041,0.0810830370,0.1080320179,0.1150191128,0.0000061485,0.0000000000,0.0000000000,0.0000000000,0.0225546956,0.1476315111,0.0033538907,0.0976891741,0.1477290392,0.0145133063
15:11:22:00.989,61,0.0865659043,0.2420358360,0.1575511247,0.0000000000,0.0000000000,0.1346714199,0.0000000000,0.0865341350,0.2429357022,0.0000000000,0.0332167856,0.0000000000,0.1346327364,0.0000000000,0.0355398282,0.0000000000,0.0009111630,0.0293750726,0.0079745064,0.0134785967,0.0831455216,0.0000000000,0.0158651043,0.3447567821,0.3518423438,0.0000000000,0.0000000000,0.6625158787,0.6643639803,0.0980639085,0.1010335833,0.1913841218,0.0245830566,0.8179035187,0.7024148107,0.5468218327,0.5621384382,0.0265891049,0.0271350294,0.0633933246,0.0717855021,0.8475265503,0.8475211859,0.0156274270,0.0000000000,0.0000000000,0.0864671171,0.0851221010,0.0808583349,0.1080857068,0.1151153669,0.0000059460,0.0000000000,0.0000000000,0.0000000000,0.0200679321,0.1484311223,0.0030005651,0.0951892883,0.1485286355,0.0142207714
15:11:22:01.991,61,0.0887260139,0.2433585227,0.1509591192,0.0000000000,0.0000000000,0.1337392479,0.0000000000,0.0886991173,0.2441900074,0.0000000000,0.0266659465,0.0000000000,0.1337049007,0.0000000000,0.0354856215,0.0000000000,0.0009653396,0.0294181779,0.0080266679,0.0133830421,0.0826608390,0.0000000000,0.0156879928,0.3463414013,0.3531646132,0.0000000000,0.0000000000,0.6618758440,0.6637323499,0.0978589132,0.1008464396,0.1911157519,0.0245518722,0.8172854185,0.7017537355,0.5468925238,0.5623155832,0.0266220551,0.0271476768,0.0633093715,0.0716639981,0.8468962312,0.8468909264,0.0156788174,0.0000000000,0.0000000000,0.0860505924,0.0849195197,0.0807658657,0.1083267331,0.1154464930,0.0000050411,0.0000000000,0.0000000000,0.0000000000,0.0161083955,0.1491867304,0.0024210380,0.0911957547,0.1492842436,0.0136962710
15:11:22:02.993,61,0.0934573486,0.2444723845,0.1456013471,0.0000000000,0.0000000000,0.1329883188,0.0000000000,0.0934372395,0.2452479899,0.0000000000,0.0212988686,0.0000000000,0.1329565793,0.0000000000,0.0353696384,0.0000000000,0.0009737503,0.0294625685,0.0080909859,0.0132919392,0.0822233036,0.0000000000,0.0157193616,0.3515867591,0.3615938723,0.0000000000,0.0000000000,0.6595463753,0.6622629762,0.0976543948,0.1006926000,0.1905227453,0.0244969986,0.8154338002,0.6981074810,0.5444443822,0.5607278943,0.0266695824,0.0271879509,0.0631487370,0.0715156645,0.8462687731,0.8462635875,0.0157508943,0.0000000000,0.0000000000,0.0855667219,0.0848233476,0.0808649808,0.1086625457,0.1159578860,0.0000043898,0.0000000000,0.0000000000,0.0000000000,0.0128649967,0.1498259753,0.0019420082,0.0879502520,0.1499235034,0.0132676009
15:11:22:03.994,61,0.0954231918,0.2437136471,0.1419653893,0.0000000000,0.0000000000,0.1327648461,0.0000000000,0.0954018012,0.2444457859,0.0000000000,0.0176187679,0.0000000000,0.1327352077,0.0000000000,0.0352633186,0.0000000000,0.0009914477,0.0295087937,0.0081645763,0.0132206809,0.0819521323,0.0000000000,0.0158214718,0.3535526097,0.3643845022,0.0000000000,0.0000000000,0.6532155871,0.6569116116,0.0974620432,0.1005673334,0.1887269616,0.0244519915,0.8125175834,0.6926639676,0.5371643305,0.5540854931,0.0267427731,0.0272609461,0.0629051924,0.0713068321,0.8458192348,0.8458141088,0.0158247165,0.0000000000,0.0000000000,0.0850189850,0.0848245546,0.0810825750,0.1090370938,0.1165409386,0.0000036988,0.0000000000,0.0000000000,0.0000000000,0.0106429216,0.1493319720,0.0016012172,0.0857600793,0.1494295001,0.0128947916
15:11:22:04.995,61,0.0962659195,0.2422494739,0.1396583468,0.0000000000,0.0000000000,0.1333034933,0.0000000000,0.0962445289,0.2429508269,0.0000000000,0.0152866822,0.0000000000,0.1332771331,0.0000000000,0.0352661535,0.0000000000,0.0010697056,0.0295909811,0.0082359621,0.0131581360,0.0817024708,0.0000000000,0.0159203783,0.3541310132,0.3653145730,0.0000000000,0.0000000000,0.6513268352,0.6553058624,0.0972996652,0.1004585177,0.1879975498,0.0244924258,0.8105673790,0.6891033053,0.5342829227,0.5516396761,0.0268572718,0.0273676552,0.0626538247,0.0710921735,0.8457824588,0.8457774520,0.0158435907,0.0000000000,0.0000000000,0.0844140351,0.0848426372,0.0812875703,0.1091884747,0.1168665290,0.0000028778,0.0000000000,0.0000000000,0.0000000000,0.0092354510,0.1484166086,0.0013808276,0.0843777880,0.1485140622,0.0126085980
15:11:22:05.997,61,0.0968893096,0.2409922034,0.1357193887,0.0000000000,0.0000000000,0.1337854862,0.0000000000,0.0968675092,0.2416457087,0.0000000000,0.0113683771,0.0000000000,0.1337612122,0.0000000000,0.0352418572,0.0000000000,0.0011461874,0.0296635814,0.0083111962,0.0130514046,0.0814535618,0.0000000000,0.0158575810,0.3543854058,0.3655630946,0.0000000000,0.0000000000,0.6459972858,0.6487352848,0.0969794318,0.1001729667,0.1861648858,0.0245279707,0.8075327277,0.6849157214,0.5309388638,0.5485054255,0.0269754454,0.0274799578,0.0623046346,0.0707424358,0.8458412886,0.8458364010,0.0158484578,0.0000000000,0.0000000000,0.0828423426,0.0847074687,0.0813353136,0.1094366834,0.1172715575,0.0000031542,0.0000000000,0.0000000000,0.0000000000,0.0068690232,0.1476165056,0.0010214028,0.0820074677,0.1477137804,0.0121882400
15:11:22:07.002,61,0.0973769501,0.2396849841,0.1323002428,0.0000000000,0.0000000000,0.1342966706,0.0000000000,0.0973541364,0.2402966022,0.0000000000,0.0079319691,0.0000000000,0.1342741847,0.0000000000,0.0352255553,0.0000000000,0.0012733424,0.0297210105,0.0083836941,0.0129247401,0.0812004581,0.0000000000,0.0156956147,0.3542708755,0.3644885421,0.0000000000,0.0000000000,0.6414706707,0.6432113647,0.0965575203,0.0997845158,0.1831161529,0.0245756302,0.8019700646,0.6771302819,0.5234964490,0.5410071611,0.0271190871,0.0276185926,0.0618531406,0.0702521577,0.8459981680,0.8459933400,0.0158676878,0.0000000000,0.0000000000,0.0808346868,0.0844426900,0.0812222809,0.1096249819,0.1175730750,0.0000036581,0.0000000000,0.0000000000,0.0000000000,0.0047932565,0.1467905641,0.0007086995,0.0799510404,0.1468878388,0.0118158851
15:11:22:08.003,61,0.0978259668,0.2382953763,0.1283367723,0.0000000000,0.0000000000,0.1350499988,0.0000000000,0.0978018716,0.2388593853,0.0000000000,0.0039779590,0.0000000000,0.1350312233,0.0000000000,0.0351760872,0.0000000000,0.0013548540,0.0297377389,0.0084503684,0.0127947619,0.0809181780,0.0000000000,0.0155170448,0.3542958200,0.3640448451,0.0000000000,0.0000000000,0.6347074509,0.6357814670,0.0960981026,0.0993461311,0.1790026724,0.0245847460,0.7984853387,0.6728643179,0.5189807415,0.5367184877,0.0272767227,0.0277691092,0.0613870993,0.0697543249,0.8463070393,0.8463023305,0.0158693064,0.0000000000,0.0000000000,0.0788189843,0.0842154995,0.0811875984,0.1099388450,0.1180297136,0.0000038758,0.0000000000,0.0000000000,0.0000000000,0.0024041755,0.1459113359,0.0003533070,0.0775656849,0.1460085064,0.0113944933
15:11:22:09.001,61,0.0981360227,0.2368126661,0.1232896522,0.0000000000,0.0000000000,0.1355452091,0.0000000000,0.0981107280,0.2373175174,0.0010347008,0.0000000000,0.0000000000,0.1355284303,0.0000000000,0.0351607539,0.0000000000,0.0014554098,0.0297709927,0.0085139591,0.0126578910,0.0806498230,0.0000000000,0.0152261127,0.3536704481,0.3607437611,0.0000000000,0.0000000000,0.6320191026,0.6323749423,0.0956434533,0.0988750309,0.1772313714,0.0246037617,0.7966735363,0.6707212925,0.5167846084,0.5346171856,0.0274179671,0.0279029589,0.0608919412,0.0692108423,0.8464643955,0.8464598060,0.0158579145,0.0000000000,0.0000000000,0.0773289502,0.0838125274,0.0809554979,0.1101082414,0.1183063462,0.0000073847,0.0000000000,0.0000000000,0.0000000000,-0.0006254327,0.1449690759,-0.0000913089,0.0745252445,0.1450661421,0.0108770654
15:11:22:10.006,61,0.0979929119,0.2363286763,0.1217612103,0.0000000000,0.0000000000,0.1360966116,0.0000000000,0.0979663208,0.2368157208,0.0025661206,0.0000000000,0.0000000000,0.1360813826,0.0000000000,0.0352582075,0.0000000000,0.0015250016,0.0298561677,0.0085643288,0.0125715015,0.0803755894,0.0000000000,0.0148431649,0.3458555639,0.3500929475,0.0000000000,0.0000000000,0.6353693008,0.6342794895,0.0953211635,0.0984550416,0.1768201441,0.0246975739,0.7958536744,0.6698650122,0.5169018507,0.5353664756,0.0275522582,0.0280050915,0.0605293699,0.0688014925,0.8465542197,0.8465497494,0.0157934874,0.0000000000,0.0000000000,0.0765250251,0.0833790675,0.0806467310,0.1099296063,0.1181647778,0.0000232592,0.0000000000,0.0000000000,0.0000000000,-0.0015511804,0.1446626782,-0.0002259764,0.0736045614,0.1447596848,0.0107199317
15:11:22:11.005,61,0.0976291969,0.2362017334,0.1211532727,0.0000000000,0.0000000000,0.1361936927,0.0000000000,0.0975999907,0.2366817147,0.0032243102,0.0000000000,0.0000000000,0.1361797154,0.0000000000,0.0354298986,0.0000000000,0.0015761699,0.0299150869,0.0085879900,0.0125174271,0.0802983195,0.0000000000,0.0143273603,0.3341553509,0.3362122476,0.0000000000,0.0000000000,0.6378738880,0.6359628439,0.0951791182,0.0981822759,0.1783377081,0.0247608218,0.7963390350,0.6740166545,0.5186626315,0.5372512937,0.0275889616,0.0280132145,0.0603052787,0.0685193539,0.8465120792,0.8465076089,0.0157705266,0.0000000000,0.0000000000,0.0761409029,0.0828178376,0.0801544338,0.1096210405,0.1178301871,0.0000379106,0.0000000000,0.0000000000,0.0000000000,-0.0019490692,0.1445809305,-0.0002837782,0.0732379034,0.1446780115,0.0106605263
15:11:22:12.007,61,0.0959571451,0.2348933518,0.1203991398,0.0000000000,0.0000000000,0.1362147033,0.0000000000,0.0959122106,0.2353618294,0.0040153293,0.0000000000,0.0000000000,0.1362016648,0.0000000000,0.0356478691,0.0000000000,0.0016470547,0.0299913064,0.0086029684,0.0124817826,0.0802299306,0.0000000000,0.0138626555,0.3284433782,0.3303642869,0.0000000000,0.0000000000,0.6461632848,0.6441428065,0.0950550288,0.0979280174,0.1820330769,0.0248751231,0.7967956662,0.6756492257,0.5228946805,0.5417937040,0.0276148617,0.0280086473,0.0601504967,0.0683083534,0.8463282585,0.8463237286,0.0157315265,0.0000000000,0.0000000000,0.0760839731,0.0822280720,0.0796072707,0.1090921089,0.1171609089,0.0000481403,0.0000000000,0.0000000000,0.0000000000,-0.0024275170,0.1437747926,-0.0003514404,0.0727904737,0.1438718140,0.0105356574
15:11:22:13.011,61,0.0939829871,0.2330888510,0.1196155921,0.0000000000,0.0000000000,0.1363191307,0.0000000000,0.0939278901,0.2335443646,0.0048241937,0.0000000000,0.0000000000,0.1363069564,0.0000000000,0.0358987339,0.0000000000,0.0017378270,0.0300938226,0.0086319922,0.0124793882,0.0801297575,0.0000000000,0.0134316171,0.3259275258,0.3276296258,0.0000000000,0.0000000000,0.6488691568,0.6467096210,0.0949303135,0.0976675004,0.1835606098,0.0250082798,0.7970051169,0.6762913465,0.5244426131,0.5434787273,0.0276839770,0.0280400086,0.0599990264,0.0681113601,0.8461931348,0.8461886048,0.0156748928,0.0000000000,0.0000000000,0.0761719570,0.0818022117,0.0792269558,0.1086099297,0.1166109666,0.0000563962,0.0000000000,0.0000000000,0.0000000000,-0.0029169933,0.1426647902,-0.0004189981,0.0723282695,0.1427616775,0.0103869960
15:11:22:14.012,61,0.0925476030,0.2315096259,0.1186977103,0.0000000000,0.0000000000,0.1365317553,0.0000000000,0.0924886018,0.2319514304,0.0057600290,0.0000000000,0.0000000000,0.1365203410,0.0000000000,0.0361498557,0.0000000000,0.0018763313,0.0302562937,0.0086780144,0.0124750705,0.0799394101,0.0000000000,0.0130435331,0.3249490261,0.3265063167,0.0000000000,0.0000000000,0.6514199376,0.6488052011,0.0948495716,0.0974641889,0.1845962107,0.0251918603,0.7968196273,0.6758183837,0.5253033638,0.5444692373,0.0278163422,0.0281257872,0.0597942099,0.0678515732,0.8458452225,0.8458406329,0.0156048257,0.0000000000,0.0000000000,0.0762801096,0.0815255046,0.0789545253,0.1080035865,0.1159404069,0.0000546521,0.0000000000,0.0000000000,0.0000000000,-0.0034833401,0.1416919231,-0.0004968899,0.0717831850,0.1417888105,0.0102376556
15:11:22:15.014,61,0.0917337835,0.2301830202,0.1177672744,0.0000000000,0.0000000000,0.1367183030,0.0000000000,0.0916729346,0.2306117117,0.0066836644,0.0000000000,0.0000000000,0.1367076635,0.0000000000,0.0364140682,0.0000000000,0.0020448037,0.0305357073,0.0087526357,0.0124588367,0.0796122998,0.0000000000,0.0125870174,0.3313086927,0.3312347531,0.0000000000,0.0000000000,0.6566288471,0.6523946524,0.0949800014,0.0974395201,0.1855343580,0.0254100617,0.7963507175,0.6728456020,0.5255677104,0.5449355245,0.0280117057,0.0282506235,0.0595885850,0.0675686449,0.8446575999,0.8446522355,0.0155308675,0.0000000000,0.0000000000,0.0763422847,0.0814833716,0.0788714662,0.1070459485,0.1148070171,0.0000560104,0.0000000000,0.0000000000,0.0000000000,-0.0040423735,0.1408738494,-0.0005732603,0.0712287202,0.1409706473,0.0100993188
15:11:22:16.013,61,0.0911023021,0.2290128320,0.1171400025,0.0000000000,0.0000000000,0.1367688328,0.0000000000,0.0910406709,0.2294320911,0.0073328041,0.0000000000,0.0000000000,0.1367589384,0.0000000000,0.0367030241,0.0000000000,0.0022457968,0.0308944304,0.0088318167,0.0124202212,0.0791818276,0.0000000000,0.0120360563,0.3382694721,0.3357933760,0.0000000000,0.0000000000,0.6719193459,0.6646785736,0.0953167453,0.0975954011,0.1908732802,0.0256541036,0.7960425615,0.6716787815,0.5257134438,0.5453680754,0.0282469913,0.0283884611,0.0594645180,0.0673497245,0.8437095881,0.8437038064,0.0154336654,0.0000000000,0.0000000000,0.0763065964,0.0814908668,0.0787636116,0.1060488597,0.1134848446,0.0000584386,0.0000000000,0.0000000000,0.0000000000,-0.0044354335,0.1401534677,-0.0006257419,0.0708565190,0.1402502507,0.0099946167
15:11:22:17.014,61,0.0907127634,0.2277835757,0.1163297221,0.0000000000,0.0000000000,0.1364207417,0.0000000000,0.0906507075,0.2281913608,0.0081780916,0.0000000000,0.0000000000,0.1364115924,0.0000000000,0.0369658098,0.0000000000,0.0024277172,0.0312907100,0.0089046014,0.0123551041,0.0787173808,0.0000000000,0.0115022734,0.3501923084,0.3470138609,0.0000000000,0.0000000000,0.6833185554,0.6757273674,0.0958457142,0.0979349911,0.1968019903,0.0258818343,0.7959476113,0.6710161567,0.5254575014,0.5454689264,0.0284677483,0.0285033491,0.0594092458,0.0672150478,0.8424265385,0.8424204588,0.0153542524,0.0000000000,0.0000000000,0.0762675777,0.0815356746,0.0786695108,0.1052366495,0.1123977602,0.0000592907,0.0000000000,0.0000000000,0.0000000000,-0.0049472544,0.1393958926,-0.0006941258,0.0703738257,0.1394926161,0.0098723248
15:11:22:18.019,61,0.0903802812,0.2257858664,0.1156020015,0.0000000000,0.0000000000,0.1359476298,0.0000000000,0.0903182551,0.2261813581,0.0089489166,0.0000000000,0.0000000000,0.1359391809,0.0000000000,0.0371996239,0.0000000000,0.0026242121,0.0317574814,0.0089883925,0.0122615546,0.0781103447,0.0000000000,0.0109806508,0.3646187186,0.3606658876,0.0000000000,0.0000000000,0.6953760386,0.6865785122,0.0965401307,0.0983906835,0.1999510229,0.0261268392,0.7955281734,0.6687282920,0.5228822231,0.5451062322,0.0287533049,0.0286631994,0.0592979938,0.0670160353,0.8397822976,0.8397765756,0.0152677894,0.0000000000,0.0000000000,0.0761419982,0.0816924572,0.0786490962,0.1038653776,0.1105190590,0.0000532441,0.0000000000,0.0000000000,0.0000000000,-0.0054144855,0.1381683797,-0.0007529042,0.0699455291,0.1382649839,0.0097248787
15:11:22:19.021,61,0.0905903652,0.2249914855,0.1152003631,0.0000000000,0.0000000000,0.1350447685,0.0000000000,0.0905281082,0.2253808528,0.0093834391,0.0000000000,0.0000000000,0.1350378990,0.0000000000,0.0372796357,0.0000000000,0.0027907109,0.0322333276,0.0090823583,0.0121329892,0.0771398321,0.0000000000,0.0104717622,0.4001525640,0.3962045610,0.0000000000,0.0000000000,0.7001867890,0.6908642054,0.0977337435,0.0989697352,0.2013794035,0.0262851249,0.7948364615,0.6648896933,0.5121952891,0.5385409594,0.0290530343,0.0288368613,0.0591420121,0.0667649359,0.8363238573,0.8363187313,0.0151928598,0.0000000000,0.0000000000,0.0758100897,0.0820504203,0.0788378567,0.1030538306,0.1095395386,0.0000498586,0.0000000000,0.0000000000,0.0000000000,-0.0056777769,0.1376795769,-0.0007866867,0.0697072148,0.1377762258,0.0096571045
15:11:22:20.019,61,0.0911099017,0.2243398875,0.1146377176,0.0000000000,0.0000000000,0.1341884285,0.0000000000,0.0910466537,0.2247219682,0.0099560972,0.0000000000,0.0000000000,0.1341829449,0.0000000000,0.0372706838,0.0000000000,0.0029167358,0.0327076800,0.0091787931,0.0119785266,0.0760600939,0.0000000000,0.0100012040,0.4111531079,0.4071838260,0.0000000000,0.0000000000,0.7030753493,0.6935894489,0.0986738279,0.0995803922,0.2020687163,0.0264177695,0.7931776047,0.6606127620,0.5080803037,0.5354192257,0.0293642059,0.0290226489,0.0589494519,0.0664708167,0.8325241208,0.8325193524,0.0151187535,0.0000000000,0.0000000000,0.0753747448,0.0824640319,0.0790886283,0.1023118496,0.1087024063,0.0000504600,0.0000000000,0.0000000000,0.0000000000,-0.0060246191,0.1372773349,-0.0008322732,0.0693705902,0.1373739541,0.0095821321
15:11:22:21.021,61,0.0927078575,0.2237430513,0.1143203527,0.0000000000,0.0000000000,0.1334331781,0.0000000000,0.0926376209,0.2241205126,0.0102707073,0.0000000000,0.0000000000,0.1334284246,0.0000000000,0.0371760353,0.0000000000,0.0030144842,0.0331563577,0.0092819883,0.0118263736,0.0752087831,0.0000000000,0.0095409304,0.4212825596,0.4174354076,0.0000000000,0.0000000000,0.7046080828,0.6950082183,0.0995093137,0.1001979262,0.2021206617,0.0265035052,0.7910176516,0.6564091444,0.5023695230,0.5295923352,0.0296867900,0.0292246416,0.0587386042,0.0661597401,0.8297089338,0.8297040462,0.0150686549,0.0000000000,0.0000000000,0.0748959780,0.0830699578,0.0795464292,0.1017864347,0.1081483513,0.0000540308,0.0000000000,0.0000000000,0.0000000000,-0.0062153097,0.1369100809,-0.0008562899,0.0691820383,0.1370066553,0.0095302584
15:11:22:22.022,61,0.0941141844,0.2233766317,0.1140105054,0.0000000000,0.0000000000,0.1326606274,0.0000000000,0.0940362141,0.2237500548,0.0105929151,0.0000000000,0.0000000000,0.1326567978,0.0000000000,0.0370401219,0.0000000000,0.0030759976,0.0335373022,0.0093739200,0.0116593875,0.0743629336,0.0000000000,0.0091115721,0.4260842204,0.4223390520,0.0000000000,0.0000000000,0.7053220272,0.6956714392,0.1001576185,0.1006884947,0.2017589808,0.0265498962,0.7887915373,0.6529985666,0.4980132878,0.5248419642,0.0300004911,0.0294247195,0.0585151501,0.0658392385,0.8283109069,0.8283060193,0.0150300171,0.0000000000,0.0000000000,0.0743278414,0.0836033970,0.0799557120,0.1014209986,0.1077855751,0.0000649000,0.0000000000,0.0000000000,0.0000000000,-0.0064104940,0.1366839558,-0.0008817031,0.0689966604,0.1367805153,0.0094888778
15:11:22:23.024,61,0.0953301042,0.2228123844,0.1135205626,0.0000000000,0.0000000000,0.1322516054,0.0000000000,0.0952494815,0.2231795788,0.0110552991,0.0000000000,0.0000000000,0.1322482675,0.0000000000,0.0368735828,0.0000000000,0.0031381787,0.0338774435,0.0094590085,0.0114803901,0.0735683367,0.0000000000,0.0087939054,0.4279667735,0.4243294597,0.0000000000,0.0000000000,0.7055221200,0.6958900690,0.1005536988,0.1009787545,0.1995817125,0.0266244225,0.7839794159,0.6465506554,0.4954126179,0.5220894814,0.0303101912,0.0296369232,0.0581624694,0.0654027537,0.8273919225,0.8273870349,0.0149782198,0.0000000000,0.0000000000,0.0734270439,0.0839180425,0.0801688507,0.1009594202,0.1073393673,0.0000917679,0.0000000000,0.0000000000,0.0000000000,-0.0066906335,0.1363357306,-0.0009178593,0.0687034130,0.1364322305,0.0094242562
15:11:22:24.029,61,0.0986172184,0.2224751711,0.1130881757,0.0000000000,0.0000000000,0.1319555342,0.0000000000,0.0985429659,0.2228372693,0.0114627434,0.0000000000,0.0000000000,0.1319525689,0.0000000000,0.0366113521,0.0000000000,0.0031982388,0.0341299661,0.0095498320,0.0113170762,0.0729064122,0.0000000000,0.0086161736,0.4290810823,0.4255906045,0.0000000000,0.0000000000,0.6999695301,0.6912570596,0.1007283330,0.1011079475,0.1894255728,0.0266420841,0.7783204913,0.6383961439,0.4858274758,0.5115482807,0.0306160375,0.0298725739,0.0577075556,0.0648778379,0.8269678950,0.8269630671,0.0149520906,0.0000000000,0.0000000000,0.0724537373,0.0842633098,0.0805028379,0.1008050889,0.1072625965,0.0000956741,0.0000000000,0.0000000000,0.0000000000,-0.0069374172,0.1361268610,-0.0009502377,0.0684436783,0.1362233013,0.0093741287
15:11:22:25.027,61,0.1046430022,0.2222874463,0.1124862432,0.0000000000,0.0000000000,0.1315861791,0.0000000000,0.1045666784,0.2226430476,0.0120120319,0.0000000000,0.0000000000,0.1315834820,0.0000000000,0.0362222791,0.0000000000,0.0032136121,0.0343205221,0.0096369386,0.0111281425,0.0722607970,0.0000000000,0.0085471263,0.4301265776,0.4281325042,0.0000000000,0.0000000000,0.6928666830,0.6853393316,0.1006713286,0.1010445058,0.1798435748,0.0266207810,0.7720524073,0.6312139630,0.4817359149,0.5070524812,0.0308891851,0.0300968327,0.0571256280,0.0642403662,0.8263741136,0.8263693452,0.0149106272,0.0000000000,0.0000000000,0.0710139498,0.0844222307,0.0807174966,0.1006964669,0.1072611734,0.0000869637,0.0000000000,0.0000000000,0.0000000000,-0.0072699725,0.1360085160,-0.0009949115,0.0680804476,0.1361049414,0.0093162600
15:11:22:26.029,61,0.1098375916,0.2220865786,0.1121101454,0.0000000000,0.0000000000,0.1312225461,0.0000000000,0.1097490117,0.2224380523,0.0123152649,0.0000000000,0.0000000000,0.1312200278,0.0000000000,0.0356613845,0.0000000000,0.0031447881,0.0343549773,0.0097007072,0.0109124081,0.0717507452,0.0000000000,0.0085283956,0.4308874309,0.4297899604,0.0000000000,0.0000000000,0.6674085259,0.6615471840,0.1002635062,0.1006600708,0.1633618623,0.0264921803,0.7668994069,0.6267343760,0.4789831042,0.5033256412,0.0310710501,0.0302659161,0.0562859252,0.0631852597,0.8258947134,0.8258900046,0.0148857087,0.0000000000,0.0000000000,0.0689870492,0.0842885077,0.0807222128,0.1007842273,0.1075031906,0.0000786583,0.0000000000,0.0000000000,0.0000000000,-0.0074536237,0.1358834952,-0.0010190947,0.0678539649,0.1359798461,0.0092766769
15:11:22:27.030,61,0.1126814261,0.2216820717,0.1117702052,0.0000000000,0.0000000000,0.1309590787,0.0000000000,0.1125816107,0.2220295072,0.0125364289,0.0000000000,0.0000000000,0.1309565753,0.0000000000,0.0350178741,0.0000000000,0.0030580189,0.0342331454,0.0097533660,0.0106947720,0.0713827237,0.0000000000,0.0085789226,0.4313248992,0.4307895899,0.0000000000,0.0000000000,0.6413948536,0.6360656619,0.0980291292,0.0989157930,0.1508580148,0.0263174567,0.7589451671,0.6188532114,0.4699096084,0.4911663532,0.0311916322,0.0304187331,0.0552136339,0.0618955083,0.8256501555,0.8256455660,0.0148797724,0.0000000000,0.0000000000,0.0670220926,0.0839211121,0.0805630013,0.1011922956,0.1082298607,0.0000483013,0.0000000000,0.0000000000,0.0000000000,-0.0075877393,0.1356340498,-0.0010355033,0.0676504970,0.1357302815,0.0092317192
15:11:22:28.035,61,0.1153368354,0.2220980674,0.1118690595,0.0000000000,0.0000000000,0.1306339949,0.0000000000,0.1152124107,0.2224476784,0.0123100886,0.0000000000,0.0000000000,0.1306311935,0.0000000000,0.0343095139,0.0000000000,0.0029184907,0.0338646807,0.0098071331,0.0104901046,0.0715029091,0.0000000000,0.0087672090,0.4314443171,0.4315533936,0.0000000000,0.0000000000,0.5637943149,0.5615792871,0.0893404633,0.0917099342,0.1269954741,0.0261034276,0.7219076753,0.5703521371,0.4186531603,0.4363254011,0.0313122310,0.0306307431,0.0535171367,0.0601568669,0.8255378008,0.8255333304,0.0149120335,0.0000000000,0.0000000000,0.0642611906,0.0831048712,0.0802465901,0.1078699082,0.1193722636,0.0000319183,0.0000000000,0.0000000000,0.0000000000,-0.0074504842,0.1358893514,-0.0010187100,0.0677079856,0.1359855086,0.0092571406
15:11:22:29.036,61,0.1165203527,0.2219860107,0.1125067696,0.0000000000,0.0000000000,0.1306788921,0.0000000000,0.1163864210,0.2223420292,0.0115930084,0.0000000000,0.0000000000,0.1306753904,0.0000000000,0.0334442966,0.0000000000,0.0027351121,0.0331596248,0.0098493621,0.0103322305,0.0717145130,0.0000000000,0.0090263532,0.4293524623,0.4315218925,0.0000000000,0.0000000000,0.4922698736,0.4917772710,0.0777192190,0.0804935545,0.1111915708,0.0257965773,0.6964363456,0.5467257500,0.3929532170,0.4096021354,0.0314649753,0.0308897123,0.0523294806,0.0590952113,0.8259139657,0.8259096146,0.0149779031,0.0000000000,0.0000000000,0.0588439330,0.0823067725,0.0799887478,0.1219023466,0.1374055594,0.0000241760,0.0000000000,0.0000000000,0.0000000000,-0.0070165456,0.1358243972,-0.0009589140,0.0680945814,0.1359204799,0.0093054054
15:11:22:30.038,61,0.1169427112,0.2215731740,0.1136077121,0.0000000000,0.0000000000,0.1311315298,0.0000000000,0.1168017685,0.2219395936,0.0104515990,0.0000000000,0.0000000000,0.1311267912,0.0000000000,0.0327306613,0.0000000000,0.0024460759,0.0320292860,0.0098964600,0.0102595408,0.0720273405,0.0000000000,0.0091542378,0.3798410296,0.3859003782,0.0000000000,0.0000000000,0.4420951903,0.4395600259,0.0716247857,0.0741636902,0.1021129191,0.0254703090,0.6649162173,0.5095437169,0.3662420511,0.3825613856,0.0316711888,0.0311833825,0.0513347872,0.0580548383,0.8270967007,0.8270926476,0.0150577789,0.0000000000,0.0000000000,0.0555088706,0.0814542845,0.0797168463,0.1346494108,0.1518353224,0.0000128608,0.0000000000,0.0000000000,0.0000000000,-0.0063259327,0.1355779320,-0.0008629448,0.0687632859,0.1356739700,0.0093793832
15:11:22:31.039,61,0.1171386763,0.2205771357,0.1154787540,0.0000000000,0.0000000000,0.1320771426,0.0000000000,0.1169911176,0.2209602594,0.0085928226,0.0000000000,0.0000000000,0.1320686936,0.0000000000,0.0320760198,0.0000000000,0.0020161103,0.0306202676,0.0099518429,0.0102871349,0.0725052208,0.0000000000,0.0091327382,0.3178128302,0.3258407116,0.0000000000,0.0000000000,0.3650762439,0.3622668386,0.0680271387,0.0700171590,0.0954281241,0.0251919106,0.6057298183,0.4490021169,0.3219228983,0.3375562131,0.0319688320,0.0315319374,0.0497132204,0.0559526011,0.8278572559,0.8278532624,0.0151525438,0.0000000000,0.0000000000,0.0538023263,0.0795067698,0.0792604536,0.1455465108,0.1636723280,0.0000031543,0.0000000000,0.0000000000,0.0000000000,-0.0052013122,0.1349787861,-0.0007063586,0.0699015111,0.1350747943,0.0094917584
15:11:22:32.038,61,0.1172689721,0.2185671777,0.1176164821,0.0000000000,0.0000000000,0.1330252439,0.0000000000,0.1171094552,0.2189670354,0.0065121343,0.0000000000,0.0000000000,0.1330131888,0.0000000000,0.0314590186,0.0000000000,0.0015724369,0.0291457176,0.0100341430,0.0104348119,0.0747822225,0.0000000000,0.0086535923,0.2778564990,0.2753144801,0.0000000000,0.0000000000,0.2854718566,0.2796199024,0.0656528473,0.0668720752,0.0897404924,0.0249133259,0.5775300264,0.4204052687,0.2843636870,0.2984608114,0.0324607417,0.0320214592,0.0485783741,0.0539426729,0.8282675147,0.8282634020,0.0152670722,0.0000000000,0.0000000000,0.0527992994,0.0776582286,0.0786389709,0.1605791003,0.1769340485,0.0000015714,0.0000000000,0.0000000000,0.0000000000,-0.0039425027,0.1337604076,-0.0005305171,0.0712072849,0.1338563263,0.0095804911
15:11:22:33.040,61,0.1172999591,0.2164136767,0.1190840676,0.0000000000,0.0000000000,0.1338902414,0.0000000000,0.1171248704,0.2168228179,0.0051174462,0.0000000000,0.0000000000,0.1338745654,0.0000000000,0.0308899414,0.0000000000,0.0011552495,0.0278861932,0.0101416484,0.0106882835,0.0769712031,0.0000000000,0.0079119503,0.2263264805,0.2258789837,0.0000000000,0.0000000000,0.2433713824,0.2367558479,0.0640930012,0.0646706372,0.0855766833,0.0246244706,0.5506478548,0.3972475827,0.2675950825,0.2813932002,0.0331412852,0.0326348469,0.0477170832,0.0525430888,0.8283142447,0.8283098936,0.0154117383,0.0000000000,0.0000000000,0.0520879179,0.0761562884,0.0778340697,0.1688694954,0.1839742959,0.0000012308,0.0000000000,0.0000000000,0.0000000000,-0.0030986900,0.1324501783,-0.0004128383,0.0721084774,0.1325460523,0.0096054384
15:11:22:34.042,61,0.1169758663,0.2124234289,0.1207598671,0.0000000000,0.0000000000,0.1346024573,0.0000000000,0.1167842522,0.2128388733,0.0035579840,0.0000000000,0.0000000000,0.1345849782,0.0000000000,0.0303742383,0.0000000000,0.0007582856,0.0269406568,0.0102842916,0.0110148443,0.0789386183,0.0000000000,0.0070308880,0.1987885088,0.1959955394,0.0000000000,0.0000000000,0.2044532895,0.1986723393,0.0629661754,0.0632008985,0.0827578753,0.0243341383,0.5290746093,0.3775711656,0.2510057986,0.2649278343,0.0343985222,0.0334328562,0.0469807275,0.0514833592,0.8281264901,0.8281217813,0.0155717032,0.0000000000,0.0000000000,0.0515179075,0.0742969438,0.0761418492,0.1735085696,0.1877894253,0.0000009533,0.0000000000,0.0000000000,0.0000000000,-0.0021551042,0.1300161779,-0.0002817878,0.0731467009,0.1301119924,0.0095625110
15:11:22:35.046,61,0.1150779650,0.2076814771,0.1207967773,0.0000000000,0.0000000000,0.1351016015,0.0000000000,0.1148020625,0.2080849856,0.0036560658,0.0000000000,0.0000000000,0.1350833327,0.0000000000,0.0299085323,0.0000000000,0.0003803903,0.0261238459,0.0104723414,0.0114121325,0.0811196864,0.0000000000,0.0061096507,0.1719385237,0.1703202873,0.0000000000,0.0000000000,0.1683641374,0.1640549004,0.0620502643,0.0621031597,0.0806493387,0.0240109377,0.5144797564,0.3649956584,0.2342354357,0.2477006614,0.0357746258,0.0343702585,0.0463425033,0.0506074987,0.8275231123,0.8275170922,0.0157263894,0.0000000000,0.0000000000,0.0509524606,0.0723235607,0.0742315575,0.1762743294,0.1900236458,0.0000003487,0.0000000000,0.0000000000,0.0000000000,-0.0022153454,0.1271122247,-0.0002831237,0.0731964558,0.1272078604,0.0093530864
15:11:22:36.045,61,0.1100604460,0.2026061118,0.1200406402,0.0000000000,0.0000000000,0.1353682727,0.0000000000,0.1097074822,0.2029908597,0.0044884277,0.0000000000,0.0000000000,0.1353494227,0.0000000000,0.0294828843,0.0000000000,0.0000550343,0.0253957473,0.0106934775,0.0118338345,0.0824539289,0.0000000000,0.0052011618,0.1598294675,0.1579815596,0.0000000000,0.0000000000,0.1502030343,0.1461934000,0.0612529777,0.0611976422,0.0790561214,0.0236712433,0.5018168092,0.3525673151,0.2209072411,0.2341406047,0.0377249420,0.0358561464,0.0458004326,0.0498675033,0.8269156218,0.8269088864,0.0158469472,0.0000000000,0.0000000000,0.0503259860,0.0703562349,0.0722815916,0.1793769598,0.1923911273,0.0000001207,0.0000000000,0.0000000000,0.0000000000,-0.0027207721,0.1240005270,-0.0003391166,0.0727667585,0.1240951344,0.0090683857
15:11:22:37.046,61,0.1051653624,0.1978551894,0.1190254986,0.0000000000,0.0000000000,0.1356026828,0.0000000000,0.1048029438,0.1982184947,0.0055762446,0.0000000000,0.0000000000,0.1355835050,0.0000000000,0.0290974285,0.0002269241,0.0000000000,0.0247637052,0.0109478291,0.0123124970,0.0843404233,0.0000000000,0.0043644281,0.1516794413,0.1497291923,0.0000000000,0.0000000000,0.1388586611,0.1352678090,0.0605660267,0.0604510233,0.0778215006,0.0233276319,0.4939460456,0.3451910317,0.2133491784,0.2262451500,0.0392886326,0.0371594355,0.0453040823,0.0491981357,0.8260346055,0.8260261416,0.0159630552,0.0000000000,0.0000000000,0.0497289710,0.0690479204,0.0709081069,0.1811898798,0.1937562078,0.0000000724,0.0000000000,0.0000000000,0.0000000000,-0.0033813936,0.1210855022,-0.0004114497,0.0721772015,0.1211799160,0.0087816380
15:11:22:38.047,61,0.1028804779,0.1948788613,0.1187029704,0.0000000000,0.0000000000,0.1356657147,0.0000000000,0.1025163457,0.1952317804,0.0059658117,0.0000000000,0.0000000000,0.1356464624,0.0000000000,0.0287009049,0.0004776616,0.0000000000,0.0241860431,0.0112146800,0.0127862534,0.0856174082,0.0000000000,0.0035340628,0.1471507400,0.1449076235,0.0000000000,0.0000000000,0.1312959790,0.1280568987,0.0599354431,0.0597893707,0.0767631382,0.0229752306,0.4873613715,0.3391645551,0.2063647807,0.2189419717,0.0406750068,0.0383609049,0.0448749810,0.0486091264,0.8238187432,0.8238082528,0.0160601921,0.0000000000,0.0000000000,0.0490656085,0.0678345263,0.0696144402,0.1824293584,0.1947679073,0.0000000632,0.0000000000,0.0000000000,0.0000000000,-0.0036184213,0.1192610934,-0.0004335936,0.0719974265,0.1193554029,0.0086266510
15:11:22:39.049,61,0.1003563255,0.1920850724,0.1184232235,0.0000000000,0.0000000000,0.1353964657,0.0000000000,0.1000020429,0.1924284697,0.0063286368,0.0000000000,0.0000000000,0.1353771836,0.0000000000,0.0283341240,0.0006750450,0.0000000000,0.0236592107,0.0114741791,0.0132288756,0.0866072401,0.0000000000,0.0027263344,0.1432918608,0.1405694485,0.0000000000,0.0000000000,0.1268342733,0.1237080842,0.0593270771,0.0591640063,0.0759471059,0.0226358380,0.4839879274,0.3360958695,0.2028786093,0.2152863145,0.0416765362,0.0392765291,0.0444928445,0.0480735190,0.8215622902,0.8215499520,0.0161469560,0.0000000000,0.0000000000,0.0484393388,0.0665614530,0.0681593344,0.1832997203,0.1954736114,0.0000000509,0.0000000000,0.0000000000,0.0000000000,-0.0038392665,0.1175487489,-0.0004533900,0.0718423426,0.1176429689,0.0084834481
15:11:22:40.051,61,0.0979713798,0.1897650510,0.1178796664,0.0000000000,0.0000000000,0.1349231601,0.0000000000,0.0976176560,0.1900979131,0.0068966122,0.0000000000,0.0000000000,0.1349039376,0.0000000000,0.0280209798,0.0008197498,0.0000000000,0.0231974721,0.0117404750,0.0136787044,0.0879050866,0.0000000000,0.0019741168,0.1400662810,0.1364486516,0.0000000000,0.0000000000,0.1239125505,0.1208366975,0.0587706715,0.0586126074,0.0753336847,0.0223212242,0.4822048843,0.3344438374,0.2009863704,0.2132928520,0.0424993895,0.0400600210,0.0441812351,0.0476087816,0.8187663555,0.8187513351,0.0162353069,0.0000000000,0.0000000000,0.0478843115,0.0656315461,0.0670590475,0.1840056479,0.1960269511,0.0000000521,0.0000000000,0.0000000000,0.0000000000,-0.0041845273,0.1161252335,-0.0004881239,0.0715244934,0.1162193641,0.0083428482
15:11:22:41.052,61,0.0947488695,0.1864802986,0.1168095842,0.0000000000,0.0000000000,0.1345819682,0.0000000000,0.0943982974,0.1867960095,0.0079292962,0.0000000000,0.0000000000,0.1345629394,0.0000000000,0.0277433433,0.0009637264,0.0000000000,0.0227865241,0.0120008849,0.0140716638,0.0886748955,0.0000000000,0.0012326823,0.1357910484,0.1319234520,0.0000000000,0.0000000000,0.1220748052,0.1189674065,0.0582628064,0.0580972880,0.0748090446,0.0220434666,0.4795106351,0.3326995075,0.1993885338,0.2115643919,0.0432039499,0.0407427810,0.0438428670,0.0471273586,0.8149985671,0.8149824142,0.0163054094,0.0000000000,0.0000000000,0.0473033004,0.0647970140,0.0661603212,0.1843579262,0.1962361187,0.0000000527,0.0000000000,0.0000000000,0.0000000000,-0.0048122327,0.1141085401,-0.0005515104,0.0708916709,0.1142024472,0.0081243953
15:11:22:42.054,61,0.0931996703,0.1848435700,0.1156673133,0.0000000000,0.0000000000,0.1342265904,0.0000000000,0.0928492397,0.1851456016,0.0090464978,0.0000000000,0.0000000000,0.1342078000,0.0000000000,0.0274713058,0.0010741317,0.0000000000,0.0224157609,0.0122619877,0.0144489128,0.0893564448,0.0000000000,0.0005224124,0.1321054399,0.1275626421,0.0000000000,0.0000000000,0.1197746098,0.1166456491,0.0577867180,0.0576274209,0.0743007213,0.0217796154,0.4751443565,0.3297111392,0.1973002404,0.2091147602,0.0438489281,0.0413799435,0.0435130633,0.0466525778,0.8113884926,0.8113716841,0.0163739156,0.0000000000,0.0000000000,0.0467274189,0.0640343800,0.0653561875,0.1845479608,0.1962480694,0.0000000460,0.0000000000,0.0000000000,0.0000000000,-0.0054908847,0.1131007448,-0.0006236816,0.0702064484,0.1131945699,0.0079743816
15:11:22:43.059,61,0.0922101960,0.1849679649,0.1155413985,0.0000000000,0.0000000000,0.1337871552,0.0000000000,0.0918591917,0.1852691919,0.0091850385,0.0000000000,0.0000000000,0.1337687820,0.0000000000,0.0271969233,0.0011912957,0.0000000000,0.0220798217,0.0125159146,0.0147712501,0.0898925513,0.0002222764,0.0000000000,0.1301409006,0.1252658665,0.0000000000,0.0000000000,0.1179633960,0.1148276478,0.0573175699,0.0571529269,0.0738384873,0.0215369798,0.4702926576,0.3260835111,0.1946532726,0.2063309252,0.0444678999,0.0419867598,0.0432202183,0.0462189950,0.8083564639,0.8083392978,0.0164308231,0.0000000000,0.0000000000,0.0461298078,0.0633038282,0.0645975992,0.1846311837,0.1961537749,0.0000000448,0.0000000000,0.0000000000,0.0000000000,-0.0055749267,0.1131762937,-0.0006336540,0.0701294243,0.1132701263,0.0079710092
15:11:22:44.060,61,0.0914745480,0.1843136698,0.1153883561,0.0000000000,0.0000000000,0.1333032101,0.0000000000,0.0911232308,0.1846120358,0.0093466835,0.0000000000,0.0000000000,0.1332851499,0.0000000000,0.0269233398,0.0012457323,0.0000000000,0.0217871387,0.0127766337,0.0150815379,0.0903777927,0.0009689513,0.0000000000,0.1283372194,0.1227710471,0.0000000000,0.0000000000,0.1154609919,0.1122904271,0.0568481497,0.0566812307,0.0733834207,0.0213205218,0.4612041414,0.3187654912,0.1908507645,0.2022716701,0.0450957157,0.0425916538,0.0429256037,0.0457833819,0.8052913547,0.8052732944,0.0164981298,0.0000000000,0.0000000000,0.0455461070,0.0626152754,0.0638835430,0.1845130622,0.1958518475,0.0000000365,0.0000000000,0.0000000000,0.0000000000,-0.0056732954,0.1127749085,-0.0006425281,0.0700397193,0.1128687263,0.0079323798
15:11:22:45.059,61,0.0908978805,0.1837478727,0.1148104444,0.0000000000,0.0000000000,0.1326848119,0.0000000000,0.0905472338,0.1840399802,0.0099296067,0.0000000000,0.0000000000,0.1326671988,0.0000000000,0.0266393404,0.0012768309,0.0000000000,0.0215282924,0.0130537264,0.0153947864,0.0907713696,0.0016765385,0.0000000000,0.1260279566,0.1201463565,0.0000000000,0.0000000000,0.1109761074,0.1078774408,0.0564176217,0.0562487133,0.0729015693,0.0211123209,0.4461822212,0.3062347472,0.1835381389,0.1944696158,0.0457600728,0.0432281643,0.0426330604,0.0453567021,0.8017198443,0.8017014265,0.0165840220,0.0000000000,0.0000000000,0.0449298322,0.0619654804,0.0632218644,0.1843398809,0.1954869926,0.0000000281,0.0000000000,0.0000000000,0.0000000000,-0.0060273595,0.1124256924,-0.0006804953,0.0696916506,0.1125195026,0.0078683961
15:11:22:46.063,61,0.0904823095,0.1833567619,0.1139238253,0.0000000000,0.0000000000,0.1314716637,0.0000000000,0.0901308283,0.1836404204,0.0108279716,0.0000000000,0.0000000000,0.1314555258,0.0000000000,0.0263561178,0.0012725383,0.0000000000,0.0213178396,0.0133537911,0.0156694334,0.0910247043,0.0024067780,0.0000000000,0.1248058006,0.1184479520,0.0000000000,0.0000000000,0.1071661487,0.1039860398,0.0560042672,0.0558289364,0.0724204704,0.0209312923,0.4276496768,0.2899547517,0.1738254577,0.1841908097,0.0466999449,0.0439461842,0.0423379466,0.0449242480,0.7983983159,0.7983796597,0.0166948363,0.0000000000,0.0000000000,0.0442616157,0.0613018982,0.0625446737,0.1839875579,0.1949072033,0.0000000231,0.0000000000,0.0000000000,0.0000000000,-0.0065728561,0.1121819839,-0.0007404594,0.0691553354,0.1122757792,0.0077908896
15:11:22:47.062,61,0.0900302529,0.1826908737,0.1124596074,0.0000000000,0.0000000000,0.1302660108,0.0000000000,0.0896782354,0.1829606891,0.0122779543,0.0000000000,0.0000000000,0.1302514672,0.0000000000,0.0260822549,0.0012293539,0.0000000000,0.0211570263,0.0136793647,0.0159369074,0.0911822394,0.0030423230,0.0000000000,0.1232179999,0.1164243743,0.0000000000,0.0000000000,0.1035440043,0.1004991829,0.0556042120,0.0554311760,0.0719683394,0.0207816884,0.4161877930,0.2803173661,0.1678489000,0.1779789776,0.0475485288,0.0446799137,0.0420391485,0.0445016138,0.7935084701,0.7934899926,0.0168163478,0.0000000000,0.0000000000,0.0435755514,0.0606813766,0.0619220808,0.1835085303,0.1941201091,0.0000000219,0.0000000000,0.0000000000,0.0000000000,-0.0074533806,0.1117674559,-0.0008365237,0.0682696477,0.1118611693,0.0076626302
15:11:22:48.063,61,0.0895565450,0.1824090034,0.1108551547,0.0000000000,0.0000000000,0.1284248531,0.0000000000,0.0892047808,0.1826646775,0.0138643868,0.0000000000,0.0000000000,0.1284124255,0.0000000000,0.0258134641,0.0012338172,0.0000000000,0.0210091732,0.0140036009,0.0162183493,0.0913880989,0.0037017919,0.0000000000,0.1194476783,0.1125011593,0.0000000000,0.0000000000,0.0993328914,0.0963148102,0.0552623607,0.0550743490,0.0715034232,0.0206114575,0.4107080698,0.2756980360,0.1637497991,0.1737905443,0.0482978448,0.0453715622,0.0417651162,0.0440986603,0.7896798849,0.7896612883,0.0169596076,0.0000000000,0.0000000000,0.0429254659,0.0600730889,0.0613191314,0.1829734147,0.1930439323,0.0000000239,0.0000000000,0.0000000000,0.0000000000,-0.0084166005,0.1115874723,-0.0009430936,0.0672969669,0.1116811857,0.0075413706
15:11:22:49.065,61,0.0889235288,0.1820430011,0.1099409834,0.0000000000,0.0000000000,0.1258621514,0.0000000000,0.0885731578,0.1822902411,0.0147735197,0.0000000000,0.0000000000,0.1258520782,0.0000000000,0.0255407263,0.0013026225,0.0000000000,0.0208650082,0.0143185901,0.0165109970,0.0915783048,0.0043287277,0.0000000000,0.1157858297,0.1098444536,0.0000000000,0.0000000000,0.0956351608,0.0926681012,0.0549723729,0.0547472350,0.0710245818,0.0204366390,0.4061593413,0.2717709243,0.1604530364,0.1706119925,0.0490476266,0.0460657515,0.0415142439,0.0437286645,0.7862628698,0.7862434387,0.0171076953,0.0000000000,0.0000000000,0.0423212387,0.0594718717,0.0607447214,0.1825462431,0.1923179924,0.0000000266,0.0000000000,0.0000000000,0.0000000000,-0.0089687323,0.1113592759,-0.0010028870,0.0667436868,0.1114529371,0.0074640498
15:11:22:50.069,61,0.0885813832,0.1823840588,0.1092826799,0.0000000000,0.0000000000,0.1236433536,0.0000000000,0.0882338956,0.1826263815,0.0154452501,0.0000000000,0.0000000000,0.1236349419,0.0000000000,0.0252601597,0.0013578116,0.0000000000,0.0207400899,0.0146533046,0.0168158486,0.0916817039,0.0048720762,0.0000000000,0.1134454012,0.1084059998,0.0000000000,0.0000000000,0.0913895369,0.0886032581,0.0547137186,0.0544468760,0.0705363452,0.0202687718,0.3946382105,0.2631522119,0.1560655534,0.1661866903,0.0499619506,0.0468172282,0.0413086712,0.0434202403,0.7838811874,0.7838616967,0.0173055530,0.0000000000,0.0000000000,0.0417079479,0.0589822531,0.0602992885,0.1823113412,0.1918697059,0.0000000364,0.0000000000,0.0000000000,0.0000000000,-0.0093763135,0.1115650386,-0.0010504148,0.0663424879,0.1116587445,0.0074330680
15:11:22:51.071,61,0.0883674324,0.1831906289,0.1079535708,0.0000000000,0.0000000000,0.1222556457,0.0000000000,0.0880233496,0.1834232360,0.0168064404,0.0000000000,0.0000000000,0.1222482771,0.0000000000,0.0250019953,0.0014241586,0.0000000000,0.0206324626,0.0149902692,0.0171313211,0.0917906016,0.0053556780,0.0000000000,0.1117739007,0.1073553264,0.0000000000,0.0000000000,0.0880409628,0.0854355395,0.0544704907,0.0541660972,0.0700633377,0.0201175623,0.3885813355,0.2579934299,0.1534098089,0.1635056734,0.0508668832,0.0475749895,0.0411411412,0.0431599580,0.7824828625,0.7824633121,0.0174950454,0.0000000000,0.0000000000,0.0411168262,0.0585603714,0.0599309020,0.1823009402,0.1916714162,0.0000000487,0.0000000000,0.0000000000,0.0000000000,-0.0102020912,0.1120527387,-0.0011479604,0.0655320212,0.1121465117,0.0073747388
15:11:22:52.073,61,0.0883442685,0.1847843677,0.1031436920,0.0000000000,0.0000000000,0.1211045980,0.0000000000,0.0880049467,0.1849790066,0.0216470063,0.0000000000,0.0000000000,0.1210981533,0.0000000000,0.0247327555,0.0014647216,0.0000000000,0.0205377601,0.0153306387,0.0174366627,0.0918241665,0.0057678153,0.0000000000,0.1100611687,0.1063072830,0.0000000000,0.0000000000,0.0850844830,0.0825671330,0.0542897508,0.0539637953,0.0695586279,0.0199557263,0.3813371360,0.2523557544,0.1489511281,0.1587871760,0.0516760685,0.0483369865,0.0409763306,0.0429065339,0.7798027992,0.7797854543,0.0176936369,0.0000000000,0.0000000000,0.0404735357,0.0581786223,0.0596243292,0.1822941750,0.1914462447,0.0000000566,0.0000000000,0.0000000000,0.0000000000,-0.0131390691,0.1130070537,-0.0014911165,0.0626053959,0.1131008789,0.0071063084
15:11:22:53.074,61,0.0882958174,0.1865945756,0.0980561599,0.0000000000,0.0000000000,0.1192497909,0.0000000000,0.0879601985,0.1867484450,0.0267487597,0.0000000000,0.0000000000,0.1192443818,0.0000000000,0.0244899318,0.0014988461,0.0000000000,0.0204693880,0.0156627893,0.0177051369,0.0917958543,0.0062184073,0.0000000000,0.1090612039,0.1054513603,0.0000000000,0.0000000000,0.0835548118,0.0810597241,0.0541303791,0.0537736043,0.0691598579,0.0198091436,0.3783379495,0.2498897612,0.1470416784,0.1568102241,0.0523731969,0.0490105152,0.0408347622,0.0426717289,0.7764459848,0.7764314413,0.0179004744,0.0000000000,0.0000000000,0.0398632772,0.0578023531,0.0593142062,0.1821184307,0.1910174638,0.0000000585,0.0000000000,0.0000000000,0.0000000000,-0.0162336696,0.1140932366,-0.0018601470,0.0595099442,0.1141871586,0.0068208273
15:11:22:54.073,61,0.0880797505,0.1876443774,0.0953545347,0.0000000000,0.0000000000,0.1167087480,0.0000000000,0.0877486169,0.1877764761,0.0294290315,0.0000000000,0.0000000000,0.1167042032,0.0000000000,0.0242633149,0.0015427386,0.0000000000,0.0204667021,0.0160489641,0.0179809108,0.0917486101,0.0065946877,0.0000000000,0.1071837693,0.1039400175,0.0000000000,0.0000000000,0.0812830254,0.0788495466,0.0540081672,0.0536302589,0.0688410327,0.0196802318,0.3681999445,0.2426807731,0.1426669508,0.1522628069,0.0531031042,0.0497140102,0.0407144055,0.0424698219,0.7710593343,0.7710474730,0.0181135032,0.0000000000,0.0000000000,0.0392493121,0.0574112758,0.0589939095,0.1818432212,0.1905345321,0.0000000484,0.0000000000,0.0000000000,0.0000000000,-0.0178590193,0.1147245020,-0.0020577917,0.0578661039,0.1148184687,0.0066696266
15:11:22:55.074,61,0.0878236219,0.1882642210,0.0945535526,0.0000000000,0.0000000000,0.1135684922,0.0000000000,0.0874965191,0.1883901358,0.0302579999,0.0000000000,0.0000000000,0.1135642603,0.0000000000,0.0240494907,0.0014555957,0.0000000000,0.0204823241,0.0164368190,0.0182041153,0.0915506035,0.0069019641,0.0000000000,0.1063074619,0.1030923873,0.0000000000,0.0000000000,0.0796299204,0.0772359893,0.0538697504,0.0534981675,0.0686002225,0.0195770804,0.3580287993,0.2342796624,0.1384934187,0.1477147937,0.0542653687,0.0507100709,0.0406368375,0.0423219204,0.7688689232,0.7688578963,0.0183565840,0.0000000000,0.0000000000,0.0386456475,0.0570326820,0.0586681738,0.1816695780,0.1901534498,0.0000000343,0.0000000000,0.0000000000,0.0000000000,-0.0183612909,0.1151004955,-0.0021226536,0.0573775247,0.1151944771,0.0066352258
15:11:22:56.076,61,0.0875948817,0.1888172477,0.0939876735,0.0000000000,0.0000000000,0.1110631227,0.0000000000,0.0872722268,0.1889388561,0.0308578592,0.0000000000,0.0000000000,0.1110590175,0.0000000000,0.0238447990,0.0013646079,0.0000000000,0.0204846021,0.0168009065,0.0184050128,0.0912604704,0.0071998341,0.0000000000,0.1056963503,0.1024913862,0.0000000000,0.0000000000,0.0782350376,0.0758394450,0.0537180565,0.0533502586,0.0683553144,0.0194797143,0.3522991240,0.2293651402,0.1359245330,0.1450435370,0.0553682745,0.0516364537,0.0405867808,0.0422049053,0.7673915029,0.7673808932,0.0185934305,0.0000000000,0.0000000000,0.0380571671,0.0566755198,0.0583570674,0.1815713644,0.1898766458,0.0000000280,0.0000000000,0.0000000000,0.0000000000,-0.0187245663,0.1154365242,-0.0021710214,0.0570319071,0.1155305877,0.0066147172
15:11:22:57.077,61,0.0875232443,0.1897433698,0.0930967033,0.0000000000,0.0000000000,0.1095813960,0.0000000000,0.0872043595,0.1898582578,0.0317886546,0.0000000000,0.0000000000,0.1095773056,0.0000000000,0.0236807074,0.0013074928,0.0000000000,0.0204511806,0.0170944259,0.0185968895,0.0910456404,0.0075069573,0.0000000000,0.1052247509,0.1019744650,0.0000000000,0.0000000000,0.0773150697,0.0749240965,0.0535513200,0.0531743281,0.0681403503,0.0193871241,0.3503159583,0.2275488526,0.1348583847,0.1439542323,0.0561536215,0.0523608960,0.0405681431,0.0421208888,0.7667840719,0.7667735219,0.0187628381,0.0000000000,0.0000000000,0.0375560671,0.0563131869,0.0580296181,0.1816979051,0.1898163110,0.0000000345,0.0000000000,0.0000000000,0.0000000000,-0.0192881171,0.1159994975,-0.0022473587,0.0564875603,0.1160936505,0.0065838704
15:11:22:58.079,61,0.0875301287,0.1915758103,0.0910057500,0.0000000000,0.0000000000,0.1084133089,0.0000000000,0.0872157887,0.1916745752,0.0338818729,0.0000000000,0.0000000000,0.1084092036,0.0000000000,0.0235483609,0.0013289986,0.0000000000,0.0204372834,0.0173780993,0.0188277476,0.0909875333,0.0077985791,0.0000000000,0.1046815515,0.1013710424,0.0000000000,0.0000000000,0.0765707195,0.0741831511,0.0534363128,0.0530424230,0.0679509938,0.0192977246,0.3505613208,0.2269643694,0.1344219148,0.1435416192,0.0567327365,0.0529129207,0.0405493788,0.0420329534,0.7661181688,0.7661076188,0.0188956559,0.0000000000,0.0000000000,0.0371393710,0.0559981875,0.0577504113,0.1818279773,0.1897675693,0.0000000446,0.0000000000,0.0000000000,0.0000000000,-0.0205555279,0.1171122044,-0.0024181944,0.0552116185,0.1172064319,0.0064975587
15:11:22:59.081,61,0.0874965191,0.1933931410,0.0892267153,0.0000000000,0.0000000000,0.1074998379,0.0000000000,0.0871866345,0.1934784502,0.0356024168,0.0000000000,0.0000000000,0.1074957997,0.0000000000,0.0234311558,0.0013352422,0.0000000000,0.0204481706,0.0176724587,0.0190723557,0.0909492522,0.0080230413,0.0000000000,0.1033135653,0.0997417793,0.0000000000,0.0000000000,0.0754912496,0.0731862709,0.0533241071,0.0529308058,0.0678464025,0.0192088876,0.3508437276,0.2269410491,0.1342377067,0.1433853656,0.0571731851,0.0533554256,0.0405917428,0.0420176201,0.7655705214,0.7655600309,0.0190182477,0.0000000000,0.0000000000,0.0367701724,0.0557694919,0.0575676560,0.1821009219,0.1898833960,0.0000000514,0.0000000000,0.0000000000,0.0000000000,-0.0215965360,0.1182169467,-0.0025648319,0.0541252233,0.1183112264,0.0064304383
15:11:23:00.082,61,0.0873165131,0.1942578107,0.0881471336,0.0000000000,0.0000000000,0.1067116335,0.0000000000,0.0870116875,0.1943345964,0.0366382301,0.0000000000,0.0000000000,0.1067077070,0.0000000000,0.0233390667,0.0013107947,0.0000000000,0.0205140021,0.0179986302,0.0193295795,0.0909608305,0.0082202926,0.0000000000,0.1016043648,0.0973106399,0.0000000000,0.0000000000,0.0744398236,0.0722124800,0.0532648936,0.0528901853,0.0678505823,0.0191425160,0.3510251641,0.2269561291,0.1340322644,0.1431910545,0.0575674325,0.0537611730,0.0406555198,0.0420253985,0.7647678256,0.7647582293,0.0191346109,0.0000000000,0.0000000000,0.0364504494,0.0555814877,0.0574206598,0.1824071705,0.1900236458,0.0000000486,0.0000000000,0.0000000000,0.0000000000,-0.0222234763,0.1187417358,-0.0026511021,0.0534669869,0.1188359857,0.0063807541
15:11:23:01.084,61,0.0872798413,0.1952128559,0.0879151225,0.0000000000,0.0000000000,0.1059342027,0.0000000000,0.0869802758,0.1952885091,0.0368830115,0.0000000000,0.0000000000,0.1059303507,0.0000000000,0.0232594516,0.0012373324,0.0000000000,0.0205814876,0.0183122847,0.0195871666,0.0910125673,0.0084391572,0.0000000000,0.1005958319,0.0956811234,0.0000000000,0.0000000000,0.0735923052,0.0713850856,0.0532373711,0.0528807789,0.0679061487,0.0190745536,0.3514171839,0.2271826416,0.1339115053,0.1430809796,0.0579511411,0.0541483723,0.0407688096,0.0420792252,0.7640854120,0.7640761733,0.0192598626,0.0000000000,0.0000000000,0.0361699648,0.0554241724,0.0572761334,0.1828357577,0.1902889162,0.0000000366,0.0000000000,0.0000000000,0.0000000000,-0.0223703962,0.1193249673,-0.0026818584,0.0533225425,0.1194192916,0.0063950648
15:11:23:02.086,61,0.0873117521,0.1963516772,0.0880902484,0.0000000000,0.0000000000,0.1052691415,0.0000000000,0.0870170966,0.1964300573,0.0367268398,0.0000000000,0.0000000000,0.1052652895,0.0000000000,0.0231846571,0.0011459934,0.0000000000,0.0206336286,0.0185882896,0.0197988413,0.0910433009,0.0085808225,0.0000000000,0.0990145952,0.0941230282,0.0000000000,0.0000000000,0.0728057176,0.0706223845,0.0531498268,0.0528166406,0.0679738075,0.0190234035,0.3518393338,0.2274799347,0.1338704973,0.1430519968,0.0583008900,0.0545119196,0.0408751927,0.0421403833,0.7636661530,0.7636572123,0.0193703249,0.0000000000,0.0000000000,0.0359144583,0.0552568398,0.0571179762,0.1832553893,0.1905916184,0.0000000312,0.0000000000,0.0000000000,0.0000000000,-0.0222738050,0.1200222000,-0.0026860337,0.0534242913,0.1201166213,0.0064450307
15:11:23:03.087,61,0.0875160992,0.1976482719,0.0883600414,0.0000000000,0.0000000000,0.1046566963,0.0000000000,0.0872245952,0.1977304071,0.0364888161,0.0000000000,0.0000000000,0.1046528146,0.0000000000,0.0230970886,0.0010599833,0.0000000000,0.0206664205,0.0188388880,0.0199721809,0.0909666717,0.0088270847,0.0000000000,0.0982337147,0.0931945294,0.0000000000,0.0000000000,0.0721034184,0.0699227452,0.0530740768,0.0527503192,0.0679843053,0.0189633965,0.3519173563,0.2275140882,0.1336626261,0.1428442299,0.0586858168,0.0548924692,0.0409665257,0.0421719849,0.7633213997,0.7633125186,0.0194759388,0.0000000000,0.0000000000,0.0356232896,0.0550984628,0.0569605045,0.1836012453,0.1907984018,0.0000000295,0.0000000000,0.0000000000,0.0000000000,-0.0221273247,0.1208163649,-0.0026862007,0.0535827652,0.1209108457,0.0065072891
15:11:23:04.092,61,0.0877104998,0.1986992657,0.0886605233,0.0000000000,0.0000000000,0.1039603874,0.0000000000,0.0874212906,0.1987852156,0.0362071134,0.0000000000,0.0000000000,0.1039564312,0.0000000000,0.0230093095,0.0009809422,0.0000000000,0.0207143556,0.0190912671,0.0201413389,0.0909069031,0.0090789804,0.0000000000,0.0977100506,0.0925140753,0.0000000000,0.0000000000,0.0714817494,0.0692971274,0.0530310646,0.0527179465,0.0679639280,0.0189071018,0.3517020643,0.2273210436,0.1333431005,0.1425109357,0.0590807274,0.0552724898,0.0410305671,0.0421763994,0.7627120018,0.7627031207,0.0195922162,0.0000000000,0.0000000000,0.0353434533,0.0549503639,0.0568105169,0.1837362498,0.1908098757,0.0000000318,0.0000000000,0.0000000000,0.0000000000,-0.0219547749,0.1214603931,-0.0026796048,0.0537607744,0.1215549484,0.0065640085
15:11:23:05.090,61,0.0878845230,0.2006308734,0.0886153355,0.0000000000,0.0000000000,0.1029900014,0.0000000000,0.0875962898,0.2007184774,0.0362787656,0.0000000000,0.0000000000,0.1029858589,0.0000000000,0.0229086038,0.0008799056,0.0000000000,0.0207500253,0.0193270873,0.0202665795,0.0907600224,0.0093132844,0.0000000000,0.0972654819,0.0919178501,0.0000000000,0.0000000000,0.0708194599,0.0686257258,0.0529884882,0.0526850298,0.0679523498,0.0188421141,0.3512889445,0.2269661278,0.1328839362,0.1420275420,0.0594774857,0.0556449369,0.0411390848,0.0422280878,0.7623540759,0.7623452544,0.0197313000,0.0000000000,0.0000000000,0.0350607745,0.0548226684,0.0566850416,0.1839854866,0.1909338981,0.0000000383,0.0000000000,0.0000000000,0.0000000000,-0.0219950397,0.1226417646,-0.0027108914,0.0537255965,0.1227364168,0.0066241152
15:11:23:06.092,61,0.0881620049,0.2029017061,0.0884238109,0.0000000000,0.0000000000,0.1014481261,0.0000000000,0.0878752917,0.2029898912,0.0364932455,0.0000000000,0.0000000000,0.1014437526,0.0000000000,0.0228054542,0.0007663084,0.0000000000,0.0207957197,0.0195593089,0.0204155017,0.0907419547,0.0094467290,0.0000000000,0.0965033025,0.0911531299,0.0000000000,0.0000000000,0.0701136813,0.0679226294,0.0529260337,0.0526362732,0.0679904595,0.0187835917,0.3510337472,0.2267484069,0.1325286478,0.1416528970,0.0598149411,0.0559749752,0.0412551723,0.0423069447,0.7619108558,0.7619020343,0.0198925436,0.0000000000,0.0000000000,0.0348495394,0.0546875186,0.0565519929,0.1842432767,0.1910885274,0.0000000356,0.0000000000,0.0000000000,0.0000000000,-0.0221212693,0.1240299940,-0.0027576250,0.0536002629,0.1241247803,0.0066841999
15:11:23:07.094,61,0.0885959044,0.2047729343,0.0885591507,0.0000000000,0.0000000000,0.0991331935,0.0000000000,0.0883100703,0.2048643082,0.0363881849,0.0000000000,0.0000000000,0.0991282389,0.0000000000,0.0227101017,0.0006181369,0.0000000000,0.0208287630,0.0197525062,0.0205427911,0.0907184854,0.0095129041,0.0000000000,0.0957704708,0.0903982893,0.0000000000,0.0000000000,0.0695689246,0.0673783943,0.0528241023,0.0525578223,0.0680450052,0.0187554657,0.3507449031,0.2264839560,0.1323210746,0.1414338946,0.0601271242,0.0562830977,0.0413065441,0.0423308425,0.7613391280,0.7613302469,0.0200719126,0.0000000000,0.0000000000,0.0347038507,0.0545005910,0.0563652329,0.1843018532,0.1910801828,0.0000000307,0.0000000000,0.0000000000,0.0000000000,-0.0220544171,0.1251751035,-0.0027749417,0.0536746196,0.1252700388,0.0067558670
15:11:23:08.098,61,0.0892225578,0.2072317451,0.0891392827,0.0000000000,0.0000000000,0.0969196931,0.0000000000,0.0889369100,0.2073310614,0.0358988084,0.0000000000,0.0000000000,0.0969135687,0.0000000000,0.0226107985,0.0004608522,0.0000000000,0.0208394583,0.0199031588,0.0206341781,0.0906217918,0.0095201684,0.0000000000,0.0928526297,0.0882736742,0.0000000000,0.0000000000,0.0689903125,0.0668034777,0.0526322536,0.0523769818,0.0680603981,0.0187472794,0.3501753509,0.2259909511,0.1320976168,0.1412035674,0.0604021586,0.0565511473,0.0412716232,0.0422837958,0.7609820962,0.7609730959,0.0202065222,0.0000000000,0.0000000000,0.0345956236,0.0542251132,0.0560817905,0.1843907386,0.1911330819,0.0000000293,0.0000000000,0.0000000000,0.0000000000,-0.0217536595,0.1266814619,-0.0027703971,0.0540159456,0.1267765760,0.0068814261
15:11:23:09.100,61,0.0904031619,0.2107165903,0.0896727368,0.0000000000,0.0000000000,0.0941248760,0.0000000000,0.0901128426,0.2108246088,0.0354639478,0.0000000000,0.0000000000,0.0941175818,0.0000000000,0.0224757958,0.0003242317,0.0000000000,0.0208178815,0.0200189389,0.0206966735,0.0904738680,0.0095588081,0.0000000000,0.0903392360,0.0860638544,0.0000000000,0.0000000000,0.0682922378,0.0661092997,0.0523658842,0.0521054789,0.0679454654,0.0187250152,0.3474404812,0.2245772630,0.1317933500,0.1408943832,0.0606113188,0.0567449592,0.0411797352,0.0421729907,0.7605826259,0.7605733871,0.0203353837,0.0000000000,0.0000000000,0.0344947428,0.0538875945,0.0557329692,0.1843602061,0.1910681576,0.0000000261,0.0000000000,0.0000000000,0.0000000000,-0.0214842651,0.1288153231,-0.0027826908,0.0543243363,0.1289106756,0.0070384592
15:11:23:10.098,61,0.0916627049,0.2131738514,0.0902352557,0.0000000000,0.0000000000,0.0920751691,0.0000000000,0.0913668200,0.2132900357,0.0349551924,0.0000000000,0.0000000000,0.0920672491,0.0000000000,0.0223604664,0.0002124152,0.0000000000,0.0208153706,0.0201518256,0.0208003297,0.0904275998,0.0096181352,0.0000000000,0.0883974060,0.0842386484,0.0000000000,0.0000000000,0.0676053613,0.0654209629,0.0521610044,0.0518859066,0.0678564459,0.0187110547,0.3454381526,0.2231469750,0.1315024048,0.1405948550,0.0608956255,0.0570005625,0.0411092825,0.0420809574,0.7603291273,0.7603197098,0.0204942673,0.0000000000,0.0000000000,0.0344427451,0.0536145046,0.0554451607,0.1844623387,0.1911373883,0.0000000261,0.0000000000,0.0000000000,0.0000000000,-0.0211719032,0.1303208619,-0.0027746526,0.0546544120,0.1304163486,0.0071648257
15:11:23:11.100,61,0.0936043710,0.2162130177,0.0902832374,0.0000000000,0.0000000000,0.0907308757,0.0000000000,0.0933049172,0.2163330019,0.0349618047,0.0000000000,0.0000000000,0.0907224938,0.0000000000,0.0222355071,0.0001026178,0.0000000000,0.0208132137,0.0202750117,0.0209300704,0.0904608220,0.0096573280,0.0000000000,0.0860486552,0.0817912892,0.0000000000,0.0000000000,0.0668677539,0.0646835864,0.0519337654,0.0516461059,0.0677331313,0.0186994039,0.3440698683,0.2222062796,0.1313177049,0.1404010057,0.0610629097,0.0571494289,0.0410160683,0.0419622660,0.7599837184,0.7599740624,0.0206344537,0.0000000000,0.0000000000,0.0344360806,0.0534125417,0.0552245378,0.1846286058,0.1912594587,0.0000000300,0.0000000000,0.0000000000,0.0000000000,-0.0211707093,0.1321800947,-0.0028145409,0.0546700805,0.1322758198,0.0072702523
15:11:23:12.102,61,0.0951183885,0.2182887495,0.0900842771,0.0000000000,0.0000000000,0.0899005756,0.0000000000,0.0948279575,0.2184089422,0.0352163464,0.0000000000,0.0000000000,0.0898919329,0.0000000000,0.0221131071,0.0000243019,0.0000000000,0.0208178144,0.0204024669,0.0210338291,0.0903027132,0.0097017707,0.0000000000,0.0843450725,0.0805152506,0.0000000000,0.0000000000,0.0661269948,0.0639390349,0.0517467149,0.0514282286,0.0675472394,0.0187054873,0.3339531124,0.2157732397,0.1308391094,0.1399108917,0.0612951294,0.0573430955,0.0408595502,0.0417904966,0.7599228621,0.7599130869,0.0207562055,0.0000000000,0.0000000000,0.0344055258,0.0532647818,0.0550832823,0.1848459542,0.1914868653,0.0000000318,0.0000000000,0.0000000000,0.0000000000,-0.0213212315,0.1334489584,-0.0028620828,0.0545403622,0.1335448027,0.0073234285
15:11:23:13.103,61,0.0960380584,0.2194658667,0.0896756724,0.0000000000,0.0000000000,0.0893429071,0.0000000000,0.0957518667,0.2195830196,0.0356873088,0.0000000000,0.0000000000,0.0893339887,0.0000000000,0.0219930783,0.0000000000,0.0000604296,0.0208061654,0.0205032472,0.0211071745,0.0901040733,0.0097161559,0.0000000000,0.0831977203,0.0795501769,0.0000000000,0.0000000000,0.0653980523,0.0632113218,0.0515551232,0.0512076095,0.0672768131,0.0187104717,0.3287124336,0.2116913050,0.1302505136,0.1393175870,0.0615017042,0.0575045869,0.0406473987,0.0415687524,0.7600849867,0.7600752711,0.0208394360,0.0000000000,0.0000000000,0.0343680196,0.0531047843,0.0549339056,0.1849594712,0.1916270256,0.0000000475,0.0000000000,0.0000000000,0.0000000000,-0.0216042809,0.1341671199,-0.0029158681,0.0542877242,0.1342630684,0.0073292190
15:11:23:14.105,61,0.0967907012,0.2205234021,0.0886810869,0.0000000000,0.0000000000,0.0887004063,0.0000000000,0.0965056196,0.2206314653,0.0367132723,0.0000000000,0.0000000000,0.0886912122,0.0000000000,0.0218660291,0.0000000000,0.0001632252,0.0207935423,0.0205884352,0.0211055968,0.0895941108,0.0097969035,0.0000000000,0.0825454146,0.0789243430,0.0000000000,0.0000000000,0.0647598132,0.0625631660,0.0513561219,0.0509805456,0.0669714138,0.0187306516,0.3177847564,0.2045583129,0.1284826696,0.1373683363,0.0616649762,0.0576188155,0.0403584279,0.0412641726,0.7594687939,0.7594587803,0.0209200811,0.0000000000,0.0000000000,0.0342338942,0.0529122464,0.0547379181,0.1846542209,0.1913353503,0.0000000663,0.0000000000,0.0000000000,0.0000000000,-0.0222234465,0.1348095834,-0.0030139587,0.0536809415,0.1349056065,0.0072824867
15:11:23:15.106,61,0.0971389264,0.2211126983,0.0872646347,0.0000000000,0.0000000000,0.0879729167,0.0000000000,0.0968538746,0.2212067991,0.0381576754,0.0000000000,0.0000000000,0.0879635885,0.0000000000,0.0217169859,0.0000000000,0.0002182572,0.0207744986,0.0206495710,0.0210678279,0.0891381428,0.0098354230,0.0000000000,0.0819076449,0.0783288181,0.0000000000,0.0000000000,0.0641030893,0.0619023666,0.0511205792,0.0507190153,0.0665753782,0.0187179167,0.3137278855,0.2017952800,0.1261077672,0.1348215342,0.0616224483,0.0575614125,0.0400000252,0.0408922248,0.7577056885,0.7576944828,0.0210292488,0.0000000000,0.0000000000,0.0340851136,0.0526663624,0.0544983558,0.1802479476,0.1866073757,0.0000000782,0.0000000000,0.0000000000,0.0000000000,-0.0230966788,0.1351638287,-0.0031406973,0.0528209545,0.1352598667,0.0071849818
15:11:23:16.108,61,0.0970606953,0.2222593874,0.0851884261,0.0000000000,0.0000000000,0.0859178752,0.0000000000,0.0967767909,0.2223330289,0.0402932130,0.0000000000,0.0000000000,0.0859088451,0.0000000000,0.0215003416,0.0000000000,0.0002640837,0.0206918139,0.0206316281,0.0209235977,0.0887119472,0.0097898375,0.0000000000,0.0798935890,0.0771543011,0.0000000000,0.0000000000,0.0629549325,0.0607868247,0.0507487059,0.0503332503,0.0660146996,0.0186423995,0.3114709854,0.2002217621,0.1229192168,0.1315011680,0.0612861142,0.0572486371,0.0395526774,0.0404466763,0.7553423643,0.7553313971,0.0211241227,0.0000000000,0.0000000000,0.0338979587,0.0522157587,0.0540741868,0.1721287370,0.1781038195,0.0000000805,0.0000000000,0.0000000000,0.0000000000,-0.0243870150,0.1358561516,-0.0033333187,0.0515593365,0.1359523535,0.0070498791
15:11:23:17.110,61,0.0970156118,0.2230945230,0.0838758051,0.0000000000,0.0000000000,0.0844568387,0.0000000000,0.0967344865,0.2231553197,0.0416221470,0.0000000000,0.0000000000,0.0844481066,0.0000000000,0.0213140156,0.0000000000,0.0003464596,0.0206251256,0.0206259917,0.0208372790,0.0884489641,0.0097717717,0.0000000000,0.0788322091,0.0758718923,0.0000000000,0.0000000000,0.0621230602,0.0599602573,0.0504148193,0.0499886982,0.0655594990,0.0185836591,0.3104543388,0.1994300187,0.1216320097,0.1301795542,0.0609990060,0.0569686815,0.0391966328,0.0400820412,0.7542836070,0.7542726994,0.0212123208,0.0000000000,0.0000000000,0.0337962210,0.0518631637,0.0537398681,0.1696387529,0.1754908115,0.0000000703,0.0000000000,0.0000000000,0.0000000000,-0.0251896027,0.1363613456,-0.0034559586,0.0507613458,0.1364575773,0.0069669802
15:11:23:18.114,61,0.0974477232,0.2245299667,0.0833532438,0.0000000000,0.0000000000,0.0831607878,0.0000000000,0.0971678272,0.2245865613,0.0421484448,0.0000000000,0.0000000000,0.0831524655,0.0000000000,0.0211508013,0.0000000000,0.0004171562,0.0205787178,0.0206499565,0.0207927916,0.0881190449,0.0098856371,0.0000000000,0.0783683732,0.0752377287,0.0000000000,0.0000000000,0.0614946373,0.0593133159,0.0501499400,0.0497016944,0.0652022138,0.0185465328,0.3097768426,0.1987603903,0.1208707988,0.1294101477,0.0608947724,0.0568481199,0.0389343388,0.0397973098,0.7533766627,0.7533659339,0.0213110819,0.0000000000,0.0000000000,0.0336927176,0.0515830778,0.0534689799,0.1687138230,0.1745063215,0.0000000550,0.0000000000,0.0000000000,0.0000000000,-0.0255050492,0.1372370571,-0.0035219823,0.0504390076,0.1373333186,0.0069677690
15:11:23:19.115,61,0.0979644135,0.2260625511,0.0837446079,0.0000000000,0.0000000000,0.0821146369,0.0000000000,0.0976848677,0.2261246145,0.0417442508,0.0000000000,0.0000000000,0.0821063221,0.0000000000,0.0210114438,0.0000000000,0.0004494864,0.0205414928,0.0206854381,0.0207644869,0.0877254680,0.0099857394,0.0000000000,0.0780712962,0.0748398528,0.0000000000,0.0000000000,0.0609343760,0.0587490425,0.0499197133,0.0494479723,0.0649017617,0.0185235124,0.3092407584,0.1981787384,0.1203913242,0.1289367080,0.0608325675,0.0567647256,0.0387259610,0.0395709872,0.7519527674,0.7519418001,0.0213708766,0.0000000000,0.0000000000,0.0335833058,0.0513556115,0.0532391071,0.1688266844,0.1746875048,0.0000000389,0.0000000000,0.0000000000,0.0000000000,-0.0252571683,0.1381760091,-0.0035119290,0.0506692529,0.1382723749,0.0070480192
15:11:23:20.116,61,0.0982901230,0.2270932794,0.0848953947,0.0000000000,0.0000000000,0.0810324699,0.0000000000,0.0980113447,0.2271685153,0.0405569412,0.0000000000,0.0000000000,0.0810241923,0.0000000000,0.0208828636,0.0000000000,0.0004735741,0.0204848722,0.0206838381,0.0206928030,0.0872394294,0.0100828847,0.0000000000,0.0779633150,0.0746150389,0.0000000000,0.0000000000,0.0604810081,0.0582918897,0.0496658795,0.0491844267,0.0645981207,0.0184942279,0.3090302646,0.1978996545,0.1201269999,0.1286889613,0.0606163554,0.0565427467,0.0385106914,0.0393381678,0.7473216653,0.7473099828,0.0213796292,0.0000000000,0.0000000000,0.0334488265,0.0511037111,0.0529749990,0.1689514369,0.1748407334,0.0000000315,0.0000000000,0.0000000000,0.0000000000,-0.0245366152,0.1388114095,-0.0034276512,0.0513610095,0.1389077604,0.0071774065
15:11:23:21.115,61,0.0984056145,0.2274468392,0.0863309130,0.0000000000,0.0000000000,0.0801266283,0.0000000000,0.0981266946,0.2275376618,0.0390881337,0.0000000000,0.0000000000,0.0801184252,0.0000000000,0.0207634643,0.0000000000,0.0004312675,0.0203956980,0.0206435323,0.0206046794,0.0867722109,0.0101593630,0.0000000000,0.0777696744,0.0743595585,0.0000000000,0.0000000000,0.0600392036,0.0578536130,0.0494309478,0.0489347428,0.0642644316,0.0184320044,0.3093225956,0.1980348378,0.1200037003,0.1285939068,0.0602956265,0.0562299713,0.0383097492,0.0391206816,0.7449848056,0.7449727654,0.0213392954,0.0000000000,0.0000000000,0.0333177932,0.0508058146,0.0526648387,0.1691071093,0.1750287861,0.0000000269,0.0000000000,0.0000000000,0.0000000000,-0.0236472562,0.1390339732,-0.0033088012,0.0522278957,0.1391303241,0.0073102815
15:11:23:22.120,61,0.0982600302,0.2274873108,0.0876031518,0.0000000000,0.0000000000,0.0791680962,0.0000000000,0.0979800299,0.2275917828,0.0377623290,0.0000000000,0.0000000000,0.0791597068,0.0000000000,0.0206242353,0.0000000000,0.0003636254,0.0202679019,0.0205472838,0.0204518642,0.0862467438,0.0102259396,0.0000000000,0.0776403472,0.0741753429,0.0000000000,0.0000000000,0.0596619360,0.0574854761,0.0491390638,0.0486294515,0.0638490021,0.0183514152,0.3097510636,0.1983355880,0.1198923960,0.1285265088,0.0598268509,0.0557814986,0.0380568318,0.0388545543,0.7425898314,0.7425774336,0.0212410688,0.0000000000,0.0000000000,0.0331540555,0.0504381806,0.0522865616,0.1690242887,0.1749839038,0.0000000262,0.0000000000,0.0000000000,0.0000000000,-0.0228450820,0.1390644461,-0.0031972888,0.0529973730,0.1391607672,0.0074195238
15:11:23:23.119,61,0.0980418175,0.2273543477,0.0894099548,0.0000000000,0.0000000000,0.0783877373,0.0000000000,0.0977602452,0.2274778038,0.0359195881,0.0000000000,0.0000000000,0.0783791393,0.0000000000,0.0205378644,0.0000000000,0.0003297796,0.0201596245,0.0204684846,0.0203262679,0.0857540295,0.0103144618,0.0000000000,0.0774900615,0.0739384815,0.0000000000,0.0000000000,0.0593327694,0.0571566038,0.0489128344,0.0483855382,0.0635803789,0.0182915963,0.3107681572,0.1988299042,0.1199597344,0.1286340505,0.0594406910,0.0554024056,0.0378781706,0.0386586711,0.7413735390,0.7413607240,0.0211616587,0.0000000000,0.0000000000,0.0330257379,0.0501373522,0.0519603044,0.1691574007,0.1751555204,0.0000000305,0.0000000000,0.0000000000,0.0000000000,-0.0217304956,0.1389913261,-0.0030397030,0.0540910177,0.1390876025,0.0075684474
15:11:23:24.120,61,0.0976604223,0.2271701247,0.0926610231,0.0000000000,0.0000000000,0.0769861862,0.0000000000,0.0973791108,0.2273277789,0.0326068737,0.0000000000,0.0000000000,0.0769770220,0.0000000000,0.0204434637,0.0000000000,0.0002840805,0.0200282484,0.0203551371,0.0201789066,0.0852829739,0.0103366245,0.0000000000,0.0771942809,0.0736176446,0.0000000000,0.0000000000,0.0589407980,0.0567812212,0.0486132130,0.0480819568,0.0632347912,0.0182147752,0.3114719689,0.1993181705,0.1200046018,0.1287186593,0.0589199364,0.0549063608,0.0376406871,0.0384127684,0.7391849756,0.7391712070,0.0210407767,0.0000000000,0.0000000000,0.0329254381,0.0497029386,0.0514935367,0.1690160334,0.1750699431,0.0000000327,0.0000000000,0.0000000000,0.0000000000,-0.0197266378,0.1388938427,-0.0027574787,0.0560586862,0.1389900744,0.0078378981
15:11:23:25.122,61,0.0969955325,0.2263320535,0.0963155851,0.0000000000,0.0000000000,0.0750098974,0.0000000000,0.0967191160,0.2265270799,0.0289001893,0.0000000000,0.0000000000,0.0750005618,0.0000000000,0.0203493796,0.0000000000,0.0001987472,0.0198842976,0.0202158876,0.0199981220,0.0847638622,0.0103657525,0.0000000000,0.0767496079,0.0732142255,0.0000000000,0.0000000000,0.0585325509,0.0563931242,0.0482972600,0.0477573946,0.0628632456,0.0181286503,0.3120264113,0.1997818649,0.1199769601,0.1287401170,0.0582910627,0.0543115959,0.0373596847,0.0381280594,0.7351320386,0.7351174355,0.0209120046,0.0000000000,0.0000000000,0.0328387618,0.0491803735,0.0509393215,0.1686505824,0.1747767329,0.0000000305,0.0000000000,0.0000000000,0.0000000000,-0.0174853541,0.1383988112,-0.0024353934,0.0582737736,0.1384949833,0.0081178499
15:11:23:26.126,61,0.0962949991,0.2260433584,0.0988064036,0.0000000000,0.0000000000,0.0726785660,0.0000000000,0.0960220397,0.2262641042,0.0263744388,0.0000000000,0.0000000000,0.0726689100,0.0000000000,0.0202084742,0.0000000000,0.0001472033,0.0197192561,0.0200474132,0.0197647307,0.0842394903,0.0103057614,0.0000000000,0.0758405700,0.0726224408,0.0000000000,0.0000000000,0.0580172800,0.0559118874,0.0478687845,0.0473414697,0.0623500459,0.0180179942,0.3121654093,0.2000382990,0.1197226942,0.1285150796,0.0571108535,0.0534097478,0.0369779430,0.0377483293,0.7284886241,0.7284736633,0.0207614563,0.0000000000,0.0000000000,0.0327232406,0.0485660508,0.0502916910,0.1662952155,0.1729264259,0.0000000294,0.0000000000,0.0000000000,0.0000000000,-0.0159575678,0.1382345855,-0.0022199487,0.0597822256,0.1383307427,0.0083177267
15:11:23:27.128,61,0.0938814431,0.2257904708,0.0997859985,0.0000000000,0.0000000000,0.0691884756,0.0000000000,0.0936211273,0.2260211855,0.0253543425,0.0000000000,0.0000000000,0.0691790432,0.0000000000,0.0199912600,0.0000000000,0.0001046911,0.0195166972,0.0198380686,0.0194579177,0.0829760581,0.0103360992,0.0000000000,0.0753641054,0.0721863210,0.0000000000,0.0000000000,0.0574252009,0.0553493388,0.0473741293,0.0468528457,0.0611957945,0.0178689025,0.3069078624,0.1994340569,0.1179873720,0.1266383678,0.0551378168,0.0517622530,0.0364665613,0.0372234806,0.6974710822,0.6974512935,0.0206118785,0.0000000000,0.0000000000,0.0324914567,0.0477163568,0.0492665954,0.1575402915,0.1641143262,0.0000000253,0.0000000000,0.0000000000,0.0000000000,-0.0153406858,0.1380848438,-0.0021317964,0.0603762046,0.1381809413,0.0083910516
15:11:23:28.130,61,0.0881275833,0.2253507376,0.1002382338,0.0000000000,0.0000000000,0.0656106621,0.0000000000,0.0879001841,0.2255856842,0.0248357579,0.0000000000,0.0000000000,0.0656019002,0.0000000000,0.0197012872,0.0000000000,0.0000435874,0.0192695912,0.0195732042,0.0190885216,0.0814870149,0.0103595825,0.0000000000,0.0748546720,0.0717115030,0.0000000000,0.0000000000,0.0567105524,0.0546886362,0.0468091108,0.0463013388,0.0593282953,0.0176662505,0.3042301536,0.1990052909,0.1160411909,0.1245414466,0.0515875146,0.0487026982,0.0358740874,0.0366164334,0.6705797315,0.6705576777,0.0204611700,0.0000000000,0.0000000000,0.0321874954,0.0467398055,0.0481926911,0.1493158638,0.1557454616,0.0000000236,0.0000000000,0.0000000000,0.0000000000,-0.0150274700,0.1378181130,-0.0020841893,0.0606520846,0.1379141361,0.0084128603
15:11:23:29.128,61,0.0825405121,0.2244635671,0.1010959819,0.0000000000,0.0000000000,0.0621793345,0.0000000000,0.0823202208,0.2247062027,0.0239013154,0.0000000000,0.0000000000,0.0621714182,0.0000000000,0.0193701740,0.0000249473,0.0000000000,0.0189911555,0.0192689337,0.0186474882,0.0790549964,0.0103997132,0.0000000000,0.0744485334,0.0713149831,0.0000000000,0.0000000000,0.0560128354,0.0540342331,0.0461836532,0.0456944890,0.0573337711,0.0174435880,0.3004789948,0.1984615326,0.1133933067,0.1216784939,0.0483372174,0.0457485244,0.0352117084,0.0359403342,0.6486448050,0.6486181021,0.0202927310,0.0000000000,0.0000000000,0.0317888223,0.0454913266,0.0469047762,0.1413969696,0.1477928907,0.0000000209,0.0000000000,0.0000000000,0.0000000000,-0.0144631397,0.1372796744,-0.0019979903,0.0611756742,0.1373756081,0.0084518380
15:11:23:30.130,61,0.0752380788,0.2231602371,0.1020273641,0.0000000000,0.0000000000,0.0584227741,0.0000000000,0.0750386491,0.2234104425,0.0229384191,0.0000000000,0.0000000000,0.0584158376,0.0000000000,0.0189764742,0.0000653581,0.0000000000,0.0186865702,0.0189316422,0.0181323141,0.0761245415,0.0104525182,0.0000000000,0.0739239454,0.0708382428,0.0000000000,0.0000000000,0.0546713509,0.0529038906,0.0453395024,0.0449157506,0.0542586893,0.0172037408,0.2789207995,0.1911065578,0.1069129407,0.1146885157,0.0452121161,0.0428478532,0.0339446776,0.0346357599,0.6111119986,0.6110848188,0.0200958010,0.0000000000,0.0000000000,0.0312868841,0.0436738953,0.0450813510,0.1308715940,0.1373685598,0.0000000183,0.0000000000,0.0000000000,0.0000000000,-0.0138819898,0.1364869177,-0.0019065000,0.0617460161,0.1365827471,0.0084806830
15:11:23:31.132,61,0.0688210577,0.2218970507,0.1031292006,0.0000000000,0.0000000000,0.0543443486,0.0000000000,0.0686297640,0.2221563905,0.0218237732,0.0000000000,0.0000000000,0.0543382429,0.0000000000,0.0185180455,0.0001040183,0.0000000000,0.0183493495,0.0185588785,0.0175390169,0.0719944090,0.0105844690,0.0000000000,0.0734614730,0.0704858378,0.0000000000,0.0000000000,0.0529610775,0.0513426960,0.0441993326,0.0437821373,0.0504725352,0.0169323701,0.2579161823,0.1779451519,0.0980568454,0.1051115245,0.0424309187,0.0401947498,0.0320992768,0.0327480026,0.5615410209,0.5615027547,0.0199174192,0.0000000000,0.0000000000,0.0306275692,0.0414805412,0.0429203622,0.1180960312,0.1247142702,0.0000000193,0.0000000000,0.0000000000,0.0000000000,-0.0132088056,0.1357194930,-0.0018037272,0.0624194369,0.1358153224,0.0085242828
15:11:23:32.134,61,0.0621176101,0.2211890966,0.1041069403,0.0000000000,0.0000000000,0.0504153594,0.0000000000,0.0619382299,0.2214571834,0.0208454486,0.0000000000,0.0000000000,0.0504100882,0.0000000000,0.0180291887,0.0001585441,0.0000000000,0.0180000272,0.0181799456,0.0169247426,0.0687545687,0.0107846130,0.0000000000,0.0728828758,0.0700380132,0.0000000000,0.0000000000,0.0502545498,0.0487971939,0.0431462713,0.0426926389,0.0472753420,0.0166204199,0.2470790297,0.1713661999,0.0915145054,0.0981636271,0.0396474488,0.0375119187,0.0304370541,0.0310233794,0.5066133142,0.5065590739,0.0197693575,0.0000000000,0.0000000000,0.0297137536,0.0396991819,0.0411689356,0.1093491912,0.1154837161,0.0000000171,0.0000000000,0.0000000000,0.0000000000,-0.0126174130,0.1352913529,-0.0017174714,0.0630149171,0.1353870928,0.0085780276
15:11:23:33.135,61,0.0578133427,0.2205415964,0.1050431058,0.0000000000,0.0000000000,0.0467815511,0.0000000000,0.0576381199,0.2208181471,0.0198824368,0.0000000000,0.0000000000,0.0467769317,0.0000000000,0.0175254643,0.0002030410,0.0000000000,0.0176470093,0.0177975800,0.0162893683,0.0656759813,0.0109797241,0.0000000000,0.0725258440,0.0698238909,0.0000000000,0.0000000000,0.0485156365,0.0471565463,0.0422451235,0.0417922251,0.0447673798,0.0162880886,0.2389165312,0.1664056033,0.0862632617,0.0925896242,0.0371827781,0.0351700485,0.0290263221,0.0295748804,0.4493044615,0.4492276609,0.0196144376,0.0000000000,0.0000000000,0.0286053978,0.0380771197,0.0395082645,0.1022079811,0.1079112068,0.0000000161,0.0000000000,0.0000000000,0.0000000000,-0.0120351566,0.1349000037,-0.0016334224,0.0635849684,0.1349956393,0.0086301873
15:11:23:34.136,61,0.0544878729,0.2193633914,0.1059770957,0.0000000000,0.0000000000,0.0433451198,0.0000000000,0.0543073528,0.2196473330,0.0189099405,0.0000000000,0.0000000000,0.0433411263,0.0000000000,0.0170086119,0.0003043724,0.0000000000,0.0172916539,0.0174149629,0.0156498197,0.0628395751,0.0111691989,0.0000000000,0.0722010583,0.0697405487,0.0000000000,0.0000000000,0.0470436998,0.0457528755,0.0414283425,0.0409632549,0.0426500030,0.0159370508,0.2269669175,0.1597884446,0.0810270384,0.0869731307,0.0348763652,0.0330290161,0.0276901312,0.0282262266,0.3865379989,0.3864200413,0.0194744952,0.0000000000,0.0000000000,0.0275611654,0.0363314562,0.0376880392,0.0946119726,0.0998128057,0.0000000162,0.0000000000,0.0000000000,0.0000000000,-0.0114475964,0.1341837496,-0.0015453327,0.0641565621,0.1342794150,0.0086608985
15:11:23:35.138,61,0.0505159535,0.2179953307,0.1069322899,0.0000000000,0.0000000000,0.0403438658,0.0000000000,0.0503282212,0.2182864547,0.0178992301,0.0000000000,0.0000000000,0.0403403491,0.0000000000,0.0165065024,0.0004249004,0.0000000000,0.0169479251,0.0170508865,0.0150288194,0.0606385730,0.0113600390,0.0000000000,0.0719675198,0.0697772354,0.0000000000,0.0000000000,0.0459176227,0.0446872562,0.0406646468,0.0401836745,0.0411946587,0.0155968210,0.2184057981,0.1543004364,0.0773763657,0.0830367580,0.0331930742,0.0314476043,0.0266142059,0.0271604490,0.3426497281,0.3424659073,0.0193838011,0.0000000000,0.0000000000,0.0267153289,0.0347658359,0.0360495001,0.0893039107,0.0943000093,0.0000000252,0.0000000000,0.0000000000,0.0000000000,-0.0108369524,0.1333515048,-0.0014537219,0.0647420809,0.1334470063,0.0086850012
15:11:23:36.140,61,0.0463932753,0.2167489678,0.1079204455,0.0000000000,0.0000000000,0.0377282873,0.0000000000,0.0462083369,0.2170476317,0.0168986432,0.0000000000,0.0000000000,0.0377251506,0.0000000000,0.0160199329,0.0006151721,0.0000000000,0.0166021511,0.0166901723,0.0144229047,0.0589298010,0.0115343677,0.0000000000,0.0713427737,0.0696045235,0.0000000000,0.0000000000,0.0447432995,0.0435876288,0.0399481021,0.0394335277,0.0399417691,0.0152592845,0.2096603364,0.1488056630,0.0735412315,0.0789886490,0.0317349769,0.0300788935,0.0255968608,0.0261635128,0.3056795597,0.3054578006,0.0193089731,0.0000000000,0.0000000000,0.0259501524,0.0332727432,0.0345131345,0.0841502249,0.0890485048,0.0000000450,0.0000000000,0.0000000000,0.0000000000,-0.0102321915,0.1325938404,-0.0013647081,0.0653470010,0.1326892972,0.0087156696
15:11:23:37.144,61,0.0424305797,0.2148265243,0.1091636494,0.0000000000,0.0000000000,0.0356156155,0.0000000000,0.0422580391,0.2151277661,0.0159156527,0.0000000000,0.0000000000,0.0356127284,0.0000000000,0.0155660538,0.0007839692,0.0000000000,0.0162714478,0.0163518414,0.0138425073,0.0572645664,0.0117486184,0.0000000000,0.0707048625,0.0693753287,0.0000000000,0.0000000000,0.0438437536,0.0427120142,0.0392934084,0.0387390032,0.0389776081,0.0149395252,0.2016730160,0.1434617043,0.0701515079,0.0753424093,0.0306717250,0.0290657543,0.0247383043,0.0253120754,0.2708483338,0.2705948055,0.0192668084,0.0000000000,0.0000000000,0.0252556577,0.0321182832,0.0333162583,0.0802000985,0.0848675147,0.0000000592,0.0000000000,0.0000000000,0.0000000000,-0.0096384883,0.1314202249,-0.0012740149,0.0661100671,0.1315190345,0.0087386211
15:11:23:38.146,61,0.0389658958,0.2140129656,0.1096658260,0.0000000000,0.0000000000,0.0337398611,0.0000000000,0.0387945026,0.2143173963,0.0154541768,0.0000000000,0.0000000000,0.0337372161,0.0000000000,0.0151285194,0.0009333642,0.0000000000,0.0159563087,0.0160317086,0.0132855438,0.0561100803,0.0119582796,0.0000000000,0.0700420812,0.0690753609,0.0000000000,0.0000000000,0.0430354290,0.0419184677,0.0386643112,0.0380730815,0.0381424017,0.0146297337,0.1967902333,0.1401336342,0.0673792958,0.0723202229,0.0297542904,0.0281799752,0.0239528362,0.0245335940,0.2435473502,0.2432508469,0.0192776043,0.0000000000,0.0000000000,0.0246051867,0.0310981888,0.0322548561,0.0767574310,0.0811455920,0.0000000763,0.0000000000,0.0000000000,0.0000000000,-0.0093596289,0.1309248209,-0.0012324393,0.0664185435,0.1310236752,0.0087458855
15:11:23:39.147,61,0.0363601707,0.2131229639,0.1101912484,0.0000000000,0.0000000000,0.0322400630,0.0000000000,0.0361847989,0.2134306878,0.0149671109,0.0000000000,0.0000000000,0.0322375856,0.0000000000,0.0147079183,0.0010769228,0.0000000000,0.0156547166,0.0157289226,0.0127628641,0.0552167408,0.0121334428,0.0000000000,0.0694101155,0.0688152388,0.0000000000,0.0000000000,0.0423184074,0.0412129834,0.0380839854,0.0374576002,0.0373921469,0.0143307215,0.1943074167,0.1383285820,0.0656431839,0.0704158992,0.0289351419,0.0273862332,0.0232370235,0.0238238387,0.2259804904,0.2256616652,0.0193245821,0.0000000000,0.0000000000,0.0240113437,0.0302344989,0.0313728303,0.0741299465,0.0783701017,0.0000000771,0.0000000000,0.0000000000,0.0000000000,-0.0090652909,0.1303827763,-0.0011886845,0.0667415112,0.1304815710,0.0087515749
15:11:23:40.146,61,0.0346227810,0.2119595557,0.1106526554,0.0000000000,0.0000000000,0.0311528072,0.0000000000,0.0344438143,0.2122693062,0.0145316124,0.0000000000,0.0000000000,0.0311504435,0.0000000000,0.0143313091,0.0012262454,0.0000000000,0.0153774554,0.0154471146,0.0122742150,0.0544686317,0.0123343654,0.0000000000,0.0688200518,0.0685839206,0.0000000000,0.0000000000,0.0417263433,0.0406248532,0.0375595391,0.0368969031,0.0367485844,0.0140586225,0.1929012388,0.1372265369,0.0644894987,0.0691975057,0.0282160658,0.0266866796,0.0225878563,0.0231802929,0.2182839960,0.2179559469,0.0193802342,0.0000000000,0.0000000000,0.0234591160,0.0294752568,0.0306024291,0.0725907758,0.0767314062,0.0000000724,0.0000000000,0.0000000000,0.0000000000,-0.0088023338,0.1296730042,-0.0011478506,0.0670272037,0.1297717988,0.0087406281
15:11:23:41.147,61,0.0332539454,0.2101072073,0.1110978201,0.0000000000,0.0000000000,0.0302804206,0.0000000000,0.0330711454,0.2104173452,0.0141311064,0.0000000000,0.0000000000,0.0302781202,0.0000000000,0.0139897643,0.0013711116,0.0000000000,0.0151073365,0.0151744708,0.0118148047,0.0538154058,0.0126061141,0.0000000000,0.0682906732,0.0683357418,0.0000000000,0.0000000000,0.0412200429,0.0401160717,0.0370641015,0.0363616720,0.0361615010,0.0138140451,0.1919350028,0.1364008784,0.0636207163,0.0682983994,0.0275860466,0.0260680225,0.0219824519,0.0225765370,0.2142648995,0.2139319927,0.0194270592,0.0000000000,0.0000000000,0.0229528230,0.0287814252,0.0299006794,0.0714603662,0.0755546466,0.0000000946,0.0000000000,0.0000000000,0.0000000000,-0.0085609881,0.1285414100,-0.0011065288,0.0673067346,0.1286401004,0.0086996313
15:11:23:42.149,61,0.0313482881,0.2074707896,0.1118636727,0.0000000000,0.0000000000,0.0295955315,0.0000000000,0.0311673600,0.2077824920,0.0134570925,0.0000000000,0.0000000000,0.0295932665,0.0000000000,0.0136869838,0.0015276633,0.0000000000,0.0148318680,0.0148924775,0.0113726612,0.0532212108,0.0129125649,0.0000000000,0.0677099004,0.0680097714,0.0000000000,0.0000000000,0.0408181995,0.0397047810,0.0365875065,0.0358414128,0.0356296971,0.0135904355,0.1915402859,0.1360050291,0.0630073398,0.0676792711,0.0270049311,0.0254960228,0.0214211624,0.0220156703,0.2130249143,0.2126964033,0.0194259081,0.0000000000,0.0000000000,0.0224837810,0.0281386841,0.0292557385,0.0705396980,0.0746179968,0.0000000878,0.0000000000,0.0000000000,0.0000000000,-0.0081543382,0.1269313395,-0.0010406241,0.0677847266,0.1270299703,0.0086504649
15:11:23:43.150,61,0.0280822199,0.2043681294,0.1124678478,0.0000000000,0.0000000000,0.0290003438,0.0000000000,0.0279162955,0.2046788186,0.0128853610,0.0000000000,0.0000000000,0.0289981142,0.0000000000,0.0133982217,0.0016923838,0.0000000000,0.0145610422,0.0146233151,0.0109513160,0.0525466464,0.0132635674,0.0000000000,0.0673492625,0.0678505749,0.0000000000,0.0000000000,0.0404224880,0.0393026806,0.0361482836,0.0353620909,0.0350944400,0.0133686513,0.1909707785,0.1354874074,0.0623849519,0.0670510530,0.0264906753,0.0249842945,0.0208974276,0.0214885958,0.2123005986,0.2119744271,0.0194000900,0.0000000000,0.0000000000,0.0220097955,0.0275376327,0.0286559761,0.0697314665,0.0737986416,0.0000000935,0.0000000000,0.0000000000,0.0000000000,-0.0078097736,0.1250350028,-0.0009816057,0.0681671947,0.1251335442,0.0085679563
15:11:23:44.155,61,0.0250545014,0.2004210353,0.1130704209,0.0000000000,0.0000000000,0.0285181049,0.0000000000,0.0249064136,0.2007286847,0.0122910757,0.0000000000,0.0000000000,0.0285158902,0.0000000000,0.0131286904,0.0018965756,0.0000000000,0.0142898038,0.0143531347,0.0105466386,0.0518558696,0.0135046737,0.0000000000,0.0668581650,0.0677292347,0.0000000000,0.0000000000,0.0400102325,0.0388923958,0.0357102454,0.0348822773,0.0345713161,0.0131541677,0.1905863583,0.1351640970,0.0618626401,0.0665407106,0.0259887334,0.0244906973,0.0204045810,0.0209999923,0.2126667202,0.2123521715,0.0193326920,0.0000000000,0.0000000000,0.0215493236,0.0269682799,0.0280945767,0.0689782873,0.0730604678,0.0000000854,0.0000000000,0.0000000000,0.0000000000,-0.0074518179,0.1226216108,-0.0009183525,0.0685529634,0.1227199510,0.0084484834
15:11:23:45.154,61,0.0236308370,0.1971874684,0.1140713841,0.0000000000,0.0000000000,0.0281744413,0.0000000000,0.0234882850,0.1974971443,0.0112885069,0.0000000000,0.0000000000,0.0281722378,0.0000000000,0.0129027991,0.0021368337,0.0000000000,0.0140516553,0.0141142532,0.0101875653,0.0513248667,0.0137355672,0.0000000000,0.0664171055,0.0676994473,0.0000000000,0.0000000000,0.0397220142,0.0386085287,0.0353559181,0.0344854705,0.0341695473,0.0129548693,0.1924673021,0.1355246454,0.0616227500,0.0663357973,0.0255655833,0.0240752492,0.0200119410,0.0206127763,0.2277173847,0.2274495661,0.0192405004,0.0000000000,0.0000000000,0.0211343933,0.0264969226,0.0276363213,0.0684667453,0.0725828558,0.0000000557,0.0000000000,0.0000000000,0.0000000000,-0.0068456335,0.1206469908,-0.0008299291,0.0691765249,0.1207451895,0.0083866743
