Timecode,BlendshapeCount,EyeBlinkLeft,EyeLookDownLeft,EyeLookInLeft,EyeLookOutLeft,EyeLookUpLeft,EyeSquintLeft,EyeWideLeft,EyeBlinkRight,EyeLookDownRight,EyeLookInRight,EyeLookOutRight,EyeLookUpRight,EyeSquintRight,EyeWideRight,JawForward,JawRight,JawLeft,JawOpen,MouthClose,MouthFunnel,MouthPucker,MouthRight,MouthLeft,MouthSmileLeft,MouthSmileRight,MouthFrownLeft,MouthFrownRight,MouthDimpleLeft,MouthDimpleRight,MouthStretchLeft,MouthStretchRight,MouthRollLower,MouthRollUpper,MouthShrugLower,MouthShrugUpper,MouthPressLeft,MouthPressRight,MouthLowerDownLeft,MouthLowerDownRight,MouthUpperUpLeft,MouthUpperUpRight,BrowDownLeft,BrowDownRight,BrowInnerUp,BrowOuterUpLeft,BrowOuterUpRight,CheekPuff,CheekSquintLeft,CheekSquintRight,NoseSneerLeft,NoseSneerRight,TongueOut,HeadYaw,HeadPitch,HeadRoll,LeftEyeYaw,LeftEyePitch,LeftEyeRoll,RightEyeYaw,RightEyePitch,RightEyeRoll
00:42:09:26.430,61,0.1089210808,0.1901796013,0.1249460429,0.0000000000,0.0000000000,0.0592927411,0.0000000000,0.1089200154,0.1906043589,0.0024282234,0.0000000000,0.0000000000,0.0592805184,0.0000000000,0.0106089590,0.0011317707,0.0000000000,0.0152296452,0.0153562808,0.0104621761,0.0746208504,0.0085478174,0.0000000000,0.0000000000,0.0000000000,0.0328888819,0.0129864905,0.0237129834,0.0232328791,0.0291450694,0.0282102786,0.0350183360,0.0102248499,0.2373149842,0.1753948778,0.0603298582,0.0639923438,0.0211451706,0.0205125026,0.0191822425,0.0203125812,0.3824751079,0.3823845088,0.0163949374,0.0000000000,0.0000000000,0.0179899279,0.0287887100,0.0300201606,0.0682190955,0.0733179450,0.0000000157,0.0000000000,0.0000000000,0.0000000000,-0.0014732741,0.1164337099,-0.0001723181,0.0758097321,0.1165102571,0.0088640684
00:42:09:27.431,61,0.1083346456,0.1898582280,0.1249168068,0.0000000000,0.0000000000,0.0595610254,0.0000000000,0.1083336249,0.1902818382,0.0024767229,0.0000000000,0.0000000000,0.0595486239,0.0000000000,0.0106609035,0.0012305030,0.0000000000,0.0151929092,0.0153054502,0.0103669632,0.0740261301,0.0086649377,0.0000000000,0.0000000000,0.0000000000,0.0310810581,0.0109736696,0.0236446913,0.0231607743,0.0290289838,0.0280700903,0.0349193998,0.0102561638,0.2366560400,0.1746327132,0.0602463894,0.0639406741,0.0211648922,0.0205149949,0.0190862063,0.0202011336,0.3839476705,0.3838537633,0.0161749423,0.0000000000,0.0000000000,0.0179144368,0.0288719069,0.0301018525,0.0684244782,0.0735217482,0.0000000156,0.0000000000,0.0000000000,0.0000000000,-0.0015027347,0.1162367016,-0.0001754638,0.0757937133,0.1163132265,0.0088470783
00:42:09:28.433,61,0.1077085659,0.1894072443,0.1249792799,0.0000000000,0.0000000000,0.0597467497,0.0000000000,0.1077075079,0.1898301095,0.0024384849,0.0000000000,0.0000000000,0.0597342625,0.0000000000,0.0106879240,0.0013230647,0.0000000000,0.0151533140,0.0152547434,0.0102740107,0.0734659955,0.0087437052,0.0000000000,0.0000000000,0.0000000000,0.0304524414,0.0103687681,0.0235431660,0.0230590347,0.0289065279,0.0279337205,0.0347954109,0.0102716414,0.2357988507,0.1738857776,0.0600516014,0.0637614504,0.0211463980,0.0204823110,0.0189806242,0.0200816132,0.3829493821,0.3828508854,0.0159764774,0.0000000000,0.0000000000,0.0178410709,0.0289191511,0.0301522482,0.0684614107,0.0735541806,0.0000000134,0.0000000000,0.0000000000,0.0000000000,-0.0014795817,0.1159607470,-0.0001723465,0.0758340731,0.1160372943,0.0088305883
00:42:09:29.435,61,0.1071136370,0.1888438910,0.1247925460,0.0000000000,0.0000000000,0.0599630736,0.0000000000,0.1071125492,0.1892635077,0.0026221760,0.0000000000,0.0000000000,0.0599505492,0.0000000000,0.0107019041,0.0014124856,0.0000000000,0.0151103577,0.0152025577,0.0101905605,0.0730174631,0.0087935980,0.0000000000,0.0000000000,0.0000000000,0.0299962759,0.0100815287,0.0234461892,0.0229606554,0.0287947487,0.0278137568,0.0346772857,0.0102773821,0.2354111820,0.1734517068,0.0599197932,0.0636449829,0.0211025588,0.0204284582,0.0188996717,0.0199888181,0.3826628327,0.3825632930,0.0157880727,0.0000000000,0.0000000000,0.0177804269,0.0289829168,0.0302213673,0.0685359612,0.0736276433,0.0000000127,0.0000000000,0.0000000000,0.0000000000,-0.0015911029,0.1156146750,-0.0001847788,0.0757237896,0.1156911775,0.0087912371
00:42:09:30.436,61,0.1065807343,0.1884424388,0.1242297515,0.0000000000,0.0000000000,0.0600590594,0.0000000000,0.1065796688,0.1888559610,0.0031913507,0.0000000000,0.0000000000,0.0600465387,0.0000000000,0.0107058892,0.0015036804,0.0000000000,0.0150604378,0.0151558425,0.0101139592,0.0725172460,0.0088209761,0.0000000000,0.0000000000,0.0000000000,0.0297480673,0.0099779721,0.0233629588,0.0228779409,0.0287147034,0.0277220886,0.0345554166,0.0102771660,0.2348669320,0.1728884727,0.0597472675,0.0634879693,0.0210780352,0.0203966647,0.0188250672,0.0199052002,0.3802037835,0.3801092207,0.0156349055,0.0000000000,0.0000000000,0.0177257564,0.0290311407,0.0302866362,0.0686115772,0.0737028867,0.0000000142,0.0000000000,0.0000000000,0.0000000000,-0.0019365264,0.1153657809,-0.0002244052,0.0753844306,0.1154422611,0.0087329186
00:42:09:31.438,61,0.1060050651,0.1882598102,0.1236449033,0.0000000000,0.0000000000,0.0600408502,0.0000000000,0.1060039178,0.1886675954,0.0037661584,0.0000000000,0.0000000000,0.0600284375,0.0000000000,0.0107141724,0.0016010790,0.0000000000,0.0150166648,0.0151100159,0.0100347213,0.0719712973,0.0089110089,0.0000000000,0.0000000000,0.0000000000,0.0297744069,0.0101781003,0.0232782941,0.0227944106,0.0286208205,0.0276129209,0.0344543122,0.0102824923,0.2342604399,0.1722735763,0.0595538244,0.0633132011,0.0210612938,0.0203700252,0.0187503733,0.0198224261,0.3786545694,0.3785622716,0.0154753877,0.0000000000,0.0000000000,0.0176695064,0.0290267207,0.0302991234,0.0686144009,0.0737009570,0.0000000145,0.0000000000,0.0000000000,0.0000000000,-0.0022853534,0.1152507812,-0.0002645609,0.0750305280,0.1153272986,0.0086832652
00:42:09:32.440,61,0.1053860262,0.1883553565,0.1228163019,0.0000000000,0.0000000000,0.0596883893,0.0000000000,0.1053844020,0.1887560785,0.0045766453,0.0000000000,0.0000000000,0.0596763194,0.0000000000,0.0107499724,0.0016753168,0.0000000000,0.0149901910,0.0150755076,0.0100015523,0.0716600642,0.0090022581,0.0000000000,0.0000000000,0.0000000000,0.0302022193,0.0113274092,0.0232504010,0.0227668118,0.0285620280,0.0275449194,0.0344601572,0.0103004510,0.2343108356,0.1721464396,0.0596025176,0.0633839890,0.0210439749,0.0203449875,0.0187222138,0.0197893102,0.3717058003,0.3716032207,0.0153300725,0.0000000000,0.0000000000,0.0177161638,0.0289738290,0.0302585047,0.0686679929,0.0737401992,0.0000000173,0.0000000000,0.0000000000,0.0000000000,-0.0027771494,0.1153049767,-0.0003216455,0.0745272338,0.1153814495,0.0086292168
00:42:09:33.441,61,0.1027809009,0.1880423576,0.1225701347,0.0000000000,0.0000000000,0.0591496937,0.0000000000,0.1027727574,0.1884400547,0.0048168851,0.0000000000,0.0000000000,0.0591380000,0.0000000000,0.0107907783,0.0017104037,0.0000000000,0.0149695659,0.0150428321,0.0100089079,0.0716459677,0.0089878077,0.0000000000,0.0000000000,0.0000000000,0.0328754932,0.0157193411,0.0232649427,0.0227876436,0.0285522733,0.0275474153,0.0345100015,0.0103167295,0.2352171838,0.1724543720,0.0598099530,0.0636074170,0.0209736805,0.0202789493,0.0187089164,0.0197741818,0.3461797535,0.3460265696,0.0152307888,0.0000000000,0.0000000000,0.0178673044,0.0288896337,0.0301786475,0.0686085969,0.0736634955,0.0000000222,0.0000000000,0.0000000000,0.0000000000,-0.0029229943,0.1151119843,-0.0003379653,0.0743794888,0.1151884422,0.0085976096
00:42:09:34.443,61,0.1015645936,0.1876669973,0.1222047359,0.0000000000,0.0000000000,0.0586108789,0.0000000000,0.1015545279,0.1880604327,0.0051908493,0.0000000000,0.0000000000,0.0585995652,0.0000000000,0.0108391661,0.0017052559,0.0000000000,0.0149611691,0.0150243845,0.0100410739,0.0717940331,0.0089410087,0.0000000000,0.0000000000,0.0000000000,0.0346185155,0.0186694656,0.0232703593,0.0228008106,0.0285545122,0.0275696311,0.0345820673,0.0103306063,0.2364802212,0.1729274541,0.0600962788,0.0639034957,0.0209092330,0.0202230532,0.0187229104,0.0197866205,0.3390090764,0.3388439715,0.0151378233,0.0000000000,0.0000000000,0.0180451795,0.0288269687,0.0301136505,0.0686319098,0.0736625046,0.0000000261,0.0000000000,0.0000000000,0.0000000000,-0.0031500089,0.1148801744,-0.0003634733,0.0741597340,0.1149566248,0.0085548498
00:42:09:35.444,61,0.1009183004,0.1878834069,0.1217079386,0.0000000000,0.0000000000,0.0581781939,0.0000000000,0.1009072959,0.1882730126,0.0056871884,0.0000000000,0.0000000000,0.0581671894,0.0000000000,0.0108967349,0.0017085744,0.0000000000,0.0149626592,0.0150135485,0.0100708595,0.0719031617,0.0088370787,0.0000000000,0.0000000000,0.0000000000,0.0364748612,0.0204370487,0.0232504588,0.0227893963,0.0285309069,0.0275612604,0.0346775763,0.0103514818,0.2373737842,0.1734170169,0.0603899658,0.0642163604,0.0208694004,0.0201906804,0.0187446605,0.0198130254,0.3436510563,0.3435220122,0.0150249666,0.0000000000,0.0000000000,0.0181960836,0.0287804082,0.0300659072,0.0687569603,0.0737816095,0.0000000288,0.0000000000,0.0000000000,0.0000000000,-0.0034511546,0.1150101423,-0.0003986763,0.0738571286,0.1150865778,0.0085297255
00:42:09:36.446,61,0.1007554755,0.1881192774,0.1208629906,0.0000000000,0.0000000000,0.0580004714,0.0000000000,0.1007442027,0.1885020137,0.0065018097,0.0000000000,0.0000000000,0.0579897650,0.0000000000,0.0109543707,0.0017288158,0.0000000000,0.0149791520,0.0150235826,0.0101259137,0.0720804632,0.0087304432,0.0000000000,0.0000000000,0.0000000000,0.0379002765,0.0218065977,0.0231955573,0.0227433760,0.0285334922,0.0275772121,0.0347598009,0.0103667742,0.2380473316,0.1737911403,0.0606501997,0.0644887462,0.0208649784,0.0201908294,0.0187804792,0.0198477171,0.3595232069,0.3594390452,0.0149114821,0.0000000000,0.0000000000,0.0183252674,0.0288179684,0.0301083419,0.0690421686,0.0740528479,0.0000000281,0.0000000000,0.0000000000,0.0000000000,-0.0039454270,0.1151502356,-0.0004563344,0.0733431727,0.1152267009,0.0084808804
00:42:09:37.448,61,0.1008053645,0.1886639446,0.1202199906,0.0000000000,0.0000000000,0.0578944720,0.0000000000,0.1007941961,0.1890424043,0.0071311668,0.0000000000,0.0000000000,0.0578840747,0.0000000000,0.0110144345,0.0017812721,0.0000000000,0.0150023447,0.0150449080,0.0101913270,0.0723013356,0.0086074471,0.0000000000,0.0000000000,0.0000000000,0.0396647044,0.0231577009,0.0231269039,0.0226834454,0.0285576228,0.0276130550,0.0348368213,0.0103783114,0.2385836542,0.1740815639,0.0608686768,0.0647222996,0.0208810680,0.0202103052,0.0188227464,0.0198900606,0.3676246703,0.3675540686,0.0148051688,0.0000000000,0.0000000000,0.0184400361,0.0288783815,0.0301808659,0.0693867803,0.0743848383,0.0000000257,0.0000000000,0.0000000000,0.0000000000,-0.0043271687,0.1154805198,-0.0005019353,0.0729501769,0.1155569702,0.0084599154
00:42:09:38.449,61,0.1008254588,0.1891962141,0.1195067838,0.0000000000,0.0000000000,0.0577097498,0.0000000000,0.1008144096,0.1895696074,0.0078408988,0.0000000000,0.0000000000,0.0576996729,0.0000000000,0.0110860923,0.0018362204,0.0000000000,0.0150183989,0.0150518781,0.0102471281,0.0725198835,0.0085313572,0.0000000000,0.0000000000,0.0000000000,0.0414910354,0.0249215588,0.0230987053,0.0226607490,0.0285735112,0.0276372470,0.0349458233,0.0103962682,0.2397479266,0.1746118367,0.0611762479,0.0650512129,0.0208898932,0.0202223007,0.0188693907,0.0199370123,0.3711048365,0.3710401952,0.0147030484,0.0000000000,0.0000000000,0.0185630005,0.0289051309,0.0302163288,0.0696875155,0.0746775195,0.0000000191,0.0000000000,0.0000000000,0.0000000000,-0.0047576535,0.1158028170,-0.0005534235,0.0725146756,0.1158792898,0.0084331688
00:42:09:39.451,61,0.1006583050,0.1895068586,0.1188750044,0.0000000000,0.0000000000,0.0573514663,0.0000000000,0.1006472930,0.1898753494,0.0085000405,0.0000000000,0.0000000000,0.0573417097,0.0000000000,0.0111549096,0.0018715146,0.0000000000,0.0150326276,0.0150619000,0.0102822892,0.0726103559,0.0085691614,0.0000000000,0.0000000000,0.0000000000,0.0422167443,0.0257328581,0.0230737627,0.0226382110,0.0285747256,0.0276405253,0.0350465737,0.0104166660,0.2402174175,0.1748303324,0.0613872036,0.0652843118,0.0209167060,0.0202474594,0.0189080574,0.0199697949,0.3723591864,0.3722955287,0.0146074509,0.0000000000,0.0000000000,0.0186576825,0.0288924463,0.0302016512,0.0699561015,0.0749177858,0.0000000181,0.0000000000,0.0000000000,0.0000000000,-0.0051574898,0.1159897894,-0.0006009109,0.0721297339,0.1160663217,0.0084021427
00:42:09:40.452,61,0.1005515456,0.1902863830,0.1179953367,0.0000000000,0.0000000000,0.0569952428,0.0000000000,0.1005408168,0.1906488538,0.0094030751,0.0000000000,0.0000000000,0.0569857024,0.0000000000,0.0111954203,0.0019272842,0.0000000000,0.0150252478,0.0150513640,0.0102766622,0.0724725500,0.0086807674,0.0000000000,0.0000000000,0.0000000000,0.0422787517,0.0258610863,0.0230465252,0.0226081647,0.0285587348,0.0276096836,0.0350784101,0.0104267439,0.2402619869,0.1747782826,0.0614489503,0.0653663278,0.0209324602,0.0202569887,0.0189104993,0.0199673288,0.3722097278,0.3721377254,0.0145160146,0.0000000000,0.0000000000,0.0186859854,0.0288478676,0.0301599149,0.0701173246,0.0750563070,0.0000000164,0.0000000000,0.0000000000,0.0000000000,-0.0057051028,0.1164626703,-0.0006674482,0.0715920180,0.1165392324,0.0083739022
00:42:09:41.454,61,0.1005327851,0.1908969432,0.1171600670,0.0000000000,0.0000000000,0.0566675514,0.0000000000,0.1005223915,0.1912533045,0.0102757988,0.0000000000,0.0000000000,0.0566581674,0.0000000000,0.0112247411,0.0020246890,0.0000000000,0.0150042428,0.0150363240,0.0102560548,0.0722337812,0.0087702088,0.0000000000,0.0000000000,0.0000000000,0.0423527285,0.0259176120,0.0229930133,0.0225531366,0.0285437144,0.0275731236,0.0350752324,0.0104239769,0.2400679588,0.1745903343,0.0614049286,0.0653373823,0.0209338367,0.0202552956,0.0189035088,0.0199555252,0.3702606857,0.3701737523,0.0144437468,0.0000000000,0.0000000000,0.0186876804,0.0288081393,0.0301240031,0.0702417344,0.0751661733,0.0000000128,0.0000000000,0.0000000000,0.0000000000,-0.0062343385,0.1168322861,-0.0007316994,0.0710821301,0.1169088706,0.0083409790
00:42:09:42.456,61,0.1003609300,0.1911391169,0.1164231226,0.0000000000,0.0000000000,0.0564596280,0.0000000000,0.1003508642,0.1914893240,0.0110516604,0.0000000000,0.0000000000,0.0564503409,0.0000000000,0.0112502556,0.0021605520,0.0000000000,0.0149795040,0.0150139537,0.0102317231,0.0720533207,0.0088053737,0.0000000000,0.0000000000,0.0000000000,0.0427100174,0.0262045600,0.0229231343,0.0224819928,0.0285364240,0.0275447425,0.0350624584,0.0104057919,0.2401704639,0.1747009754,0.0613649674,0.0653069317,0.0208882410,0.0202104636,0.0189011302,0.0199509282,0.3695762753,0.3694842458,0.0143749584,0.0000000000,0.0000000000,0.0186780412,0.0288123768,0.0301371794,0.0703758821,0.0752698407,0.0000000149,0.0000000000,0.0000000000,0.0000000000,-0.0067049400,0.1169768125,-0.0007879136,0.0706337988,0.1170534790,0.0082988050
00:42:09:43.457,61,0.1002128050,0.1917033046,0.1150209829,0.0000000000,0.0000000000,0.0562501699,0.0000000000,0.1002028212,0.1920420676,0.0124956947,0.0000000000,0.0000000000,0.0562409535,0.0000000000,0.0112548694,0.0023073608,0.0000000000,0.0149454512,0.0149902711,0.0102002770,0.0717976093,0.0088844979,0.0000000000,0.0000000000,0.0000000000,0.0428851619,0.0263313856,0.0228406414,0.0223965216,0.0285284147,0.0275110304,0.0350153372,0.0103779463,0.2400932759,0.1746814102,0.0612523817,0.0652033761,0.0208419412,0.0201656353,0.0189005863,0.0199451987,0.3687694967,0.3686736822,0.0143196899,0.0000000000,0.0000000000,0.0186474323,0.0288158078,0.0301499180,0.0704949200,0.0753424242,0.0000000138,0.0000000000,0.0000000000,0.0000000000,-0.0075807218,0.1173152402,-0.0008934278,0.0697803125,0.1173919067,0.0082226200
00:42:09:44.459,61,0.1001572385,0.1921041608,0.1135297492,0.0000000000,0.0000000000,0.0560459569,0.0000000000,0.1001474559,0.1924302727,0.0139986435,0.0000000000,0.0000000000,0.0560368411,0.0000000000,0.0112600578,0.0024378682,0.0000000000,0.0149242850,0.0149781993,0.0101930909,0.0716440529,0.0089388927,0.0000000000,0.0000000000,0.0000000000,0.0430178940,0.0264586564,0.0227870941,0.0223370027,0.0285510290,0.0275091529,0.0349800661,0.0103556216,0.2400504053,0.1746601611,0.0611913949,0.0651486814,0.0208061673,0.0201332327,0.0188986883,0.0199358203,0.3674024045,0.3673043251,0.0142871458,0.0000000000,0.0000000000,0.0186506733,0.0288270656,0.0301707294,0.0706299245,0.0754160956,0.0000000178,0.0000000000,0.0000000000,0.0000000000,-0.0084922723,0.1175532416,-0.0010029057,0.0688736588,0.1176299304,0.0081325667
00:42:09:45.461,61,0.1000646800,0.1923331916,0.1120126396,0.0000000000,0.0000000000,0.0558109544,0.0000000000,0.1000551134,0.1926459521,0.0155562060,0.0000000000,0.0000000000,0.0558019578,0.0000000000,0.0112614753,0.0025563159,0.0000000000,0.0149123017,0.0149779925,0.0101935919,0.0715572610,0.0089925108,0.0000000000,0.0000000000,0.0000000000,0.0428849310,0.0263477918,0.0227442943,0.0222876370,0.0285856333,0.0275228452,0.0349567011,0.0103328880,0.2400812060,0.1746633798,0.0611353926,0.0651034042,0.0207876414,0.0201200098,0.0189149138,0.0199431758,0.3662766814,0.3661773801,0.0142682735,0.0000000000,0.0000000000,0.0186585598,0.0288403369,0.0301932506,0.0707939416,0.0755046979,0.0000000230,0.0000000000,0.0000000000,0.0000000000,-0.0094370181,0.1176859811,-0.0011157437,0.0679521933,0.1177627072,0.0080330744
00:42:09:46.462,61,0.0998720601,0.1922747791,0.1099458113,0.0000000000,0.0000000000,0.0555954054,0.0000000000,0.0998628661,0.1925685406,0.0176558308,0.0000000000,0.0000000000,0.0555865504,0.0000000000,0.0112615470,0.0026614065,0.0000000000,0.0148952911,0.0149727464,0.0101797516,0.0714453682,0.0090211956,0.0000000000,0.0000000000,0.0000000000,0.0411627255,0.0241598133,0.0227293391,0.0222655647,0.0285906363,0.0275076889,0.0349473767,0.0103230970,0.2401912808,0.1747065037,0.0611470267,0.0651360303,0.0207707807,0.0201089233,0.0189328939,0.0199579038,0.3655783832,0.3654792309,0.0142472852,0.0000000000,0.0000000000,0.0186653063,0.0288431365,0.0302100163,0.0709841698,0.0756128058,0.0000000254,0.0000000000,0.0000000000,0.0000000000,-0.0107107963,0.1176402196,-0.0012658405,0.0666986480,0.1177169457,0.0078820214
00:42:09:47.463,61,0.0996363685,0.1918431818,0.1077449694,0.0000000000,0.0000000000,0.0553887822,0.0000000000,0.0996275097,0.1921159476,0.0199042056,0.0000000000,0.0000000000,0.0553800687,0.0000000000,0.0112566268,0.0027711364,0.0000000000,0.0148814712,0.0149732092,0.0101677794,0.0713321790,0.0090850787,0.0000000000,0.0000000000,0.0000000000,0.0402678028,0.0232007429,0.0226973034,0.0222271532,0.0285975058,0.0274980497,0.0349231064,0.0103051886,0.2402396351,0.1746951193,0.0611028075,0.0651097670,0.0207563899,0.0201002955,0.0189570822,0.0199747160,0.3648989499,0.3648003936,0.0142281428,0.0000000000,0.0000000000,0.0186579023,0.0288489945,0.0302305855,0.0711601004,0.0756865293,0.0000000294,0.0000000000,0.0000000000,0.0000000000,-0.0120751513,0.1173655540,-0.0014237144,0.0653655827,0.1174423024,0.0077065313
00:42:09:48.465,61,0.0995070636,0.1910593361,0.1051957235,0.0000000000,0.0000000000,0.0552796945,0.0000000000,0.0994985700,0.1913074553,0.0224756580,0.0000000000,0.0000000000,0.0552711263,0.0000000000,0.0112658395,0.0028521537,0.0000000000,0.0148690026,0.0149692204,0.0101639749,0.0712946877,0.0091256807,0.0000000000,0.0000000000,0.0000000000,0.0394267701,0.0223842710,0.0226992164,0.0222180411,0.0285975058,0.0274836067,0.0349303409,0.0103068165,0.2405101359,0.1748365611,0.0612045117,0.0652384460,0.0207536481,0.0201028250,0.0189819969,0.0199938696,0.3650328815,0.3649359345,0.0141972555,0.0000000000,0.0000000000,0.0186854359,0.0288657341,0.0302623659,0.0714130923,0.0758330822,0.0000000292,0.0000000000,0.0000000000,0.0000000000,-0.0136359483,0.1168739945,-0.0016009329,0.0638226420,0.1169507131,0.0074930922
00:42:09:49.467,61,0.0993984267,0.1903848350,0.1024608910,0.0000000000,0.0000000000,0.0551781543,0.0000000000,0.0993902534,0.1906069815,0.0252467040,0.0000000000,0.0000000000,0.0551697463,0.0000000000,0.0112888822,0.0029373162,0.0000000000,0.0148520144,0.0149532985,0.0101449192,0.0711441189,0.0092301285,0.0000000000,0.0000000000,0.0000000000,0.0363351479,0.0195986088,0.0227648392,0.0222638641,0.0286009554,0.0274557862,0.0349509493,0.0103313616,0.2406307012,0.1748149544,0.0613404773,0.0654150099,0.0207742602,0.0201258175,0.0189825986,0.0199861843,0.3652639091,0.3651688099,0.0141705060,0.0000000000,0.0000000000,0.0187119823,0.0288651399,0.0302810054,0.0716720745,0.0759884194,0.0000000304,0.0000000000,0.0000000000,0.0000000000,-0.0153179020,0.1164489016,-0.0017917877,0.0621664524,0.1165256053,0.0072721350
00:42:09:50.468,61,0.0992424339,0.1891911924,0.0994666889,0.0000000000,0.0000000000,0.0551787354,0.0000000000,0.0992346331,0.1893843114,0.0282982849,0.0000000000,0.0000000000,0.0551704802,0.0000000000,0.0113195162,0.0030174113,0.0000000000,0.0148405386,0.0149378665,0.0101122977,0.0707835034,0.0094287423,0.0000000000,0.0000000000,0.0000000000,0.0306291524,0.0141922534,0.0228750594,0.0223450363,0.0286127478,0.0274206251,0.0349459425,0.0103784716,0.2398045212,0.1740075946,0.0613895021,0.0655058995,0.0208438225,0.0201874673,0.0189419389,0.0199318230,0.3657874763,0.3656944036,0.0141534545,0.0000000000,0.0000000000,0.0187137015,0.0288941097,0.0303282663,0.0719379857,0.0761493742,0.0000000338,0.0000000000,0.0000000000,0.0000000000,-0.0171708800,0.1157054380,-0.0019955770,0.0603549257,0.1157820895,0.0070150387
00:42:09:51.470,61,0.0990581512,0.1888788939,0.0977224037,0.0000000000,0.0000000000,0.0551554821,0.0000000000,0.0990507081,0.1890557855,0.0300774612,0.0000000000,0.0000000000,0.0551473796,0.0000000000,0.0113515817,0.0031122647,0.0000000000,0.0148307402,0.0149225146,0.0100789834,0.0704248622,0.0096142991,0.0000000000,0.0000000000,0.0000000000,0.0284493621,0.0118944403,0.0229836572,0.0224235747,0.0286260918,0.0273819230,0.0349592790,0.0104241222,0.2392911464,0.1734566689,0.0614417382,0.0656069145,0.0209090039,0.0202429444,0.0189091861,0.0198871642,0.3663088679,0.3662182689,0.0141343502,0.0000000000,0.0000000000,0.0187222250,0.0289196465,0.0303737000,0.0722144023,0.0763264820,0.0000000341,0.0000000000,0.0000000000,0.0000000000,-0.0182508733,0.1155069321,-0.0021174073,0.0592978559,0.1155836061,0.0068804035
00:42:09:52.472,61,0.0988254771,0.1894666851,0.0979200751,0.0000000000,0.0000000000,0.0549768992,0.0000000000,0.0988182724,0.1896462291,0.0298898332,0.0000000000,0.0000000000,0.0549689718,0.0000000000,0.0113674616,0.0032498769,0.0000000000,0.0148221301,0.0149191944,0.0100554870,0.0702038631,0.0097268512,0.0000000000,0.0000000000,0.0000000000,0.0274773855,0.0108041344,0.0230336245,0.0224568900,0.0286397059,0.0273563955,0.0349718630,0.0104420111,0.2390648276,0.1731915027,0.0614426397,0.0656469315,0.0209345743,0.0202653911,0.0189039353,0.0198756587,0.3659393787,0.3658538759,0.0141353291,0.0000000000,0.0000000000,0.0187287275,0.0289117917,0.0303861611,0.0723858699,0.0764084831,0.0000000376,0.0000000000,0.0000000000,0.0000000000,-0.0181362610,0.1158674359,-0.0021107381,0.0594153181,0.1159441248,0.0069157123
00:42:09:53.474,61,0.0986354947,0.1895287633,0.0976203829,0.0000000000,0.0000000000,0.0547885336,0.0000000000,0.0986284316,0.1897056401,0.0302071832,0.0000000000,0.0000000000,0.0547807738,0.0000000000,0.0113945538,0.0033614726,0.0000000000,0.0148144253,0.0149103785,0.0100333616,0.0700741038,0.0098327929,0.0000000000,0.0000000000,0.0000000000,0.0270200819,0.0102978209,0.0230922811,0.0224998444,0.0286474936,0.0273324046,0.0350246429,0.0104586827,0.2392735034,0.1732872874,0.0615323037,0.0657729506,0.0209457465,0.0202750452,0.0189164337,0.0198841505,0.3657145798,0.3656308949,0.0141249290,0.0000000000,0.0000000000,0.0187435113,0.0288936030,0.0303815994,0.0725506097,0.0764850304,0.0000000396,0.0000000000,0.0000000000,0.0000000000,-0.0183287431,0.1159041449,-0.0021338183,0.0592332110,0.1159808561,0.0068967454
00:42:09:54.475,61,0.0986536667,0.1896931529,0.0971008167,0.0000000000,0.0000000000,0.0546584241,0.0000000000,0.0986468419,0.1898654699,0.0307726394,0.0000000000,0.0000000000,0.0546508022,0.0000000000,0.0114289541,0.0034254987,0.0000000000,0.0148046231,0.0149042578,0.0100247068,0.0699186772,0.0099964393,0.0000000000,0.0000000000,0.0000000000,0.0265658386,0.0098554036,0.0231764764,0.0225647241,0.0286644679,0.0273133013,0.0350747257,0.0104977312,0.2390991300,0.1730461717,0.0616416074,0.0659222156,0.0210079607,0.0203266181,0.0189179201,0.0198781714,0.3655343354,0.3654515445,0.0141298492,0.0000000000,0.0000000000,0.0187946483,0.0288962759,0.0303940661,0.0727804601,0.0766492337,0.0000000370,0.0000000000,0.0000000000,0.0000000000,-0.0186716262,0.1160025224,-0.0021755942,0.0589172691,0.1160792708,0.0068658772
00:42:09:55.476,61,0.0989564732,0.1900079250,0.0966961235,0.0000000000,0.0000000000,0.0546646416,0.0000000000,0.0989498794,0.1901768893,0.0312248226,0.0000000000,0.0000000000,0.0546570718,0.0000000000,0.0114755090,0.0034840102,0.0000000000,0.0148062641,0.0149018141,0.0100180991,0.0697787404,0.0101595977,0.0000000000,0.0000000000,0.0000000000,0.0258647352,0.0091704931,0.0233049095,0.0226727109,0.0286770277,0.0272889361,0.0351175293,0.0105550587,0.2388807237,0.1727074832,0.0617899336,0.0661115423,0.0211080071,0.0204133503,0.0189020261,0.0198557172,0.3667539954,0.3666711152,0.0141162397,0.0000000000,0.0000000000,0.0188340154,0.0289193634,0.0304201301,0.0730471760,0.0768607333,0.0000000406,0.0000000000,0.0000000000,0.0000000000,-0.0189455785,0.1161934137,-0.0022111759,0.0586704090,0.1162702069,0.0068484899
00:42:09:56.479,61,0.0993475765,0.1903046966,0.0964430124,0.0000000000,0.0000000000,0.0547561236,0.0000000000,0.0993412808,0.1904716790,0.0315244235,0.0000000000,0.0000000000,0.0547485799,0.0000000000,0.0115186479,0.0035433634,0.0000000000,0.0148048196,0.0148948180,0.0100113200,0.0696749166,0.0103177568,0.0000000000,0.0000000000,0.0000000000,0.0252150185,0.0084789256,0.0234465823,0.0227919370,0.0286993422,0.0272700135,0.0351535566,0.0106065655,0.2388231456,0.1724914014,0.0619664006,0.0663353056,0.0212152321,0.0205088165,0.0188895017,0.0198373515,0.3700043261,0.3699293733,0.0141022960,0.0000000000,0.0000000000,0.0188672747,0.0289585218,0.0304665249,0.0733270943,0.0771000236,0.0000000411,0.0000000000,0.0000000000,0.0000000000,-0.0191269573,0.1163739040,-0.0022358417,0.0585155934,0.1164507568,0.0068411431
00:42:09:57.480,61,0.0996690318,0.1905248612,0.0967666581,0.0000000000,0.0000000000,0.0548707619,0.0000000000,0.0996630490,0.1906949282,0.0312398411,0.0000000000,0.0000000000,0.0548632480,0.0000000000,0.0115550840,0.0035926553,0.0000000000,0.0148091009,0.0148930317,0.0100032883,0.0695551783,0.0104500512,0.0000000000,0.0000000000,0.0000000000,0.0245845728,0.0077817738,0.0235852432,0.0229110792,0.0287200380,0.0272557177,0.0351790972,0.0106555670,0.2386860400,0.1722307354,0.0620973520,0.0665094852,0.0213155467,0.0206003487,0.0188736636,0.0198178682,0.3713354766,0.3712633550,0.0140880113,0.0000000000,0.0000000000,0.0188880824,0.0290012490,0.0305166468,0.0735581443,0.0772954598,0.0000000484,0.0000000000,0.0000000000,0.0000000000,-0.0189539865,0.1165099144,-0.0022182378,0.0587110333,0.1165868267,0.0068720584
00:42:09:58.481,61,0.1000756994,0.1909564435,0.0974523798,0.0000000000,0.0000000000,0.0550480224,0.0000000000,0.1000699997,0.1911332607,0.0305781011,0.0000000000,0.0000000000,0.0550405942,0.0000000000,0.0115789063,0.0036447498,0.0000000000,0.0148261171,0.0149156814,0.0100311022,0.0696371570,0.0105322488,0.0000000000,0.0000000000,0.0000000000,0.0245085023,0.0076945410,0.0236362293,0.0229491070,0.0287509169,0.0272643268,0.0352035947,0.0106823081,0.2386686355,0.1720945090,0.0621957816,0.0666347891,0.0213975813,0.0206752401,0.0188904386,0.0198294744,0.3726878464,0.3726198673,0.0140740871,0.0000000000,0.0000000000,0.0189283807,0.0290839206,0.0306086130,0.0738435462,0.0775452629,0.0000000488,0.0000000000,0.0000000000,0.0000000000,-0.0185519103,0.1167768613,-0.0021762075,0.0591252521,0.1168537736,0.0069364738
00:42:09:59.482,61,0.1003984809,0.1913445741,0.0983523875,0.0000000000,0.0000000000,0.0551542006,0.0000000000,0.1003930792,0.1915302426,0.0296547916,0.0000000000,0.0000000000,0.0551468730,0.0000000000,0.0115757054,0.0036923189,0.0000000000,0.0148342270,0.0149346776,0.0100461775,0.0696550310,0.0105497902,0.0000000000,0.0000000000,0.0000000000,0.0247257985,0.0078694616,0.0236124657,0.0229227636,0.0287472457,0.0272500440,0.0351828746,0.0106916828,0.2383182049,0.1717748344,0.0621487722,0.0666001886,0.0214352962,0.0207099989,0.0188886188,0.0198251642,0.3728568256,0.3727908432,0.0140635390,0.0000000000,0.0000000000,0.0189410839,0.0291108582,0.0306503754,0.0739540830,0.0776299611,0.0000000441,0.0000000000,0.0000000000,0.0000000000,-0.0179912224,0.1170182154,-0.0021148459,0.0596696176,0.1170951054,0.0070148511
00:42:10:00.485,61,0.1006970480,0.1918265671,0.0990585238,0.0000000000,0.0000000000,0.0552042462,0.0000000000,0.1006919518,0.1920194775,0.0289219022,0.0000000000,0.0000000000,0.0551969856,0.0000000000,0.0115607334,0.0037237988,0.0000000000,0.0148463994,0.0149593214,0.0100635979,0.0696944594,0.0104904389,0.0000000000,0.0000000000,0.0000000000,0.0258264467,0.0086018844,0.0235573202,0.0228705108,0.0287494883,0.0272556469,0.0351485163,0.0106846550,0.2378840894,0.1714403182,0.0620105825,0.0664536953,0.0214528460,0.0207320936,0.0188789424,0.0198153444,0.3707649708,0.3707034886,0.0140734147,0.0000000000,0.0000000000,0.0189401321,0.0291116759,0.0306630693,0.0739456490,0.0775964484,0.0000000393,0.0000000000,0.0000000000,0.0000000000,-0.0175459720,0.1173161715,-0.0020678130,0.0600959398,0.1173930913,0.0070830518
00:42:10:01.486,61,0.1009253860,0.1920644343,0.0994982943,0.0000000000,0.0000000000,0.0553200655,0.0000000000,0.1009205952,0.1922617555,0.0284683611,0.0000000000,0.0000000000,0.0553128570,0.0000000000,0.0115394816,0.0037540263,0.0000000000,0.0148702729,0.0149961784,0.0100885173,0.0697878599,0.0104031852,0.0000000000,0.0000000000,0.0000000000,0.0265981406,0.0092382384,0.0234824363,0.0227986481,0.0287647452,0.0272752680,0.0351030566,0.0106704365,0.2374663800,0.1711159050,0.0618414134,0.0662699789,0.0214675777,0.0207531322,0.0188761503,0.0198136009,0.3702285588,0.3701692224,0.0140825436,0.0000000000,0.0000000000,0.0189325642,0.0291561037,0.0307214390,0.0739912242,0.0776089653,0.0000000332,0.0000000000,0.0000000000,0.0000000000,-0.0172705203,0.1174636409,-0.0020379359,0.0603616871,0.1175405458,0.0071233534
00:42:10:02.488,61,0.1011918336,0.1919280142,0.0998008773,0.0000000000,0.0000000000,0.0555873401,0.0000000000,0.1011873633,0.1921278685,0.0281637553,0.0000000000,0.0000000000,0.0555801056,0.0000000000,0.0115274042,0.0037668443,0.0000000000,0.0148930801,0.0150286555,0.0101101063,0.0698332712,0.0103297010,0.0000000000,0.0000000000,0.0000000000,0.0269633047,0.0095222108,0.0234396420,0.0227561556,0.0287850481,0.0272957366,0.0350620002,0.0106638791,0.2371854931,0.1708749086,0.0617418773,0.0661644489,0.0214933027,0.0207813829,0.0188781414,0.0198153500,0.3706390560,0.3705838621,0.0140842209,0.0000000000,0.0000000000,0.0189206898,0.0292497631,0.0308281239,0.0741192698,0.0777141824,0.0000000377,0.0000000000,0.0000000000,0.0000000000,-0.0170858931,0.1173814461,-0.0020147285,0.0605458505,0.1174583659,0.0071400171
00:42:10:03.489,61,0.1014175043,0.1919229031,0.0999149233,0.0000000000,0.0000000000,0.0558539554,0.0000000000,0.1014133319,0.1921238005,0.0280485880,0.0000000000,0.0000000000,0.0558467209,0.0000000000,0.0115152616,0.0037625330,0.0000000000,0.0149211427,0.0150652705,0.0101424614,0.0699196607,0.0102823908,0.0000000000,0.0000000000,0.0000000000,0.0272726603,0.0098321410,0.0234046932,0.0227188431,0.0288202241,0.0273297019,0.0350099616,0.0106628230,0.2367762625,0.1705168486,0.0616325215,0.0660488158,0.0215239096,0.0208115540,0.0188652817,0.0197994206,0.3709736764,0.3709202707,0.0140951993,0.0000000000,0.0000000000,0.0189238861,0.0293559413,0.0309436414,0.0742414072,0.0778016523,0.0000000442,0.0000000000,0.0000000000,0.0000000000,-0.0170160327,0.1173788235,-0.0020064462,0.0606150553,0.1174557507,0.0071480088
00:42:10:04.491,61,0.1016003117,0.1915839314,0.1000471786,0.0000000000,0.0000000000,0.0561531074,0.0000000000,0.1015963778,0.1917855740,0.0278870128,0.0000000000,0.0000000000,0.0561458766,0.0000000000,0.0115041081,0.0037881134,0.0000000000,0.0149521828,0.0151040182,0.0101737212,0.0699839965,0.0102984365,0.0000000000,0.0000000000,0.0000000000,0.0274235345,0.0100243902,0.0233771075,0.0226860158,0.0288634133,0.0273630042,0.0349545777,0.0106634488,0.2363468409,0.1701396406,0.0615130253,0.0659224987,0.0215547029,0.0208369847,0.0188479982,0.0197746735,0.3714369833,0.3713843822,0.0141075235,0.0000000000,0.0000000000,0.0189156737,0.0294753201,0.0310715698,0.0743546113,0.0778863728,0.0000000490,0.0000000000,0.0000000000,0.0000000000,-0.0169184227,0.1171719879,-0.0019913903,0.0606967770,0.1172488779,0.0071449098
00:42:10:05.493,61,0.1017852500,0.1911295950,0.0999729112,0.0000000000,0.0000000000,0.0565949678,0.0000000000,0.1017815247,0.1913299561,0.0279285740,0.0000000000,0.0000000000,0.0565876774,0.0000000000,0.0115094371,0.0037744986,0.0000000000,0.0149857346,0.0151356282,0.0101997452,0.0699781328,0.0103156986,0.0000000000,0.0000000000,0.0000000000,0.0271207392,0.0097999973,0.0234146453,0.0227111727,0.0289187189,0.0274086874,0.0349199101,0.0106816646,0.2360409498,0.1698244810,0.0615149811,0.0659257993,0.0216077454,0.0208826289,0.0188243091,0.0197423939,0.3755017519,0.3754515052,0.0141173098,0.0000000000,0.0000000000,0.0189149342,0.0296354517,0.0312352348,0.0745577961,0.0780671462,0.0000000605,0.0000000000,0.0000000000,0.0000000000,-0.0169441942,0.1168936864,-0.0019896424,0.0606536977,0.1169705018,0.0071227383
00:42:10:06.494,61,0.1020351052,0.1905453950,0.1001894772,0.0000000000,0.0000000000,0.0571349449,0.0000000000,0.1020315513,0.1907467842,0.0276938807,0.0000000000,0.0000000000,0.0571274757,0.0000000000,0.0115346536,0.0037431577,0.0000000000,0.0150155546,0.0151522812,0.0102212578,0.0700244457,0.0103071211,0.0000000000,0.0000000000,0.0000000000,0.0268007535,0.0095470278,0.0234975498,0.0227814969,0.0289778542,0.0274606757,0.0349080749,0.0107077966,0.2362109572,0.1698535830,0.0616504997,0.0660715401,0.0216637421,0.0209348518,0.0188068356,0.0197183099,0.3861523569,0.3861060739,0.0141072730,0.0000000000,0.0000000000,0.0189228468,0.0298019331,0.0314038694,0.0748007596,0.0782989413,0.0000000699,0.0000000000,0.0000000000,0.0000000000,-0.0168025047,0.1165371165,-0.0019669333,0.0607876256,0.1166139320,0.0071164882
00:42:10:07.496,61,0.1020945236,0.1900112331,0.1000430733,0.0000000000,0.0000000000,0.0576760098,0.0000000000,0.1020910963,0.1902105510,0.0278097037,0.0000000000,0.0000000000,0.0576683395,0.0000000000,0.0115463249,0.0037271336,0.0000000000,0.0150314681,0.0151610868,0.0102165909,0.0698947012,0.0103445770,0.0000000000,0.0000000000,0.0000000000,0.0263267681,0.0091102608,0.0235590022,0.0228293389,0.0290275197,0.0274965111,0.0348645784,0.0107251192,0.2360987067,0.1697074920,0.0616700612,0.0660995468,0.0217063557,0.0209708810,0.0187753048,0.0196801256,0.3898556232,0.3898110390,0.0141116707,0.0000000000,0.0000000000,0.0188881867,0.0299676191,0.0315774232,0.0749910772,0.0784723982,0.0000000844,0.0000000000,0.0000000000,0.0000000000,-0.0168734230,0.1162096485,-0.0019696334,0.0607011206,0.1162864044,0.0070862328
00:42:10:08.497,61,0.1021321788,0.1895453930,0.0995693654,0.0000000000,0.0000000000,0.0581054538,0.0000000000,0.1021288708,0.1897397637,0.0282646865,0.0000000000,0.0000000000,0.0580976903,0.0000000000,0.0115511483,0.0037490954,0.0000000000,0.0150458999,0.0151752755,0.0102150775,0.0697732866,0.0103417290,0.0000000000,0.0000000000,0.0000000000,0.0261684135,0.0089371642,0.0235773996,0.0228401497,0.0290813036,0.0275404789,0.0348269306,0.0107256686,0.2359111458,0.1695347875,0.0616203025,0.0660487041,0.0217273030,0.0209917128,0.0187580679,0.0196592119,0.3913878500,0.3913443089,0.0141236084,0.0000000000,0.0000000000,0.0188541785,0.0301139224,0.0317349620,0.0751629174,0.0786204487,0.0000000967,0.0000000000,0.0000000000,0.0000000000,-0.0171500575,0.1159225777,-0.0019969319,0.0604157113,0.1159992889,0.0070353854
00:42:10:09.499,61,0.1019883230,0.1889782846,0.0990378857,0.0000000000,0.0000000000,0.0583722852,0.0000000000,0.1019851193,0.1891670525,0.0287810676,0.0000000000,0.0000000000,0.0583645329,0.0000000000,0.0115580577,0.0037825285,0.0000000000,0.0150495945,0.0151746692,0.0102009876,0.0696866438,0.0103446608,0.0000000000,0.0000000000,0.0000000000,0.0264043473,0.0091770906,0.0235750116,0.0228300784,0.0291105453,0.0275595635,0.0348138697,0.0107217077,0.2359065562,0.1695647538,0.0615791157,0.0660060644,0.0217022467,0.0209711734,0.0187461674,0.0196427852,0.3915903568,0.3915471435,0.0141318943,0.0000000000,0.0000000000,0.0188283287,0.0302068312,0.0318374336,0.0752435476,0.0786738247,0.0000001017,0.0000000000,0.0000000000,0.0000000000,-0.0174640901,0.1155732870,-0.0020273114,0.0600956567,0.1156499758,0.0069768978
00:42:10:10.500,61,0.1017241180,0.1885862350,0.0989273116,0.0000000000,0.0000000000,0.0584121048,0.0000000000,0.1017209664,0.1887734085,0.0288930219,0.0000000000,0.0000000000,0.0584043972,0.0000000000,0.0115556577,0.0038437203,0.0000000000,0.0150472401,0.0151705910,0.0101861740,0.0695795044,0.0103790071,0.0000000000,0.0000000000,0.0000000000,0.0263011735,0.0090160472,0.0236078240,0.0228544325,0.0291463751,0.0275771171,0.0348140597,0.0107177263,0.2359223068,0.1695778966,0.0615532771,0.0659852847,0.0216961503,0.0209659785,0.0187440515,0.0196385551,0.3871282935,0.3870765269,0.0141477650,0.0000000000,0.0000000000,0.0188105069,0.0302402657,0.0318806432,0.0752687082,0.0786848217,0.0000001060,0.0000000000,0.0000000000,0.0000000000,-0.0175325125,0.1153329313,-0.0020309829,0.0600302257,0.1154095829,0.0069546960
00:42:10:11.502,61,0.1014927253,0.1884766817,0.0990997329,0.0000000000,0.0000000000,0.0582457408,0.0000000000,0.1014896408,0.1886651516,0.0287325177,0.0000000000,0.0000000000,0.0582381338,0.0000000000,0.0115510738,0.0039169504,0.0000000000,0.0150427409,0.0151737025,0.0101807881,0.0695749149,0.0103807291,0.0000000000,0.0000000000,0.0000000000,0.0263832789,0.0090160929,0.0236182474,0.0228664000,0.0291861240,0.0276077967,0.0348422676,0.0107011395,0.2361739129,0.1697929949,0.0615541525,0.0659939572,0.0216896180,0.0209658816,0.0187798142,0.0196764581,0.3815684319,0.3815109432,0.0141730001,0.0000000000,0.0000000000,0.0188067015,0.0302394498,0.0318883322,0.0753203779,0.0787136108,0.0000000975,0.0000000000,0.0000000000,0.0000000000,-0.0174352489,0.1152665913,-0.0020185451,0.0601353161,0.1153432950,0.0069628190
00:42:10:12.504,61,0.1012005061,0.1884946823,0.0992929116,0.0000000000,0.0000000000,0.0579475313,0.0000000000,0.1011974514,0.1886849999,0.0285142846,0.0000000000,0.0000000000,0.0579400435,0.0000000000,0.0115302941,0.0039618649,0.0000000000,0.0150316181,0.0151721286,0.0101796929,0.0695949271,0.0103427377,0.0000000000,0.0000000000,0.0000000000,0.0265676286,0.0091287065,0.0235953908,0.0228503905,0.0291997511,0.0276237931,0.0348540172,0.0106761232,0.2363414168,0.1699583679,0.0615229309,0.0659625009,0.0216631871,0.0209493376,0.0188127402,0.0197140221,0.3740863502,0.3740254045,0.0142025538,0.0000000000,0.0000000000,0.0188125819,0.0301918890,0.0318466462,0.0752759203,0.0786564276,0.0000000847,0.0000000000,0.0000000000,0.0000000000,-0.0173028018,0.1152784526,-0.0020034201,0.0602524541,0.1153551191,0.0069770869
00:42:10:13.505,61,0.1009419411,0.1886350214,0.0995461121,0.0000000000,0.0000000000,0.0575390980,0.0000000000,0.1009388715,0.1888278723,0.0282505527,0.0000000000,0.0000000000,0.0575317591,0.0000000000,0.0115127731,0.0040202443,0.0000000000,0.0150191318,0.0151727358,0.0101861954,0.0696647465,0.0103048263,0.0000000000,0.0000000000,0.0000000000,0.0268615223,0.0093358112,0.0235711168,0.0228343848,0.0292204265,0.0276466571,0.0348797776,0.0106474515,0.2366829962,0.1702566445,0.0615209863,0.0659669191,0.0216352697,0.0209319275,0.0188626889,0.0197701398,0.3687464893,0.3686808944,0.0142324120,0.0000000000,0.0000000000,0.0188325774,0.0301152542,0.0317768231,0.0752237886,0.0785948709,0.0000000650,0.0000000000,0.0000000000,0.0000000000,-0.0171425939,0.1153654233,-0.0019863832,0.0604055077,0.1154420823,0.0070001082
00:42:10:14.507,61,0.1006355360,0.1886459291,0.0997256562,0.0000000000,0.0000000000,0.0571398474,0.0000000000,0.1006324068,0.1888403594,0.0280849971,0.0000000000,0.0000000000,0.0571326278,0.0000000000,0.0114958202,0.0040638251,0.0000000000,0.0149979163,0.0151649239,0.0101693394,0.0696013346,0.0103215696,0.0000000000,0.0000000000,0.0000000000,0.0268760044,0.0092849005,0.0235519856,0.0228194613,0.0292207692,0.0276430249,0.0349005647,0.0106225330,0.2368620485,0.1704191566,0.0614799038,0.0659299791,0.0216234941,0.0209261607,0.0189073496,0.0198189486,0.3662981391,0.3662304878,0.0142529244,0.0000000000,0.0000000000,0.0188163128,0.0300396550,0.0317053087,0.0751933083,0.0785579011,0.0000000521,0.0000000000,0.0000000000,0.0000000000,-0.0170421191,0.1153728664,-0.0019748702,0.0605143979,0.1154495105,0.0070131654
00:42:10:15.509,61,0.1003563777,0.1888003945,0.0999304578,0.0000000000,0.0000000000,0.0568159074,0.0000000000,0.1003533080,0.1889968663,0.0278930720,0.0000000000,0.0000000000,0.0568087511,0.0000000000,0.0114863515,0.0041226554,0.0000000000,0.0149753960,0.0151497591,0.0101424977,0.0694691911,0.0103215780,0.0000000000,0.0000000000,0.0000000000,0.0267539341,0.0090309763,0.0235590972,0.0228312742,0.0292161219,0.0276306886,0.0349198505,0.0106074028,0.2369763404,0.1705209166,0.0614606887,0.0659223869,0.0216179248,0.0209232476,0.0189348962,0.0198532436,0.3650494814,0.3649810553,0.0142592080,0.0000000000,0.0000000000,0.0187948290,0.0299707446,0.0316428542,0.0751608610,0.0785341784,0.0000000464,0.0000000000,0.0000000000,0.0000000000,-0.0169254690,0.1154682413,-0.0019629900,0.0606380142,0.1155449152,0.0070333332
00:42:10:16.510,61,0.1000558361,0.1887680590,0.1000208035,0.0000000000,0.0000000000,0.0564682297,0.0000000000,0.1000527889,0.1889653206,0.0277915224,0.0000000000,0.0000000000,0.0564611703,0.0000000000,0.0114858681,0.0041471566,0.0000000000,0.0149558950,0.0151387798,0.0101303952,0.0693872049,0.0103302952,0.0000000000,0.0000000000,0.0000000000,0.0267924517,0.0090233246,0.0235589109,0.0228358451,0.0292064343,0.0276204068,0.0349576622,0.0105975987,0.2371679097,0.1706796587,0.0614795946,0.0659504384,0.0216068570,0.0209158622,0.0189679023,0.0198898911,0.3639080822,0.3638374507,0.0142693771,0.0000000000,0.0000000000,0.0188016463,0.0298952404,0.0315703489,0.0751236528,0.0784949288,0.0000000508,0.0000000000,0.0000000000,0.0000000000,-0.0168638881,0.1154488549,-0.0019555173,0.0606929697,0.1155255139,0.0070385071
00:42:10:17.512,61,0.0996573046,0.1887965202,0.1002323180,0.0000000000,0.0000000000,0.0561098345,0.0000000000,0.0996540561,0.1889957190,0.0275651235,0.0000000000,0.0000000000,0.0561028942,0.0000000000,0.0114770578,0.0041261171,0.0000000000,0.0149407117,0.0151316728,0.0101274075,0.0693972856,0.0103553832,0.0000000000,0.0000000000,0.0000000000,0.0268627368,0.0091965785,0.0235408153,0.0228227526,0.0291871000,0.0276127793,0.0349813551,0.0105841849,0.2373717427,0.1708599031,0.0615021139,0.0659629852,0.0215813667,0.0208942648,0.0189995039,0.0199223887,0.3623978198,0.3623239696,0.0142761739,0.0000000000,0.0000000000,0.0188270956,0.0298112072,0.0314849243,0.0750336200,0.0783853531,0.0000000497,0.0000000000,0.0000000000,0.0000000000,-0.0167264715,0.1154671535,-0.0019398944,0.0608211979,0.1155438423,0.0070544872
00:42:10:18.513,61,0.0993260294,0.1888321489,0.1005938053,0.0000000000,0.0000000000,0.0557497367,0.0000000000,0.0993225873,0.1890347451,0.0271748621,0.0000000000,0.0000000000,0.0557429045,0.0000000000,0.0114717297,0.0040383656,0.0000000000,0.0149360634,0.0151347332,0.0101314485,0.0694247410,0.0103383549,0.0000000000,0.0000000000,0.0000000000,0.0267727468,0.0092577003,0.0235392749,0.0228276607,0.0291768573,0.0276271384,0.0350215472,0.0105751026,0.2376342267,0.1710596234,0.0615441017,0.0659918264,0.0215800367,0.0208999217,0.0190442055,0.0199677907,0.3615306616,0.3614560366,0.0142762773,0.0000000000,0.0000000000,0.0188519154,0.0297343768,0.0314029157,0.0749951527,0.0783258304,0.0000000408,0.0000000000,0.0000000000,0.0000000000,-0.0164896175,0.1154905334,-0.0019128181,0.0610403828,0.1155671999,0.0070813228
00:42:10:19.515,61,0.0989124402,0.1888971478,0.1009006277,0.0000000000,0.0000000000,0.0553640164,0.0000000000,0.0989088267,0.1891026050,0.0268654469,0.0000000000,0.0000000000,0.0553572960,0.0000000000,0.0114649739,0.0040156324,0.0000000000,0.0149231283,0.0151230237,0.0101107713,0.0693117455,0.0103621893,0.0000000000,0.0000000000,0.0000000000,0.0269092917,0.0094643719,0.0235140342,0.0228074659,0.0291440021,0.0276044942,0.0350365564,0.0105634043,0.2376335263,0.1710753888,0.0614942424,0.0659332052,0.0215632170,0.0208851174,0.0190546568,0.0199808329,0.3606250882,0.3605492115,0.0142663335,0.0000000000,0.0000000000,0.0188443959,0.0296247508,0.0312879235,0.0748677775,0.0781868249,0.0000000357,0.0000000000,0.0000000000,0.0000000000,-0.0163017865,0.1155316308,-0.0018917102,0.0612262785,0.1156082898,0.0071054087
00:42:10:20.516,61,0.0984670073,0.1889589131,0.1008343324,0.0000000000,0.0000000000,0.0550381280,0.0000000000,0.0984633714,0.1891638786,0.0269323122,0.0000000000,0.0000000000,0.0550315008,0.0000000000,0.0114583354,0.0040277964,0.0000000000,0.0149095515,0.0151147367,0.0100913523,0.0692217574,0.0103810672,0.0000000000,0.0000000000,0.0000000000,0.0270787012,0.0096363295,0.0234849788,0.0227808151,0.0291212369,0.0275856517,0.0350323357,0.0105498889,0.2375546247,0.1710399240,0.0614202023,0.0658569261,0.0215426832,0.0208675042,0.0190569684,0.0199860018,0.3600202203,0.3599441946,0.0142648425,0.0000000000,0.0000000000,0.0188332219,0.0295424182,0.0312074851,0.0747736767,0.0780785307,0.0000000370,0.0000000000,0.0000000000,0.0000000000,-0.0163422842,0.1155691370,-0.0018970309,0.0611857846,0.1156458259,0.0071030413
00:42:10:21.518,61,0.0980299115,0.1887835711,0.1006560177,0.0000000000,0.0000000000,0.0547297783,0.0000000000,0.0980262831,0.1889866292,0.0271157175,0.0000000000,0.0000000000,0.0547232330,0.0000000000,0.0114520006,0.0040564798,0.0000000000,0.0148990024,0.0151098454,0.0100642629,0.0691028386,0.0103818430,0.0000000000,0.0000000000,0.0000000000,0.0272498950,0.0097587463,0.0234573223,0.0227568056,0.0291062370,0.0275718998,0.0350254960,0.0105344998,0.2373919934,0.1709342003,0.0612999871,0.0657278597,0.0215318073,0.0208590608,0.0190570038,0.0199890099,0.3594362140,0.3593601882,0.0142619973,0.0000000000,0.0000000000,0.0188020635,0.0294661932,0.0311345886,0.0746940896,0.0779855847,0.0000000454,0.0000000000,0.0000000000,0.0000000000,-0.0164537802,0.1154610664,-0.0019081703,0.0610783510,0.1155377552,0.0070838993
00:42:10:22.519,61,0.0974955633,0.1883964390,0.1005859300,0.0000000000,0.0000000000,0.0543996207,0.0000000000,0.0974917635,0.1885982901,0.0271824133,0.0000000000,0.0000000000,0.0543931909,0.0000000000,0.0114504611,0.0040919036,0.0000000000,0.0148839299,0.0150974086,0.0100457966,0.0690879747,0.0104107400,0.0000000000,0.0000000000,0.0000000000,0.0276445635,0.0101976600,0.0234264079,0.0227295961,0.0290887114,0.0275572129,0.0350266621,0.0105192764,0.2374461740,0.1710179746,0.0612432025,0.0656603575,0.0214891471,0.0208215211,0.0190536249,0.0199846271,0.3583542705,0.3582758605,0.0142620448,0.0000000000,0.0000000000,0.0188006703,0.0293749589,0.0310432184,0.0745566487,0.0778262243,0.0000000554,0.0000000000,0.0000000000,0.0000000000,-0.0164947081,0.1152238920,-0.0019089518,0.0610374920,0.1153005213,0.0070645022
00:42:10:23.521,61,0.0969530791,0.1877590120,0.1005874351,0.0000000000,0.0000000000,0.0540662482,0.0000000000,0.0969490930,0.1879598349,0.0271675270,0.0000000000,0.0000000000,0.0540599488,0.0000000000,0.0114501966,0.0041236985,0.0000000000,0.0148743261,0.0150897121,0.0100394385,0.0691483468,0.0103795556,0.0000000000,0.0000000000,0.0000000000,0.0282024946,0.0107885525,0.0233830679,0.0226944163,0.0290665459,0.0275458880,0.0350391045,0.0105046984,0.2376057059,0.1711731553,0.0612179562,0.0656312406,0.0214472748,0.0207869206,0.0190564599,0.0199916493,0.3577159345,0.3576368690,0.0142411385,0.0000000000,0.0000000000,0.0188161563,0.0292772967,0.0309471376,0.0744525716,0.0777076185,0.0000000568,0.0000000000,0.0000000000,0.0000000000,-0.0164864156,0.1148338094,-0.0019014754,0.0610411540,0.1149104238,0.0070408112
00:42:10:24.523,61,0.0964067057,0.1875845492,0.1006401181,0.0000000000,0.0000000000,0.0537408516,0.0000000000,0.0964025557,0.1877855808,0.0271078385,0.0000000000,0.0000000000,0.0537346900,0.0000000000,0.0114461593,0.0041607763,0.0000000000,0.0148663027,0.0150860380,0.0100367852,0.0692496151,0.0103763109,0.0000000000,0.0000000000,0.0000000000,0.0298673287,0.0127365496,0.0233235061,0.0226419866,0.0290525388,0.0275411829,0.0350408219,0.0104850233,0.2376883179,0.1712787896,0.0611491986,0.0655506775,0.0214077961,0.0207510963,0.0190567020,0.0199928749,0.3571566045,0.3570774198,0.0142270532,0.0000000000,0.0000000000,0.0188328810,0.0291874874,0.0308565740,0.0743320659,0.0775735825,0.0000000482,0.0000000000,0.0000000000,0.0000000000,-0.0164503977,0.1147273034,-0.0018955462,0.0610738695,0.1148038656,0.0070379903
00:42:10:25.524,61,0.0959147736,0.1873533279,0.1007700562,0.0000000000,0.0000000000,0.0534917042,0.0000000000,0.0959105566,0.1875551790,0.0269686524,0.0000000000,0.0000000000,0.0534856617,0.0000000000,0.0114459675,0.0042118016,0.0000000000,0.0148622040,0.0150866369,0.0100360550,0.0693238527,0.0103350906,0.0000000000,0.0000000000,0.0000000000,0.0309519954,0.0137588223,0.0232620761,0.0225873664,0.0290519539,0.0275490582,0.0350505486,0.0104670878,0.2377576530,0.1713742167,0.0610814951,0.0654764473,0.0213784687,0.0207262542,0.0190657750,0.0200047325,0.3568681180,0.3567894697,0.0142140612,0.0000000000,0.0000000000,0.0188432615,0.0291304216,0.0308026858,0.0742812306,0.0775130540,0.0000000388,0.0000000000,0.0000000000,0.0000000000,-0.0163661968,0.1145863533,-0.0018835076,0.0611537173,0.1146629229,0.0070384522
00:42:10:26.526,61,0.0955538899,0.1874536425,0.1007576585,0.0000000000,0.0000000000,0.0532766469,0.0000000000,0.0955495611,0.1876555681,0.0269830376,0.0000000000,0.0000000000,0.0532707013,0.0000000000,0.0114509771,0.0042381035,0.0000000000,0.0148594519,0.0150885647,0.0100305025,0.0693856329,0.0103275208,0.0000000000,0.0000000000,0.0000000000,0.0314760096,0.0143262940,0.0232149344,0.0225441810,0.0290386602,0.0275417957,0.0350679345,0.0104561392,0.2378711551,0.1714750230,0.0610542931,0.0654405802,0.0213632733,0.0207130816,0.0190838799,0.0200222731,0.3570326865,0.3569546044,0.0141913397,0.0000000000,0.0000000000,0.0188447889,0.0290900618,0.0307578612,0.0743101239,0.0775220841,0.0000000352,0.0000000000,0.0000000000,0.0000000000,-0.0163748115,0.1146477088,-0.0018855169,0.0611457638,0.1147242635,0.0070413360
00:42:10:27.528,61,0.0950755477,0.1874908656,0.1008330435,0.0000000000,0.0000000000,0.0530693233,0.0000000000,0.0950711891,0.1876934618,0.0269182157,0.0000000000,0.0000000000,0.0530634522,0.0000000000,0.0114549845,0.0042450144,0.0000000000,0.0148517741,0.0150823938,0.0100147668,0.0693838149,0.0103161233,0.0000000000,0.0000000000,0.0000000000,0.0318210274,0.0147085683,0.0231732242,0.0225055087,0.0290048644,0.0275165793,0.0350734554,0.0104494952,0.2379351109,0.1715502143,0.0610268004,0.0654097721,0.0213308241,0.0206826068,0.0190891083,0.0200293735,0.3570496142,0.3569722176,0.0141647914,0.0000000000,0.0000000000,0.0188437738,0.0290444382,0.0307084620,0.0743007213,0.0774963722,0.0000000375,0.0000000000,0.0000000000,0.0000000000,-0.0163354315,0.1146707907,-0.0018813650,0.0611913502,0.1147473752,0.0070480104
00:42:10:28.529,61,0.0946029201,0.1874985397,0.1009126008,0.0000000000,0.0000000000,0.0528777353,0.0000000000,0.0945985541,0.1877017617,0.0268598106,0.0000000000,0.0000000000,0.0528719276,0.0000000000,0.0114501072,0.0042763725,0.0000000000,0.0148406019,0.0150747122,0.0099914419,0.0693467036,0.0103337718,0.0000000000,0.0000000000,0.0000000000,0.0321206823,0.0150183402,0.0231142547,0.0224496070,0.0289807003,0.0274952129,0.0350533724,0.0104308017,0.2379065007,0.1715529412,0.0609314367,0.0653135180,0.0213068333,0.0206580795,0.0190934520,0.0200321544,0.3572336137,0.3571569026,0.0141380318,0.0000000000,0.0000000000,0.0188149046,0.0290014315,0.0306644589,0.0742885470,0.0774690136,0.0000000431,0.0000000000,0.0000000000,0.0000000000,-0.0162999798,0.1146757826,-0.0018773644,0.0612395965,0.1147523895,0.0070538712
00:42:10:29.531,61,0.0942273960,0.1876413673,0.1010865420,0.0000000000,0.0000000000,0.0528016500,0.0000000000,0.0942230895,0.1878463179,0.0267096963,0.0000000000,0.0000000000,0.0527958535,0.0000000000,0.0114499237,0.0043132785,0.0000000000,0.0148260379,0.0150608383,0.0099611431,0.0692922249,0.0103315413,0.0000000000,0.0000000000,0.0000000000,0.0323677100,0.0152142886,0.0230716895,0.0224093776,0.0289505161,0.0274642240,0.0350241289,0.0104183629,0.2378539741,0.1715360582,0.0608466156,0.0652302802,0.0212853029,0.0206353758,0.0190857947,0.0200236645,0.3582539260,0.3581802547,0.0141068641,0.0000000000,0.0000000000,0.0187802892,0.0289748833,0.0306383502,0.0742821693,0.0774627551,0.0000000447,0.0000000000,0.0000000000,0.0000000000,-0.0162087195,0.1147639602,-0.0018683024,0.0613445342,0.1148405671,0.0070714201
00:42:10:30.532,61,0.0939753130,0.1876549125,0.1014091447,0.0000000000,0.0000000000,0.0527860038,0.0000000000,0.0939710885,0.1878627241,0.0263991728,0.0000000000,0.0000000000,0.0527802147,0.0000000000,0.0114570260,0.0043523856,0.0000000000,0.0148224086,0.0150545305,0.0099355299,0.0692203939,0.0103416797,0.0000000000,0.0000000000,0.0000000000,0.0326372348,0.0154162887,0.0230408292,0.0223782454,0.0289341994,0.0274426192,0.0350086577,0.0104134185,0.2377299517,0.1714549214,0.0607644618,0.0651504770,0.0212819967,0.0206301194,0.0190753434,0.0200143103,0.3593181670,0.3592479229,0.0140786944,0.0000000000,0.0000000000,0.0187423769,0.0289703645,0.0306327827,0.0743108392,0.0774897337,0.0000000448,0.0000000000,0.0000000000,0.0000000000,-0.0160202570,0.1147736162,-0.0018467382,0.0615402460,0.1148502454,0.0070945551
00:42:10:31.534,61,0.0937616155,0.1878422201,0.1016551778,0.0000000000,0.0000000000,0.0528038181,0.0000000000,0.0937574357,0.1880525649,0.0261428189,0.0000000000,0.0000000000,0.0527980067,0.0000000000,0.0114480825,0.0043991213,0.0000000000,0.0148156714,0.0150470659,0.0099043353,0.0691770464,0.0103295483,0.0000000000,0.0000000000,0.0000000000,0.0329435244,0.0156683885,0.0229809582,0.0223184228,0.0289027821,0.0274108946,0.0349540710,0.0104008308,0.2374598831,0.1712771058,0.0606107675,0.0649884567,0.0212573558,0.0206041727,0.0190477371,0.0199874099,0.3602675796,0.3602000475,0.0140523594,0.0000000000,0.0000000000,0.0186891016,0.0289588701,0.0306221917,0.0742932037,0.0774689466,0.0000000431,0.0000000000,0.0000000000,0.0000000000,-0.0158644747,0.1148893014,-0.0018306418,0.0616887398,0.1149659455,0.0071188780
00:42:10:32.536,61,0.0935744494,0.1883646399,0.1019509286,0.0000000000,0.0000000000,0.0528100654,0.0000000000,0.0935703292,0.1885784864,0.0258561298,0.0000000000,0.0000000000,0.0528042503,0.0000000000,0.0114383148,0.0044426536,0.0000000000,0.0148091279,0.0150400558,0.0098846033,0.0691726655,0.0102829961,0.0000000000,0.0000000000,0.0000000000,0.0334050432,0.0160758942,0.0229115821,0.0222512167,0.0288835727,0.0273967478,0.0349158011,0.0103796925,0.2373285741,0.1712379754,0.0604849197,0.0648547187,0.0212160610,0.0205640625,0.0190385096,0.0199780464,0.3607257009,0.3606594205,0.0140358908,0.0000000000,0.0000000000,0.0186481252,0.0289588962,0.0306212120,0.0742807239,0.0774537846,0.0000000361,0.0000000000,0.0000000000,0.0000000000,-0.0156899225,0.1152102873,-0.0018156045,0.0618659258,0.1152869463,0.0071594105
00:42:10:33.537,61,0.0934398472,0.1889165789,0.1021450236,0.0000000000,0.0000000000,0.0528687686,0.0000000000,0.0934357718,0.1891330779,0.0256691910,0.0000000000,0.0000000000,0.0528629236,0.0000000000,0.0114235962,0.0044765403,0.0000000000,0.0148000941,0.0150306579,0.0098517481,0.0690554306,0.0102683119,0.0000000000,0.0000000000,0.0000000000,0.0335610248,0.0161508229,0.0228607561,0.0222003516,0.0288621355,0.0273767598,0.0348585062,0.0103630209,0.2370083630,0.1710350662,0.0603246018,0.0646891594,0.0211975705,0.0205446165,0.0190168153,0.0199552439,0.3612855375,0.3612203598,0.0140281972,0.0000000000,0.0000000000,0.0185836386,0.0289590005,0.0306256581,0.0742410719,0.0774175227,0.0000000354,0.0000000000,0.0000000000,0.0000000000,-0.0155758699,0.1155489162,-0.0018077531,0.0619812757,0.1156255901,0.0071939989
00:42:10:34.538,61,0.0934972838,0.1893082708,0.1022946239,0.0000000000,0.0000000000,0.0529828705,0.0000000000,0.0934932306,0.1895267665,0.0255182330,0.0000000000,0.0000000000,0.0529769883,0.0000000000,0.0114212381,0.0044998173,0.0000000000,0.0147965699,0.0150269307,0.0098326895,0.0689992756,0.0102242129,0.0000000000,0.0000000000,0.0000000000,0.0336841047,0.0162025578,0.0228288788,0.0221697390,0.0288445223,0.0273624808,0.0348289572,0.0103575718,0.2368298322,0.1709184498,0.0602511466,0.0646172389,0.0211944133,0.0205418449,0.0190048050,0.0199443102,0.3630601168,0.3629989028,0.0140130073,0.0000000000,0.0000000000,0.0185428429,0.0289736576,0.0306435358,0.0742770880,0.0774544924,0.0000000335,0.0000000000,0.0000000000,0.0000000000,-0.0154838385,0.1157892644,-0.0018008440,0.0620703362,0.1158659831,0.0072194338
00:42:10:35.540,61,0.0935609341,0.1895972788,0.1024423391,0.0000000000,0.0000000000,0.0530953743,0.0000000000,0.0935568959,0.1898175925,0.0253694374,0.0000000000,0.0000000000,0.0530894957,0.0000000000,0.0114260968,0.0045255534,0.0000000000,0.0148001323,0.0150304427,0.0098267552,0.0690110549,0.0101894205,0.0000000000,0.0000000000,0.0000000000,0.0338188149,0.0162984449,0.0228085034,0.0221506562,0.0288396515,0.0273605846,0.0348230153,0.0103552788,0.2368169278,0.1709170789,0.0602449849,0.0646114424,0.0212003775,0.0205482915,0.0190079715,0.0199476741,0.3642309308,0.3641715646,0.0140027991,0.0000000000,0.0000000000,0.0185225848,0.0289997049,0.0306702126,0.0743553936,0.0775345415,0.0000000344,0.0000000000,0.0000000000,0.0000000000,-0.0153932339,0.1159667671,-0.0017930765,0.0621586926,0.1160435081,0.0072408742
00:42:10:36.542,61,0.0936770737,0.1898027658,0.1025806293,0.0000000000,0.0000000000,0.0532444306,0.0000000000,0.0936730802,0.1900247037,0.0252301414,0.0000000000,0.0000000000,0.0532385409,0.0000000000,0.0114265252,0.0045394641,0.0000000000,0.0148084443,0.0150417304,0.0098269675,0.0689909011,0.0101220477,0.0000000000,0.0000000000,0.0000000000,0.0338288955,0.0162217524,0.0227848049,0.0221305769,0.0288438965,0.0273647737,0.0348148160,0.0103566339,0.2366056740,0.1707478464,0.0602000058,0.0645629019,0.0212260168,0.0205760039,0.0190096982,0.0199511424,0.3652373254,0.3651804626,0.0139994146,0.0000000000,0.0000000000,0.0185007583,0.0290394314,0.0307164583,0.0744582489,0.0776468515,0.0000000366,0.0000000000,0.0000000000,0.0000000000,-0.0153084900,0.1160931513,-0.0017851667,0.0622416846,0.1161698997,0.0072584972
00:42:10:37.544,61,0.0937013924,0.1900070012,0.1027287841,0.0000000000,0.0000000000,0.0533706620,0.0000000000,0.0936973691,0.1902306676,0.0250672232,0.0000000000,0.0000000000,0.0533647686,0.0000000000,0.0114134010,0.0045394036,0.0000000000,0.0148094604,0.0150432726,0.0098127723,0.0689007416,0.0100773042,0.0000000000,0.0000000000,0.0000000000,0.0337397791,0.0160820335,0.0227476433,0.0220957659,0.0288211256,0.0273452699,0.0347694755,0.0103572067,0.2361257970,0.1703916043,0.0600883700,0.0644425899,0.0212315302,0.0205826145,0.0189850815,0.0199271850,0.3657786548,0.3657228053,0.0140008265,0.0000000000,0.0000000000,0.0184639003,0.0290536825,0.0307336468,0.0744575635,0.0776527002,0.0000000338,0.0000000000,0.0000000000,0.0000000000,-0.0152094169,0.1162188128,-0.0017755516,0.0623306558,0.1162955388,0.0072767916
00:42:10:38.545,61,0.0936305970,0.1903154999,0.1028147563,0.0000000000,0.0000000000,0.0534599572,0.0000000000,0.0936265215,0.1905405372,0.0249505695,0.0000000000,0.0000000000,0.0534540527,0.0000000000,0.0113889240,0.0045549762,0.0000000000,0.0148005830,0.0150372209,0.0097945500,0.0688278601,0.0100200325,0.0000000000,0.0000000000,0.0000000000,0.0337368026,0.0160187948,0.0226964522,0.0220490377,0.0287990458,0.0273266565,0.0347144045,0.0103421053,0.2358193547,0.1702018529,0.0599648729,0.0643150732,0.0212112349,0.0205658078,0.0189696997,0.0199129712,0.3660786748,0.3660233915,0.0140038477,0.0000000000,0.0000000000,0.0184186548,0.0290620755,0.0307471976,0.0744339749,0.0776350945,0.0000000293,0.0000000000,0.0000000000,0.0000000000,-0.0151383011,0.1164079979,-0.0017701533,0.0623814538,0.1164847240,0.0072946693
00:42:10:39.547,61,0.0936093032,0.1904917210,0.1027160734,0.0000000000,0.0000000000,0.0535373129,0.0000000000,0.0936051682,0.1907162517,0.0250136293,0.0000000000,0.0000000000,0.0535314083,0.0000000000,0.0113726929,0.0045568855,0.0000000000,0.0148006985,0.0150406985,0.0097942762,0.0688394681,0.0099657429,0.0000000000,0.0000000000,0.0000000000,0.0338061713,0.0160805862,0.0226646848,0.0220193639,0.0287957676,0.0273285657,0.0346734785,0.0103337467,0.2355862409,0.1700347513,0.0598941259,0.0642391816,0.0212047435,0.0205626283,0.0189575329,0.0199001897,0.3663707674,0.3663160801,0.0140021536,0.0000000000,0.0000000000,0.0184057187,0.0290755685,0.0307635497,0.0744469911,0.0776484907,0.0000000215,0.0000000000,0.0000000000,0.0000000000,-0.0151763707,0.1165154278,-0.0017762571,0.0623207986,0.1165921539,0.0072943671
00:42:10:40.548,61,0.0935485959,0.1904985160,0.1027322710,0.0000000000,0.0000000000,0.0536206067,0.0000000000,0.0935443863,0.1907233149,0.0249668788,0.0000000000,0.0000000000,0.0536146723,0.0000000000,0.0113605130,0.0045625339,0.0000000000,0.0147966100,0.0150370635,0.0097885057,0.0687899441,0.0099219698,0.0000000000,0.0000000000,0.0000000000,0.0338124223,0.0160484910,0.0226510633,0.0220069159,0.0287996754,0.0273325313,0.0346400999,0.0103284605,0.2353975773,0.1698885411,0.0598489009,0.0641897246,0.0212102607,0.0205691252,0.0189469308,0.0198904816,0.3667222559,0.3666679859,0.0139995981,0.0000000000,0.0000000000,0.0183935799,0.0290889237,0.0307820924,0.0744789019,0.0776869133,0.0000000171,0.0000000000,0.0000000000,0.0000000000,-0.0151479989,0.1165196821,-0.0017730019,0.0623306073,0.1165964007,0.0072957808
00:42:10:41.550,61,0.0935898796,0.1902642697,0.1027285978,0.0000000000,0.0000000000,0.0537531190,0.0000000000,0.0935855731,0.1904886812,0.0249592289,0.0000000000,0.0000000000,0.0537471548,0.0000000000,0.0113589717,0.0045525003,0.0000000000,0.0148006296,0.0150409928,0.0098018404,0.0688781887,0.0099108648,0.0000000000,0.0000000000,0.0000000000,0.0335354134,0.0158072468,0.0226609521,0.0220149625,0.0288007930,0.0273354389,0.0346205644,0.0103344088,0.2353935838,0.1698334813,0.0599037930,0.0642467514,0.0212353151,0.0205920655,0.0189483818,0.0198878553,0.3680675626,0.3680125177,0.0139886970,0.0000000000,0.0000000000,0.0184126049,0.0291212574,0.0308150146,0.0745768920,0.0777804106,0.0000000202,0.0000000000,0.0000000000,0.0000000000,-0.0151436096,0.1163763106,-0.0017702876,0.0623294041,0.1164529845,0.0072865873
00:42:10:42.552,61,0.0938348994,0.1897504926,0.1024517193,0.0000000000,0.0000000000,0.0539901629,0.0000000000,0.0938305855,0.1899714917,0.0252519585,0.0000000000,0.0000000000,0.0539841726,0.0000000000,0.0113898451,0.0045483150,0.0000000000,0.0148178311,0.0150550334,0.0098471893,0.0690778941,0.0099452836,0.0000000000,0.0000000000,0.0000000000,0.0331122093,0.0154393073,0.0227267761,0.0220723338,0.0288434792,0.0273672864,0.0346722864,0.0103595350,0.2359406799,0.1701271683,0.0601737723,0.0645330921,0.0212899540,0.0206430070,0.0189844184,0.0199182890,0.3722901344,0.3722317517,0.0139815006,0.0000000000,0.0000000000,0.0184832737,0.0292051900,0.0308950357,0.0748206675,0.0780223906,0.0000000255,0.0000000000,0.0000000000,0.0000000000,-0.0153217874,0.1160606816,-0.0017862128,0.0621636920,0.1161373258,0.0072473632
00:42:10:43.553,61,0.0941298306,0.1889588088,0.1022162586,0.0000000000,0.0000000000,0.0542497784,0.0000000000,0.0941255465,0.1891762763,0.0255085658,0.0000000000,0.0000000000,0.0542437322,0.0000000000,0.0114187263,0.0045451783,0.0000000000,0.0148320943,0.0150683196,0.0098993536,0.0692705065,0.0099948868,0.0000000000,0.0000000000,0.0000000000,0.0321912728,0.0148071991,0.0228256788,0.0221629292,0.0288970973,0.0274073761,0.0346999913,0.0103910035,0.2363301069,0.1702739000,0.0604606308,0.0648437440,0.0213785134,0.0207202658,0.0190037861,0.0199306365,0.3765957654,0.3765323460,0.0139723420,0.0000000000,0.0000000000,0.0185614806,0.0292930659,0.0309805684,0.0750715509,0.0782855004,0.0000000363,0.0000000000,0.0000000000,0.0000000000,-0.0154783586,0.1155751273,-0.0017968474,0.0620243214,0.1156517565,0.0072006322
00:42:10:44.554,61,0.0942478701,0.1881341487,0.1018236950,0.0000000000,0.0000000000,0.0545203462,0.0000000000,0.0942437053,0.1883466244,0.0259236731,0.0000000000,0.0000000000,0.0545142069,0.0000000000,0.0114479410,0.0045414302,0.0000000000,0.0148458853,0.0150756612,0.0099347336,0.0693835914,0.0100282598,0.0000000000,0.0000000000,0.0000000000,0.0312069207,0.0136847263,0.0229435060,0.0222697873,0.0289477650,0.0274413973,0.0347285196,0.0104238875,0.2367087156,0.1704358160,0.0607118309,0.0651238263,0.0214496236,0.0207835790,0.0190131720,0.0199363288,0.3784887791,0.3784239590,0.0139605859,0.0000000000,0.0000000000,0.0186209716,0.0293811299,0.0310694817,0.0752660036,0.0784855336,0.0000000531,0.0000000000,0.0000000000,0.0000000000,-0.0157311633,0.1150687188,-0.0018181197,0.0617897213,0.1151453406,0.0071417415
00:42:10:45.556,61,0.0941993967,0.1874094158,0.1015383303,0.0000000000,0.0000000000,0.0546680242,0.0000000000,0.0941953138,0.1876180768,0.0262289923,0.0000000000,0.0000000000,0.0546618439,0.0000000000,0.0114762373,0.0045278952,0.0000000000,0.0148531776,0.0150813172,0.0099712573,0.0695118681,0.0100784414,0.0000000000,0.0000000000,0.0000000000,0.0304249357,0.0129381968,0.0230515990,0.0223670769,0.0290078204,0.0274891835,0.0347588472,0.0104520703,0.2370835394,0.1706041247,0.0609643199,0.0654069707,0.0215113889,0.0208363626,0.0190283600,0.0199471917,0.3795006871,0.3794350028,0.0139620882,0.0000000000,0.0000000000,0.0186967552,0.0294602606,0.0311468635,0.0754961595,0.0787150785,0.0000000792,0.0000000000,0.0000000000,0.0000000000,-0.0159172583,0.1146239489,-0.0018324519,0.0616197065,0.1147005409,0.0070943623
00:42:10:46.558,61,0.0939424112,0.1865662038,0.1014716476,0.0000000000,0.0000000000,0.0547236502,0.0000000000,0.0939384475,0.1867727935,0.0263151918,0.0000000000,0.0000000000,0.0547174551,0.0000000000,0.0115053207,0.0044996464,0.0000000000,0.0148556288,0.0150772510,0.0099935029,0.0696522892,0.0101125445,0.0000000000,0.0000000000,0.0000000000,0.0300411675,0.0126116257,0.0231400616,0.0224455725,0.0290421378,0.0275139846,0.0348114111,0.0104758991,0.2376449853,0.1709770709,0.0612211600,0.0656888336,0.0215318892,0.0208533350,0.0190490093,0.0199659336,0.3798812628,0.3798150122,0.0139585100,0.0000000000,0.0000000000,0.0187776294,0.0295135416,0.0311940107,0.0756577104,0.0788792372,0.0000001048,0.0000000000,0.0000000000,0.0000000000,-0.0159705132,0.1141076386,-0.0018302288,0.0615828894,0.1141842082,0.0070579336
00:42:10:47.560,61,0.0934400037,0.1855931878,0.1013639048,0.0000000000,0.0000000000,0.0546205677,0.0000000000,0.0934361443,0.1857971996,0.0264328793,0.0000000000,0.0000000000,0.0546144024,0.0000000000,0.0115217762,0.0044834344,0.0000000000,0.0148592079,0.0150794797,0.0100129545,0.0697626323,0.0101312343,0.0000000000,0.0000000000,0.0000000000,0.0298085492,0.0124121187,0.0232054666,0.0225065257,0.0290774051,0.0275432859,0.0348569006,0.0104910517,0.2379811406,0.1712198406,0.0613846444,0.0658632442,0.0215282496,0.0208519585,0.0190627649,0.0199781377,0.3749969006,0.3749241829,0.0139736496,0.0000000000,0.0000000000,0.0188565440,0.0295291562,0.0312041119,0.0756995156,0.0789131001,0.0000001227,0.0000000000,0.0000000000,0.0000000000,-0.0160430316,0.1135117337,-0.0018288539,0.0615216754,0.1135882661,0.0070138089
00:42:10:48.561,61,0.0926826075,0.1848888099,0.1014528871,0.0000000000,0.0000000000,0.0543787628,0.0000000000,0.0926783606,0.1850923747,0.0263557192,0.0000000000,0.0000000000,0.0543726496,0.0000000000,0.0115276389,0.0044862982,0.0000000000,0.0148539161,0.0150766764,0.0100161675,0.0697969422,0.0101650013,0.0000000000,0.0000000000,0.0000000000,0.0299095381,0.0125464862,0.0232226364,0.0225219820,0.0290902350,0.0275525618,0.0348766185,0.0104928184,0.2380702645,0.1712992340,0.0614153296,0.0658937395,0.0215019062,0.0208260268,0.0190672036,0.0199810062,0.3675976098,0.3675149381,0.0139897820,0.0000000000,0.0000000000,0.0189109035,0.0294971131,0.0311647803,0.0756316409,0.0788324103,0.0000001181,0.0000000000,0.0000000000,0.0000000000,-0.0159969833,0.1130810305,-0.0018166264,0.0615786947,0.1131575629,0.0069934535
00:42:10:49.563,61,0.0919969231,0.1843938529,0.1016650051,0.0000000000,0.0000000000,0.0541191511,0.0000000000,0.0919925645,0.1845984459,0.0261554550,0.0000000000,0.0000000000,0.0541130789,0.0000000000,0.0115320310,0.0044903848,0.0000000000,0.0148438402,0.0150643857,0.0100015244,0.0697775632,0.0101496363,0.0000000000,0.0000000000,0.0000000000,0.0299452338,0.0125550181,0.0232497193,0.0225499421,0.0290910676,0.0275564045,0.0349054672,0.0104905590,0.2382961214,0.1714969873,0.0614507571,0.0659343004,0.0214730315,0.0208013244,0.0190761145,0.0199926756,0.3649577498,0.3648725152,0.0139956418,0.0000000000,0.0000000000,0.0189344473,0.0294466298,0.0311094709,0.0755582675,0.0787460059,0.0000001066,0.0000000000,0.0000000000,0.0000000000,-0.0158759747,0.1127790734,-0.0017980300,0.0617095567,0.1128555313,0.0069894316
00:42:10:50.564,61,0.0914144590,0.1842403859,0.1015278175,0.0000000000,0.0000000000,0.0538189448,0.0000000000,0.0914099813,0.1844434887,0.0262961201,0.0000000000,0.0000000000,0.0538129248,0.0000000000,0.0115283066,0.0045230002,0.0000000000,0.0148325134,0.0150529714,0.0099746445,0.0696907490,0.0101380860,0.0000000000,0.0000000000,0.0000000000,0.0301663298,0.0126964385,0.0232454948,0.0225503836,0.0290819015,0.0275444146,0.0349301398,0.0104784146,0.2384275347,0.1716461927,0.0614029467,0.0658867136,0.0214349218,0.0207683258,0.0190831609,0.0200052634,0.3627606928,0.3626746833,0.0140044615,0.0000000000,0.0000000000,0.0189225357,0.0293714758,0.0310320072,0.0754179060,0.0785973743,0.0000000847,0.0000000000,0.0000000000,0.0000000000,-0.0159615278,0.1126845330,-0.0018061900,0.0616269484,0.1127610356,0.0069741914
00:42:10:51.566,61,0.0909204036,0.1842840612,0.1014347821,0.0000000000,0.0000000000,0.0535378307,0.0000000000,0.0909157991,0.1844864637,0.0263812859,0.0000000000,0.0000000000,0.0535318814,0.0000000000,0.0115180537,0.0045518940,0.0000000000,0.0148209902,0.0150388088,0.0099483551,0.0695992708,0.0101124998,0.0000000000,0.0000000000,0.0000000000,0.0305327177,0.0130070075,0.0232269242,0.0225354638,0.0290695727,0.0275336336,0.0349427760,0.0104659060,0.2383560091,0.1716483980,0.0613236986,0.0657999218,0.0213937555,0.0207325462,0.0190785546,0.0200044103,0.3614384234,0.3613525629,0.0140157305,0.0000000000,0.0000000000,0.0189125929,0.0292999018,0.0309594404,0.0752918869,0.0784586519,0.0000000623,0.0000000000,0.0000000000,0.0000000000,-0.0160131715,0.1127108857,-0.0018124616,0.0615702830,0.1127873659,0.0069694291
00:42:10:52.567,61,0.0904957950,0.1845902950,0.1014366150,0.0000000000,0.0000000000,0.0532164238,0.0000000000,0.0904911160,0.1847933382,0.0263369884,0.0000000000,0.0000000000,0.0532105714,0.0000000000,0.0115039190,0.0045692958,0.0000000000,0.0148240495,0.0150448168,0.0099336393,0.0695056617,0.0100937467,0.0000000000,0.0000000000,0.0000000000,0.0310829487,0.0135333268,0.0231735501,0.0224885065,0.0290561412,0.0275251046,0.0349548906,0.0104511818,0.2380666137,0.1714955419,0.0611639842,0.0656203330,0.0213511363,0.0206933543,0.0190766770,0.0200061798,0.3579093814,0.3578281403,0.0140325604,0.0000000000,0.0000000000,0.0188989602,0.0292306542,0.0308897663,0.0751507655,0.0783038884,0.0000000529,0.0000000000,0.0000000000,0.0000000000,-0.0159859452,0.1128983200,-0.0018124145,0.0615700893,0.1129747927,0.0069810869
00:42:10:53.569,61,0.0902834311,0.1849338263,0.1013491452,0.0000000000,0.0000000000,0.0529634841,0.0000000000,0.0902785584,0.1851367801,0.0263888873,0.0000000000,0.0000000000,0.0529577322,0.0000000000,0.0114933383,0.0045973761,0.0000000000,0.0148219001,0.0150436442,0.0099222474,0.0694708154,0.0100758215,0.0000000000,0.0000000000,0.0000000000,0.0314851888,0.0139087131,0.0231385920,0.0224596784,0.0290454049,0.0275173262,0.0349753872,0.0104364259,0.2380405366,0.1715232134,0.0610873252,0.0655335486,0.0213178843,0.0206646342,0.0190858096,0.0200211927,0.3567243814,0.3566446900,0.0140446089,0.0000000000,0.0000000000,0.0188916717,0.0291678105,0.0308269467,0.0750593022,0.0782007650,0.0000000377,0.0000000000,0.0000000000,0.0000000000,-0.0160170663,0.1131081879,-0.0018193473,0.0615155362,0.1131846532,0.0069879773
00:42:10:54.571,61,0.0901175439,0.1853298694,0.1014707610,0.0000000000,0.0000000000,0.0527752638,0.0000000000,0.0901125297,0.1855345815,0.0262475852,0.0000000000,0.0000000000,0.0527695864,0.0000000000,0.0114837652,0.0045989309,0.0000000000,0.0148252016,0.0150477961,0.0099148182,0.0694515929,0.0100500137,0.0000000000,0.0000000000,0.0000000000,0.0317041054,0.0140976952,0.0231204238,0.0224471036,0.0290302075,0.0275076032,0.0349900387,0.0104322014,0.2379302830,0.1714704633,0.0610233508,0.0654610470,0.0213005003,0.0206513815,0.0190861616,0.0200251713,0.3562155068,0.3561366200,0.0140580097,0.0000000000,0.0000000000,0.0188895278,0.0291124526,0.0307719447,0.0749501660,0.0780865848,0.0000000284,0.0000000000,0.0000000000,0.0000000000,-0.0159308631,0.1133510992,-0.0018134756,0.0615876466,0.1134275422,0.0070113013
00:42:10:55.572,61,0.0900319964,0.1858810037,0.1015337855,0.0000000000,0.0000000000,0.0525926016,0.0000000000,0.0900268778,0.1860873252,0.0261476506,0.0000000000,0.0000000000,0.0525869876,0.0000000000,0.0114750434,0.0046012541,0.0000000000,0.0148324566,0.0150587559,0.0099206958,0.0694093853,0.0100102955,0.0000000000,0.0000000000,0.0000000000,0.0319695771,0.0142882802,0.0231034160,0.0224375520,0.0290451627,0.0275268536,0.0350029878,0.0104247052,0.2377642691,0.1713674814,0.0609418303,0.0653703511,0.0213047788,0.0206590779,0.0190941971,0.0200386290,0.3556433320,0.3555651307,0.0140791358,0.0000000000,0.0000000000,0.0188872535,0.0290621314,0.0307249501,0.0748317465,0.0779783875,0.0000000231,0.0000000000,0.0000000000,0.0000000000,-0.0158696007,0.1136886626,-0.0018119288,0.0616235435,0.1137651354,0.0070364415
00:42:10:56.574,61,0.0900379494,0.1864391565,0.1017954573,0.0000000000,0.0000000000,0.0524445288,0.0000000000,0.0900327563,0.1866487414,0.0258685648,0.0000000000,0.0000000000,0.0524389483,0.0000000000,0.0114670638,0.0045948382,0.0000000000,0.0148406457,0.0150682209,0.0099183377,0.0693344027,0.0099465400,0.0000000000,0.0000000000,0.0000000000,0.0321804658,0.0143981325,0.0230822023,0.0224261340,0.0290361755,0.0275258776,0.0350113139,0.0104234600,0.2374942750,0.1711788774,0.0608563535,0.0652758181,0.0213132780,0.0206706878,0.0190905314,0.0200436171,0.3554891348,0.3554117084,0.0140847061,0.0000000000,0.0000000000,0.0188746806,0.0290080681,0.0306743365,0.0747165829,0.0778840631,0.0000000224,0.0000000000,0.0000000000,0.0000000000,-0.0156995971,0.1140313372,-0.0017979706,0.0617799424,0.1141078472,0.0070757121
00:42:10:57.575,61,0.0901094154,0.1873064786,0.1018654183,0.0000000000,0.0000000000,0.0523044430,0.0000000000,0.0901040733,0.1875181794,0.0257906094,0.0000000000,0.0000000000,0.0522989146,0.0000000000,0.0114619462,0.0045934855,0.0000000000,0.0148375686,0.0150686437,0.0099150101,0.0693230033,0.0099419728,0.0000000000,0.0000000000,0.0000000000,0.0321946964,0.0143736312,0.0230789371,0.0224260166,0.0290456265,0.0275401454,0.0350378491,0.0104117999,0.2376684248,0.1713076234,0.0608625226,0.0652854219,0.0213406291,0.0207004100,0.0191253964,0.0200818926,0.3569677472,0.3568942547,0.0140812723,0.0000000000,0.0000000000,0.0188585110,0.0289697628,0.0306403302,0.0747490451,0.0779176801,0.0000000198,0.0000000000,0.0000000000,0.0000000000,-0.0156513304,0.1145624369,-0.0018008648,0.0618186407,0.1146389619,0.0071133818
00:42:10:58.577,61,0.0902782232,0.1880508661,0.1018317193,0.0000000000,0.0000000000,0.0521901101,0.0000000000,0.0902727470,0.1882635355,0.0258176457,0.0000000000,0.0000000000,0.0521846265,0.0000000000,0.0114622843,0.0045557949,0.0000000000,0.0148434406,0.0150814364,0.0099170813,0.0692877695,0.0099561373,0.0000000000,0.0000000000,0.0000000000,0.0319686458,0.0141636329,0.0230756756,0.0224265512,0.0290553290,0.0275592767,0.0350806192,0.0104065025,0.2378014624,0.1713894457,0.0608680472,0.0652897656,0.0213845391,0.0207460113,0.0191730633,0.0201320108,0.3577386141,0.3576665521,0.0140803261,0.0000000000,0.0000000000,0.0188380685,0.0289535075,0.0306206960,0.0748162717,0.0779892430,0.0000000214,0.0000000000,0.0000000000,0.0000000000,-0.0156669188,0.1150178388,-0.0018098875,0.0617949702,0.1150944009,0.0071391594
00:42:10:59.579,61,0.0903885737,0.1886149943,0.1016397178,0.0000000000,0.0000000000,0.0520820506,0.0000000000,0.0903829187,0.1888269335,0.0260026474,0.0000000000,0.0000000000,0.0520766005,0.0000000000,0.0114619313,0.0045508663,0.0000000000,0.0148476698,0.0150872869,0.0099164005,0.0692393780,0.0099344170,0.0000000000,0.0000000000,0.0000000000,0.0319023021,0.0140337972,0.0230780914,0.0224343911,0.0290682856,0.0275767688,0.0351196043,0.0104024718,0.2379173934,0.1714742035,0.0608732849,0.0652991459,0.0214108340,0.0207742676,0.0192067884,0.0201706700,0.3582394123,0.3581680954,0.0140846781,0.0000000000,0.0000000000,0.0188225508,0.0289362632,0.0306037460,0.0748571232,0.0780394748,0.0000000217,0.0000000000,0.0000000000,0.0000000000,-0.0157785509,0.1153622493,-0.0018282894,0.0616759844,0.1154388189,0.0071469443
00:42:11:00.580,61,0.0905200988,0.1889842600,0.1015670225,0.0000000000,0.0000000000,0.0519827008,0.0000000000,0.0905142725,0.1891962141,0.0260627717,0.0000000000,0.0000000000,0.0519773066,0.0000000000,0.0114574162,0.0045672292,0.0000000000,0.0148516782,0.0150946938,0.0099173039,0.0692082942,0.0099203456,0.0000000000,0.0000000000,0.0000000000,0.0319893248,0.0140610319,0.0230710786,0.0224331412,0.0290872026,0.0275987778,0.0351469889,0.0103932377,0.2379477024,0.1715085804,0.0608407333,0.0652631670,0.0214328915,0.0207981989,0.0192311984,0.0201999564,0.3583295345,0.3582587242,0.0140983025,0.0000000000,0.0000000000,0.0188032985,0.0289077219,0.0305780042,0.0748400614,0.0780303106,0.0000000201,0.0000000000,0.0000000000,0.0000000000,-0.0158146210,0.1155879200,-0.0018360853,0.0616302602,0.1156644970,0.0071557383
00:42:11:01.582,61,0.0907589197,0.1894684732,0.1015427560,0.0000000000,0.0000000000,0.0519127585,0.0000000000,0.0907530710,0.1896810532,0.0260753240,0.0000000000,0.0000000000,0.0519074015,0.0000000000,0.0114499694,0.0045750253,0.0000000000,0.0148525676,0.0151018370,0.0099184569,0.0691384301,0.0098857488,0.0000000000,0.0000000000,0.0000000000,0.0320510641,0.0140235974,0.0230538100,0.0224196129,0.0290985871,0.0276102703,0.0351635888,0.0103873089,0.2378056347,0.1714052558,0.0607898273,0.0652125999,0.0214624386,0.0208271891,0.0192497075,0.0202250704,0.3585583568,0.3584884703,0.0141138555,0.0000000000,0.0000000000,0.0187860858,0.0288890451,0.0305633508,0.0748631507,0.0780630410,0.0000000191,0.0000000000,0.0000000000,0.0000000000,-0.0158216972,0.1158841550,-0.0018416567,0.0616134182,0.1159607321,0.0071722730
00:42:11:02.583,61,0.0910614878,0.1898015738,0.1016835421,0.0000000000,0.0000000000,0.0519267358,0.0000000000,0.0910557359,0.1900159419,0.0259455387,0.0000000000,0.0000000000,0.0519213714,0.0000000000,0.0114574460,0.0045855013,0.0000000000,0.0148612456,0.0151115125,0.0099333217,0.0691701397,0.0098474761,0.0000000000,0.0000000000,0.0000000000,0.0322503075,0.0140999611,0.0230607465,0.0224289708,0.0291359387,0.0276454296,0.0352197066,0.0103821969,0.2381301075,0.1716684848,0.0608523563,0.0652840734,0.0214981697,0.0208636429,0.0192953125,0.0202770140,0.3596115112,0.3595453203,0.0141242836,0.0000000000,0.0000000000,0.0187862180,0.0289033633,0.0305808168,0.0749459341,0.0781576037,0.0000000167,0.0000000000,0.0000000000,0.0000000000,-0.0157425720,0.1160885915,-0.0018357091,0.0616973825,0.1161652133,0.0071948129
00:42:11:03.585,61,0.0915319622,0.1902814209,0.1019974425,0.0000000000,0.0000000000,0.0520294830,0.0000000000,0.0915262774,0.1904993951,0.0256416686,0.0000000000,0.0000000000,0.0520240739,0.0000000000,0.0114679718,0.0045918259,0.0000000000,0.0148625895,0.0151154753,0.0099430215,0.0692103058,0.0098184459,0.0000000000,0.0000000000,0.0000000000,0.0320357122,0.0137692383,0.0230949372,0.0224644393,0.0291578434,0.0276627969,0.0352649391,0.0103857247,0.2385317981,0.1719424725,0.0609781146,0.0654295236,0.0215530563,0.0209167730,0.0193371065,0.0203244891,0.3651602268,0.3651000857,0.0141223520,0.0000000000,0.0000000000,0.0187798906,0.0289227851,0.0306059159,0.0750754476,0.0783075765,0.0000000162,0.0000000000,0.0000000000,0.0000000000,-0.0155576589,0.1163835973,-0.0018188007,0.0618857294,0.1164602637,0.0072352435
00:42:11:04.586,61,0.0919823498,0.1906359047,0.1021689251,0.0000000000,0.0000000000,0.0521274246,0.0000000000,0.0919767246,0.1908560395,0.0254706852,0.0000000000,0.0000000000,0.0521219745,0.0000000000,0.0114729060,0.0045881825,0.0000000000,0.0148682371,0.0151267741,0.0099537959,0.0692185313,0.0098242294,0.0000000000,0.0000000000,0.0000000000,0.0319136120,0.0135783451,0.0231064092,0.0224753283,0.0291708540,0.0276710037,0.0352807418,0.0103892675,0.2385927737,0.1719536036,0.0610119551,0.0654717088,0.0216061398,0.0209656786,0.0193567500,0.0203463454,0.3670311272,0.3669727147,0.0141253630,0.0000000000,0.0000000000,0.0187680610,0.0289419480,0.0306279827,0.0751658529,0.0784105435,0.0000000168,0.0000000000,0.0000000000,0.0000000000,-0.0154535230,0.1166013032,-0.0018100379,0.0619881935,0.1166779771,0.0072608786
00:42:11:05.588,61,0.0924084783,0.1911140531,0.1023791209,0.0000000000,0.0000000000,0.0522489250,0.0000000000,0.0924028680,0.1913368702,0.0252705850,0.0000000000,0.0000000000,0.0522434153,0.0000000000,0.0114700142,0.0045808940,0.0000000000,0.0148714380,0.0151360519,0.0099545335,0.0691892430,0.0098543810,0.0000000000,0.0000000000,0.0000000000,0.0315577127,0.0131768342,0.0231115930,0.0224794596,0.0291749053,0.0276705101,0.0352817699,0.0103911953,0.2385697663,0.1718986481,0.0610216744,0.0654870123,0.0216574762,0.0210123025,0.0193776023,0.0203668121,0.3684420884,0.3683851659,0.0141258640,0.0000000000,0.0000000000,0.0187394544,0.0289749000,0.0306639522,0.0752806738,0.0785373300,0.0000000176,0.0000000000,0.0000000000,0.0000000000,-0.0153315896,0.1168948412,-0.0018003194,0.0621135943,0.1169715449,0.0072940201
00:42:11:06.589,61,0.0928801969,0.1915220171,0.1023690850,0.0000000000,0.0000000000,0.0523991473,0.0000000000,0.0928747058,0.1917454153,0.0252813492,0.0000000000,0.0000000000,0.0523935854,0.0000000000,0.0114717204,0.0045887805,0.0000000000,0.0148856137,0.0151565727,0.0099644223,0.0691756979,0.0098581789,0.0000000000,0.0000000000,0.0000000000,0.0312867239,0.0128167439,0.0231096596,0.0224763844,0.0291925017,0.0276802685,0.0352871679,0.0103927795,0.2384644002,0.1717873663,0.0610039011,0.0654722080,0.0217103120,0.0210602060,0.0193982199,0.0203882530,0.3693418205,0.3692857921,0.0141285388,0.0000000000,0.0000000000,0.0187095180,0.0290210340,0.0307134800,0.0753943250,0.0786618516,0.0000000173,0.0000000000,0.0000000000,0.0000000000,-0.0153376739,0.1171444654,-0.0018049148,0.0621056892,0.1172211841,0.0073088007
00:42:11:07.592,61,0.0933158472,0.1917358786,0.1024050415,0.0000000000,0.0000000000,0.0525710359,0.0000000000,0.0933104604,0.1919599921,0.0252457410,0.0000000000,0.0000000000,0.0525654256,0.0000000000,0.0114694834,0.0046221041,0.0000000000,0.0148987696,0.0151728755,0.0099695986,0.0691078603,0.0097945221,0.0000000000,0.0000000000,0.0000000000,0.0312089808,0.0125396140,0.0231120400,0.0224817116,0.0292230137,0.0277045853,0.0352919325,0.0103921266,0.2383073866,0.1716527641,0.0609554313,0.0654299930,0.0217565615,0.0211058948,0.0194062497,0.0204044171,0.3698956072,0.3698403537,0.0141369570,0.0000000000,0.0000000000,0.0186708495,0.0290606227,0.0307647791,0.0754549950,0.0787519291,0.0000000159,0.0000000000,0.0000000000,0.0000000000,-0.0153158335,0.1172755212,-0.0018043797,0.0621265471,0.1173522249,0.0073195007
00:42:11:08.593,61,0.0936765894,0.1919260472,0.1023990065,0.0000000000,0.0000000000,0.0526967533,0.0000000000,0.0936713740,0.1921504289,0.0252392199,0.0000000000,0.0000000000,0.0526911058,0.0000000000,0.0114665339,0.0046433406,0.0000000000,0.0149145937,0.0151939662,0.0099699190,0.0689568892,0.0097437743,0.0000000000,0.0000000000,0.0000000000,0.0311308913,0.0122480504,0.0231169574,0.0224881992,0.0292586647,0.0277317297,0.0352895632,0.0103969639,0.2378756851,0.1712955534,0.0608392805,0.0653160810,0.0218161102,0.0211612862,0.0193995945,0.0204047244,0.3700487912,0.3699942529,0.0141519941,0.0000000000,0.0000000000,0.0186246485,0.0290837754,0.0308002494,0.0754793286,0.0788006037,0.0000000134,0.0000000000,0.0000000000,0.0000000000,-0.0153116668,0.1173918471,-0.0018056950,0.0621220283,0.1174685881,0.0073262933
00:42:11:09.594,61,0.0939508826,0.1922568381,0.1024990454,0.0000000000,0.0000000000,0.0528368875,0.0000000000,0.0939457864,0.1924827695,0.0251131188,0.0000000000,0.0000000000,0.0528311990,0.0000000000,0.0114502637,0.0046421681,0.0000000000,0.0149245942,0.0152091645,0.0099669173,0.0688322559,0.0097177932,0.0000000000,0.0000000000,0.0000000000,0.0311135687,0.0121236844,0.0230896343,0.0224631280,0.0292751845,0.0277459789,0.0352624170,0.0103907343,0.2374098897,0.1709524393,0.0606827326,0.0651531592,0.0218436085,0.0211872514,0.0193888303,0.0203968789,0.3699283600,0.3698743880,0.0141710788,0.0000000000,0.0000000000,0.0185748003,0.0291127190,0.0308363512,0.0754562467,0.0787920281,0.0000000116,0.0000000000,0.0000000000,0.0000000000,-0.0152348010,0.1175947413,-0.0017997650,0.0621812344,0.1176715046,0.0073460508
00:42:11:10.596,61,0.0941668302,0.1925614029,0.1028509587,0.0000000000,0.0000000000,0.0529560447,0.0000000000,0.0941618159,0.1927911043,0.0247586593,0.0000000000,0.0000000000,0.0529503264,0.0000000000,0.0114357518,0.0046630925,0.0000000000,0.0149271041,0.0152165480,0.0099686636,0.0687697381,0.0096729025,0.0000000000,0.0000000000,0.0000000000,0.0313759781,0.0122732949,0.0230624024,0.0224380158,0.0293063652,0.0277727451,0.0352333337,0.0103784539,0.2371231765,0.1707719266,0.0605568513,0.0650214925,0.0218459070,0.0211890731,0.0193782803,0.0203882493,0.3696430922,0.3695895076,0.0141935162,0.0000000000,0.0000000000,0.0185449943,0.0291405581,0.0308698956,0.0754262283,0.0787806809,0.0000000113,0.0000000000,0.0000000000,0.0000000000,-0.0150194345,0.1177827567,-0.0017771878,0.0623933487,0.1178594604,0.0073829596
00:42:11:11.597,61,0.0943613127,0.1924976856,0.1030826941,0.0000000000,0.0000000000,0.0531538017,0.0000000000,0.0943564028,0.1927294135,0.0245253481,0.0000000000,0.0000000000,0.0531479903,0.0000000000,0.0114258826,0.0046773697,0.0000000000,0.0149388779,0.0152301826,0.0099849235,0.0687948316,0.0095984824,0.0000000000,0.0000000000,0.0000000000,0.0316150784,0.0123960497,0.0230454151,0.0224227663,0.0293441787,0.0278085899,0.0352166928,0.0103686191,0.2370375246,0.1707272530,0.0605012476,0.0649581850,0.0218546093,0.0211993139,0.0193807296,0.0203927066,0.3698529303,0.3697996736,0.0142104905,0.0000000000,0.0000000000,0.0185300242,0.0291978680,0.0309337992,0.0754466429,0.0788144767,0.0000000118,0.0000000000,0.0000000000,0.0000000000,-0.0148779666,0.1177448109,-0.0017598774,0.0625342131,0.1178214997,0.0073972004
00:42:11:12.599,61,0.0944536477,0.1925917119,0.1032341942,0.0000000000,0.0000000000,0.0532955118,0.0000000000,0.0944488049,0.1928250045,0.0243625119,0.0000000000,0.0000000000,0.0532896556,0.0000000000,0.0114110075,0.0046979454,0.0000000000,0.0149459839,0.0152411368,0.0099885007,0.0688063875,0.0095082475,0.0000000000,0.0000000000,0.0000000000,0.0317961387,0.0124740880,0.0230117925,0.0223933011,0.0293571316,0.0278241485,0.0351934917,0.0103573520,0.2368743569,0.1706381291,0.0604172610,0.0648687929,0.0218457188,0.0211929437,0.0193768386,0.0203940310,0.3698360920,0.3697830141,0.0142200664,0.0000000000,0.0000000000,0.0185083207,0.0292312726,0.0309718698,0.0754360706,0.0788136870,0.0000000126,0.0000000000,0.0000000000,0.0000000000,-0.0147790834,0.1178030297,-0.0017490542,0.0626256913,0.1178797632,0.0074117044
00:42:11:13.601,61,0.0945814475,0.1925720721,0.1033196375,0.0000000000,0.0000000000,0.0534490868,0.0000000000,0.0945766494,0.1928061247,0.0242650453,0.0000000000,0.0000000000,0.0534431748,0.0000000000,0.0113959098,0.0047009517,0.0000000000,0.0149578303,0.0152600482,0.0100034438,0.0688018724,0.0094279712,0.0000000000,0.0000000000,0.0000000000,0.0317225531,0.0123164775,0.0230001435,0.0223856010,0.0293891709,0.0278587118,0.0351639241,0.0103522642,0.2365671098,0.1703967154,0.0603352152,0.0647820234,0.0218684804,0.0212154370,0.0193723757,0.0203933343,0.3697175086,0.3696645796,0.0142409541,0.0000000000,0.0000000000,0.0184996091,0.0292787105,0.0310244318,0.0754621848,0.0788496211,0.0000000132,0.0000000000,0.0000000000,0.0000000000,-0.0147199770,0.1177913994,-0.0017418859,0.0626776218,0.1178681105,0.0074171014
00:42:11:14.603,61,0.0945758224,0.1923670471,0.1035464853,0.0000000000,0.0000000000,0.0535727590,0.0000000000,0.0945710540,0.1926028430,0.0240250658,0.0000000000,0.0000000000,0.0535667837,0.0000000000,0.0113791022,0.0046868743,0.0000000000,0.0149642695,0.0152709531,0.0100120204,0.0687882304,0.0093590869,0.0000000000,0.0000000000,0.0000000000,0.0316442959,0.0122040370,0.0229957551,0.0223850105,0.0294004008,0.0278763920,0.0351209603,0.0103528732,0.2362127006,0.1701096445,0.0602626204,0.0646997690,0.0218819138,0.0212284699,0.0193512943,0.0203747824,0.3694878221,0.3694348335,0.0142519167,0.0000000000,0.0000000000,0.0185033251,0.0293036737,0.0310499836,0.0754470676,0.0788415074,0.0000000127,0.0000000000,0.0000000000,0.0000000000,-0.0145746097,0.1176669300,-0.0017228459,0.0628161505,0.1177436411,0.0074255518
00:42:11:15.604,61,0.0945470780,0.1922092140,0.1035920829,0.0000000000,0.0000000000,0.0536501706,0.0000000000,0.0945423245,0.1924451888,0.0239698384,0.0000000000,0.0000000000,0.0536441542,0.0000000000,0.0113562066,0.0046518641,0.0000000000,0.0149751101,0.0152857518,0.0100230984,0.0688161179,0.0092871506,0.0000000000,0.0000000000,0.0000000000,0.0316409804,0.0122117968,0.0229749363,0.0223682541,0.0294067897,0.0278952848,0.0350666456,0.0103512183,0.2357424796,0.1697485745,0.0601525865,0.0645707473,0.0218878053,0.0212339815,0.0193234552,0.0203468986,0.3690113723,0.3689582646,0.0142715937,0.0000000000,0.0000000000,0.0185053702,0.0293196868,0.0310682300,0.0753908232,0.0787897259,0.0000000134,0.0000000000,0.0000000000,0.0000000000,-0.0145412721,0.1175705642,-0.0017174847,0.0628445446,0.1176472530,0.0074227639
00:42:11:16.606,61,0.0945374370,0.1920954883,0.1036739051,0.0000000000,0.0000000000,0.0536878817,0.0000000000,0.0945326462,0.1923320740,0.0238643382,0.0000000000,0.0000000000,0.0536818542,0.0000000000,0.0113371043,0.0046464182,0.0000000000,0.0149833094,0.0152974119,0.0100359535,0.0688646957,0.0092207519,0.0000000000,0.0000000000,0.0000000000,0.0316500664,0.0121934665,0.0229605474,0.0223554578,0.0294133518,0.0279100295,0.0350242555,0.0103495484,0.2354003191,0.1694763601,0.0600773469,0.0644831657,0.0218997952,0.0212453194,0.0193015337,0.0203265101,0.3687323332,0.3686790466,0.0142808259,0.0000000000,0.0000000000,0.0185114667,0.0293147825,0.0310675111,0.0753318742,0.0787415057,0.0000000147,0.0000000000,0.0000000000,0.0000000000,-0.0144773908,0.1175013557,-0.0017089241,0.0628946871,0.1175780147,0.0074242670
00:42:11:17.608,61,0.0944340229,0.1919347942,0.1039184257,0.0000000000,0.0000000000,0.0537182800,0.0000000000,0.0944292024,0.1921733320,0.0236092489,0.0000000000,0.0000000000,0.0537122041,0.0000000000,0.0113173267,0.0046380605,0.0000000000,0.0149906566,0.0153138191,0.0100526595,0.0689247176,0.0091354009,0.0000000000,0.0000000000,0.0000000000,0.0316279717,0.0121258944,0.0229389388,0.0223392118,0.0294302478,0.0279389434,0.0349729620,0.0103419786,0.2350632250,0.1692199707,0.0599850751,0.0643783063,0.0219058618,0.0212569963,0.0192869436,0.0203138720,0.3682594001,0.3682056963,0.0142985797,0.0000000000,0.0000000000,0.0185166262,0.0293262973,0.0310818925,0.0752720386,0.0786861628,0.0000000161,0.0000000000,0.0000000000,0.0000000000,-0.0143228052,0.1174041033,-0.0016892656,0.0630437434,0.1174807772,0.0074356254
00:42:11:18.609,61,0.0943674073,0.1918802261,0.1045345962,0.0000000000,0.0000000000,0.0537096076,0.0000000000,0.0943625569,0.1921242028,0.0229917355,0.0000000000,0.0000000000,0.0537034981,0.0000000000,0.0113049569,0.0046205567,0.0000000000,0.0150031326,0.0153334076,0.0100776320,0.0690119639,0.0090572508,0.0000000000,0.0000000000,0.0000000000,0.0316627547,0.0121493712,0.0229211506,0.0223271959,0.0294458885,0.0279669072,0.0349453278,0.0103392806,0.2348196954,0.1690182835,0.0599438623,0.0643227771,0.0219167266,0.0212704539,0.0192824509,0.0203098394,0.3678127527,0.3677583635,0.0143141923,0.0000000000,0.0000000000,0.0185395721,0.0293397103,0.0310919210,0.0752682015,0.0786876902,0.0000000161,0.0000000000,0.0000000000,0.0000000000,-0.0139482319,0.1173734739,-0.0016446573,0.0634178072,0.1174501553,0.0074777170
00:42:11:19.610,61,0.0943934992,0.1918835193,0.1048090011,0.0000000000,0.0000000000,0.0536730886,0.0000000000,0.0943885595,0.1921299547,0.0227265768,0.0000000000,0.0000000000,0.0536669679,0.0000000000,0.0113059413,0.0045801247,0.0000000000,0.0150161637,0.0153470831,0.0101118134,0.0691606700,0.0089935828,0.0000000000,0.0000000000,0.0000000000,0.0316808224,0.0121746156,0.0229422264,0.0223510433,0.0294582527,0.0279887002,0.0349575244,0.0103496565,0.2348678112,0.1690202653,0.0600396432,0.0644186661,0.0219406392,0.0212982036,0.0192904752,0.0203184597,0.3678493202,0.3677944243,0.0143233361,0.0000000000,0.0000000000,0.0186008718,0.0293424074,0.0310921352,0.0753054172,0.0787382275,0.0000000174,0.0000000000,0.0000000000,0.0000000000,-0.0137873646,0.1173767298,-0.0016257360,0.0635842606,0.1174534038,0.0074975262
00:42:11:20.612,61,0.0944344252,0.1918157190,0.1049525440,0.0000000000,0.0000000000,0.0536017790,0.0000000000,0.0944292545,0.1920634210,0.0225698985,0.0000000000,0.0000000000,0.0535956733,0.0000000000,0.0113128461,0.0045080641,0.0000000000,0.0150289861,0.0153588895,0.0101554198,0.0694175661,0.0089337863,0.0000000000,0.0000000000,0.0000000000,0.0314768106,0.0120339394,0.0229991116,0.0224092491,0.0294692740,0.0280160960,0.0350004397,0.0103649925,0.2353041321,0.1692855358,0.0602598898,0.0646486282,0.0219796561,0.0213407502,0.0193227082,0.0203542877,0.3683012128,0.3682457507,0.0143193975,0.0000000000,0.0000000000,0.0186810400,0.0293370709,0.0310839377,0.0753888637,0.0788305551,0.0000000170,0.0000000000,0.0000000000,0.0000000000,-0.0136923799,0.1173359305,-0.0016139701,0.0636716485,0.1174125895,0.0075051822
00:42:11:21.613,61,0.0945647284,0.1918595433,0.1051210910,0.0000000000,0.0000000000,0.0535942912,0.0000000000,0.0945592970,0.1921088547,0.0224015061,0.0000000000,0.0000000000,0.0535881780,0.0000000000,0.0113196280,0.0044183875,0.0000000000,0.0150500461,0.0153843677,0.0102146827,0.0697395056,0.0088701304,0.0000000000,0.0000000000,0.0000000000,0.0312600806,0.0119417030,0.0230440684,0.0224576164,0.0295046736,0.0280730724,0.0350550562,0.0103755575,0.2358705997,0.1696375757,0.0604976341,0.0648918673,0.0220387094,0.0214026906,0.0193814691,0.0204121973,0.3695552945,0.3694982529,0.0143230101,0.0000000000,0.0000000000,0.0187664963,0.0293715168,0.0311119035,0.0755599439,0.0789980218,0.0000000184,0.0000000000,0.0000000000,0.0000000000,-0.0135901766,0.1173635051,-0.0016023039,0.0637737140,0.1174401864,0.0075189779
00:42:11:22.615,61,0.0947039053,0.1915703565,0.1053308845,0.0000000000,0.0000000000,0.0535530411,0.0000000000,0.0946984366,0.1918210089,0.0221911687,0.0000000000,0.0000000000,0.0535469428,0.0000000000,0.0113310982,0.0043664784,0.0000000000,0.0150603661,0.0154056950,0.0102650430,0.0699567571,0.0088458210,0.0000000000,0.0000000000,0.0000000000,0.0312007088,0.0119774500,0.0230622757,0.0224799849,0.0295384806,0.0281183515,0.0350890420,0.0103809275,0.2362289429,0.1698458493,0.0606631972,0.0650636777,0.0220857244,0.0214505736,0.0194244552,0.0204544514,0.3698771298,0.3698193431,0.0143218366,0.0000000000,0.0000000000,0.0188376475,0.0293851700,0.0311199278,0.0756988302,0.0791428611,0.0000000205,0.0000000000,0.0000000000,0.0000000000,-0.0134628508,0.1171874478,-0.0015848899,0.0639023036,0.1172641069,0.0075227199
00:42:11:23.617,61,0.0950063467,0.1915625930,0.1053561494,0.0000000000,0.0000000000,0.0535957143,0.0000000000,0.0950009376,0.1918133944,0.0221939459,0.0000000000,0.0000000000,0.0535896309,0.0000000000,0.0113567906,0.0043441658,0.0000000000,0.0150680561,0.0154197533,0.0103182280,0.0702094957,0.0088155186,0.0000000000,0.0000000000,0.0000000000,0.0312060006,0.0120098153,0.0230862852,0.0225035865,0.0295745712,0.0281577297,0.0351513587,0.0103866030,0.2372819036,0.1703362316,0.0609285533,0.0653432310,0.0221268516,0.0214941464,0.0194905978,0.0205210410,0.3722834587,0.3722275198,0.0143115791,0.0000000000,0.0000000000,0.0189138986,0.0294378772,0.0311726108,0.0759639964,0.0794133469,0.0000000228,0.0000000000,0.0000000000,0.0000000000,-0.0134645458,0.1171828210,-0.0015850263,0.0639176741,0.1172594801,0.0075242268
00:42:11:24.618,61,0.0953300595,0.1916591972,0.1052550599,0.0000000000,0.0000000000,0.0536181517,0.0000000000,0.0953247398,0.1919092238,0.0223076716,0.0000000000,0.0000000000,0.0536120720,0.0000000000,0.0113805113,0.0043371702,0.0000000000,0.0150712607,0.0154342614,0.0103734545,0.0704532713,0.0088010859,0.0000000000,0.0000000000,0.0000000000,0.0311458893,0.0119595248,0.0231110491,0.0225268528,0.0296268798,0.0282098148,0.0352098122,0.0103876721,0.2380560488,0.1708081663,0.0611839034,0.0656191632,0.0221836828,0.0215509124,0.0195645764,0.0205959734,0.3738352656,0.3737812936,0.0142993527,0.0000000000,0.0000000000,0.0189830996,0.0294911228,0.0312268790,0.0762610734,0.0797162876,0.0000000253,0.0000000000,0.0000000000,0.0000000000,-0.0135334469,0.1172414720,-0.0015939412,0.0638559088,0.1173181608,0.0075207627
00:42:11:25.620,61,0.0955616385,0.1918472648,0.1053226665,0.0000000000,0.0000000000,0.0535854623,0.0000000000,0.0955564380,0.1920982897,0.0222390015,0.0000000000,0.0000000000,0.0535793751,0.0000000000,0.0113968272,0.0043046540,0.0000000000,0.0150845759,0.0154628195,0.0104222763,0.0706439391,0.0087553076,0.0000000000,0.0000000000,0.0000000000,0.0310966428,0.0118834060,0.0231060013,0.0225248337,0.0296721831,0.0282619875,0.0352659561,0.0103854751,0.2385033965,0.1710779518,0.0613308363,0.0657809973,0.0222454648,0.0216140989,0.0196381491,0.0206727050,0.3746476173,0.3745943606,0.0142948115,0.0000000000,0.0000000000,0.0190247651,0.0295355842,0.0312694386,0.0765017793,0.0799678713,0.0000000251,0.0000000000,0.0000000000,0.0000000000,-0.0134916026,0.1173569113,-0.0015905922,0.0638960451,0.1174335778,0.0075329547
00:42:11:26.621,61,0.0957012177,0.1918139011,0.1052148342,0.0000000000,0.0000000000,0.0535480715,0.0000000000,0.0956960917,0.1920638531,0.0223570690,0.0000000000,0.0000000000,0.0535419807,0.0000000000,0.0114128711,0.0042553446,0.0000000000,0.0151022989,0.0154963788,0.0104757929,0.0708050951,0.0087009836,0.0000000000,0.0000000000,0.0000000000,0.0312032122,0.0119918026,0.0230873693,0.0225080829,0.0297203213,0.0283177663,0.0353188813,0.0103842700,0.2387428135,0.1712108999,0.0614216961,0.0658775344,0.0223062597,0.0216785893,0.0197048690,0.0207428150,0.3750100732,0.3749569952,0.0143003929,0.0000000000,0.0000000000,0.0190720856,0.0295877159,0.0313198268,0.0767277926,0.0801909640,0.0000000278,0.0000000000,0.0000000000,0.0000000000,-0.0135632632,0.1173359901,-0.0015987525,0.0638307855,0.1174126789,0.0075239199
00:42:11:27.623,61,0.0956657678,0.1919202954,0.1049582064,0.0000000000,0.0000000000,0.0533414036,0.0000000000,0.0956606343,0.1921681017,0.0226140358,0.0000000000,0.0000000000,0.0533353724,0.0000000000,0.0114187198,0.0042206976,0.0000000000,0.0151178222,0.0155273005,0.0105209947,0.0709147528,0.0087035289,0.0000000000,0.0000000000,0.0000000000,0.0312925726,0.0120904231,0.0230797026,0.0225018058,0.0297637172,0.0283608586,0.0353581384,0.0103830788,0.2388253361,0.1712429076,0.0614704862,0.0659280941,0.0223533660,0.0217258427,0.0197531302,0.0207917709,0.3736897707,0.3736337721,0.0143141868,0.0000000000,0.0000000000,0.0191222262,0.0295935348,0.0313243531,0.0768376142,0.0802911520,0.0000000267,0.0000000000,0.0000000000,0.0000000000,-0.0137190511,0.1173999310,-0.0016180041,0.0636746138,0.1174766198,0.0075096618
00:42:11:28.625,61,0.0956196710,0.1920116097,0.1043747813,0.0000000000,0.0000000000,0.0531069674,0.0000000000,0.0956145301,0.1922543049,0.0231849384,0.0000000000,0.0000000000,0.0531009845,0.0000000000,0.0114305215,0.0041270610,0.0000000000,0.0151413325,0.0155627104,0.0105750225,0.0710890368,0.0086525921,0.0000000000,0.0000000000,0.0000000000,0.0312917307,0.0121519295,0.0230737608,0.0224970579,0.0297981910,0.0284071714,0.0354258008,0.0103879869,0.2390062064,0.1713407189,0.0615638867,0.0660196021,0.0223948229,0.0217731055,0.0198175199,0.0208594576,0.3728125691,0.3727546036,0.0143385222,0.0000000000,0.0000000000,0.0191933829,0.0296076536,0.0313295238,0.0769820288,0.0804193094,0.0000000273,0.0000000000,0.0000000000,0.0000000000,-0.0140653066,0.1174531430,-0.0016595974,0.0633202568,0.1175298393,0.0074713430
00:42:11:29.626,61,0.0955345109,0.1919168383,0.1038084999,0.0000000000,0.0000000000,0.0528685041,0.0000000000,0.0955293775,0.1921542883,0.0237385407,0.0000000000,0.0000000000,0.0528625771,0.0000000000,0.0114402790,0.0040417043,0.0000000000,0.0151567226,0.0155882388,0.0106346225,0.0713201165,0.0085780043,0.0000000000,0.0000000000,0.0000000000,0.0313296430,0.0122499894,0.0230688900,0.0224953834,0.0298256222,0.0284484774,0.0355030112,0.0103961807,0.2393039167,0.1715384424,0.0617234595,0.0661802068,0.0224189535,0.0218021404,0.0198853463,0.0209290199,0.3720937669,0.3720350862,0.0143593112,0.0000000000,0.0000000000,0.0192917641,0.0296174381,0.0313347280,0.0771341026,0.0805615783,0.0000000292,0.0000000000,0.0000000000,0.0000000000,-0.0144012598,0.1173925996,-0.0016983503,0.0629771501,0.1174692884,0.0074270493
00:42:11:30.628,61,0.0954399556,0.1920757890,0.1032961011,0.0000000000,0.0000000000,0.0525928997,0.0000000000,0.0954347849,0.1923088282,0.0242467616,0.0000000000,0.0000000000,0.0525870249,0.0000000000,0.0114360182,0.0039548418,0.0000000000,0.0151669076,0.0156133883,0.0106864776,0.0715231374,0.0085212830,0.0000000000,0.0000000000,0.0000000000,0.0312821865,0.0122885704,0.0230494495,0.0224776734,0.0298493095,0.0284837615,0.0355394483,0.0103970841,0.2393321544,0.1715434492,0.0617891662,0.0662405267,0.0224370267,0.0218249653,0.0199336056,0.0209777858,0.3694247603,0.3693624437,0.0143961161,0.0000000000,0.0000000000,0.0193717312,0.0296086576,0.0313183367,0.0772101134,0.0806193128,0.0000000293,0.0000000000,0.0000000000,0.0000000000,-0.0147094158,0.1174875572,-0.0017361044,0.0626655817,0.1175642461,0.0073963846
00:42:11:31.629,61,0.0953442529,0.1919705868,0.1032193974,0.0000000000,0.0000000000,0.0523317493,0.0000000000,0.0953390673,0.1922027767,0.0243286919,0.0000000000,0.0000000000,0.0523259342,0.0000000000,0.0114350170,0.0038776458,0.0000000000,0.0151778506,0.0156396907,0.0107364859,0.0717001632,0.0084707746,0.0000000000,0.0000000000,0.0000000000,0.0312392525,0.0123025291,0.0230471902,0.0224784985,0.0298731290,0.0285182204,0.0355819501,0.0104025044,0.2393184006,0.1715075523,0.0618617237,0.0663144514,0.0224666409,0.0218587127,0.0199750327,0.0210213754,0.3674285412,0.3673649728,0.0144292898,0.0000000000,0.0000000000,0.0194569770,0.0295954123,0.0313002020,0.0772921965,0.0806978568,0.0000000291,0.0000000000,0.0000000000,0.0000000000,-0.0147592286,0.1174228489,-0.0017410152,0.0626195297,0.1174995229,0.0073868493
00:42:11:32.631,61,0.0951092839,0.1920184344,0.1029050276,0.0000000000,0.0000000000,0.0520641133,0.0000000000,0.0951042175,0.1922478080,0.0246564690,0.0000000000,0.0000000000,0.0520583503,0.0000000000,0.0114252008,0.0038240384,0.0000000000,0.0151734203,0.0156495944,0.0107492041,0.0717495531,0.0084458748,0.0000000000,0.0000000000,0.0000000000,0.0309695248,0.0120687773,0.0230286997,0.0224636476,0.0298670884,0.0285231061,0.0355778374,0.0103983413,0.2391649932,0.1713702977,0.0618482009,0.0663041845,0.0224860311,0.0218821373,0.0199979823,0.0210459847,0.3663389981,0.3662751615,0.0144439898,0.0000000000,0.0000000000,0.0194813479,0.0295610987,0.0312636010,0.0773249120,0.0807286799,0.0000000304,0.0000000000,0.0000000000,0.0000000000,-0.0149580278,0.1174507216,-0.0017648867,0.0624286011,0.1175273955,0.0073661199
00:42:11:33.633,61,0.0947938114,0.1915626824,0.1026545912,0.0000000000,0.0000000000,0.0518266410,0.0000000000,0.0947888270,0.1917890012,0.0249029249,0.0000000000,0.0000000000,0.0518209189,0.0000000000,0.0114158504,0.0038210631,0.0000000000,0.0151624773,0.0156430379,0.0107416930,0.0717438236,0.0084794285,0.0000000000,0.0000000000,0.0000000000,0.0308835432,0.0120224310,0.0230123457,0.0224466138,0.0298427232,0.0284989048,0.0355589166,0.0103902305,0.2390931547,0.1713267267,0.0618189536,0.0662792176,0.0224600043,0.0218568351,0.0199954100,0.0210439563,0.3652835786,0.3652183712,0.0144506507,0.0000000000,0.0000000000,0.0194859765,0.0295199510,0.0312209018,0.0772738457,0.0806671306,0.0000000321,0.0000000000,0.0000000000,0.0000000000,-0.0151080452,0.1171706840,-0.0017782963,0.0622787103,0.1172473282,0.0073307855
00:42:11:34.634,61,0.0943895802,0.1913660765,0.1024613306,0.0000000000,0.0000000000,0.0516356044,0.0000000000,0.0943846926,0.1915903091,0.0251009911,0.0000000000,0.0000000000,0.0516299158,0.0000000000,0.0114065120,0.0038056569,0.0000000000,0.0151437465,0.0156287551,0.0107271383,0.0717943385,0.0084656803,0.0000000000,0.0000000000,0.0000000000,0.0308666658,0.0120752351,0.0229943488,0.0224291347,0.0298103523,0.0284748003,0.0355408937,0.0103790117,0.2391947061,0.1714470387,0.0618211031,0.0662825480,0.0224070325,0.0218081791,0.0199986361,0.0210460927,0.3645201027,0.3644544482,0.0144538283,0.0000000000,0.0000000000,0.0194965713,0.0294942241,0.0311920904,0.0772288516,0.0806042850,0.0000000361,0.0000000000,0.0000000000,0.0000000000,-0.0152284224,0.1170495078,-0.0017905933,0.0621623509,0.1171261594,0.0073094750
00:42:11:35.636,61,0.0940943211,0.1912753433,0.1021685973,0.0000000000,0.0000000000,0.0513701104,0.0000000000,0.0940894410,0.1914967299,0.0254062191,0.0000000000,0.0000000000,0.0513644814,0.0000000000,0.0113975257,0.0038164197,0.0000000000,0.0151262209,0.0156178959,0.0107177924,0.0718504265,0.0084360130,0.0000000000,0.0000000000,0.0000000000,0.0309548192,0.0121762110,0.0229552537,0.0223931633,0.0297843162,0.0284549110,0.0355255865,0.0103632584,0.2392292917,0.1715077758,0.0617888868,0.0662481636,0.0223573577,0.0217630211,0.0200049840,0.0210531410,0.3631871641,0.3631206453,0.0144579588,0.0000000000,0.0000000000,0.0195077285,0.0294398349,0.0311384276,0.0771676004,0.0805375651,0.0000000427,0.0000000000,0.0000000000,0.0000000000,-0.0154137034,0.1169926748,-0.0018114891,0.0619851574,0.1170693338,0.0072850981
00:42:11:36.638,61,0.0939903930,0.1913205087,0.1019515246,0.0000000000,0.0000000000,0.0511475466,0.0000000000,0.0939854831,0.1915400028,0.0256240889,0.0000000000,0.0000000000,0.0511419959,0.0000000000,0.0114067523,0.0038042504,0.0000000000,0.0151265934,0.0156195872,0.0107259071,0.0719137564,0.0084225694,0.0000000000,0.0000000000,0.0000000000,0.0310830902,0.0123583125,0.0229606684,0.0223989673,0.0297798831,0.0284580328,0.0355585329,0.0103648091,0.2393286675,0.1715971380,0.0618364327,0.0662922114,0.0223378744,0.0217452757,0.0200135633,0.0210628025,0.3623681962,0.3623013198,0.0144644799,0.0000000000,0.0000000000,0.0195410866,0.0293982457,0.0310935546,0.0771387219,0.0805001333,0.0000000455,0.0000000000,0.0000000000,0.0000000000,-0.0155458357,0.1170193404,-0.0018274371,0.0618532524,0.1170960069,0.0072712880
00:42:11:37.640,61,0.0938424245,0.1914547235,0.1018012017,0.0000000000,0.0000000000,0.0508827008,0.0000000000,0.0938374698,0.1916731000,0.0257757865,0.0000000000,0.0000000000,0.0508772284,0.0000000000,0.0113979680,0.0037799822,0.0000000000,0.0151167326,0.0156152695,0.0107152285,0.0719177425,0.0084343962,0.0000000000,0.0000000000,0.0000000000,0.0310486741,0.0124134980,0.0229360797,0.0223772805,0.0297531076,0.0284425188,0.0355545804,0.0103581510,0.2391895056,0.1715151072,0.0617806576,0.0662307218,0.0223115627,0.0217203703,0.0200128332,0.0210627839,0.3607512712,0.3606837392,0.0144740194,0.0000000000,0.0000000000,0.0195404701,0.0293357726,0.0310287084,0.0770491064,0.0803996101,0.0000000475,0.0000000000,0.0000000000,0.0000000000,-0.0156377200,0.1171008348,-0.0018395293,0.0617614649,0.1171774790,0.0072656092
00:42:11:38.641,61,0.0938769132,0.1915207356,0.1016840637,0.0000000000,0.0000000000,0.0507008508,0.0000000000,0.0938719735,0.1917380989,0.0259016063,0.0000000000,0.0000000000,0.0506954268,0.0000000000,0.0113906972,0.0037712371,0.0000000000,0.0151088452,0.0156045351,0.0107036242,0.0718368664,0.0084212245,0.0000000000,0.0000000000,0.0000000000,0.0310119018,0.0123530980,0.0229426995,0.0223863740,0.0297347438,0.0284246895,0.0355515070,0.0103567913,0.2390023768,0.1714034528,0.0617515743,0.0661985055,0.0222972520,0.0217089429,0.0199967567,0.0210506171,0.3598291874,0.3597618043,0.0144896116,0.0000000000,0.0000000000,0.0195329301,0.0292716753,0.0309652351,0.0769235268,0.0802902579,0.0000000485,0.0000000000,0.0000000000,0.0000000000,-0.0157139767,0.1171406880,-0.0018491338,0.0616901107,0.1172173768,0.0072597186
00:42:11:39.643,61,0.0939130038,0.1917034239,0.1015810668,0.0000000000,0.0000000000,0.0505621508,0.0000000000,0.0939079970,0.1919201463,0.0260130651,0.0000000000,0.0000000000,0.0505567715,0.0000000000,0.0113746617,0.0037840230,0.0000000000,0.0150928581,0.0155866724,0.0106675988,0.0716723353,0.0084638409,0.0000000000,0.0000000000,0.0000000000,0.0308444966,0.0121879894,0.0229269806,0.0223673359,0.0296850912,0.0283694323,0.0355141349,0.0103505654,0.2386582494,0.1711837351,0.0616362654,0.0660805702,0.0222573522,0.0216687638,0.0199621972,0.0210177526,0.3590210080,0.3589538634,0.0144921057,0.0000000000,0.0000000000,0.0194894690,0.0292037632,0.0308983475,0.0767649114,0.0801382884,0.0000000478,0.0000000000,0.0000000000,0.0000000000,-0.0157813933,0.1172520220,-0.0018588474,0.0616268143,0.1173287332,0.0072592339
00:42:11:40.644,61,0.0939776599,0.1918472052,0.1016779840,0.0000000000,0.0000000000,0.0504920669,0.0000000000,0.0939725861,0.1920650005,0.0259373579,0.0000000000,0.0000000000,0.0504866987,0.0000000000,0.0113571463,0.0037976201,0.0000000000,0.0150785698,0.0155674918,0.0106329313,0.0715650320,0.0084673408,0.0000000000,0.0000000000,0.0000000000,0.0305813849,0.0119226808,0.0229300093,0.0223694779,0.0296469964,0.0283283610,0.0354698412,0.0103457067,0.2384702712,0.1710740328,0.0615554675,0.0660009533,0.0222118553,0.0216263738,0.0199274085,0.0209844336,0.3585332036,0.3584664464,0.0144972783,0.0000000000,0.0000000000,0.0194492303,0.0291568246,0.0308537800,0.0766299292,0.0800100863,0.0000000490,0.0000000000,0.0000000000,0.0000000000,-0.0157352965,0.1173404455,-0.0018548289,0.0616849735,0.1174171343,0.0072716014
00:42:11:41.646,61,0.0941566005,0.1922236681,0.1014931202,0.0000000000,0.0000000000,0.0504508279,0.0000000000,0.0941515118,0.1924404353,0.0261198301,0.0000000000,0.0000000000,0.0504454821,0.0000000000,0.0113417013,0.0038180216,0.0000000000,0.0150677757,0.0155513212,0.0106026428,0.0714574307,0.0084654475,0.0000000000,0.0000000000,0.0000000000,0.0304116849,0.0117216082,0.0229233801,0.0223625507,0.0296034403,0.0282824449,0.0354303531,0.0103411870,0.2382303327,0.1709269136,0.0614762232,0.0659175068,0.0221720245,0.0215879753,0.0198928323,0.0209530741,0.3582337201,0.3581676781,0.0145021314,0.0000000000,0.0000000000,0.0194074586,0.0291143246,0.0308166612,0.0765113533,0.0798981115,0.0000000510,0.0000000000,0.0000000000,0.0000000000,-0.0158455651,0.1175700054,-0.0018715144,0.0615711585,0.1176467389,0.0072725252
00:42:11:42.647,61,0.0943618789,0.1927587092,0.1010435820,0.0000000000,0.0000000000,0.0503666140,0.0000000000,0.0943568870,0.1929723024,0.0265586637,0.0000000000,0.0000000000,0.0503612906,0.0000000000,0.0113229966,0.0038216065,0.0000000000,0.0150728840,0.0155544002,0.0105846114,0.0713189319,0.0084217628,0.0000000000,0.0000000000,0.0000000000,0.0302368291,0.0114552788,0.0229134671,0.0223547369,0.0295831449,0.0282590836,0.0353995860,0.0103389947,0.2377005965,0.1705522686,0.0613307282,0.0657621548,0.0221578907,0.0215764269,0.0198559240,0.0209213663,0.3573361039,0.3572720587,0.0145207923,0.0000000000,0.0000000000,0.0193633400,0.0290681608,0.0307759643,0.0763495415,0.0797471926,0.0000000450,0.0000000000,0.0000000000,0.0000000000,-0.0161111653,0.1178954616,-0.0019081976,0.0612960719,0.1179721802,0.0072602895
00:42:11:43.649,61,0.0945653692,0.1934670955,0.1006932259,0.0000000000,0.0000000000,0.0502814576,0.0000000000,0.0945603773,0.1936787069,0.0268846992,0.0000000000,0.0000000000,0.0502761640,0.0000000000,0.0113023575,0.0038099790,0.0000000000,0.0150702279,0.0155472253,0.0105587132,0.0711676106,0.0084058186,0.0000000000,0.0000000000,0.0000000000,0.0300442502,0.0112219844,0.0229137801,0.0223553013,0.0295498725,0.0282262824,0.0353725441,0.0103395125,0.2372630388,0.1702538580,0.0612147376,0.0656377077,0.0221320800,0.0215537474,0.0198146459,0.0208833441,0.3565060496,0.3564437330,0.0145418961,0.0000000000,0.0000000000,0.0193206351,0.0290078800,0.0307201426,0.0761464238,0.0795536861,0.0000000423,0.0000000000,0.0000000000,0.0000000000,-0.0163081121,0.1183274016,-0.0019386651,0.0610803962,0.1184041649,0.0072615170
00:42:11:44.651,61,0.0948692411,0.1938958913,0.1008788422,0.0000000000,0.0000000000,0.0503680930,0.0000000000,0.0948643461,0.1941099465,0.0266914889,0.0000000000,0.0000000000,0.0503627993,0.0000000000,0.0112885116,0.0038159965,0.0000000000,0.0150668640,0.0155332377,0.0105232308,0.0710377544,0.0083706025,0.0000000000,0.0000000000,0.0000000000,0.0298667364,0.0109841973,0.0229228847,0.0223620497,0.0295000188,0.0281758197,0.0353450403,0.0103468755,0.2369558960,0.1700628698,0.0611352623,0.0655519664,0.0220960118,0.0215190873,0.0197686609,0.0208398215,0.3563820720,0.3563210666,0.0145436935,0.0000000000,0.0000000000,0.0192730296,0.0289794970,0.0306948759,0.0760077313,0.0794270337,0.0000000404,0.0000000000,0.0000000000,0.0000000000,-0.0161904059,0.1185906306,-0.0019289958,0.0611910895,0.1186674237,0.0072909845
00:42:11:45.652,61,0.0951926112,0.1942369044,0.1012044922,0.0000000000,0.0000000000,0.0505738854,0.0000000000,0.0951877162,0.1944545358,0.0263547525,0.0000000000,0.0000000000,0.0505685285,0.0000000000,0.0112661859,0.0038645223,0.0000000000,0.0150575219,0.0155150071,0.0104735037,0.0708495080,0.0083845397,0.0000000000,0.0000000000,0.0000000000,0.0292916596,0.0101177152,0.0229320694,0.0223683361,0.0294481125,0.0281129051,0.0352735668,0.0103497226,0.2365230322,0.1697527766,0.0610037223,0.0654163659,0.0220671892,0.0214889906,0.0197107289,0.0207832344,0.3567413688,0.3566811979,0.0145410290,0.0000000000,0.0000000000,0.0191863943,0.0289814938,0.0307007451,0.0758953243,0.0793269426,0.0000000387,0.0000000000,0.0000000000,0.0000000000,-0.0159857515,0.1188007668,-0.0019080210,0.0613870844,0.1188775450,0.0073273825
00:42:11:46.654,61,0.0954251140,0.1944736242,0.1012851372,0.0000000000,0.0000000000,0.0508651584,0.0000000000,0.0954202190,0.1946924478,0.0262611322,0.0000000000,0.0000000000,0.0508597083,0.0000000000,0.0112432772,0.0039508929,0.0000000000,0.0150413616,0.0154844802,0.0104145845,0.0706884786,0.0083879381,0.0000000000,0.0000000000,0.0000000000,0.0289216023,0.0095781879,0.0229262207,0.0223576948,0.0293781441,0.0280283410,0.0351916999,0.0103478152,0.2362898737,0.1696332395,0.0608957447,0.0653129518,0.0220020898,0.0214229971,0.0196469463,0.0207200777,0.3594439924,0.3593880534,0.0145252254,0.0000000000,0.0000000000,0.0190941747,0.0289926715,0.0307186265,0.0757512599,0.0791997090,0.0000000451,0.0000000000,0.0000000000,0.0000000000,-0.0159286857,0.1189460084,-0.0019035569,0.0614349507,0.1190228164,0.0073421327
00:42:11:47.655,61,0.0956341103,0.1946954727,0.1013468578,0.0000000000,0.0000000000,0.0510977879,0.0000000000,0.0956292525,0.1949152499,0.0261865221,0.0000000000,0.0000000000,0.0510922559,0.0000000000,0.0112251742,0.0040070433,0.0000000000,0.0150267715,0.0154549396,0.0103552602,0.0704521909,0.0084013864,0.0000000000,0.0000000000,0.0000000000,0.0287813675,0.0093333665,0.0229193270,0.0223456379,0.0293148886,0.0279517993,0.0351182297,0.0103486637,0.2358767092,0.1693838090,0.0607527867,0.0651677623,0.0219396316,0.0213573985,0.0195768755,0.0206499286,0.3602153659,0.3601608872,0.0145146614,0.0000000000,0.0000000000,0.0190112218,0.0289886668,0.0307205431,0.0755825043,0.0790468901,0.0000000464,0.0000000000,0.0000000000,0.0000000000,-0.0158831701,0.1190820485,-0.0019003095,0.0614713803,0.1191588417,0.0073549575
00:42:11:48.657,61,0.0958671719,0.1949756294,0.1014664993,0.0000000000,0.0000000000,0.0513752103,0.0000000000,0.0958623588,0.1951970458,0.0260385852,0.0000000000,0.0000000000,0.0513696000,0.0000000000,0.0112026539,0.0040812930,0.0000000000,0.0150184892,0.0154379141,0.0103092017,0.0702100173,0.0084418850,0.0000000000,0.0000000000,0.0000000000,0.0285656918,0.0090140961,0.0229094345,0.0223327819,0.0292880386,0.0279105380,0.0350523479,0.0103398785,0.2354770750,0.1691458225,0.0605876371,0.0649979264,0.0219011419,0.0213146880,0.0195316859,0.0206038095,0.3606330752,0.3605795205,0.0145132858,0.0000000000,0.0000000000,0.0189182535,0.0290183555,0.0307580326,0.0754547343,0.0789361820,0.0000000441,0.0000000000,0.0000000000,0.0000000000,-0.0157931168,0.1192540377,-0.0018922914,0.0615426898,0.1193308234,0.0073742080
00:42:11:49.659,61,0.0961687937,0.1952737123,0.1019369960,0.0000000000,0.0000000000,0.0517415218,0.0000000000,0.0961639062,0.1955000162,0.0255529732,0.0000000000,0.0000000000,0.0517357476,0.0000000000,0.0111846672,0.0041239033,0.0000000000,0.0150121348,0.0154187903,0.0102627957,0.0700169355,0.0084838700,0.0000000000,0.0000000000,0.0000000000,0.0279832575,0.0083950795,0.0229365099,0.0223521963,0.0292496141,0.0278592668,0.0349821299,0.0103452187,0.2351528853,0.1689237952,0.0604992807,0.0649094954,0.0218845922,0.0212953128,0.0194797833,0.0205480643,0.3627733290,0.3627209067,0.0145115238,0.0000000000,0.0000000000,0.0188311972,0.0290654618,0.0308077093,0.0753886923,0.0788817182,0.0000000442,0.0000000000,0.0000000000,0.0000000000,-0.0154982358,0.1194385886,-0.0018598635,0.0618267059,0.1195153818,0.0074197617
00:42:11:50.660,61,0.0964548737,0.1950012743,0.1021465883,0.0000000000,0.0000000000,0.0521986447,0.0000000000,0.0964499488,0.1952291280,0.0253228657,0.0000000000,0.0000000000,0.0521927103,0.0000000000,0.0111791976,0.0041776807,0.0000000000,0.0150127439,0.0154008614,0.0102156652,0.0698071346,0.0085225841,0.0000000000,0.0000000000,0.0000000000,0.0273247063,0.0076760338,0.0229778122,0.0223849881,0.0292071663,0.0278000627,0.0349245630,0.0103613483,0.2348708361,0.1687160879,0.0604599155,0.0648787990,0.0218756981,0.0212839674,0.0194248687,0.0204903204,0.3669863045,0.3669385016,0.0144910775,0.0000000000,0.0000000000,0.0187459905,0.0291306730,0.0308749974,0.0753704756,0.0788815469,0.0000000367,0.0000000000,0.0000000000,0.0000000000,-0.0153589761,0.1192728356,-0.0018405706,0.0619550571,0.1193495691,0.0074247322
00:42:11:51.661,61,0.0966156200,0.1946334541,0.1024579257,0.0000000000,0.0000000000,0.0526185408,0.0000000000,0.0966106206,0.1948635727,0.0249997228,0.0000000000,0.0000000000,0.0526124910,0.0000000000,0.0111687314,0.0042384914,0.0000000000,0.0150066121,0.0153783634,0.0101671796,0.0696125552,0.0085667707,0.0000000000,0.0000000000,0.0000000000,0.0267643053,0.0070832707,0.0230116230,0.0224105678,0.0291630030,0.0277392510,0.0348471627,0.0103780227,0.2344361395,0.1684020013,0.0603785813,0.0647979826,0.0218522642,0.0212588739,0.0193506125,0.0204122718,0.3684934974,0.3684470057,0.0144726420,0.0000000000,0.0000000000,0.0186725538,0.0291788802,0.0309295896,0.0753017664,0.0788281634,0.0000000334,0.0000000000,0.0000000000,0.0000000000,-0.0151633900,0.1190491468,-0.0018136938,0.0621455684,0.1191258803,0.0074334410
00:42:11:52.663,61,0.0967240706,0.1942963749,0.1029067934,0.0000000000,0.0000000000,0.0529085658,0.0000000000,0.0967189595,0.1945300847,0.0245254710,0.0000000000,0.0000000000,0.0529024564,0.0000000000,0.0111499615,0.0043089199,0.0000000000,0.0150025012,0.0153676448,0.0101244980,0.0693944991,0.0086043170,0.0000000000,0.0000000000,0.0000000000,0.0263374057,0.0066219759,0.0230190810,0.0224151239,0.0291367043,0.0277012121,0.0347568169,0.0103827175,0.2337329686,0.1679258645,0.0601988323,0.0646050200,0.0218335483,0.0212366376,0.0192803759,0.0203384925,0.3685312867,0.3684833646,0.0144682908,0.0000000000,0.0000000000,0.0185922757,0.0292052701,0.0309619829,0.0751882121,0.0787200406,0.0000000316,0.0000000000,0.0000000000,0.0000000000,-0.0148760956,0.1188448593,-0.0017762510,0.0624193512,0.1189215928,0.0074532209
00:42:11:53.665,61,0.0967759714,0.1939897537,0.1032467186,0.0000000000,0.0000000000,0.0531389639,0.0000000000,0.0967708975,0.1942260861,0.0241731331,0.0000000000,0.0000000000,0.0531328060,0.0000000000,0.0111195967,0.0043706987,0.0000000000,0.0150045715,0.0153689757,0.0100985151,0.0692313164,0.0085784169,0.0000000000,0.0000000000,0.0000000000,0.0259773023,0.0061853984,0.0230022110,0.0223993436,0.0291214325,0.0276808888,0.0346572660,0.0103804981,0.2326368093,0.1673614532,0.0599707812,0.0643641278,0.0218059681,0.0212095995,0.0192133524,0.0202699676,0.3657213151,0.3656696975,0.0144815464,0.0000000000,0.0000000000,0.0185253005,0.0292298701,0.0309957396,0.0750274882,0.0785670802,0.0000000267,0.0000000000,0.0000000000,0.0000000000,-0.0146627091,0.1186587885,-0.0017480068,0.0626269430,0.1187354997,0.0074661621
00:42:11:54.666,61,0.0967681780,0.1934694052,0.1034745276,0.0000000000,0.0000000000,0.0532466210,0.0000000000,0.0967631340,0.1937068999,0.0239482429,0.0000000000,0.0000000000,0.0532404520,0.0000000000,0.0110977311,0.0044341111,0.0000000000,0.0149909109,0.0153504284,0.0100763813,0.0691443235,0.0085946871,0.0000000000,0.0000000000,0.0000000000,0.0258745626,0.0060489089,0.0230068564,0.0224035084,0.0291052349,0.0276542976,0.0345751271,0.0103799822,0.2320803851,0.1670232415,0.0598417483,0.0642293766,0.0217655003,0.0211688913,0.0191486310,0.0202023685,0.3630889058,0.3630341887,0.0144880349,0.0000000000,0.0000000000,0.0185048077,0.0292153377,0.0309855863,0.0748531967,0.0784066543,0.0000000333,0.0000000000,0.0000000000,0.0000000000,-0.0145268468,0.1183413714,-0.0017271348,0.0627674982,0.1184180230,0.0074627004
00:42:11:55.668,61,0.0967757627,0.1927409470,0.1036128625,0.0000000000,0.0000000000,0.0532809831,0.0000000000,0.0967709124,0.1929782778,0.0238495786,0.0000000000,0.0000000000,0.0532747805,0.0000000000,0.0110844979,0.0044528195,0.0000000000,0.0149801578,0.0153346583,0.0100632124,0.0690898746,0.0085877804,0.0000000000,0.0000000000,0.0000000000,0.0255817063,0.0057210820,0.0230436344,0.0224390402,0.0290933531,0.0276367944,0.0345068760,0.0103894072,0.2316374183,0.1666754782,0.0597822554,0.0641689897,0.0217520464,0.0211564749,0.0190878976,0.0201424100,0.3618403971,0.3617843688,0.0144938780,0.0000000000,0.0000000000,0.0185101274,0.0291968416,0.0309735201,0.0747399256,0.0783178583,0.0000000512,0.0000000000,0.0000000000,0.0000000000,-0.0144677619,0.1178961322,-0.0017135785,0.0628547296,0.1179728061,0.0074446998
00:42:11:56.669,61,0.0967635661,0.1922833174,0.1038883179,0.0000000000,0.0000000000,0.0532639064,0.0000000000,0.0967587903,0.1925222278,0.0236174483,0.0000000000,0.0000000000,0.0532577187,0.0000000000,0.0110764923,0.0044729426,0.0000000000,0.0149697587,0.0153222531,0.0100691244,0.0691985339,0.0085706487,0.0000000000,0.0000000000,0.0000000000,0.0254120994,0.0055723335,0.0230873451,0.0224813651,0.0290943570,0.0276355017,0.0344655700,0.0103987176,0.2315308005,0.1665631831,0.0598199442,0.0642063916,0.0217387453,0.0211446453,0.0190509502,0.0201043840,0.3609935045,0.3609362841,0.0145076420,0.0000000000,0.0000000000,0.0185540225,0.0291811451,0.0309587028,0.0746789500,0.0782706961,0.0000000715,0.0000000000,0.0000000000,0.0000000000,-0.0143274181,0.1176172569,-0.0016929060,0.0630239099,0.1176939532,0.0074469033
00:42:11:57.671,61,0.0967059359,0.1917017102,0.1038074270,0.0000000000,0.0000000000,0.0531942993,0.0000000000,0.0967012271,0.1919387579,0.0237412062,0.0000000000,0.0000000000,0.0531881191,0.0000000000,0.0110686813,0.0044575185,0.0000000000,0.0149542289,0.0153053878,0.0100761913,0.0693195611,0.0085713947,0.0000000000,0.0000000000,0.0000000000,0.0251648556,0.0054410668,0.0231419373,0.0225343220,0.0290960446,0.0276388414,0.0344276503,0.0104061244,0.2315090746,0.1665034890,0.0598910488,0.0642781630,0.0217193924,0.0211270936,0.0190148503,0.0200647563,0.3597121537,0.3596514165,0.0145254461,0.0000000000,0.0000000000,0.0186114199,0.0291550327,0.0309285987,0.0746038333,0.0781914070,0.0000000883,0.0000000000,0.0000000000,0.0000000000,-0.0144031029,0.1172609553,-0.0016966448,0.0629774705,0.1173376068,0.0074186856
00:42:11:58.672,61,0.0965842381,0.1908620894,0.1034724191,0.0000000000,0.0000000000,0.0531805009,0.0000000000,0.0965795293,0.1910944730,0.0241304915,0.0000000000,0.0000000000,0.0531743243,0.0000000000,0.0110812392,0.0044384147,0.0000000000,0.0149241854,0.0152628031,0.0100633344,0.0694553852,0.0085870186,0.0000000000,0.0000000000,0.0000000000,0.0248824786,0.0053051165,0.0232321899,0.0226174854,0.0290740598,0.0276156589,0.0344301462,0.0104230791,0.2323993146,0.1668900698,0.0601236969,0.0645217746,0.0216856524,0.0210975371,0.0189877301,0.0200338978,0.3600919545,0.3600296378,0.0145131927,0.0000000000,0.0000000000,0.0186630897,0.0291248728,0.0308958329,0.0745936707,0.0781749189,0.0000001276,0.0000000000,0.0000000000,0.0000000000,-0.0146401571,0.1167455539,-0.0017169178,0.0627780110,0.1168221906,0.0073624412
00:42:11:59.674,61,0.0965282023,0.1900417805,0.1030937955,0.0000000000,0.0000000000,0.0533653274,0.0000000000,0.0965235084,0.1902692169,0.0245405547,0.0000000000,0.0000000000,0.0533590131,0.0000000000,0.0111161703,0.0043852623,0.0000000000,0.0149001349,0.0152129820,0.0100280866,0.0694458410,0.0086773764,0.0000000000,0.0000000000,0.0000000000,0.0239804909,0.0048053507,0.0233827569,0.0227512382,0.0290449075,0.0275723040,0.0344629660,0.0104625188,0.2331028283,0.1673254669,0.0604299307,0.0648501366,0.0216805488,0.0210881978,0.0189503990,0.0199920498,0.3667254746,0.3666627109,0.0144918095,0.0000000000,0.0000000000,0.0186886806,0.0291303676,0.0308891293,0.0746002048,0.0781877711,0.0000001382,0.0000000000,0.0000000000,0.0000000000,-0.0148898205,0.1162418053,-0.0017385917,0.0625519753,0.1163184419,0.0073040454
00:42:12:00.676,61,0.0965768918,0.1896319687,0.1027668715,0.0000000000,0.0000000000,0.0536933616,0.0000000000,0.0965722203,0.1898557097,0.0248821713,0.0000000000,0.0000000000,0.0536868870,0.0000000000,0.0111607499,0.0043331436,0.0000000000,0.0148890894,0.0151677709,0.0099842995,0.0693289489,0.0087938653,0.0000000000,0.0000000000,0.0000000000,0.0198940132,0.0032214890,0.0235803872,0.0229264330,0.0290249009,0.0275297239,0.0345010795,0.0105191423,0.2335815877,0.1676007062,0.0607267022,0.0651823655,0.0217006467,0.0211017691,0.0188973397,0.0199336279,0.3727608025,0.3726999164,0.0144756287,0.0000000000,0.0000000000,0.0186869912,0.0291664097,0.0309123471,0.0746079609,0.0782109424,0.0000001461,0.0000000000,0.0000000000,0.0000000000,-0.0150975408,0.1159895286,-0.0017589837,0.0623554438,0.1160661727,0.0072651939
00:42:12:01.678,61,0.0968119726,0.1896444857,0.1023849398,0.0000000000,0.0000000000,0.0541498363,0.0000000000,0.0968073830,0.1898647845,0.0252804346,0.0000000000,0.0000000000,0.0541431792,0.0000000000,0.0111959502,0.0043181051,0.0000000000,0.0148762288,0.0151222441,0.0099316947,0.0691462681,0.0089023113,0.0000000000,0.0000000000,0.0000000000,0.0177996941,0.0017202389,0.0237568468,0.0230804775,0.0290073156,0.0274852198,0.0345280729,0.0105678765,0.2340027392,0.1678682864,0.0609671101,0.0654634982,0.0217232946,0.0211172868,0.0188460685,0.0198790114,0.3806940615,0.3806443810,0.0144604836,0.0000000000,0.0000000000,0.0186474454,0.0292274114,0.0309733320,0.0746517032,0.0782810003,0.0000001400,0.0000000000,0.0000000000,0.0000000000,-0.0153391790,0.1159955040,-0.0017872275,0.0621236451,0.1160721406,0.0072385985
00:42:12:02.679,61,0.0969980508,0.1892430186,0.1020092145,0.0000000000,0.0000000000,0.0546560474,0.0000000000,0.0969934613,0.1894592494,0.0256696567,0.0000000000,0.0000000000,0.0546491705,0.0000000000,0.0112236962,0.0043185046,0.0000000000,0.0148644261,0.0150761800,0.0098645333,0.0687938258,0.0090067247,0.0000000000,0.0000000000,0.0024703755,0.0139378710,0.0000000000,0.0239408053,0.0232443791,0.0289806817,0.0274293497,0.0345356688,0.0106202420,0.2341026366,0.1679008603,0.0611196160,0.0656523928,0.0217474550,0.0211342499,0.0187793933,0.0198104549,0.3835906386,0.3835440874,0.0144436657,0.0000000000,0.0000000000,0.0185714010,0.0292826183,0.0310308114,0.0746352002,0.0782966539,0.0000001052,0.0000000000,0.0000000000,0.0000000000,-0.0155757954,0.1157481819,-0.0018108896,0.0618974417,0.1158247963,0.0071967691
00:42:12:03.681,61,0.0971947387,0.1891394407,0.1009390056,0.0000000000,0.0000000000,0.0550711490,0.0000000000,0.0971900895,0.1893459707,0.0267170668,0.0000000000,0.0000000000,0.0550641455,0.0000000000,0.0112218382,0.0043596178,0.0000000000,0.0148621341,0.0150520848,0.0098121287,0.0684221983,0.0090922173,0.0000000000,0.0000000000,0.0041408250,0.0124656297,0.0000000000,0.0240348764,0.0233226847,0.0289670303,0.0273885392,0.0344800763,0.0106514860,0.2327756882,0.1674464643,0.0610564873,0.0656039789,0.0217547268,0.0211350806,0.0186951235,0.0197221413,0.3839502335,0.3839057386,0.0144411847,0.0000000000,0.0000000000,0.0184905175,0.0293302126,0.0310875643,0.0745605230,0.0782385767,0.0000000842,0.0000000000,0.0000000000,0.0000000000,-0.0162114687,0.1156801358,-0.0018836706,0.0612485223,0.1157567427,0.0071171960
00:42:12:04.682,61,0.0973121449,0.1892052442,0.1002508253,0.0000000000,0.0000000000,0.0552473962,0.0000000000,0.0973073989,0.1894057542,0.0273890067,0.0000000000,0.0000000000,0.0552403443,0.0000000000,0.0112017123,0.0044011110,0.0000000000,0.0148595320,0.0150490394,0.0097905304,0.0682180896,0.0090915319,0.0000000000,0.0000000000,0.0049334457,0.0119091431,0.0000000000,0.0240474883,0.0233320910,0.0289594866,0.0273681525,0.0344198197,0.0106534818,0.2321485877,0.1670762300,0.0609477572,0.0654987544,0.0217433050,0.0211241189,0.0186562352,0.0196815170,0.3787148893,0.3786693215,0.0144450702,0.0000000000,0.0000000000,0.0184433665,0.0293568745,0.0311239157,0.0745186657,0.0781904832,0.0000000771,0.0000000000,0.0000000000,0.0000000000,-0.0166191217,0.1157174483,-0.0019316610,0.0608306639,0.1157940477,0.0070709987
