Timecode,BlendshapeCount,EyeBlinkLeft,EyeLookDownLeft,EyeLookInLeft,EyeLookOutLeft,EyeLookUpLeft,EyeSquintLeft,EyeWideLeft,EyeBlinkRight,EyeLookDownRight,EyeLookInRight,EyeLookOutRight,EyeLookUpRight,EyeSquintRight,EyeWideRight,JawForward,JawRight,JawLeft,JawOpen,MouthClose,MouthFunnel,MouthPucker,MouthRight,MouthLeft,MouthSmileLeft,MouthSmileRight,MouthFrownLeft,MouthFrownRight,MouthDimpleLeft,MouthDimpleRight,MouthStretchLeft,MouthStretchRight,MouthRollLower,MouthRollUpper,MouthShrugLower,MouthShrugUpper,MouthPressLeft,MouthPressRight,MouthLowerDownLeft,MouthLowerDownRight,MouthUpperUpLeft,MouthUpperUpRight,BrowDownLeft,BrowDownRight,BrowInnerUp,BrowOuterUpLeft,BrowOuterUpRight,CheekPuff,CheekSquintLeft,CheekSquintRight,NoseSneerLeft,NoseSneerRight,TongueOut,HeadYaw,HeadPitch,HeadRoll,LeftEyeYaw,LeftEyePitch,LeftEyeRoll,RightEyeYaw,RightEyePitch,RightEyeRoll
00:42:13:51.854,61,0.1195910946,0.1808876246,0.1079112738,0.0000000000,0.0000000000,0.0686855093,0.0000000000,0.1195822731,0.1811419129,0.0190090090,0.0000000000,0.0000000000,0.0686754733,0.0000000000,0.0108085060,0.0019481614,0.0000000000,0.0159311108,0.0161592811,0.0112940054,0.0745780170,0.0065873154,0.0000000000,0.0000000000,0.0000820304,0.0211621188,0.0000000000,0.0249935705,0.0244842954,0.0296837185,0.0284525119,0.0363385603,0.0108473999,0.2391452789,0.1724580228,0.0627134144,0.0666680560,0.0231163967,0.0227056537,0.0197101347,0.0209466908,0.3791832626,0.3791259229,0.0164513383,0.0000000000,0.0000000000,0.0184626933,0.0308368020,0.0325234160,0.0713748187,0.0758168250,0.0000000342,0.0000000000,0.0000000000,0.0000000000,-0.0115409242,0.1106607169,-0.0012823365,0.0655166507,0.1107365265,0.0072795479
00:42:13:52.855,61,0.1190162748,0.1796710342,0.1085351110,0.0000000000,0.0000000000,0.0683840364,0.0000000000,0.1190074012,0.1799281538,0.0184175428,0.0000000000,0.0000000000,0.0683740079,0.0000000000,0.0108123124,0.0018155951,0.0000000000,0.0159156173,0.0161498282,0.0112864692,0.0744937658,0.0067214868,0.0000000000,0.0000000000,0.0007479172,0.0162142254,0.0000000000,0.0250465441,0.0245328713,0.0296756644,0.0284601841,0.0363525264,0.0108681964,0.2394007444,0.1725453734,0.0629191175,0.0668907538,0.0232088193,0.0227884520,0.0197548736,0.0209787879,0.3788259923,0.3787668645,0.0163617395,0.0000000000,0.0000000000,0.0185126755,0.0308807679,0.0325537734,0.0715596303,0.0759973750,0.0000000218,0.0000000000,0.0000000000,0.0000000000,-0.0111827441,0.1099187881,-0.0012341420,0.0659008175,0.1099945307,0.0072727096
00:42:13:53.857,61,0.1173931733,0.1787773520,0.1091659516,0.0000000000,0.0000000000,0.0679018423,0.0000000000,0.1173831448,0.1790378988,0.0178113356,0.0000000000,0.0000000000,0.0678919405,0.0000000000,0.0108238766,0.0016642305,0.0000000000,0.0159146320,0.0161570478,0.0113169625,0.0747534111,0.0067813732,0.0000000000,0.0000000000,0.0012315935,0.0145096444,0.0000000000,0.0250952486,0.0245817769,0.0296777356,0.0284916498,0.0364372432,0.0108859027,0.2419506162,0.1732046604,0.0633120984,0.0672981367,0.0232753679,0.0228503942,0.0198609326,0.0210791416,0.3779758811,0.3779088557,0.0162956156,0.0000000000,0.0000000000,0.0186350811,0.0309151169,0.0325647108,0.0718087330,0.0762465969,0.0000000356,0.0000000000,0.0000000000,0.0000000000,-0.0108153149,0.1093744710,-0.0011876355,0.0662878230,0.1094502211,0.0072788657
00:42:13:54.858,61,0.1164648011,0.1787385941,0.1093752831,0.0000000000,0.0000000000,0.0672927722,0.0000000000,0.1164539158,0.1790008396,0.0176143516,0.0000000000,0.0000000000,0.0672831386,0.0000000000,0.0108393217,0.0015092687,0.0000000000,0.0159316007,0.0161864366,0.0113847787,0.0752318799,0.0068071280,0.0000000000,0.0000000000,0.0014865566,0.0136280172,0.0000000000,0.0251537226,0.0246436242,0.0297160186,0.0285691693,0.0365824215,0.0108988322,0.2457639277,0.1750264019,0.0637937039,0.0677894652,0.0233461745,0.0229244977,0.0200095698,0.0212232713,0.3751934171,0.3751150668,0.0162766054,0.0000000000,0.0000000000,0.0187917985,0.0309456494,0.0325726196,0.0720594302,0.0764841288,0.0000000934,0.0000000000,0.0000000000,0.0000000000,-0.0106957341,0.1093516722,-0.0011742577,0.0664151162,0.1094274223,0.0072912895
00:42:13:55.860,61,0.1157836169,0.1785555035,0.1093949750,0.0000000000,0.0000000000,0.0667614117,0.0000000000,0.1157720089,0.1788174957,0.0176093411,0.0000000000,0.0000000000,0.0667520836,0.0000000000,0.0108685335,0.0013987239,0.0000000000,0.0159527678,0.0162111372,0.0114461901,0.0756648108,0.0067946673,0.0000000000,0.0000000000,0.0017402624,0.0131746363,0.0000000000,0.0252197161,0.0247137267,0.0297676269,0.0286528226,0.0367545001,0.0109100398,0.2496858239,0.1773391515,0.0643120185,0.0683307648,0.0234163813,0.0229977388,0.0201655328,0.0213801023,0.3745967448,0.3745156229,0.0162532292,0.0000000000,0.0000000000,0.0189319775,0.0309872571,0.0326019600,0.0723997280,0.0768065676,0.0000001065,0.0000000000,0.0000000000,0.0000000000,-0.0106928218,0.1092396677,-0.0011727260,0.0664278865,0.1093154252,0.0072851661
00:42:13:56.861,61,0.1153629124,0.1785024852,0.1095406488,0.0000000000,0.0000000000,0.0662750900,0.0000000000,0.1153508872,0.1787655205,0.0174934398,0.0000000000,0.0000000000,0.0662660748,0.0000000000,0.0108935526,0.0013018581,0.0000000000,0.0159878246,0.0162576213,0.0115130134,0.0759761110,0.0067679882,0.0000000000,0.0000000000,0.0018312302,0.0130843027,0.0000000000,0.0252410900,0.0247401800,0.0298194997,0.0287343059,0.0368968286,0.0109242611,0.2509272695,0.1780961454,0.0646336004,0.0686663911,0.0235088095,0.0230908506,0.0202899780,0.0215052404,0.3741322160,0.3740503788,0.0162365008,0.0000000000,0.0000000000,0.0190468859,0.0310349092,0.0326437354,0.0727257505,0.0771054476,0.0000001059,0.0000000000,0.0000000000,0.0000000000,-0.0106224790,0.1092078388,-0.0011646695,0.0665165856,0.1092836186,0.0072927405
00:42:13:57.863,61,0.1150723845,0.1784153879,0.1094129235,0.0000000000,0.0000000000,0.0658453330,0.0000000000,0.1150600389,0.1786771715,0.0176350567,0.0000000000,0.0000000000,0.0658366531,0.0000000000,0.0109194396,0.0012650262,0.0000000000,0.0160315335,0.0163072739,0.0115734208,0.0761734396,0.0067816619,0.0000000000,0.0000000000,0.0016540468,0.0133290524,0.0000000000,0.0252439063,0.0247436035,0.0298761185,0.0288096201,0.0370133184,0.0109383315,0.2512477934,0.1783143878,0.0648224056,0.0688629299,0.0235833377,0.0231613275,0.0203692820,0.0215837322,0.3735547364,0.3734733760,0.0162136424,0.0000000000,0.0000000000,0.0191399977,0.0310792308,0.0326907970,0.0729967132,0.0773458928,0.0000000888,0.0000000000,0.0000000000,0.0000000000,-0.0107085351,0.1091539562,-0.0011735205,0.0664394051,0.1092297211,0.0072806701
00:42:13:58.864,61,0.1147046983,0.1785707921,0.1097083911,0.0000000000,0.0000000000,0.0653527752,0.0000000000,0.1146921366,0.1788353324,0.0173529964,0.0000000000,0.0000000000,0.0653443933,0.0000000000,0.0109271230,0.0012246309,0.0000000000,0.0160572510,0.0163404997,0.0116109867,0.0762562305,0.0068249605,0.0000000000,0.0000000000,0.0014807789,0.0135743525,0.0000000000,0.0252274554,0.0247292798,0.0299113169,0.0288630407,0.0370424725,0.0109454021,0.2491966933,0.1779904962,0.0648510531,0.0688908771,0.0236326754,0.0232014228,0.0203982666,0.0216077436,0.3695294261,0.3694509864,0.0161940660,0.0000000000,0.0000000000,0.0192118566,0.0310797170,0.0326913409,0.0731262937,0.0774534717,0.0000000328,0.0000000000,0.0000000000,0.0000000000,-0.0105371503,0.1092503890,-0.0011557679,0.0666181296,0.1093261689,0.0073067243
00:42:13:59.866,61,0.1142586321,0.1790688634,0.1109236777,0.0000000000,0.0000000000,0.0648446903,0.0000000000,0.1142457202,0.1793445796,0.0162020512,0.0000000000,0.0000000000,0.0648365244,0.0000000000,0.0109363450,0.0011510815,0.0000000000,0.0160656590,0.0163685903,0.0116453683,0.0764020160,0.0069476054,0.0000000000,0.0000000000,0.0012551080,0.0138024716,0.0000000000,0.0252242722,0.0247278791,0.0299571510,0.0289248470,0.0370851494,0.0109461956,0.2484676689,0.1777843982,0.0649280623,0.0689640790,0.0236957036,0.0232512318,0.0204639733,0.0216662176,0.3641695380,0.3640852869,0.0161852967,0.0000000000,0.0000000000,0.0193000957,0.0310810078,0.0326810256,0.0732581690,0.0775685385,0.0000000450,0.0000000000,0.0000000000,0.0000000000,-0.0098379329,0.1095606983,-0.0010821666,0.0673538297,0.1096365377,0.0074084294
00:42:14:00.867,61,0.1130978838,0.1794229448,0.1119153947,0.0000000000,0.0000000000,0.0639342666,0.0000000000,0.1130821481,0.1797077060,0.0152571015,0.0000000000,0.0000000000,0.0639263168,0.0000000000,0.0109379822,0.0010212716,0.0000000000,0.0160501730,0.0163772646,0.0116597069,0.0765533969,0.0070445221,0.0000000000,0.0000000000,0.0011872735,0.0138311386,0.0000000000,0.0252252016,0.0247327685,0.0299620610,0.0289562494,0.0371442251,0.0109449634,0.2479501814,0.1776247919,0.0650361702,0.0690691397,0.0237271469,0.0232761707,0.0205478612,0.0217453949,0.3451502025,0.3450277448,0.0162017923,0.0000000000,0.0000000000,0.0194018949,0.0310219582,0.0325938389,0.0733271837,0.0776139051,0.0000001140,0.0000000000,0.0000000000,0.0000000000,-0.0092639299,0.1097819284,-0.0010211028,0.0679543763,0.1098578125,0.0074895895
00:42:14:01.869,61,0.1112435758,0.1794724017,0.1132615507,0.0000000000,0.0000000000,0.0629319921,0.0000000000,0.1112248674,0.1797685325,0.0139733143,0.0000000000,0.0000000000,0.0629243106,0.0000000000,0.0109416982,0.0008890704,0.0000000000,0.0160465054,0.0164089017,0.0117098233,0.0769545808,0.0071245148,0.0000000000,0.0000000000,0.0008820381,0.0140874926,0.0000000000,0.0252107680,0.0247252323,0.0300027858,0.0290264636,0.0372469388,0.0109364968,0.2478030324,0.1776648462,0.0652012303,0.0692276731,0.0237890184,0.0233300533,0.0206821281,0.0218735598,0.3383402526,0.3382065296,0.0162404999,0.0000000000,0.0000000000,0.0195429809,0.0309731290,0.0325113051,0.0734488517,0.0777155161,0.0000002483,0.0000000000,0.0000000000,0.0000000000,-0.0084843943,0.1098183393,-0.0009354944,0.0687715039,0.1098942757,0.0075820419
00:42:14:02.871,61,0.1102141812,0.1796947271,0.1136288717,0.0000000000,0.0000000000,0.0619295090,0.0000000000,0.1101948246,0.1799944341,0.0136255492,0.0000000000,0.0000000000,0.0619222037,0.0000000000,0.0109624453,0.0007786441,0.0000000000,0.0160502400,0.0164432265,0.0117696617,0.0775577873,0.0071114912,0.0000000000,0.0000000000,0.0002910921,0.0146795874,0.0000000000,0.0251608193,0.0246854611,0.0300390832,0.0290979762,0.0373670943,0.0109305894,0.2479983717,0.1778765917,0.0653986931,0.0694324449,0.0238510277,0.0233914051,0.0208257549,0.0220158156,0.3355995417,0.3354623318,0.0162495505,0.0000000000,0.0000000000,0.0196815375,0.0309052542,0.0324169323,0.0736205727,0.0778710768,0.0000003092,0.0000000000,0.0000000000,0.0000000000,-0.0082731117,0.1099561304,-0.0009133526,0.0689935088,0.1100321040,0.0076160938
00:42:14:03.872,61,0.1096696407,0.1800169647,0.1130703241,0.0000000000,0.0000000000,0.0613098480,0.0000000000,0.1096503437,0.1803126782,0.0141744651,0.0000000000,0.0000000000,0.0613028035,0.0000000000,0.0109798163,0.0007309151,0.0000000000,0.0160747152,0.0164973140,0.0118406285,0.0779996812,0.0071109440,0.0000000000,0.0000000000,0.0000000000,0.0151485559,0.0001689084,0.0250695068,0.0246008560,0.0301121045,0.0291940421,0.0374059901,0.0109208962,0.2477158457,0.1776353866,0.0654110610,0.0694442019,0.0239208490,0.0234552808,0.0209109206,0.0220956560,0.3410051465,0.3409059346,0.0162312053,0.0000000000,0.0000000000,0.0197672043,0.0308993421,0.0324048512,0.0738535076,0.0780851766,0.0000003067,0.0000000000,0.0000000000,0.0000000000,-0.0086062159,0.1101508662,-0.0009518227,0.0686528608,0.1102268323,0.0075920722
00:42:14:04.874,61,0.1097663119,0.1811402291,0.1116946563,0.0000000000,0.0000000000,0.0610009357,0.0000000000,0.1097474545,0.1814266741,0.0155416448,0.0000000000,0.0000000000,0.0609941743,0.0000000000,0.0110231359,0.0007467201,0.0000000000,0.0161196422,0.0165540241,0.0119243823,0.0784116983,0.0071370210,0.0000000000,0.0000000000,0.0000000000,0.0186036974,0.0027459424,0.0249477811,0.0244787876,0.0301877037,0.0292804185,0.0374855101,0.0109149627,0.2476845533,0.1775908321,0.0654337332,0.0694556162,0.0239544846,0.0234787110,0.0209893361,0.0221644733,0.3518106341,0.3517360687,0.0161817148,0.0000000000,0.0000000000,0.0198322088,0.0309647452,0.0324692577,0.0741708949,0.0783657208,0.0000002506,0.0000000000,0.0000000000,0.0000000000,-0.0094356034,0.1108322144,-0.0010500561,0.0678124800,0.1109082252,0.0075460211
00:42:14:05.875,61,0.1100929379,0.1826241165,0.1103025302,0.0000000000,0.0000000000,0.0608241335,0.0000000000,0.1100748628,0.1829019338,0.0168523807,0.0000000000,0.0000000000,0.0608176403,0.0000000000,0.0110775791,0.0007877751,0.0000000000,0.0161785875,0.0166099239,0.0120106228,0.0787233710,0.0071846959,0.0000000000,0.0000000000,0.0000000000,0.0204313044,0.0041142413,0.0248235725,0.0243523158,0.0302595906,0.0293532200,0.0375772677,0.0109163467,0.2477029562,0.1775788814,0.0654587820,0.0694803596,0.0239553265,0.0234647878,0.0210484583,0.0222149342,0.3568331301,0.3567695916,0.0161045808,0.0000000000,0.0000000000,0.0198856406,0.0310358759,0.0325383469,0.0744347721,0.0786093026,0.0000001291,0.0000000000,0.0000000000,0.0000000000,-0.0102303466,0.1117343232,-0.0011478409,0.0669605136,0.1118103564,0.0075124749
00:42:14:06.877,61,0.1105054095,0.1841534674,0.1094731390,0.0000000000,0.0000000000,0.0607178509,0.0000000000,0.1104881465,0.1844275147,0.0175856501,0.0000000000,0.0000000000,0.0607115440,0.0000000000,0.0111360084,0.0008099318,0.0000000000,0.0162462946,0.0166767444,0.0121252909,0.0791177750,0.0071730921,0.0000000000,0.0000000000,0.0000000000,0.0224518236,0.0060396525,0.0246999562,0.0242277980,0.0303755943,0.0294800177,0.0376834609,0.0109112179,0.2479445189,0.1777469516,0.0655292645,0.0695488453,0.0239549633,0.0234508906,0.0211342499,0.0222918782,0.3594200611,0.3593617380,0.0160393547,0.0000000000,0.0000000000,0.0199530926,0.0311502703,0.0326497704,0.0747493505,0.0789033845,0.0000000972,0.0000000000,0.0000000000,0.0000000000,-0.0106743593,0.1126668006,-0.0012077371,0.0664500296,0.1127428263,0.0075179925
00:42:14:07.879,61,0.1105370149,0.1851246059,0.1097864509,0.0000000000,0.0000000000,0.0606222488,0.0000000000,0.1105197594,0.1854035556,0.0171830356,0.0000000000,0.0000000000,0.0606160499,0.0000000000,0.0111913476,0.0008323299,0.0000000000,0.0163207259,0.0167463776,0.0122496523,0.0796666369,0.0071591511,0.0000000000,0.0000000000,0.0000000000,0.0236463156,0.0074037337,0.0245795790,0.0241066925,0.0305180047,0.0296397991,0.0378186144,0.0108928578,0.2499887049,0.1787492484,0.0656744838,0.0696894526,0.0239246655,0.0234105699,0.0212664101,0.0224130247,0.3608869612,0.3608299196,0.0159987025,0.0000000000,0.0000000000,0.0200193264,0.0312932767,0.0327711925,0.0750236437,0.0791499466,0.0000001029,0.0000000000,0.0000000000,0.0000000000,-0.0104292687,0.1132628024,-0.0011863032,0.0666357204,0.1133388132,0.0075791618
00:42:14:08.880,61,0.1096736863,0.1858315468,0.1105075330,0.0000000000,0.0000000000,0.0603723265,0.0000000000,0.1096528396,0.1861183941,0.0164040904,0.0000000000,0.0000000000,0.0603661537,0.0000000000,0.0112017272,0.0008059239,0.0000000000,0.0163840856,0.0168139394,0.0123106958,0.0798908770,0.0071206447,0.0000000000,0.0000000000,0.0000000000,0.0241183992,0.0079468675,0.0244396646,0.0239730384,0.0306412317,0.0297879074,0.0378395543,0.0108577646,0.2501631975,0.1787963212,0.0655028298,0.0695009083,0.0239011701,0.0233758651,0.0213337224,0.0224772654,0.3611657917,0.3611078858,0.0159814674,0.0000000000,0.0000000000,0.0200020038,0.0313594975,0.0328190848,0.0750310197,0.0791533664,0.0000001165,0.0000000000,0.0000000000,0.0000000000,-0.0099559929,0.1136989295,-0.0011368697,0.0670700893,0.1137749627,0.0076580998
00:42:14:09.882,61,0.1083157510,0.1874368191,0.1109411940,0.0000000000,0.0000000000,0.0599358119,0.0000000000,0.1082900986,0.1877309233,0.0159243010,0.0000000000,0.0000000000,0.0599296615,0.0000000000,0.0111857457,0.0007374383,0.0000000000,0.0164455064,0.0168881938,0.0123255439,0.0799698979,0.0070113852,0.0000000000,0.0000000000,0.0000000000,0.0240520444,0.0078175664,0.0243042484,0.0238452759,0.0307681691,0.0299436934,0.0377986431,0.0108193867,0.2469279021,0.1774617285,0.0651025847,0.0690778196,0.0239336435,0.0233983882,0.0213684402,0.0225186963,0.3613190651,0.3612604141,0.0159879569,0.0000000000,0.0000000000,0.0199200455,0.0313734785,0.0328232236,0.0750171468,0.0791577920,0.0000001248,0.0000000000,0.0000000000,0.0000000000,-0.0096637085,0.1146836877,-0.0011131364,0.0673256963,0.1147597879,0.0077543631
00:42:14:10.883,61,0.1072372943,0.1885832995,0.1121158376,0.0000000000,0.0000000000,0.0593934171,0.0000000000,0.1072031409,0.1888904124,0.0146893514,0.0000000000,0.0000000000,0.0593872964,0.0000000000,0.0111759007,0.0006558193,0.0000000000,0.0165161304,0.0169672202,0.0123245195,0.0798993483,0.0069955275,0.0000000000,0.0000000000,0.0000000000,0.0236782450,0.0074603939,0.0241841767,0.0237267260,0.0308678150,0.0300607365,0.0377621353,0.0107969679,0.2437224388,0.1755613834,0.0646848977,0.0686383247,0.0239828825,0.0234314576,0.0213798881,0.0225323420,0.3612026274,0.3611417413,0.0159925465,0.0000000000,0.0000000000,0.0198351145,0.0313463211,0.0327756479,0.0749745071,0.0791319683,0.0000001129,0.0000000000,0.0000000000,0.0000000000,-0.0089135449,0.1153911874,-0.0010331201,0.0680330321,0.1154673025,0.0078844409
00:42:14:11.885,61,0.1069423705,0.1906593144,0.1127091125,0.0000000000,0.0000000000,0.0588689297,0.0000000000,0.1069052368,0.1909763962,0.0140177412,0.0000000000,0.0000000000,0.0588628389,0.0000000000,0.0112007773,0.0005669671,0.0000000000,0.0166021250,0.0170613006,0.0123468293,0.0797398016,0.0070949774,0.0000000000,0.0000000000,0.0000000000,0.0232035927,0.0071266061,0.0240651891,0.0236038323,0.0309438109,0.0301452316,0.0377832055,0.0107978284,0.2415474653,0.1737187654,0.0643465593,0.0682837144,0.0240879059,0.0235109758,0.0214088745,0.0225579143,0.3612336814,0.3611705601,0.0159681048,0.0000000000,0.0000000000,0.0197607651,0.0313205197,0.0327198170,0.0750780925,0.0792395100,0.0000001025,0.0000000000,0.0000000000,0.0000000000,-0.0085047465,0.1166650802,-0.0009967209,0.0683829263,0.1167412400,0.0080131516
00:42:14:12.887,61,0.1072071418,0.1934618652,0.1135043427,0.0000000000,0.0000000000,0.0584035590,0.0000000000,0.1071682945,0.1937924773,0.0131634809,0.0000000000,0.0000000000,0.0583974905,0.0000000000,0.0112304632,0.0005240401,0.0000000000,0.0166984163,0.0171833467,0.0124096107,0.0796654373,0.0072705839,0.0000000000,0.0000000000,0.0000000000,0.0226769540,0.0068286574,0.0239026975,0.0234391913,0.0310386941,0.0302387141,0.0377946906,0.0107947448,0.2395408005,0.1716952622,0.0639780015,0.0678974688,0.0242432803,0.0236331280,0.0214680545,0.0226048511,0.3612518907,0.3611854911,0.0159292519,0.0000000000,0.0000000000,0.0196875129,0.0313102119,0.0326786004,0.0752581507,0.0794155449,0.0000000958,0.0000000000,0.0000000000,0.0000000000,-0.0079848329,0.1183848828,-0.0009497141,0.0688514784,0.1184611395,0.0081879357
00:42:14:13.889,61,0.1074386090,0.1952553540,0.1149569377,0.0000000000,0.0000000000,0.0579971410,0.0000000000,0.1073987335,0.1956033707,0.0116733676,0.0000000000,0.0000000000,0.0579910167,0.0000000000,0.0112530487,0.0004413976,0.0000000000,0.0168215632,0.0173498206,0.0124750081,0.0794736594,0.0073777689,0.0000000000,0.0000000000,0.0000000000,0.0174381044,0.0057078460,0.0237379391,0.0232764315,0.0311437752,0.0303509701,0.0377959386,0.0108030690,0.2330833077,0.1663504243,0.0635220408,0.0674187392,0.0244747289,0.0238277391,0.0215343907,0.0226682834,0.3612579405,0.3611881137,0.0159139950,0.0000000000,0.0000000000,0.0195900612,0.0313392244,0.0326721296,0.0754989609,0.0796742290,0.0000001005,0.0000000000,0.0000000000,0.0000000000,-0.0070800097,0.1194903031,-0.0008500348,0.0697234720,0.1195666045,0.0083695753
00:42:14:14.890,61,0.1066273004,0.1968709975,0.1160289720,0.0000000000,0.0000000000,0.0573741123,0.0000000000,0.1065871790,0.1972326636,0.0105746975,0.0000000000,0.0000000000,0.0573680066,0.0000000000,0.0112226699,0.0003447382,0.0000000000,0.0169010069,0.0174765941,0.0124862147,0.0793703049,0.0074183326,0.0000000000,0.0000000000,0.0000000000,0.0135373725,0.0040622195,0.0234966557,0.0230377074,0.0311983526,0.0304234177,0.0376712233,0.0107850479,0.2244402319,0.1606869251,0.0628014207,0.0665353090,0.0245908778,0.0239100643,0.0215570889,0.0226876698,0.3568776846,0.3567878604,0.0159381460,0.0000000000,0.0000000000,0.0194624159,0.0313149504,0.0326171294,0.0755687878,0.0797634497,0.0000001040,0.0000000000,0.0000000000,0.0000000000,-0.0064128865,0.1204850674,-0.0007764123,0.0703652948,0.1205614433,0.0085174441
00:42:14:15.892,61,0.1049854159,0.2007910013,0.1183075905,0.0000000000,0.0000000000,0.0565108210,0.0000000000,0.1049387306,0.2011833638,0.0083001638,0.0000000000,0.0000000000,0.0565049723,0.0000000000,0.0111490740,0.0002552517,0.0000000000,0.0169311967,0.0175603721,0.0124634430,0.0794089809,0.0074661598,0.0000000000,0.0000000000,0.0000000000,0.0108421277,0.0017300029,0.0232344437,0.0227767546,0.0312296655,0.0304777343,0.0374209546,0.0107405484,0.2186146080,0.1564323008,0.0617034025,0.0652105883,0.0246500764,0.0239386670,0.0215364061,0.0226604454,0.3526387215,0.3525370955,0.0160076078,0.0000000000,0.0000000000,0.0193088185,0.0312299654,0.0325080417,0.0754779205,0.0796999931,0.0000001061,0.0000000000,0.0000000000,0.0000000000,-0.0050320402,0.1228975058,-0.0006215549,0.0717260987,0.1229740530,0.0088573517
00:42:14:16.893,61,0.1041618809,0.2045210600,0.1210021675,0.0000000000,0.0000000000,0.0557193346,0.0000000000,0.1041127890,0.2049483955,0.0056099668,0.0000000000,0.0000000000,0.0557137318,0.0000000000,0.0110593848,0.0001027332,0.0000000000,0.0169751979,0.0176706985,0.0124371247,0.0793487281,0.0074600331,0.0000000000,0.0000000000,0.0006629764,0.0090834750,0.0000000000,0.0229582358,0.0225091875,0.0312506743,0.0305373520,0.0371535309,0.0106960908,0.2105658948,0.1506636590,0.0601484850,0.0633895323,0.0247644763,0.0240240339,0.0215075519,0.0226290748,0.3487800956,0.3486720324,0.0161009096,0.0000000000,0.0000000000,0.0191250145,0.0311287642,0.0323856920,0.0753293782,0.0795930848,0.0000000940,0.0000000000,0.0000000000,0.0000000000,-0.0034001120,0.1251965910,-0.0004279197,0.0733388737,0.1252733171,0.0092272302
00:42:14:17.895,61,0.1035553068,0.2077106386,0.1235921308,0.0000000000,0.0000000000,0.0549913943,0.0000000000,0.1035045832,0.2081713974,0.0030503436,0.0000000000,0.0000000000,0.0549859330,0.0000000000,0.0109684533,0.0000000000,0.0000842843,0.0170509033,0.0178238414,0.0124128954,0.0790912732,0.0074530784,0.0000000000,0.0000000000,0.0038194428,0.0075646937,0.0000000000,0.0226695240,0.0222289581,0.0312628634,0.0305876508,0.0368725248,0.0106716808,0.1984141320,0.1415097117,0.0582200587,0.0612256192,0.0249590520,0.0241758730,0.0214548074,0.0225757901,0.3467442095,0.3466332555,0.0162024070,0.0000000000,0.0000000000,0.0189311970,0.0310325027,0.0322708301,0.0751878023,0.0795109048,0.0000000790,0.0000000000,0.0000000000,0.0000000000,-0.0018483032,0.1271648854,-0.0002363143,0.0748900920,0.1272418201,0.0095716678
00:42:14:18.896,61,0.1029398218,0.2105834484,0.1249727309,0.0000000000,0.0000000000,0.0539761521,0.0000000000,0.1028877348,0.2110655606,0.0016911313,0.0000000000,0.0000000000,0.0539709032,0.0000000000,0.0108486451,0.0000000000,0.0002752091,0.0171132628,0.0179655291,0.0123509541,0.0786360055,0.0074708387,0.0000000000,0.0000000000,0.0091366107,0.0052071563,0.0000000000,0.0223444495,0.0219114348,0.0312042926,0.0305610225,0.0365069583,0.0106468471,0.1847418696,0.1316724867,0.0557330661,0.0585521460,0.0251265783,0.0242965911,0.0213306397,0.0224521086,0.3366475105,0.3365256488,0.0163100809,0.0000000000,0.0000000000,0.0187111646,0.0308495983,0.0320681520,0.0748476461,0.0792329907,0.0000000604,0.0000000000,0.0000000000,0.0000000000,-0.0010244787,0.1289326996,-0.0001328256,0.0757095218,0.1290097237,0.0098121194
00:42:14:19.898,61,0.1024572402,0.2131895572,0.1266487837,0.0000000000,0.0000000000,0.0531522371,0.0000000000,0.1024040803,0.2136956304,0.0000000000,0.0000009395,0.0000000000,0.0531470552,0.0000000000,0.0107526220,0.0000000000,0.0004634599,0.0172061138,0.0181565303,0.0123646259,0.0785494149,0.0074291006,0.0000000000,0.0000000000,0.0114365183,0.0037343169,0.0000000000,0.0220117178,0.0215927307,0.0312209465,0.0306178946,0.0362005569,0.0106263002,0.1800392419,0.1280231178,0.0544681735,0.0572157018,0.0253643729,0.0244865175,0.0212718565,0.0223945547,0.3330424428,0.3329179883,0.0164356753,0.0000000000,0.0000000000,0.0185444318,0.0307194740,0.0319099464,0.0746613741,0.0790996999,0.0000000419,0.0000000000,0.0000000000,0.0000000000,0.0000005690,0.1305392385,0.0000000747,0.0767089278,0.1306163818,0.0100665949
00:42:14:20.900,61,0.1022977456,0.2156562507,0.1274526417,0.0000000000,0.0000000000,0.0523888469,0.0000000000,0.1022446677,0.2161774486,0.0000000000,0.0008135619,0.0000000000,0.0523837321,0.0000000000,0.0106843300,0.0000000000,0.0007350445,0.0173377264,0.0184201319,0.0124989087,0.0789530277,0.0073185158,0.0000000000,0.0000000000,0.0124478284,0.0030230230,0.0000000000,0.0216445848,0.0212410111,0.0313117914,0.0307673290,0.0359150954,0.0106121441,0.1774812788,0.1258311123,0.0535532609,0.0562525168,0.0256771240,0.0247604419,0.0212676823,0.0223875064,0.3302389383,0.3301172554,0.0165883284,0.0000000000,0.0000000000,0.0184537470,0.0306656361,0.0318260305,0.0746849477,0.0791682899,0.0000000460,0.0000000000,0.0000000000,0.0000000000,0.0004926497,0.1320552975,0.0000654378,0.0771804452,0.1321325600,0.0102472762
00:42:14:21.901,61,0.1024465933,0.2182402611,0.1274844557,0.0000000000,0.0000000000,0.0516101122,0.0000000000,0.1023947299,0.2187691629,0.0000000000,0.0008207398,0.0000000000,0.0516051576,0.0000000000,0.0106531894,0.0000000000,0.0009679099,0.0174778625,0.0187151972,0.0127082039,0.0808983594,0.0072983229,0.0000000000,0.0000000000,0.0112183914,0.0029739433,0.0000000000,0.0212544110,0.0208635088,0.0314577743,0.0309614670,0.0356855243,0.0105866110,0.1764937043,0.1247351617,0.0528848134,0.0555592142,0.0260434952,0.0250871535,0.0213460680,0.0224585049,0.3287851214,0.3286649585,0.0166924875,0.0000000000,0.0000000000,0.0184013192,0.0306265429,0.0317571275,0.0748632401,0.0793703273,0.0000000571,0.0000000000,0.0000000000,0.0000000000,0.0004968910,0.1336384863,0.0000668019,0.0771834254,0.1337158829,0.0103719253
00:42:14:22.902,61,0.1028546169,0.2205773294,0.1271731257,0.0000000000,0.0000000000,0.0509204268,0.0000000000,0.1028039902,0.2211095989,0.0000000000,0.0004864140,0.0000000000,0.0509155281,0.0000000000,0.0106598698,0.0000000000,0.0011406955,0.0176673587,0.0190964099,0.0129753463,0.0819568411,0.0073292982,0.0000000000,0.0000000000,0.0109392526,0.0029004896,0.0000000000,0.0208540484,0.0204750262,0.0316905640,0.0312322155,0.0355406031,0.0105680050,0.1759785712,0.1239234582,0.0522806160,0.0549461693,0.0265679043,0.0255610272,0.0215035006,0.0226076096,0.3282712996,0.3281523883,0.0167714301,0.0000000000,0.0000000000,0.0183340404,0.0306540355,0.0317574441,0.0752660781,0.0797917619,0.0000001105,0.0000000000,0.0000000000,0.0000000000,0.0002944272,0.1350681782,0.0000400114,0.0769800842,0.1351456940,0.0104566170
00:42:14:23.904,61,0.1033273041,0.2223836184,0.1269620210,0.0000000000,0.0000000000,0.0502921194,0.0000000000,0.1032778025,0.2229188383,0.0000000000,0.0002584967,0.0000000000,0.0502872095,0.0000000000,0.0106720524,0.0000000000,0.0014034000,0.0178925022,0.0195404142,0.0132867871,0.0828106478,0.0073917457,0.0000000000,0.0000000000,0.0111910831,0.0023779464,0.0000000000,0.0204843897,0.0201161057,0.0319648683,0.0315464288,0.0354474261,0.0105636008,0.1755650938,0.1231693402,0.0517613329,0.0544210412,0.0272335336,0.0261701308,0.0217115376,0.0228035450,0.3282421827,0.3281241953,0.0168736409,0.0000000000,0.0000000000,0.0182873216,0.0307350345,0.0318078622,0.0758220851,0.0803759396,0.0000001691,0.0000000000,0.0000000000,0.0000000000,0.0001564449,0.1361733824,0.0000214363,0.0768407583,0.1362510026,0.0105241481
00:42:14:24.906,61,0.1039437354,0.2239412516,0.1274905205,0.0000000000,0.0000000000,0.0497400686,0.0000000000,0.1038949415,0.2244864404,0.0000000000,0.0007585929,0.0000000000,0.0497351587,0.0000000000,0.0106694428,0.0000000000,0.0017900107,0.0181658547,0.0201117489,0.0138260778,0.0927540436,0.0074105901,0.0000000000,0.0000000000,0.0115711400,0.0018583864,0.0000000000,0.0201212317,0.0197630599,0.0324042737,0.0320348255,0.0353552885,0.0105530471,0.1754126102,0.1225561202,0.0513696186,0.0540206470,0.0290367063,0.0277642962,0.0220520590,0.0231332369,0.3281475306,0.3280304074,0.0170658231,0.0000000000,0.0000000000,0.0183191858,0.0309207104,0.0319689214,0.0771632046,0.0819413140,0.0000001657,0.0000000000,0.0000000000,0.0000000000,0.0004590478,0.1371310055,0.0000633473,0.0771505162,0.1372086555,0.0106416848
00:42:14:25.907,61,0.1093245149,0.2268119305,0.1282112002,0.0000000000,0.0000000000,0.0492999144,0.0000000000,0.1092708260,0.2273728997,0.0000000000,0.0014313705,0.0000000000,0.0492949560,0.0000000000,0.0107069490,0.0000000000,0.0024194336,0.0186069272,0.0219502430,0.0173402522,0.1016789302,0.0074003087,0.0000000000,0.0000000000,0.0120184533,0.0012106528,0.0000000000,0.0198293403,0.0194861274,0.0332450084,0.0332866348,0.0353423469,0.0105843004,0.1753295809,0.1219945773,0.0511642285,0.0537841767,0.0369085744,0.0352683067,0.0229152404,0.0240122993,0.3282483518,0.3281317949,0.0173678733,0.0000000000,0.0000000000,0.0184231978,0.0312573202,0.0322687589,0.0795581043,0.0847859606,0.0000001483,0.0000000000,0.0000000000,0.0000000000,0.0008659540,0.1388942599,0.0001210555,0.0775677338,0.1389721185,0.0108383875
00:42:14:26.909,61,0.1158302277,0.2290424705,0.1281604320,0.0000000000,0.0000000000,0.0490072519,0.0000000000,0.1157890260,0.2296093255,0.0000000000,0.0013619710,0.0000000000,0.0490022004,0.0000000000,0.0108048236,0.0000000000,0.0036125309,0.0192104504,0.0254196804,0.0251999665,0.1061810181,0.0073962761,0.0000000000,0.0000000000,0.0124779781,0.0005593051,0.0000000000,0.0196199957,0.0192951299,0.0356047302,0.0362368040,0.0354405269,0.0106462846,0.1754333079,0.1216285005,0.0510816872,0.0536589287,0.0487639271,0.0468029380,0.0267909188,0.0280614030,0.3282823563,0.3281672299,0.0177638195,0.0000000000,0.0000000000,0.0185354613,0.0317799933,0.0327520706,0.0840624645,0.0898245499,0.0000000884,0.0000000000,0.0000000000,0.0000000000,0.0008238105,0.1402604282,0.0001163117,0.0775221959,0.1403383613,0.0109399231
00:42:14:27.910,61,0.1226073205,0.2309892029,0.1275966614,0.0000000000,0.0000000000,0.0488878600,0.0000000000,0.1225637719,0.2315555215,0.0000000000,0.0007850963,0.0000000000,0.0488826372,0.0000000000,0.0109624965,0.0000000000,0.0044420576,0.0200605616,0.0290712453,0.0316635594,0.1083997339,0.0075075747,0.0000000000,0.0031903689,0.0154971592,0.0000000000,0.0000000000,0.0195168052,0.0192157216,0.0379755758,0.0387616940,0.0356420875,0.0107454387,0.1757250279,0.1214125901,0.0510480888,0.0535853878,0.0610788427,0.0585599206,0.0325658731,0.0339521840,0.3293923140,0.3292752802,0.0181694217,0.0000000000,0.0000000000,0.0185776707,0.0324138887,0.0333441980,0.0902035460,0.0963157415,0.0000000273,0.0000000000,0.0000000000,0.0000000000,0.0004747983,0.1414492577,0.0000676114,0.0771681666,0.1415273100,0.0109835602
00:42:14:28.913,61,0.1289751232,0.2344785631,0.1268122792,0.0000000000,0.0000000000,0.0488931574,0.0000000000,0.1289277077,0.2350462079,0.0000226040,0.0000000000,0.0000000000,0.0488877222,0.0000000000,0.0111796930,0.0000000000,0.0051998794,0.0213332195,0.0327506438,0.0399943180,0.1099349707,0.0076445509,0.0000000000,0.0057360199,0.0173660256,0.0000000000,0.0000000000,0.0195334610,0.0192627441,0.0408237316,0.0417952575,0.0359535813,0.0108755985,0.1792394072,0.1216730326,0.0511711836,0.0536698364,0.0734829754,0.0708149225,0.0401088893,0.0416227356,0.3366402090,0.3365155458,0.0186016783,0.0000000000,0.0000000000,0.0185901430,0.0333479755,0.0341205560,0.0984688029,0.1047176719,0.0000000171,0.0000000000,0.0000000000,0.0000000000,-0.0000136659,0.1435815543,-0.0000019758,0.0766703710,0.1436597705,0.0110795349
00:42:14:29.914,61,0.1315793097,0.2370468229,0.1265691817,0.0000000000,0.0000000000,0.0487648919,0.0000000000,0.1315314025,0.2376189977,0.0002776763,0.0000000000,0.0000000000,0.0487593561,0.0000000000,0.0113865305,0.0000000000,0.0060839769,0.0226405747,0.0357126966,0.0448918082,0.1109811887,0.0077883108,0.0000000000,0.0084577352,0.0193619318,0.0000000000,0.0000000000,0.0195992514,0.0193574913,0.0428109318,0.0439769998,0.0361920148,0.0110274162,0.1799749285,0.1214584038,0.0511497632,0.0535957739,0.0813293010,0.0785381943,0.0436856709,0.0453086421,0.3384080529,0.3382819295,0.0191223305,0.0000000000,0.0000000000,0.0185680334,0.0340737179,0.0347851552,0.1015354916,0.1078512445,0.0000000127,0.0000000000,0.0000000000,0.0000000000,-0.0001678390,0.1451532096,-0.0000245349,0.0765059441,0.1452314854,0.0111784777
00:42:14:30.916,61,0.1328031272,0.2384710610,0.1267756224,0.0000000000,0.0000000000,0.0484055243,0.0000000000,0.1327557713,0.2390494794,0.0001190252,0.0000000000,0.0000000000,0.0484000407,0.0000000000,0.0115748569,0.0000000000,0.0068673920,0.0235771239,0.0372923762,0.0473162569,0.1128091738,0.0078904182,0.0000000000,0.0096136518,0.0201512109,0.0000000000,0.0000000000,0.0196270160,0.0194088146,0.0440085419,0.0452452898,0.0363844372,0.0111822849,0.1800163239,0.1210418940,0.0510914773,0.0534788519,0.0846063569,0.0817661285,0.0455031916,0.0471587181,0.3361956477,0.3360761106,0.0196764804,0.0000000000,0.0000000000,0.0185998399,0.0346600600,0.0353290662,0.1031448469,0.1094714552,0.0000000163,0.0000000000,0.0000000000,0.0000000000,-0.0000719345,0.1460270435,-0.0000105797,0.0766209438,0.1461054236,0.0112635745
00:42:14:31.917,61,0.1334392726,0.2403227687,0.1264771819,0.0000000000,0.0000000000,0.0480656996,0.0000000000,0.1333932132,0.2409029901,0.0004401913,0.0000000000,0.0000000000,0.0480603240,0.0000000000,0.0117880739,0.0000000000,0.0076004863,0.0244333576,0.0385021605,0.0499951467,0.1144946665,0.0079651596,0.0000000000,0.0103551857,0.0206870567,0.0000000000,0.0000000000,0.0196924359,0.0194993876,0.0449505188,0.0462144092,0.0366308168,0.0113660963,0.1800155640,0.1207955107,0.0511489622,0.0534871593,0.0866751820,0.0838117078,0.0468494855,0.0485288240,0.3354192972,0.3353024125,0.0202380549,0.0000000000,0.0000000000,0.0186589994,0.0352410786,0.0358792022,0.1042531952,0.1105986685,0.0000000163,0.0000000000,0.0000000000,0.0000000000,-0.0002659912,0.1471592784,-0.0000394281,0.0764278322,0.1472377628,0.0113235759
00:42:14:32.919,61,0.1339572817,0.2420325875,0.1256389469,0.0000000000,0.0000000000,0.0477626473,0.0000000000,0.1339129359,0.2426080555,0.0013017872,0.0000000000,0.0000000000,0.0477573425,0.0000000000,0.0120185101,0.0000000000,0.0083361091,0.0253538359,0.0395071022,0.0523460582,0.1153419316,0.0080862418,0.0000000000,0.0110803861,0.0212175511,0.0000000000,0.0000000000,0.0198053569,0.0196365044,0.0457301512,0.0470012650,0.0368375331,0.0115675079,0.1796743274,0.1204837039,0.0511895120,0.0534716025,0.0892674997,0.0864203349,0.0482785627,0.0499530658,0.3316667378,0.3315548301,0.0207823440,0.0000000000,0.0000000000,0.0186876971,0.0358006358,0.0364107341,0.1051408648,0.1114863455,0.0000000148,0.0000000000,0.0000000000,0.0000000000,-0.0007864997,0.1482008994,-0.0001174209,0.0759095326,0.1482794732,0.0113276774
00:42:14:33.920,61,0.1344663501,0.2429924756,0.1249156371,0.0000000000,0.0000000000,0.0476172604,0.0000000000,0.1344236434,0.2435623258,0.0020420721,0.0000000000,0.0000000000,0.0476119258,0.0000000000,0.0122845229,0.0000000000,0.0090364330,0.0263213236,0.0403166227,0.0547190569,0.1158889458,0.0081954533,0.0000000000,0.0116476407,0.0216771904,0.0000000000,0.0000000000,0.0199347660,0.0197929107,0.0464182012,0.0476817265,0.0370637886,0.0117679667,0.1793841869,0.1203349009,0.0512639806,0.0534924641,0.0930561349,0.0902586058,0.0506611057,0.0523671061,0.3303700089,0.3302586675,0.0212810691,0.0000000000,0.0000000000,0.0186866373,0.0363882519,0.0369701087,0.1059132069,0.1122610122,0.0000000128,0.0000000000,0.0000000000,0.0000000000,-0.0012336493,0.1487838924,-0.0001849136,0.0754659101,0.1488624960,0.0113065504
00:42:14:34.922,61,0.1351357847,0.2438883036,0.1241569221,0.0000000000,0.0000000000,0.0476292372,0.0000000000,0.1350942105,0.2444519103,0.0028123425,0.0000000000,0.0000000000,0.0476237684,0.0000000000,0.0126107186,0.0000000000,0.0097492514,0.0276436452,0.0410161577,0.0586465336,0.1162504479,0.0082902443,0.0000000000,0.0118634412,0.0217976961,0.0000000000,0.0000000000,0.0201055259,0.0199925024,0.0471265502,0.0483888425,0.0373156406,0.0119765075,0.1791502237,0.1203346029,0.0513827316,0.0535465479,0.0992409363,0.0967512503,0.0538569652,0.0555160232,0.3296210766,0.3295080960,0.0217532516,0.0000000000,0.0000000000,0.0186805297,0.0370259732,0.0375691801,0.1068569273,0.1131301671,0.0000000092,0.0000000000,0.0000000000,0.0000000000,-0.0016988438,0.1493274122,-0.0002555864,0.0750014111,0.1494060606,0.0112787345
00:42:14:35.923,61,0.1367847770,0.2447139174,0.1234714314,0.0000000000,0.0000000000,0.0477896370,0.0000000000,0.1367477924,0.2452719063,0.0035025158,0.0000000000,0.0000000000,0.0477840006,0.0000000000,0.0130116362,0.0000000000,0.0104643656,0.0303341858,0.0417400263,0.0662101656,0.1175469905,0.0082983943,0.0000000000,0.0118490346,0.0217148345,0.0000000000,0.0000000000,0.0203282405,0.0202505849,0.0483485982,0.0497774854,0.0376355127,0.0121998284,0.1792327315,0.1206138432,0.0515835285,0.0536695160,0.1079170629,0.1058315039,0.0586375371,0.0603332333,0.3295060098,0.3293909132,0.0222396925,0.0000000000,0.0000000000,0.0186855439,0.0378638431,0.0382661521,0.1093124226,0.1155864522,0.0000000100,0.0000000000,0.0000000000,0.0000000000,-0.0021155952,0.1498284191,-0.0003193694,0.0745816901,0.1499071121,0.0112539176
00:42:14:36.925,61,0.1377272457,0.2455176413,0.1230994314,0.0000000000,0.0000000000,0.0479608551,0.0000000000,0.1376915574,0.2460734546,0.0038837509,0.0000000000,0.0000000000,0.0479550362,0.0000000000,0.0133925695,0.0000000000,0.0111093530,0.0319773704,0.0423752666,0.0693596080,0.1184379235,0.0082876598,0.0000000000,0.0118895452,0.0217234548,0.0000000000,0.0000000000,0.0205468368,0.0205044001,0.0492003150,0.0506799333,0.0379112363,0.0124075850,0.1792324930,0.1208477318,0.0517578013,0.0537702926,0.1116469353,0.1096815914,0.0609009974,0.0626012683,0.3295507729,0.3294333220,0.0226868130,0.0000000000,0.0000000000,0.0186849684,0.0385583229,0.0389027037,0.1104396284,0.1166970432,0.0000000126,0.0000000000,0.0000000000,0.0000000000,-0.0023456956,0.1503181159,-0.0003552802,0.0743514597,0.1503968835,0.0112564554
00:42:14:37.927,61,0.1385580003,0.2463501692,0.1228841320,0.0000000000,0.0000000000,0.0481694452,0.0000000000,0.1385230720,0.2469056845,0.0041075181,0.0000000000,0.0000000000,0.0481634513,0.0000000000,0.0137747955,0.0000000000,0.0117408494,0.0334914662,0.0430395268,0.0720524713,0.1212341264,0.0082845716,0.0000000000,0.0119571034,0.0216786750,0.0000000000,0.0000000000,0.0207598507,0.0207468048,0.0500823334,0.0517262109,0.0381825864,0.0126050944,0.1793627888,0.1211489961,0.0519080535,0.0538454391,0.1141032651,0.1121400371,0.0627448633,0.0643362254,0.3298412561,0.3297214508,0.0231425166,0.0000000000,0.0000000000,0.0186781734,0.0392757282,0.0395743474,0.1116289496,0.1177402511,0.0000000187,0.0000000000,0.0000000000,0.0000000000,-0.0024806545,0.1508265883,-0.0003770114,0.0742157027,0.1509053409,0.0112745063
00:42:14:38.929,61,0.1397044361,0.2471561879,0.1221490204,0.0000000000,0.0000000000,0.0483920984,0.0000000000,0.1396716982,0.2477052808,0.0048555327,0.0000000000,0.0000000000,0.0483860075,0.0000000000,0.0142026795,0.0000000000,0.0123292021,0.0352331102,0.0437195823,0.0760078281,0.1249991953,0.0082499227,0.0000000000,0.0116757378,0.0213024020,0.0000000000,0.0000000000,0.0209864248,0.0210049190,0.0512865484,0.0531398356,0.0385248102,0.0128099099,0.1798652709,0.1217214465,0.0521099083,0.0539715551,0.1182641312,0.1163493618,0.0659343153,0.0674340203,0.3307121992,0.3305889666,0.0235860590,0.0000000000,0.0000000000,0.0186735131,0.0400161445,0.0402823202,0.1159631088,0.1218408421,0.0000000316,0.0000000000,0.0000000000,0.0000000000,-0.0029321851,0.1513152122,-0.0004471011,0.0737662315,0.1513940096,0.0112431999
00:42:14:39.930,61,0.1414820105,0.2479004711,0.1214204580,0.0000000000,0.0000000000,0.0486343876,0.0000000000,0.1414501220,0.2484429628,0.0056115366,0.0000000000,0.0000000000,0.0486282147,0.0000000000,0.0146167856,0.0000000000,0.0128358426,0.0363010950,0.0443940833,0.0785720795,0.1298534274,0.0081819333,0.0000000000,0.0113748070,0.0209299121,0.0000000000,0.0000000000,0.0212071426,0.0212581437,0.0521611311,0.0540939160,0.0388992168,0.0130084055,0.1828303486,0.1233123764,0.0524264537,0.0542283915,0.1201154441,0.1182195544,0.0677260458,0.0692655295,0.3359788060,0.3358530104,0.0239717271,0.0000000000,0.0000000000,0.0186981373,0.0407252163,0.0409701392,0.1192974821,0.1251021326,0.0000000462,0.0000000000,0.0000000000,0.0000000000,-0.0033884915,0.1517660469,-0.0005182420,0.0733211711,0.1518449187,0.0112092914
00:42:14:40.931,61,0.1432049572,0.2482447475,0.1210572347,0.0000000000,0.0000000000,0.0489319190,0.0000000000,0.1431749463,0.2487838864,0.0059805652,0.0000000000,0.0000000000,0.0489256494,0.0000000000,0.0150173260,0.0000000000,0.0132571440,0.0371677428,0.0450296998,0.0799893141,0.1319066286,0.0081425402,0.0000000000,0.0112513304,0.0207471866,0.0000000000,0.0000000000,0.0214184895,0.0215007029,0.0528972968,0.0548654757,0.0393168442,0.0131986421,0.1861189902,0.1252589673,0.0527953878,0.0545506254,0.1213919669,0.1194847375,0.0690806210,0.0706319585,0.3420810103,0.3419546783,0.0243043620,0.0000000000,0.0000000000,0.0187141597,0.0414063595,0.0416397750,0.1219191998,0.1277688891,0.0000000661,0.0000000000,0.0000000000,0.0000000000,-0.0036112126,0.1519744396,-0.0005530752,0.0730995014,0.1520533115,0.0111910421
00:42:14:41.933,61,0.1444280297,0.2487770021,0.1206520498,0.0000000000,0.0000000000,0.0492006317,0.0000000000,0.1443990171,0.2493127584,0.0064004073,0.0000000000,0.0000000000,0.0491942726,0.0000000000,0.0154039394,0.0000000000,0.0136745274,0.0379264727,0.0456141643,0.0810664147,0.1332136244,0.0081155980,0.0000000000,0.0111330291,0.0205492862,0.0000000000,0.0000000000,0.0216282755,0.0217401087,0.0535971671,0.0555941053,0.0396859571,0.0133651746,0.1876163185,0.1263554692,0.0531350486,0.0548387170,0.1223614290,0.1204555109,0.0701000541,0.0716491267,0.3443506658,0.3442235589,0.0246301852,0.0000000000,0.0000000000,0.0187291373,0.0420495532,0.0422662646,0.1232474372,0.1290872097,0.0000000783,0.0000000000,0.0000000000,0.0000000000,-0.0038645319,0.1522976607,-0.0005931507,0.0728512108,0.1523765773,0.0111771766
00:42:14:42.934,61,0.1452964693,0.2493455261,0.1205194220,0.0000000000,0.0000000000,0.0494021885,0.0000000000,0.1452676058,0.2498811781,0.0065322430,0.0000000000,0.0000000000,0.0493957810,0.0000000000,0.0157422386,0.0000000000,0.0140241571,0.0385633111,0.0461349674,0.0817954764,0.1339883655,0.0080808531,0.0000000000,0.0108769583,0.0202660412,0.0000000000,0.0000000000,0.0218059719,0.0219451040,0.0542401560,0.0562522821,0.0400200449,0.0135024004,0.1885993630,0.1271830052,0.0533830114,0.0550363064,0.1230320781,0.1211347803,0.0708900616,0.0724401847,0.3455041945,0.3453765810,0.0249444935,0.0000000000,0.0000000000,0.0187251028,0.0426124111,0.0428219773,0.1241254061,0.1299455911,0.0000000863,0.0000000000,0.0000000000,0.0000000000,-0.0039439225,0.1526449472,-0.0006067380,0.0727672502,0.1527238637,0.0111901639
00:42:14:43.936,61,0.1459149420,0.2501464784,0.1204215437,0.0000000000,0.0000000000,0.0494963303,0.0000000000,0.1458857954,0.2506829798,0.0066437665,0.0000000000,0.0000000000,0.0494899265,0.0000000000,0.0160012767,0.0000000000,0.0143108508,0.0390342772,0.0465813838,0.0822414458,0.1347168684,0.0080477698,0.0000000000,0.0105373347,0.0198759157,0.0000000000,0.0000000000,0.0219177492,0.0220789928,0.0547531620,0.0567666143,0.0402382910,0.0136068035,0.1891261786,0.1277128607,0.0535445027,0.0551493205,0.1231489033,0.1212512702,0.0713512748,0.0728987455,0.3456505835,0.3455218673,0.0252496079,0.0000000000,0.0000000000,0.0187290274,0.0430748202,0.0432796776,0.1245257929,0.1303102672,0.0000000817,0.0000000000,0.0000000000,0.0000000000,-0.0040109539,0.1531347632,-0.0006190615,0.0727026761,0.1532137245,0.0112166768
00:42:14:44.938,61,0.1463597268,0.2504793108,0.1203009039,0.0000000000,0.0000000000,0.0495967455,0.0000000000,0.1463304907,0.2510152161,0.0067610359,0.0000000000,0.0000000000,0.0495903529,0.0000000000,0.0162191372,0.0000000000,0.0145941200,0.0394135267,0.0469583422,0.0825537518,0.1352697909,0.0080161579,0.0000000000,0.0106025664,0.0198915564,0.0000000000,0.0000000000,0.0220231228,0.0222042128,0.0551704802,0.0571851395,0.0404103622,0.0136984158,0.1894409508,0.1281032562,0.0537062734,0.0552766323,0.1232038140,0.1213233545,0.0717120618,0.0732565969,0.3457498550,0.3456206322,0.0255196877,0.0000000000,0.0000000000,0.0187316816,0.0434879251,0.0436939932,0.1246607900,0.1304147840,0.0000000726,0.0000000000,0.0000000000,0.0000000000,-0.0040816241,0.1533377618,-0.0006308171,0.0726275593,0.1534167230,0.0112201907
00:42:14:45.939,61,0.1468109041,0.2501271367,0.1198739111,0.0000000000,0.0000000000,0.0499698669,0.0000000000,0.1467820257,0.2506571710,0.0071884915,0.0000000000,0.0000000000,0.0499634109,0.0000000000,0.0164816864,0.0000000000,0.0148960007,0.0398492068,0.0474789478,0.0831524879,0.1372158527,0.0080536697,0.0000000000,0.0109909791,0.0200958401,0.0000000000,0.0000000000,0.0222229660,0.0224188790,0.0556448139,0.0576628447,0.0407684743,0.0138202012,0.1961813569,0.1309445351,0.0541994609,0.0557537451,0.1245421916,0.1225236207,0.0723551810,0.0738806874,0.3752603233,0.3751419485,0.0257030595,0.0000000000,0.0000000000,0.0187763311,0.0441035070,0.0443088599,0.1261291355,0.1317955405,0.0000000696,0.0000000000,0.0000000000,0.0000000000,-0.0043398240,0.1531192064,-0.0006697507,0.0723722056,0.1531981826,0.0111646326
00:42:14:46.941,61,0.1474023759,0.2497914135,0.1185713932,0.0000000000,0.0000000000,0.0515199415,0.0000000000,0.1473745555,0.2503053844,0.0084610330,0.0000000000,0.0000000000,0.0515120141,0.0000000000,0.0167360418,0.0000000000,0.0151537517,0.0401764251,0.0479877852,0.0835685059,0.1380289793,0.0081228465,0.0000000000,0.0127476119,0.0206384435,0.0000000000,0.0000000000,0.0224685650,0.0226800274,0.0560615547,0.0580875352,0.0412327610,0.0139538134,0.2033853829,0.1339107156,0.0552019216,0.0569566526,0.1277738214,0.1253405362,0.0729494989,0.0744373277,0.4288542569,0.4287627339,0.0257461555,0.0000000000,0.0000000000,0.0188328214,0.0456000268,0.0459646247,0.1293616742,0.1350349039,0.0000000695,0.0000000000,0.0000000000,0.0000000000,-0.0051082498,0.1529048830,-0.0007872174,0.0715881139,0.1529838294,0.0110281985
00:42:14:47.942,61,0.1514150500,0.2498577088,0.1165748015,0.0000000000,0.0000000000,0.0544077568,0.0000000000,0.1514036804,0.2503486276,0.0104081100,0.0000000000,0.0000000000,0.0543967560,0.0000000000,0.0169966333,0.0000000000,0.0155151235,0.0405027717,0.0484162457,0.0839880928,0.1386432350,0.0081290919,0.0000000000,0.0156075554,0.0221984908,0.0000000000,0.0000000000,0.0227113720,0.0229348056,0.0563893430,0.0584449768,0.0416619778,0.0140882200,0.2060990036,0.1353387386,0.0564517900,0.0584421307,0.1312283874,0.1287552565,0.0734950230,0.0749484673,0.4734198451,0.4733599722,0.0257368200,0.0000000000,0.0000000000,0.0189226810,0.0478332937,0.0483006313,0.1306425929,0.1363454610,0.0000000623,0.0000000000,0.0000000000,0.0000000000,-0.0062837494,0.1529323310,-0.0009685445,0.0703822747,0.1530112326,0.0108447326
00:42:14:48.944,61,0.1539950073,0.2500176132,0.1147135422,0.0000000000,0.0000000000,0.0578595959,0.0000000000,0.1539913565,0.2504871786,0.0122245997,0.0000000000,0.0000000000,0.0578452609,0.0000000000,0.0172554012,0.0000000000,0.0159278475,0.0408225767,0.0487948842,0.0843716934,0.1389374733,0.0081082033,0.0000000000,0.0197555125,0.0253457054,0.0000000000,0.0000000000,0.0229506455,0.0231820848,0.0566975437,0.0587821454,0.0420706160,0.0142294839,0.2073411196,0.1361090094,0.0573508106,0.0595511086,0.1346518844,0.1318994612,0.0739732757,0.0753930733,0.4928318262,0.4927910864,0.0257406682,0.0000000000,0.0000000000,0.0190353375,0.0503586493,0.0508927181,0.1313912123,0.1371400952,0.0000000512,0.0000000000,0.0000000000,0.0000000000,-0.0073803323,0.1530181020,-0.0011382113,0.0692575425,0.1530970037,0.0106777987
00:42:14:49.946,61,0.1553534269,0.2493048608,0.1129296347,0.0000000000,0.0000000000,0.0618567616,0.0000000000,0.1553530395,0.2497521937,0.0139216473,0.0000000000,0.0000000000,0.0618398152,0.0000000000,0.0174953118,0.0000000000,0.0163080152,0.0411355458,0.0492372811,0.0846005753,0.1390364766,0.0081269210,0.0000000000,0.0247893296,0.0287387595,0.0000000000,0.0000000000,0.0231879372,0.0234208610,0.0569845028,0.0590923876,0.0424759425,0.0143844178,0.2078271210,0.1364653558,0.0581685230,0.0604844689,0.1362801045,0.1333952397,0.0742060691,0.0755846947,0.5074093342,0.5073789358,0.0257786959,0.0000000000,0.0000000000,0.0191544387,0.0528843328,0.0534588546,0.1319210529,0.1377220601,0.0000000383,0.0000000000,0.0000000000,0.0000000000,-0.0084054666,0.1525703520,-0.0012924533,0.0681851208,0.1526491642,0.0104814963
00:42:14:50.947,61,0.1562760025,0.2485972792,0.1111434847,0.0000000000,0.0000000000,0.0671675429,0.0000000000,0.1562774181,0.2490225583,0.0156106213,0.0000000000,0.0000000000,0.0671467781,0.0000000000,0.0176954828,0.0000000000,0.0167407077,0.0414011553,0.0496790037,0.0847235173,0.1389685571,0.0081313001,0.0000000000,0.0324254707,0.0336695276,0.0000000000,0.0000000000,0.0234228652,0.0236503240,0.0572268702,0.0593721457,0.0428326018,0.0145386579,0.2079831064,0.1366376579,0.0590868779,0.0616571605,0.1374262124,0.1344109625,0.0742809102,0.0756110400,0.5355821252,0.5355588794,0.0258947853,0.0000000000,0.0000000000,0.0192692969,0.0563850403,0.0570610613,0.1326041818,0.1384634525,0.0000000221,0.0000000000,0.0000000000,0.0000000000,-0.0094258636,0.1521260589,-0.0014450618,0.0671111643,0.1522047669,0.0102861663
00:42:14:51.949,61,0.1569492519,0.2481356710,0.1093716025,0.0000000000,0.0000000000,0.0720715597,0.0000000000,0.1569517106,0.2485396117,0.0173221640,0.0000000000,0.0000000000,0.0720480308,0.0000000000,0.0178428274,0.0000000000,0.0171989556,0.0416328944,0.0501218401,0.0847056583,0.1389885843,0.0081475293,0.0000000000,0.0389210023,0.0376366638,0.0000000000,0.0000000000,0.0236304197,0.0238429923,0.0573733598,0.0595599823,0.0431545451,0.0146703580,0.2081771791,0.1368521154,0.0600071475,0.0627857968,0.1381520927,0.1350119263,0.0742300078,0.0754980221,0.5635824800,0.5635596514,0.0261023976,0.0000000000,0.0000000000,0.0193665233,0.0598864444,0.0605096333,0.1343509257,0.1403537393,0.0000000203,0.0000000000,0.0000000000,0.0000000000,-0.0104597844,0.1518325657,-0.0016004228,0.0660441294,0.1519112140,0.0101030469
00:42:14:52.950,61,0.1593951881,0.2481446564,0.1082053632,0.0000000000,0.0000000000,0.0805600435,0.0000000000,0.1594010442,0.2485352159,0.0184483528,0.0000000000,0.0000000000,0.0805276930,0.0000000000,0.0179930758,0.0000000000,0.0176742245,0.0417965837,0.0505641140,0.0845412910,0.1385912597,0.0081097418,0.0000000000,0.0502316765,0.0466306061,0.0000000000,0.0000000000,0.0238685086,0.0240588505,0.0574747846,0.0597020201,0.0435058996,0.0148153491,0.2084403485,0.1370550245,0.0622104816,0.0653809905,0.1387685090,0.1354752779,0.0740135908,0.0752308145,0.6054760218,0.6054548621,0.0263873842,0.0000000000,0.0000000000,0.0194842815,0.0649762005,0.0654823035,0.1399174929,0.1469199806,0.0000000172,0.0000000000,0.0000000000,0.0000000000,-0.0111398222,0.1518310457,-0.0017044517,0.0653398782,0.1519096196,0.0099953692
00:42:14:53.952,61,0.1710669994,0.2491078079,0.1076710299,0.0000000000,0.0000000000,0.0917211175,0.0000000000,0.1710721403,0.2494940758,0.0189799834,0.0000000000,0.0000000000,0.0916630179,0.0000000000,0.0181592423,0.0000000000,0.0180423800,0.0417426117,0.0508285128,0.0838183984,0.1311673224,0.0080943666,0.0000000000,0.0676006973,0.0644623861,0.0000000000,0.0000000000,0.0242206361,0.0243838709,0.0574529171,0.0596662872,0.0440671965,0.0149614038,0.2128963619,0.1378470659,0.0666366965,0.0706325695,0.1391708702,0.1356779039,0.0737809241,0.0749712735,0.6595571637,0.6595368385,0.0267434921,0.0000000000,0.0000000000,0.0196265504,0.0686162263,0.0687673241,0.1459455490,0.1539018154,0.0000000130,0.0000000000,0.0000000000,0.0000000000,-0.0114598116,0.1524173617,-0.0017602866,0.0650113672,0.1524959803,0.0099841738
00:42:14:54.954,61,0.1772281826,0.2496929914,0.1077441871,0.0000000000,0.0000000000,0.1010346413,0.0000000000,0.1772320122,0.2500811219,0.0189549085,0.0000000000,0.0000000000,0.1009505019,0.0000000000,0.0183357894,0.0000000000,0.0182973165,0.0415420569,0.0509068556,0.0759890378,0.1178660989,0.0079980809,0.0000000000,0.0863588899,0.0883365497,0.0000000000,0.0000000000,0.0247989837,0.0249267481,0.0573203452,0.0594740473,0.0463916250,0.0151404776,0.2174140960,0.1384539306,0.0710338503,0.0759414434,0.1389685571,0.1352327615,0.0729854852,0.0744026825,0.7070923448,0.7070728540,0.0272084065,0.0000000000,0.0000000000,0.0198129117,0.0712830424,0.0712621287,0.1525350660,0.1622954607,0.0000000065,0.0000000000,0.0000000000,0.0000000000,-0.0114440424,0.1527759582,-0.0017620650,0.0650519654,0.1528545916,0.0100142630
00:42:14:55.956,61,0.1823818386,0.2501052916,0.1078449562,0.0000000000,0.0000000000,0.1098795533,0.0000000000,0.1823846847,0.2504953742,0.0188344512,0.0000000000,0.0000000000,0.1097826809,0.0000000000,0.0184834674,0.0000000000,0.0183183681,0.0411569960,0.0506752022,0.0655159876,0.1095683575,0.0078464448,0.0000000000,0.1103857979,0.1133774668,0.0000000000,0.0000000000,0.0273065455,0.0271654539,0.0571030267,0.0591692552,0.0484366789,0.0153411170,0.2274238467,0.1398066133,0.0780257359,0.0842641816,0.1347457319,0.1295804977,0.0704714358,0.0724903420,0.7287844419,0.7287656665,0.0275481734,0.0000000000,0.0000000000,0.0199877340,0.0730528757,0.0731726289,0.1581606418,0.1694651395,0.0000000026,0.0000000000,0.0000000000,0.0000000000,-0.0113708721,0.1530289203,-0.0017537436,0.0651102811,0.1531075984,0.0100400774
00:42:14:56.957,61,0.1952767819,0.2499064505,0.1089722961,0.0000000000,0.0000000000,0.1308763474,0.0000000000,0.1952769160,0.2503094971,0.0176516846,0.0000000000,0.0000000000,0.1308036745,0.0000000000,0.0186389368,0.0000000000,0.0179583635,0.0403815061,0.0485541299,0.0499369353,0.1031837612,0.0077722394,0.0000000000,0.1632917970,0.1649385989,0.0000000000,0.0000000000,0.0419104472,0.0404664539,0.0568026043,0.0587256812,0.0511518158,0.0155980317,0.2682321966,0.1540834159,0.0988575518,0.1082643792,0.1056873500,0.0995703042,0.0635094047,0.0658426061,0.7546101809,0.7545884848,0.0278605428,0.0000000000,0.0000000000,0.0201929957,0.0771749243,0.0782868266,0.1649222076,0.1788912863,0.0000000020,0.0000000000,0.0000000000,0.0000000000,-0.0106569910,0.1529141217,-0.0016423933,0.0657920912,0.1529927701,0.0101373289
00:42:14:57.959,61,0.2099868655,0.2496967465,0.1101242006,0.0000000000,0.0000000000,0.1439258456,0.0000000000,0.2099722326,0.2501129508,0.0164345857,0.0000000000,0.0000000000,0.1438802928,0.0000000000,0.0188943651,0.0000000000,0.0174839105,0.0385757349,0.0422558375,0.0386290587,0.0915360078,0.0078353686,0.0000000000,0.2540763319,0.2495435774,0.0000000000,0.0000000000,0.0950896889,0.0913222432,0.0563657917,0.0581004769,0.0568220243,0.0159850046,0.3297106028,0.2058921456,0.1404513568,0.1531776041,0.0930286944,0.0865350589,0.0610317476,0.0635355487,0.7853376865,0.7853120565,0.0280553270,0.0000000000,0.0000000000,0.0205030870,0.0859378055,0.0876562670,0.1834101081,0.2024193406,0.0000000043,0.0000000000,0.0000000000,0.0000000000,-0.0099223657,0.1527928859,-0.0015279498,0.0664888546,0.1528714746,0.0102362717
00:42:14:58.960,61,0.2217865586,0.2492414415,0.1121671721,0.0000000000,0.0000000000,0.1577324122,0.0000000000,0.2217053026,0.2496807575,0.0142591344,0.0000000000,0.0000000000,0.1577050537,0.0000000000,0.0191066992,0.0000000000,0.0171360038,0.0365805775,0.0371164680,0.0312551148,0.0788381472,0.0080129597,0.0000000000,0.4031017125,0.3908619881,0.0000000000,0.0000000000,0.1352456659,0.1278143823,0.0558868535,0.0574547239,0.0621158928,0.0162934139,0.3940431178,0.2590652704,0.1683485657,0.1782670319,0.0825193673,0.0766383186,0.0599965602,0.0626238286,0.8000883460,0.8000553846,0.0281531010,0.0000000000,0.0000000000,0.0207855031,0.1230064258,0.1230159998,0.2039581090,0.2220262140,0.0000000046,0.0000000000,0.0000000000,0.0000000000,-0.0086092884,0.1525270194,-0.0013234109,0.0677251667,0.1526055187,0.0104078837
00:42:14:59.961,61,0.2590295970,0.2520483136,0.1157364845,0.0000000000,0.0000000000,0.1725117564,0.0000000000,0.2586857080,0.2525359690,0.0104972944,0.0000000000,0.0000000000,0.1724849045,0.0000000000,0.0193145797,0.0000000000,0.0168844312,0.0354088768,0.0343893245,0.0269897114,0.0683063641,0.0082886294,0.0000000000,0.5228794217,0.5065782070,0.0000000000,0.0000000000,0.1674073040,0.1596831083,0.0557112470,0.0571447983,0.0681132078,0.0164979976,0.4439659417,0.3047033846,0.1969994754,0.2060403675,0.0772869363,0.0715067983,0.0611841865,0.0639845878,0.8071708679,0.8071308732,0.0281399805,0.0000000000,0.0000000000,0.0209023301,0.1697553843,0.1656390429,0.2203346193,0.2382572889,0.0000000097,0.0000000000,0.0000000000,0.0000000000,-0.0063362811,0.1542685926,-0.0009853112,0.0698616803,0.1543470919,0.0108601330
00:42:15:00.963,61,0.2696725130,0.2526568770,0.1185857952,0.0000000000,0.0000000000,0.1874327809,0.0000000000,0.2692483068,0.2531796694,0.0075032008,0.0000000000,0.0000000000,0.1873808950,0.0000000000,0.0195764080,0.0000000000,0.0166814253,0.0345140435,0.0327185206,0.0245056022,0.0618671551,0.0087317191,0.0000000000,0.5759563446,0.5539163351,0.0000000000,0.0000000000,0.2038352638,0.1944475621,0.0558750816,0.0572341792,0.0744514391,0.0166298226,0.5124518871,0.3675142527,0.2245086432,0.2304054797,0.0730929598,0.0675956309,0.0659572780,0.0674661770,0.8108032942,0.8107582331,0.0280096680,0.0000000000,0.0000000000,0.0210331492,0.2062521279,0.1983164996,0.2296302319,0.2454207987,0.0000000931,0.0000000000,0.0000000000,0.0000000000,-0.0045287372,0.1546602696,-0.0007060518,0.0715773851,0.1547386944,0.0111550521
00:42:15:01.965,61,0.2753050625,0.2542786896,0.1203967929,0.0000000000,0.0000000000,0.1996205300,0.0000000000,0.2748338282,0.2548270822,0.0055237198,0.0000000000,0.0000000000,0.1995567381,0.0000000000,0.0199130364,0.0000000000,0.0164509602,0.0338046663,0.0315356739,0.0229131840,0.0572931394,0.0089658471,0.0000000000,0.6034771204,0.5818237662,0.0000000000,0.0000000000,0.2229122967,0.2152045965,0.0564773642,0.0579472482,0.0812830552,0.0166967362,0.5426210165,0.3959586322,0.2425167859,0.2479111254,0.0700651556,0.0651389658,0.0712359324,0.0724486262,0.8130981326,0.8130493760,0.0278820097,0.0000000000,0.0000000000,0.0211610962,0.2300987393,0.2227256745,0.2371001244,0.2508663535,0.0000007334,0.0000000000,0.0000000000,0.0000000000,-0.0033334491,0.1556658894,-0.0005231357,0.0726591945,0.1557443291,0.0113981199
00:42:15:02.966,61,0.2779512405,0.2540958226,0.1187488437,0.0000000000,0.0000000000,0.2109479308,0.0000000000,0.2774481773,0.2546243966,0.0071224244,0.0000000000,0.0000000000,0.2108980417,0.0000000000,0.0203072894,0.0000000000,0.0161936209,0.0332607217,0.0306153316,0.0217550155,0.0540695675,0.0092077516,0.0000000000,0.6294882894,0.6083614826,0.0000000000,0.0000000000,0.2598037422,0.2502608001,0.0606978945,0.0628005266,0.0875004455,0.0166965760,0.5822732449,0.4367786348,0.2550750971,0.2593343258,0.0673286319,0.0629986078,0.0750777572,0.0758081526,0.8171890378,0.8171284795,0.0278149173,0.0000000000,0.0000000000,0.0213286933,0.2599771023,0.2517167926,0.2405941337,0.2535990179,0.0000041273,0.0000000000,0.0000000000,0.0000000000,-0.0042983177,0.1555426270,-0.0006740139,0.0716659650,0.1556210071,0.0112335468
00:42:15:03.968,61,0.2840419710,0.2574549317,0.1174861267,0.0000000000,0.0000000000,0.2286660522,0.0000000000,0.2833272815,0.2579768300,0.0082557388,0.0000000000,0.0000000000,0.2285928279,0.0000000000,0.0208487082,0.0000000000,0.0159470253,0.0328586027,0.0298390146,0.0208540447,0.0516808070,0.0093730455,0.0000000000,0.6436096430,0.6235350370,0.0000000000,0.0000000000,0.2933119535,0.2815311551,0.0682506934,0.0705225170,0.0947483703,0.0167152658,0.6032705307,0.4553039670,0.2730987668,0.2760924995,0.0656723604,0.0617014430,0.0771720409,0.0775639340,0.8248877525,0.8248221278,0.0278770477,0.0000000000,0.0000000000,0.0215689540,0.2834605277,0.2726793289,0.2424907535,0.2549619377,0.0000261777,0.0000000000,0.0000000000,0.0000000000,-0.0049806526,0.1575910598,-0.0007914657,0.0708809644,0.1576694846,0.0112593947
00:42:15:04.969,61,0.2859802842,0.2561175227,0.1174226403,0.0000000000,0.0000000000,0.2416931838,0.0000000000,0.2851951718,0.2566354871,0.0083328495,0.0000000000,0.0000000000,0.2416175753,0.0000000000,0.0214569960,0.0000000000,0.0157208201,0.0325105675,0.0291440096,0.0200895630,0.0499154553,0.0096021844,0.0000000000,0.6510014534,0.6310929656,0.0000000000,0.0000000000,0.3052560687,0.2927653790,0.0735301524,0.0755618066,0.0999944359,0.0167253949,0.6132818460,0.4650847614,0.2795730531,0.2821201384,0.0645084381,0.0607235543,0.0788815543,0.0788405687,0.8319041133,0.8318389058,0.0279965941,0.0000000000,0.0000000000,0.0218464378,0.2959021628,0.2842994630,0.2436359823,0.2556470931,0.0000524862,0.0000000000,0.0000000000,0.0000000000,-0.0050278250,0.1567717046,-0.0007947389,0.0708518475,0.1568500847,0.0111953178
00:42:15:05.971,61,0.2898343503,0.2579817474,0.1164935604,0.0000000000,0.0000000000,0.2571502626,0.0000000000,0.2889591753,0.2584929168,0.0092930114,0.0000000000,0.0000000000,0.2570736706,0.0000000000,0.0225906093,0.0000000000,0.0155847613,0.0322340392,0.0284988433,0.0194469895,0.0487749651,0.0098252017,0.0000000000,0.6524071097,0.6306068897,0.0000000000,0.0000000000,0.3114764690,0.2984905243,0.0778383240,0.0798102915,0.1044830456,0.0167892035,0.6183295250,0.4697433412,0.2834125459,0.2860057056,0.0637261644,0.0600106753,0.0799856558,0.0797300935,0.8449491262,0.8448965549,0.0281944387,0.0000000000,0.0000000000,0.0221767556,0.3015528619,0.2894149721,0.2443272471,0.2559245825,0.0000872153,0.0000000000,0.0000000000,0.0000000000,-0.0056061521,0.1579068154,-0.0008926768,0.0702785775,0.1579853296,0.0111866100
00:42:15:06.973,61,0.2907107770,0.2555221021,0.1152441502,0.0000000000,0.0000000000,0.2741937637,0.0000000000,0.2897746861,0.2560125291,0.0106382687,0.0000000000,0.0000000000,0.2740951478,0.0000000000,0.0243018884,0.0000000000,0.0154855512,0.0320126563,0.0278820060,0.0188906658,0.0479934290,0.0101278592,0.0000000000,0.6087198257,0.5828368068,0.0000000000,0.0000000000,0.3143655956,0.3007242084,0.0805345252,0.0821725950,0.1074874997,0.0169356596,0.6201599240,0.4700520635,0.2856240571,0.2881544530,0.0630872548,0.0594070777,0.0805756301,0.0801556781,0.8516647220,0.8516122103,0.0283754319,0.0000000000,0.0000000000,0.0226264223,0.2992986143,0.2826262116,0.2446495742,0.2556748390,0.0001576976,0.0000000000,0.0000000000,0.0000000000,-0.0064192410,0.1563924104,-0.0010121788,0.0695414022,0.1564708650,0.0109616062
00:42:15:07.974,61,0.2911183238,0.2547037601,0.1144497246,0.0000000000,0.0000000000,0.2991656363,0.0000000000,0.2901675701,0.2551822066,0.0117979003,0.0000000000,0.0000000000,0.2990460992,0.0000000000,0.0283489730,0.0000000000,0.0152687971,0.0318536572,0.0272218324,0.0184392501,0.0475678891,0.0101126116,0.0000000000,0.5756793022,0.5541059971,0.0000000000,0.0000000000,0.3177151978,0.3025280237,0.0850488469,0.0860482976,0.1125238612,0.0171675421,0.6217061877,0.4707326293,0.2941170931,0.2977622151,0.0624705404,0.0587903634,0.0808384418,0.0803542957,0.8655086160,0.8654755354,0.0287274625,0.0000000000,0.0000000000,0.0235532001,0.2938026488,0.2769834101,0.2446314991,0.2552148998,0.0001678160,0.0000000000,0.0000000000,0.0000000000,-0.0071195420,0.1558859497,-0.0011189049,0.0690674707,0.1559645534,0.0108512221
00:42:15:08.976,61,0.2909832001,0.2516981065,0.1137208715,0.0000000000,0.0000000000,0.3138208985,0.0000000000,0.2900420427,0.2521604896,0.0128886700,0.0000000000,0.0000000000,0.3137082160,0.0000000000,0.0308026299,0.0000000000,0.0148620289,0.0317289159,0.0266018528,0.0180422384,0.0471563339,0.0097537776,0.0000000000,0.5643329024,0.5439042449,0.0000000000,0.0000000000,0.3197538257,0.3039497733,0.0892966911,0.0896249786,0.1146055907,0.0174090546,0.6221739054,0.4694329202,0.2968243062,0.3008129299,0.0620453209,0.0583519787,0.0809175670,0.0805122331,0.8755866885,0.8755639195,0.0290663224,0.0000000000,0.0000000000,0.0242659152,0.2910009623,0.2749173939,0.2446906418,0.2551677227,0.0002206631,0.0000000000,0.0000000000,0.0000000000,-0.0077800183,0.1540407985,-0.0012079972,0.0686473325,0.1541195214,0.0106556881
00:42:15:09.978,61,0.3021785617,0.2524790764,0.1132788882,0.0000000000,0.0000000000,0.3346396983,0.0000000000,0.3016841114,0.2529372275,0.0136525603,0.0000000000,0.0000000000,0.3343755305,0.0000000000,0.0335543491,0.0000000000,0.0144307092,0.0316416249,0.0259638596,0.0176769085,0.0468093120,0.0092577999,0.0000000000,0.5659323335,0.5529305935,0.0000000000,0.0000000000,0.3363998830,0.3170917928,0.0978442132,0.0975648686,0.1179546937,0.0176167805,0.6348187923,0.4746491611,0.3063102663,0.3099470139,0.0617434569,0.0580327101,0.0811575800,0.0808215365,0.8885697722,0.8885589242,0.0299114790,0.0000000000,0.0000000000,0.0254333485,0.3211718798,0.3093216121,0.2483588606,0.2578904331,0.0002400427,0.0000000000,0.0000000000,0.0000000000,-0.0082405210,0.1545158625,-0.0012835070,0.0683754683,0.1545948386,0.0106468145
00:42:15:10.979,61,0.3158063293,0.2510809004,0.1127893552,0.0000000000,0.0000000000,0.3594399095,0.0000000000,0.3150332272,0.2515296340,0.0144129600,0.0000000000,0.0000000000,0.3591854572,0.0000000000,0.0358431526,0.0000000000,0.0140144415,0.0315482616,0.0253231432,0.0173254311,0.0465373695,0.0089575332,0.0000000000,0.5664940476,0.5541946888,0.0000000000,0.0000000000,0.3413348794,0.3210166097,0.1032023132,0.1028578430,0.1197835729,0.0178217422,0.6404141784,0.4795394540,0.3184062243,0.3199754655,0.0614630841,0.0577203482,0.0814889148,0.0811436027,0.8980112672,0.8980038762,0.0306345057,0.0000000000,0.0000000000,0.0265926234,0.3318914771,0.3189242482,0.2591111362,0.2661376595,0.0002249711,0.0000000000,0.0000000000,0.0000000000,-0.0087006493,0.1536565870,-0.0013475161,0.0680890232,0.1537356675,0.0105424244
00:42:15:11.981,61,0.3204992712,0.2474586368,0.1119404957,0.0000000000,0.0000000000,0.3870457411,0.0000000000,0.3196831048,0.2478894442,0.0153725212,0.0000000000,0.0000000000,0.3867443502,0.0000000000,0.0388947949,0.0000000000,0.0136270812,0.0315171182,0.0246427786,0.0170217082,0.0462958738,0.0086925626,0.0000000000,0.5658810735,0.5512358546,0.0000000000,0.0000000000,0.3945704401,0.3707671762,0.1057305038,0.1052946523,0.1255724579,0.0180990882,0.6746262312,0.5217381716,0.3546608388,0.3553072512,0.0610208660,0.0572566837,0.0817396492,0.0813619047,0.9051421881,0.9051358104,0.0313465819,0.0000000000,0.0000000000,0.0287003051,0.3470188677,0.3283266425,0.2623336613,0.2685089409,0.0002741788,0.0000000000,0.0000000000,0.0000000000,-0.0092830788,0.1514336020,-0.0014165943,0.0675995946,0.1515126079,0.0103130657
00:42:15:12.983,61,0.3225276768,0.2435937971,0.1123485416,0.0000000000,0.0000000000,0.4038271308,0.0000000000,0.3217101395,0.2440207154,0.0151055111,0.0000000000,0.0000000000,0.4035848081,0.0000000000,0.0421229713,0.0000000000,0.0130731985,0.0314504802,0.0238608439,0.0167817418,0.0461762361,0.0079933247,0.0000000000,0.4915446043,0.4794799387,0.0000000000,0.0000000000,0.4093272090,0.3855901062,0.1071079597,0.1066438854,0.1308012456,0.0184248034,0.6862000227,0.5344681740,0.3715240955,0.3733704686,0.0599531531,0.0565755628,0.0817873254,0.0815315396,0.9130808711,0.9130767584,0.0320173241,0.0000000000,0.0000000000,0.0308328774,0.3440905213,0.3294839859,0.2637966871,0.2695515752,0.0002686647,0.0000000000,0.0000000000,0.0000000000,-0.0091251023,0.1490700245,-0.0013704258,0.0678702369,0.1491489410,0.0101903286
00:42:15:13.984,61,0.3061493039,0.2361863405,0.1115696207,0.0000000000,0.0000000000,0.4152475595,0.0000000000,0.3061086833,0.2365888059,0.0158148985,0.0000000000,0.0000000000,0.4150832891,0.0000000000,0.0456433222,0.0000000000,0.0114194239,0.0314777009,0.0231179576,0.0166575965,0.0461175665,0.0028777937,0.0000000000,0.4283371866,0.4478615820,0.0000000000,0.0000000000,0.4392263889,0.4388310015,0.1079181582,0.1074598581,0.1402826607,0.0189015288,0.6943802238,0.5424650908,0.3901723921,0.3969146609,0.0576492362,0.0553123690,0.0814373344,0.0816303268,0.9164288044,0.9164259434,0.0324237905,0.0000000000,0.0000000000,0.0345628560,0.3019635081,0.3140595853,0.2475758940,0.2603783011,0.0006381187,0.0000000000,0.0000000000,0.0000000000,-0.0095600542,0.1445305496,-0.0013913997,0.0674447939,0.1446091086,0.0098139327
00:42:15:14.986,61,0.2926567793,0.2314986587,0.1111523435,0.0000000000,0.0000000000,0.4208740592,0.0000000000,0.2926473916,0.2318866402,0.0162534472,0.0000000000,0.0000000000,0.4207466841,0.0000000000,0.0479933172,0.0000000000,0.0100536244,0.0315316059,0.0224255435,0.0166573264,0.0461507551,0.0000000000,0.0041558221,0.4073337913,0.4346714914,0.0000000000,0.0000000000,0.4490234256,0.4541234076,0.1085549146,0.1081657112,0.1487201601,0.0193333011,0.7042639852,0.5525461435,0.3985002935,0.4062857330,0.0560255125,0.0544417650,0.0811223984,0.0819519982,0.9185109735,0.9185087085,0.0328384042,0.0000000000,0.0000000000,0.0394907854,0.2937127948,0.3106787801,0.2419782132,0.2571193874,0.0006596027,0.0000000000,0.0000000000,0.0000000000,-0.0098292194,0.1416583657,-0.0014017570,0.0672202855,0.1417367309,0.0095843850
00:42:15:15.987,61,0.2874172926,0.2320528328,0.1121869832,0.0000000000,0.0000000000,0.4250667691,0.0000000000,0.2874378860,0.2324529141,0.0153631112,0.0000000000,0.0000000000,0.4249618351,0.0000000000,0.0492947958,0.0000000000,0.0090864357,0.0315525904,0.0218002461,0.0166661944,0.0462734886,0.0000000000,0.0070920130,0.4166131020,0.4303589761,0.0000000000,0.0000000000,0.4301879704,0.4160748124,0.1090769172,0.1087927818,0.1518683434,0.0196613781,0.7078621387,0.5561808348,0.4020281732,0.4103057981,0.0550729856,0.0537865423,0.0809149742,0.0823457986,0.9205309749,0.9205293655,0.0332848988,0.0000000000,0.0000000000,0.0419564992,0.3013403118,0.3112938404,0.2395993322,0.2558006346,0.0005774904,0.0000000000,0.0000000000,0.0000000000,-0.0092903320,0.1420035660,-0.0013281803,0.0678426921,0.1420820802,0.0096968757
00:42:15:16.989,61,0.2814293504,0.2284398526,0.1122078523,0.0000000000,0.0000000000,0.4272528291,0.0000000000,0.2813635170,0.2288322300,0.0154233696,0.0000000000,0.0000000000,0.4271590412,0.0000000000,0.0501122028,0.0000000000,0.0082866382,0.0315856673,0.0212725345,0.0166903250,0.0464377217,0.0000000000,0.0089109652,0.4433155954,0.4499993026,0.0000000000,0.0000000000,0.4159478843,0.4054859579,0.1095055491,0.1093250513,0.1534215659,0.0199408568,0.7092210054,0.5562695861,0.4020602703,0.4087387919,0.0544542484,0.0533168688,0.0808542147,0.0828294531,0.9217610955,0.9217597842,0.0335685834,0.0000000000,0.0000000000,0.0434658714,0.3044342101,0.3118606508,0.2393233776,0.2558635473,0.0005054808,0.0000000000,0.0000000000,0.0000000000,-0.0093296990,0.1397917569,-0.0013127578,0.0678765550,0.1398701668,0.0095486781
00:42:15:17.990,61,0.2612304986,0.2209506929,0.1118873358,0.0000000000,0.0000000000,0.4294121861,0.0000000000,0.2612024546,0.2213186324,0.0156363919,0.0000000000,0.0000000000,0.4293223619,0.0000000000,0.0507823713,0.0000000000,0.0075655328,0.0316524431,0.0207944512,0.0168342181,0.0467564575,0.0000000000,0.0104011763,0.4404109418,0.4517372549,0.0000000000,0.0000000000,0.4112983644,0.4009978771,0.1099441648,0.1098760366,0.1552100629,0.0201833881,0.7104614377,0.5572150350,0.4025847018,0.4089181423,0.0538603365,0.0528220795,0.0808308423,0.0834073871,0.9224817157,0.9224805832,0.0338297375,0.0000000000,0.0000000000,0.0464795083,0.3077696860,0.3155774772,0.2388572842,0.2556224167,0.0000906728,0.0000000000,0.0000000000,0.0000000000,-0.0094645666,0.1352019608,-0.0012874624,0.0677255169,0.1352831572,0.0092111211
00:42:15:18.992,61,0.2555256486,0.2202876359,0.1117668673,0.0000000000,0.0000000000,0.4312325716,0.0000000000,0.2555020750,0.2206529081,0.0157310944,0.0000000000,0.0000000000,0.4311541319,0.0000000000,0.0514038578,0.0000000000,0.0068099289,0.0317092389,0.0203281101,0.0169638582,0.0470923595,0.0000000000,0.0117663126,0.3972935975,0.4245170653,0.0000000000,0.0000000000,0.4090715051,0.3998159766,0.1103039235,0.1103450060,0.1563495547,0.0204174053,0.7114268541,0.5582497716,0.4030054212,0.4091898501,0.0532362275,0.0522932373,0.0806504115,0.0838831142,0.9231250286,0.9231240153,0.0340829343,0.0000000000,0.0000000000,0.0480335951,0.3082261682,0.3162491918,0.2382734567,0.2552220523,0.0000108577,0.0000000000,0.0000000000,0.0000000000,-0.0095224148,0.1347953230,-0.0012913879,0.0676563233,0.1348765194,0.0091737295
00:42:15:19.993,61,0.2537253499,0.2206332684,0.1114555523,0.0000000000,0.0000000000,0.4329128563,0.0000000000,0.2537028491,0.2209960222,0.0160496179,0.0000000000,0.0000000000,0.4328504801,0.0000000000,0.0517725572,0.0000000000,0.0060580075,0.0317087844,0.0199103728,0.0170809366,0.0475390330,0.0000000000,0.0134024536,0.3861561120,0.4171492159,0.0000000000,0.0000000000,0.3834973574,0.3873508573,0.1104585901,0.1106603071,0.1566880494,0.0205927826,0.7118069530,0.5587320924,0.4032911956,0.4093837738,0.0526082739,0.0517723747,0.0804454982,0.0843738168,0.9237214923,0.9237205386,0.0343174450,0.0000000000,0.0000000000,0.0490820743,0.3053891063,0.3162427843,0.2383879423,0.2560421526,0.0000105595,0.0000000000,0.0000000000,0.0000000000,-0.0097149489,0.1350052208,-0.0013195742,0.0674659535,0.1350864023,0.0091623645
00:42:15:20.996,61,0.2524215281,0.2196793258,0.1116814837,0.0000000000,0.0000000000,0.4336182177,0.0000000000,0.2524006367,0.2200423628,0.0158473942,0.0000000000,0.0000000000,0.4335636795,0.0000000000,0.0518951192,0.0000000000,0.0053623971,0.0316735953,0.0195482224,0.0171727184,0.0479747728,0.0000000000,0.0146427425,0.3821804225,0.4137516320,0.0000000000,0.0000000000,0.3708493412,0.3730897605,0.1103692204,0.1107517034,0.1564183086,0.0207392126,0.7115224600,0.5585000515,0.4030297697,0.4090346098,0.0520325340,0.0513121001,0.0803278834,0.0849120393,0.9242590666,0.9242582321,0.0344323404,0.0000000000,0.0000000000,0.0497864373,0.2946905494,0.3095700741,0.2405643314,0.2603743374,0.0000074286,0.0000000000,0.0000000000,0.0000000000,-0.0095932968,0.1344224513,-0.0012973577,0.0676080287,0.1345035881,0.0091415402
00:42:15:21.997,61,0.2507355213,0.2170087993,0.1135270149,0.0000000000,0.0000000000,0.4338459671,0.0000000000,0.2507194579,0.2173849791,0.0140315937,0.0000000000,0.0000000000,0.4337971509,0.0000000000,0.0519514941,0.0000000000,0.0046829320,0.0316604450,0.0192305297,0.0172124077,0.0482731611,0.0000000000,0.0157023668,0.3979659081,0.4203357399,0.0000000000,0.0000000000,0.3661130369,0.3686814606,0.1101353317,0.1106583774,0.1559235752,0.0209438801,0.7075841427,0.5521914959,0.4022979736,0.4083936512,0.0515843220,0.0509506725,0.0802267119,0.0854104757,0.9248095751,0.9248088598,0.0343618020,0.0000000000,0.0000000000,0.0502690375,0.2881445587,0.3032290637,0.2427732795,0.2638336420,0.0000047210,0.0000000000,0.0000000000,0.0000000000,-0.0084959483,0.1327977628,-0.0011349081,0.0687402934,0.1328788400,0.0091807796
00:42:15:22.998,61,0.2500732839,0.2165980339,0.1156225279,0.0000000000,0.0000000000,0.4339288175,0.0000000000,0.2500593066,0.2169947326,0.0119126393,0.0000000000,0.0000000000,0.4338843822,0.0000000000,0.0519020781,0.0000000000,0.0039592632,0.0316956006,0.0190004688,0.0172798019,0.0485336855,0.0000000000,0.0172560941,0.4096198082,0.4404737949,0.0000000000,0.0000000000,0.3634087741,0.3661720753,0.1100362763,0.1106784344,0.1553121507,0.0211362112,0.6994041204,0.5403826833,0.3957354724,0.4024830759,0.0513233729,0.0507756434,0.0801250115,0.0859589055,0.9251784086,0.9251777530,0.0342747159,0.0000000000,0.0000000000,0.0507130735,0.2856553793,0.3013457060,0.2441405207,0.2680256367,0.0000037921,0.0000000000,0.0000000000,0.0000000000,-0.0072131795,0.1325580031,-0.0009617963,0.0700114369,0.1326390654,0.0093331952
00:42:15:24.000,61,0.2495341748,0.2159693688,0.1175681129,0.0000000000,0.0000000000,0.4340347648,0.0000000000,0.2495218068,0.2163844705,0.0099751838,0.0000000000,0.0000000000,0.4339941442,0.0000000000,0.0517323129,0.0000000000,0.0031778067,0.0317110829,0.0188238285,0.0173716191,0.0488749407,0.0000000000,0.0213728398,0.4136375189,0.4465019107,0.0000000000,0.0000000000,0.3556941450,0.3616824746,0.1098761335,0.1106898710,0.1544543654,0.0213121418,0.6922935247,0.5320167542,0.3902562559,0.3973959684,0.0511122495,0.0506906025,0.0799951479,0.0865902752,0.9254563451,0.9254558086,0.0341403298,0.0000000000,0.0000000000,0.0511953793,0.2832858860,0.3002716303,0.2450384945,0.2713159025,0.0000052871,0.0000000000,0.0000000000,0.0000000000,-0.0060403375,0.1321841925,-0.0008031151,0.0711931288,0.1322651803,0.0094633875
00:42:15:25.002,61,0.2485789359,0.2135226429,0.1188700795,0.0000000000,0.0000000000,0.4341449142,0.0000000000,0.2485738099,0.2139450759,0.0086027160,0.0000000000,0.0000000000,0.4341076910,0.0000000000,0.0514697395,0.0000000000,0.0023937104,0.0317241810,0.0186824333,0.0174892209,0.0492693409,0.0000000000,0.0254948586,0.4149534404,0.4494840205,0.0000000000,0.0000000000,0.3484987915,0.3570638597,0.1096578538,0.1106728315,0.1531787813,0.0214774478,0.6877966523,0.5272910595,0.3868227005,0.3943324983,0.0509019382,0.0506270714,0.0797886327,0.0871881098,0.9256453514,0.9256448746,0.0339515321,0.0000000000,0.0000000000,0.0516809225,0.2777511179,0.2993799746,0.2457232326,0.2738226354,0.0000103873,0.0000000000,0.0000000000,0.0000000000,-0.0052102851,0.1306934059,-0.0006848504,0.0719957277,0.1307742745,0.0094607705
00:42:15:26.003,61,0.2452200651,0.2109249830,0.1180348545,0.0000000000,0.0000000000,0.4346501231,0.0000000000,0.2452248186,0.2113328129,0.0093524680,0.0000000000,0.0000000000,0.4346159399,0.0000000000,0.0512815788,0.0000000000,0.0016331964,0.0317477137,0.0185487289,0.0176369790,0.0496409796,0.0000000000,0.0282631665,0.4080181420,0.4488808513,0.0000000000,0.0000000000,0.3458342254,0.3553163409,0.1092957407,0.1105077714,0.1523339897,0.0216693990,0.6857208014,0.5251106024,0.3856049776,0.3932448626,0.0506250337,0.0505033061,0.0795306340,0.0877038911,0.9258112311,0.9258108139,0.0337311439,0.0000000000,0.0000000000,0.0521913879,0.2756471336,0.2988846898,0.2463444322,0.2752870023,0.0000251478,0.0000000000,0.0000000000,0.0000000000,-0.0056655570,0.1290979683,-0.0007354984,0.0715046898,0.1291786730,0.0092804274
00:42:15:27.005,61,0.2434637249,0.2087398320,0.1177724078,0.0000000000,0.0000000000,0.4344712198,0.0000000000,0.2434679270,0.2091399431,0.0095467838,0.0000000000,0.0000000000,0.4344394505,0.0000000000,0.0510494150,0.0000000000,0.0009777937,0.0317723788,0.0184470434,0.0177516453,0.0500281081,0.0000000000,0.0298267398,0.4055894613,0.4473715127,0.0000000000,0.0000000000,0.3422879279,0.3511664867,0.1088937819,0.1102847233,0.1506930888,0.0218596701,0.6821588278,0.5216494203,0.3846432567,0.3923063874,0.0503869429,0.0504065342,0.0791996270,0.0880423114,0.9259002209,0.9258998036,0.0335240066,0.0000000000,0.0000000000,0.0525923856,0.2708636522,0.2949648798,0.2470149249,0.2763995528,0.0000371149,0.0000000000,0.0000000000,0.0000000000,-0.0057842704,0.1277584881,-0.0007430323,0.0713579953,0.1278390437,0.0091643194
00:42:15:28.006,61,0.2419941872,0.2077139318,0.1173791662,0.0000000000,0.0000000000,0.4316899478,0.0000000000,0.2419912815,0.2081077695,0.0098951738,0.0000000000,0.0000000000,0.4316621721,0.0000000000,0.0508116595,0.0000000000,0.0004234253,0.0318180658,0.0183464587,0.0178386420,0.0502802804,0.0000000000,0.0308094900,0.4047509730,0.4468758702,0.0000000000,0.0000000000,0.3431199193,0.3507021964,0.1085738242,0.1100954190,0.1497269422,0.0220254064,0.6805907488,0.5200506449,0.3837309480,0.3914066851,0.0501754098,0.0503046885,0.0788356885,0.0882426277,0.9258355498,0.9258351922,0.0332839303,0.0000000000,0.0000000000,0.0528704859,0.2655249834,0.2873187661,0.2472222447,0.2767457366,0.0000432256,0.0000000000,0.0000000000,0.0000000000,-0.0059958389,0.1271281093,-0.0007663680,0.0711254552,0.1272085905,0.0090889717
00:42:15:29.008,61,0.2409349680,0.2073861212,0.1171984375,0.0000000000,0.0000000000,0.4273736477,0.0000000000,0.2409305423,0.2077773809,0.0100843329,0.0000000000,0.0000000000,0.4273534119,0.0000000000,0.0505867079,0.0000698040,0.0000000000,0.0318668708,0.0182470176,0.0179147944,0.0505119190,0.0000000000,0.0316606499,0.4041512012,0.4463168979,0.0000000000,0.0000000000,0.3440644145,0.3513610363,0.1082665175,0.1099364385,0.1490306109,0.0221839435,0.6796340942,0.5190612674,0.3826746941,0.3905488253,0.0499603748,0.0501985736,0.0784692764,0.0884341449,0.9257553816,0.9257550240,0.0330765322,0.0000000000,0.0000000000,0.0531234778,0.2595598996,0.2815804183,0.2471879870,0.2767982483,0.0000507426,0.0000000000,0.0000000000,0.0000000000,-0.0061106165,0.1269263774,-0.0007797853,0.0710177571,0.1270068586,0.0090606865
00:42:15:30.010,61,0.2406169325,0.2077149451,0.1168082505,0.0000000000,0.0000000000,0.4238564074,0.0000000000,0.2406119555,0.2081032395,0.0104297446,0.0000000000,0.0000000000,0.4238433838,0.0000000000,0.0503311232,0.0006142166,0.0000000000,0.0319123380,0.0181600954,0.0180114675,0.0507779829,0.0000000000,0.0325316712,0.4035296738,0.4458574653,0.0000000000,0.0000000000,0.3444485664,0.3517265916,0.1079541892,0.1097745821,0.1485752016,0.0223018378,0.6792265177,0.5186829567,0.3820208907,0.3899929225,0.0497007146,0.0500650704,0.0781437531,0.0886991024,0.9255194068,0.9255190492,0.0329750031,0.0000000000,0.0000000000,0.0534421951,0.2571579218,0.2794391513,0.2469675839,0.2766960859,0.0000386777,0.0000000000,0.0000000000,0.0000000000,-0.0063197576,0.1271255761,-0.0008077535,0.0707795098,0.1272060871,0.0090446603
00:42:15:31.011,61,0.2437532842,0.2089963555,0.1162288934,0.0000000000,0.0000000000,0.4145549834,0.0000000000,0.2436780185,0.2093821466,0.0109351352,0.0000000000,0.0000000000,0.4145501852,0.0000000000,0.0499165766,0.0011833583,0.0000000000,0.0319675840,0.0181352347,0.0180942528,0.0512110665,0.0000000000,0.0332847014,0.4025818110,0.4453601837,0.0000000000,0.0000000000,0.3358626962,0.3458661735,0.1077221557,0.1096978039,0.1480531842,0.0223962851,0.6780974269,0.5173645020,0.3795246482,0.3871931732,0.0494693257,0.0499901511,0.0777242705,0.0888518617,0.9244539142,0.9244536161,0.0329433866,0.0000000000,0.0000000000,0.0537944809,0.2474743724,0.2744718194,0.2465197444,0.2763574123,0.0000270149,0.0000000000,0.0000000000,0.0000000000,-0.0066253277,0.1279070824,-0.0008520719,0.0704213977,0.1279875934,0.0090548676
00:42:15:32.012,61,0.2447382510,0.2135143280,0.1149068624,0.0000000000,0.0000000000,0.3854649961,0.0000000000,0.2446372509,0.2138975561,0.0122038331,0.0000000000,0.0000000000,0.3854784071,0.0000000000,0.0491055921,0.0014880868,0.0000000000,0.0319978707,0.0181762669,0.0182190891,0.0517401770,0.0000000000,0.0336276963,0.3934494853,0.4320705831,0.0000000000,0.0000000000,0.3216928542,0.3305943608,0.1070228741,0.1092593968,0.1454952955,0.0224818774,0.6676221490,0.5071766973,0.3631323278,0.3700391650,0.0493648835,0.0500680357,0.0772402585,0.0888544247,0.9221128821,0.9221124649,0.0327907652,0.0000000000,0.0000000000,0.0538732931,0.1924065202,0.2147364169,0.2457337677,0.2757765055,0.0000189980,0.0000000000,0.0000000000,0.0000000000,-0.0073913489,0.1306661516,-0.0009713245,0.0695954487,0.1307467818,0.0091439495
00:42:15:33.014,61,0.2456397265,0.2188681066,0.1131515503,0.0000000000,0.0000000000,0.3712169528,0.0000000000,0.2455106676,0.2192454934,0.0139414687,0.0000000000,0.0000000000,0.3712355196,0.0000000000,0.0481753722,0.0017205749,0.0000000000,0.0319036394,0.0181494299,0.0182455499,0.0522450097,0.0000000000,0.0334336311,0.3857176900,0.4182474613,0.0000000000,0.0000000000,0.3166011870,0.3242989480,0.1054287925,0.1078856215,0.1414425075,0.0225214083,0.6644353867,0.5040788651,0.3570451140,0.3639821410,0.0492307208,0.0500834249,0.0767463446,0.0886978507,0.9211217165,0.9211213589,0.0325117335,0.0000000000,0.0000000000,0.0535516031,0.1772172898,0.1985345632,0.2450297922,0.2750248909,0.0000062214,0.0000000000,0.0000000000,0.0000000000,-0.0084400922,0.1339342743,-0.0011372117,0.0685025305,0.1340151429,0.0092282500
00:42:15:34.016,61,0.2457598001,0.2197173387,0.1127286404,0.0000000000,0.0000000000,0.3466660082,0.0000000000,0.2456165701,0.2200922966,0.0143313352,0.0000000000,0.0000000000,0.3466751575,0.0000000000,0.0474817753,0.0019187334,0.0000000000,0.0317456611,0.0180053003,0.0182217918,0.0528933629,0.0000000000,0.0330625921,0.3608118594,0.3883505166,0.0000000000,0.0000000000,0.3265908957,0.3330993652,0.1034643129,0.1061658859,0.1401434839,0.0225421544,0.6961082816,0.5468425751,0.3596502244,0.3687815070,0.0487779938,0.0497624539,0.0763077140,0.0885293335,0.9204797745,0.9204794168,0.0320944227,0.0000000000,0.0000000000,0.0532457829,0.1678665727,0.1862057894,0.2413765341,0.2671467364,0.0000026667,0.0000000000,0.0000000000,0.0000000000,-0.0086755091,0.1344518065,-0.0011735025,0.0682417154,0.1345327199,0.0092291068
00:42:15:35.017,61,0.2531837225,0.2325740159,0.1105140969,0.0000000000,0.0000000000,0.3361902535,0.0000000000,0.2530437112,0.2329531163,0.0164295286,0.0000000000,0.0000000000,0.3361990750,0.0000000000,0.0468737781,0.0020644967,0.0000000000,0.0315966308,0.0178365260,0.0182223152,0.0535968393,0.0000000000,0.0327521563,0.3533384800,0.3792164326,0.0000000000,0.0000000000,0.3357399702,0.3431724906,0.1015868112,0.1048073247,0.1397135854,0.0225691907,0.7057358623,0.5577957630,0.3731634319,0.3845225573,0.0482697189,0.0493612774,0.0759808570,0.0884776711,0.9203836918,0.9203833938,0.0316542685,0.0000000000,0.0000000000,0.0528141372,0.1633346528,0.1808436960,0.2400506288,0.2648093998,0.0000014848,0.0000000000,0.0000000000,0.0000000000,-0.0099347765,0.1423100233,-0.0014234164,0.0668280274,0.1423913836,0.0095731532
00:42:15:36.019,61,0.2761864364,0.2501370013,0.1092577577,0.0000000000,0.0000000000,0.3308398724,0.0000000000,0.2760249972,0.2505383790,0.0174343493,0.0000000000,0.0000000000,0.3308469653,0.0000000000,0.0461759530,0.0021596430,0.0000000000,0.0314566605,0.0177043471,0.0182987582,0.0541972257,0.0000000000,0.0324691162,0.3519377112,0.3783105016,0.0000000000,0.0000000000,0.3390167952,0.3465464413,0.0987317190,0.1021392271,0.1393949538,0.0226031523,0.7098802924,0.5547944903,0.3768751323,0.3889426887,0.0479456931,0.0491280742,0.0757273138,0.0885086805,0.9209094644,0.9209092259,0.0311499704,0.0000000000,0.0000000000,0.0521912389,0.1611404270,0.1784079820,0.2397630811,0.2645831406,0.0000008815,0.0000000000,0.0000000000,0.0000000000,-0.0105255516,0.1530537158,-0.0016236416,0.0659630001,0.1531356573,0.0101732630
00:42:15:37.021,61,0.2827477455,0.2583790123,0.1104357988,0.0000000000,0.0000000000,0.3244169354,0.0000000000,0.2825795710,0.2588114440,0.0161283109,0.0000000000,0.0000000000,0.3244211078,0.0000000000,0.0448269136,0.0021319631,0.0000000000,0.0312997065,0.0175871998,0.0182614084,0.0547481515,0.0000000000,0.0319908820,0.3942782879,0.4143550098,0.0000000000,0.0000000000,0.3412719071,0.3485205472,0.0955897272,0.0985621139,0.1388137639,0.0226391982,0.7027646899,0.5290145874,0.3695001900,0.3821791708,0.0479027219,0.0491470434,0.0753500015,0.0883543715,0.9219903946,0.9219902158,0.0305568576,0.0000000000,0.0000000000,0.0501145385,0.1595080644,0.1767081320,0.2398634553,0.2653851509,0.0000005559,0.0000000000,0.0000000000,0.0000000000,-0.0097293453,0.1581064612,-0.0015511941,0.0666215941,0.1581886262,0.0106193163
00:42:15:38.022,61,0.2864217758,0.2698332965,0.1095446721,0.0000000000,0.0000000000,0.3192205429,0.0000000000,0.2862578332,0.2702788413,0.0167133044,0.0000000000,0.0000000000,0.3192235529,0.0000000000,0.0432271324,0.0020336304,0.0000000000,0.0310684033,0.0174383391,0.0181962661,0.0554267280,0.0000000000,0.0314264670,0.4047200680,0.4231305718,0.0000000000,0.0000000000,0.3426446617,0.3496491313,0.0918625668,0.0948175192,0.1377529353,0.0226205140,0.7011682391,0.5226289630,0.3657698333,0.3788575828,0.0478458814,0.0491234660,0.0750254914,0.0881767049,0.9227711558,0.9227709770,0.0298676845,0.0000000000,0.0000000000,0.0480505340,0.1567448527,0.1748835444,0.2403194755,0.2669447958,0.0000003778,0.0000000000,0.0000000000,0.0000000000,-0.0100707356,0.1651123911,-0.0016780505,0.0660087094,0.1651948392,0.0109961508
00:42:15:39.024,61,0.2883612216,0.2731824815,0.1126947552,0.0000000000,0.0000000000,0.3108133376,0.0000000000,0.2882045209,0.2736749649,0.0134307491,0.0000000000,0.0000000000,0.3108144701,0.0000000000,0.0411990546,0.0017898511,0.0000000000,0.0308007188,0.0172904264,0.0181150287,0.0579227880,0.0000000000,0.0307191964,0.3902890384,0.4049827754,0.0000000000,0.0000000000,0.3421854973,0.3474797606,0.0874790847,0.0907341093,0.1322219968,0.0226043500,0.6955609322,0.5188599229,0.3602658212,0.3735959232,0.0477649905,0.0490546711,0.0741765350,0.0872498825,0.9231823087,0.9231821299,0.0291647576,0.0000000000,0.0000000000,0.0467790328,0.1474529952,0.1637451500,0.2405446172,0.2675678432,0.0000002658,0.0000000000,0.0000000000,0.0000000000,-0.0080899931,0.1671840996,-0.0013652460,0.0678835064,0.1672665775,0.0114524337
00:42:15:40.025,61,0.2818914354,0.2671379745,0.1163115129,0.0000000000,0.0000000000,0.3052904904,0.0000000000,0.2818595171,0.2676625252,0.0097089680,0.0000000000,0.0000000000,0.3052926064,0.0000000000,0.0380089469,0.0014438810,0.0000000000,0.0304451324,0.0171366837,0.0179072097,0.0590441786,0.0000000000,0.0300763529,0.3883163333,0.4023447037,0.0000000000,0.0000000000,0.3397666514,0.3437178135,0.0807348490,0.0841414258,0.1185813844,0.0225755721,0.6456591487,0.4752945900,0.3124979436,0.3266899884,0.0477842018,0.0490663201,0.0705614462,0.0831203535,0.9232338667,0.9232336879,0.0284551997,0.0000000000,0.0000000000,0.0452443548,0.1403006315,0.1568681598,0.2382981926,0.2667621076,0.0000002123,0.0000000000,0.0000000000,0.0000000000,-0.0058517694,0.1635085493,-0.0009654275,0.0701051950,0.1635907888,0.0115619842
00:42:15:41.027,61,0.2803958952,0.2706971169,0.1213463023,0.0000000000,0.0000000000,0.3028545976,0.0000000000,0.2803936899,0.2712932229,0.0045452178,0.0000000000,0.0000000000,0.3028566837,0.0000000000,0.0352410786,0.0010862269,0.0000000000,0.0300844703,0.0170035623,0.0176767148,0.0599751957,0.0000000000,0.0295860581,0.3875513375,0.4023883343,0.0000000000,0.0000000000,0.3341771662,0.3381631970,0.0773240402,0.0810505077,0.1105802879,0.0225401800,0.6306529641,0.4593178332,0.2991648316,0.3130270839,0.0478312448,0.0491040647,0.0666795224,0.0788616166,0.9231615067,0.9231613278,0.0278563928,0.0000000000,0.0000000000,0.0439169817,0.1372609586,0.1538080126,0.2345592976,0.2644912302,0.0000002534,0.0000000000,0.0000000000,0.0000000000,-0.0027384756,0.1657242328,-0.0004580321,0.0731132850,0.1658065319,0.0122234803
00:42:15:42.029,61,0.2793771327,0.2724667192,0.1255630851,0.0000000000,0.0000000000,0.2958592176,0.0000000000,0.2793900371,0.2731206119,0.0002556374,0.0000000000,0.0000000000,0.2958604693,0.0000000000,0.0331574567,0.0005766440,0.0000000000,0.0297833327,0.0169371665,0.0174298137,0.0606936254,0.0000000000,0.0290011726,0.4032979906,0.4158230126,0.0000000000,0.0000000000,0.3300881386,0.3326915205,0.0747285709,0.0786401182,0.1059035510,0.0225166306,0.6067674756,0.4321052134,0.2866320610,0.3003236949,0.0480816737,0.0492982790,0.0638801605,0.0754545331,0.9227598906,0.9227597117,0.0273197051,0.0000000000,0.0000000000,0.0426473506,0.1354335994,0.1518646032,0.2311591953,0.2613084316,0.0000002418,0.0000000000,0.0000000000,0.0000000000,-0.0001539916,0.1668398976,-0.0000259330,0.0756401345,0.1669222265,0.0127317701
00:42:15:43.030,61,0.2794053257,0.2788164914,0.1270694286,0.0000000000,0.0000000000,0.2934106290,0.0000000000,0.2794224918,0.2795071900,0.0000000000,0.0013994927,0.0000000000,0.2934113443,0.0000000000,0.0319462866,0.0000000000,0.0000014668,0.0295225009,0.0168604422,0.0171957780,0.0614535734,0.0000000000,0.0274644066,0.4082812071,0.4194148779,0.0000000000,0.0000000000,0.3287633359,0.3308088779,0.0732915401,0.0773001611,0.1035384759,0.0225158092,0.5993874669,0.4236018658,0.2817758918,0.2953196168,0.0483057536,0.0494375974,0.0622975267,0.0730722994,0.9225543737,0.9225541949,0.0267919768,0.0000000000,0.0000000000,0.0417131893,0.1343202144,0.1504908949,0.2296581566,0.2595796287,0.0000002121,0.0000000000,0.0000000000,0.0000000000,0.0008424705,0.1707413048,0.0001452588,0.0764969662,0.1708237827,0.0131824780
00:42:15:44.032,61,0.2793191671,0.2806731164,0.1259431988,0.0000000000,0.0000000000,0.2847503424,0.0000000000,0.2793382406,0.2813544273,0.0000000000,0.0003244830,0.0000000000,0.2847484946,0.0000000000,0.0310810823,0.0000000000,0.0006036286,0.0293134898,0.0167988408,0.0169718601,0.0621460117,0.0000000000,0.0260643475,0.4207395911,0.4253190458,0.0000000000,0.0000000000,0.3301861882,0.3305133879,0.0722601265,0.0763176903,0.1021696106,0.0225212071,0.6007394791,0.4232480228,0.2799549401,0.2933180332,0.0485546626,0.0495861582,0.0612182580,0.0716702864,0.9221295118,0.9221292734,0.0262695737,0.0000000000,0.0000000000,0.0409430601,0.1334926933,0.1489893794,0.2288051695,0.2585233152,0.0000001643,0.0000000000,0.0000000000,0.0000000000,0.0001952950,0.1718696803,0.0000338997,0.0758041143,0.1719521582,0.0131513262
00:42:15:45.033,61,0.2791033983,0.2825520039,0.1263746470,0.0000000000,0.0000000000,0.2758733034,0.0000000000,0.2791226506,0.2832441330,0.0000000000,0.0008188808,0.0000000000,0.2758696377,0.0000000000,0.0305495653,0.0000000000,0.0011044119,0.0291336998,0.0166761987,0.0167702287,0.0628358424,0.0000000000,0.0245211329,0.4248544574,0.4274748862,0.0000000000,0.0000000000,0.3805419505,0.3784762025,0.0715509355,0.0756274089,0.1017602757,0.0225403383,0.6469345689,0.4695916474,0.2925882638,0.3056360781,0.0485958867,0.0495225862,0.0604835972,0.0707130581,0.9215738773,0.9215736985,0.0257192720,0.0000000000,0.0000000000,0.0403129868,0.1315562725,0.1438368261,0.2272256613,0.2533944547,0.0000001300,0.0000000000,0.0000000000,0.0000000000,0.0004927567,0.1730240136,0.0000861199,0.0760486051,0.1731065959,0.0132840080
00:42:15:46.035,61,0.2795329392,0.2890397310,0.1266204864,0.0000000000,0.0000000000,0.2660383582,0.0000000000,0.2795513868,0.2897530198,0.0000000000,0.0011690175,0.0000000000,0.2660336792,0.0000000000,0.0301331002,0.0000000000,0.0014681622,0.0289717093,0.0165572241,0.0165629759,0.0633647591,0.0000000000,0.0236420911,0.4273293316,0.4295158088,0.0000000000,0.0000000000,0.3931553662,0.3904550672,0.0710020661,0.0750902072,0.1016445458,0.0225605238,0.6547749639,0.4765606225,0.2959825695,0.3089333773,0.0486262850,0.0494682640,0.0598808527,0.0699778050,0.9205296636,0.9205294251,0.0252196863,0.0000000000,0.0000000000,0.0397211760,0.1287429035,0.1399298608,0.2254901677,0.2500727177,0.0000000695,0.0000000000,0.0000000000,0.0000000000,0.0007029552,0.1770001203,0.0001257390,0.0761431754,0.1770828664,0.0136123803
00:42:15:47.037,61,0.2799107134,0.2962085605,0.1263764352,0.0000000000,0.0000000000,0.2623006403,0.0000000000,0.2799281478,0.2969383597,0.0000000000,0.0010705375,0.0000000000,0.2622956932,0.0000000000,0.0299381837,0.0000000000,0.0018060326,0.0289212316,0.0164357331,0.0164370630,0.0637641028,0.0000000000,0.0231098142,0.4323535860,0.4363048673,0.0000000000,0.0000000000,0.4233796299,0.4251071215,0.0707019418,0.0748312920,0.1043580249,0.0226483103,0.6603332758,0.4817566872,0.3036187291,0.3168850541,0.0486488193,0.0494190492,0.0594948828,0.0695203170,0.9197755456,0.9197753072,0.0247467961,0.0000000000,0.0000000000,0.0391972549,0.1277578324,0.1384783685,0.2201043963,0.2415307313,0.0000000699,0.0000000000,0.0000000000,0.0000000000,0.0006432255,0.1813893467,0.0001179709,0.0759361982,0.1814722866,0.0139193218
00:42:15:48.038,61,0.2803192139,0.2988737822,0.1255015433,0.0000000000,0.0000000000,0.2578424811,0.0000000000,0.2803356349,0.2995990515,0.0000000000,0.0003741852,0.0000000000,0.2578386068,0.0000000000,0.0298286956,0.0000000000,0.0021134918,0.0289531238,0.0163276456,0.0163286906,0.0640278533,0.0000000000,0.0226513185,0.4701145589,0.4741037786,0.0000000000,0.0000000000,0.4452261627,0.4436367154,0.0707038194,0.0748423412,0.1095931977,0.0227766819,0.6669922471,0.4873252511,0.3090296388,0.3231051862,0.0486597717,0.0493346751,0.0592787936,0.0692484304,0.9175999761,0.9175997972,0.0243051276,0.0000000000,0.0000000000,0.0387829617,0.1278418303,0.1386487335,0.2178659439,0.2383139580,0.0000000935,0.0000000000,0.0000000000,0.0000000000,0.0002247594,0.1830146760,0.0000415998,0.0753879249,0.1830975413,0.0139455684
00:42:15:49.040,61,0.2807556391,0.3051645756,0.1231374666,0.0000000000,0.0000000000,0.2549536824,0.0000000000,0.2807709277,0.3058737814,0.0019166950,0.0000000000,0.0000000000,0.2549504638,0.0000000000,0.0299602766,0.0000000000,0.0024250643,0.0291450564,0.0162078906,0.0163653232,0.0643008947,0.0000000000,0.0221358929,0.4800020456,0.4839659929,0.0000000000,0.0000000000,0.5195493102,0.5146980286,0.0711107254,0.0752076581,0.1333411336,0.0230287984,0.7086992264,0.5290510654,0.3336133659,0.3479286432,0.0486343279,0.0491923951,0.0592987314,0.0691925213,0.9160050750,0.9160049558,0.0238920171,0.0000000000,0.0000000000,0.0386251062,0.1326193959,0.1419514865,0.2116784006,0.2276893407,0.0000001651,0.0000000000,0.0000000000,0.0000000000,-0.0011504632,0.1868477911,-0.0002174985,0.0739148185,0.1869308352,0.0139665427
00:42:15:50.041,61,0.2841292024,0.3116623461,0.1213547513,0.0000000000,0.0000000000,0.2538883388,0.0000000000,0.2841324806,0.3123630285,0.0035996835,0.0000000000,0.0000000000,0.2538853288,0.0000000000,0.0302389152,0.0000000000,0.0026709565,0.0293617044,0.0160195548,0.0165547393,0.0645880848,0.0000000000,0.0216865186,0.4594289958,0.4618366361,0.0000000000,0.0000000000,0.5559252501,0.5522959232,0.0715861395,0.0756134391,0.1454062313,0.0233416352,0.7316997647,0.5616444945,0.3767381012,0.3891774118,0.0483904146,0.0488434248,0.0595178753,0.0693741068,0.9153990149,0.9153989553,0.0235092212,0.0000000000,0.0000000000,0.0386662260,0.1390649527,0.1470833123,0.2075815946,0.2213869691,0.0000005750,0.0000000000,0.0000000000,0.0000000000,-0.0021590122,0.1908121705,-0.0004170392,0.0727895796,0.1908953786,0.0140531342
00:42:15:51.043,61,0.2850556672,0.3136028647,0.1196601018,0.0000000000,0.0000000000,0.2532299757,0.0000000000,0.2850561142,0.3142842352,0.0052039265,0.0000000000,0.0000000000,0.2532272041,0.0000000000,0.0305980444,0.0000000000,0.0027909549,0.0295887776,0.0157908760,0.0167555343,0.0648558065,0.0000000000,0.0215387568,0.4483708739,0.4554314017,0.0000000000,0.0000000000,0.5820418596,0.5814415216,0.0721011013,0.0760521665,0.1540175825,0.0237275306,0.7417681813,0.5735081434,0.3898823857,0.4020208716,0.0480576642,0.0484406576,0.0597189665,0.0696169734,0.9150530696,0.9150530100,0.0230988581,0.0000000000,0.0000000000,0.0388431251,0.1411211789,0.1488277167,0.2004016042,0.2140184492,0.0000009933,0.0000000000,0.0000000000,0.0000000000,-0.0031204931,0.1919862777,-0.0006065616,0.0717567131,0.1920695156,0.0139414202
00:42:15:52.044,61,0.2836764753,0.3100992143,0.1201633960,0.0000000000,0.0000000000,0.2491361052,0.0000000000,0.2836864591,0.3107792139,0.0047140624,0.0000000000,0.0000000000,0.2491354197,0.0000000000,0.0310141649,0.0000000000,0.0028406223,0.0298681203,0.0155616049,0.0169012398,0.0652188063,0.0000000000,0.0214264970,0.4441466331,0.4524511993,0.0000000000,0.0000000000,0.5978363156,0.5968775749,0.0732947588,0.0766898915,0.1612573266,0.0241518319,0.7470597029,0.5797190070,0.3948379159,0.4081676304,0.0477010310,0.0480145440,0.0598664507,0.0698233098,0.9143522382,0.9143522382,0.0226844195,0.0000000000,0.0000000000,0.0391469933,0.1416918486,0.1492896378,0.1896928847,0.2036093324,0.0000013233,0.0000000000,0.0000000000,0.0000000000,-0.0028279200,0.1898450106,-0.0005434098,0.0720883012,0.1899281591,0.0138457539
00:42:15:53.046,61,0.2829616070,0.3110688031,0.1180591881,0.0000000000,0.0000000000,0.2448682338,0.0000000000,0.2829738557,0.3117213845,0.0067552705,0.0000000000,0.0000000000,0.2448689640,0.0000000000,0.0314531662,0.0000000000,0.0029368536,0.0301803630,0.0153350513,0.0170587227,0.0653871074,0.0000000000,0.0212047882,0.4448565543,0.4524466693,0.0000000000,0.0000000000,0.6139289141,0.6098060608,0.0758224577,0.0782502964,0.1700236797,0.0245426521,0.7527205944,0.5860955119,0.3975950181,0.4113799632,0.0473189987,0.0475342907,0.0602238327,0.0702279955,0.9137260318,0.9137260914,0.0223263446,0.0000000000,0.0000000000,0.0395342968,0.1425135434,0.1500705481,0.1859758198,0.1998349428,0.0000020144,0.0000000000,0.0000000000,0.0000000000,-0.0040519722,0.1904213727,-0.0007810430,0.0708179399,0.1905044615,0.0136444867
00:42:15:54.048,61,0.2835173309,0.3131750226,0.1135664880,0.0000000000,0.0000000000,0.2433841377,0.0000000000,0.2835356295,0.3137692213,0.0109254951,0.0000000000,0.0000000000,0.2433853745,0.0000000000,0.0319895595,0.0000000000,0.0030977251,0.0305956770,0.0151316822,0.0174492784,0.0652936324,0.0000000000,0.0209602565,0.4534550011,0.4585654736,0.0000000000,0.0000000000,0.6498751640,0.6403833628,0.0850316882,0.0853030533,0.2010647357,0.0249321144,0.7770201564,0.6249251366,0.4069035649,0.4256168008,0.0469617248,0.0470307656,0.0629625618,0.0737118199,0.9132946730,0.9132947326,0.0220990349,0.0000000000,0.0000000000,0.0414178036,0.1916208118,0.2015757710,0.1840037107,0.1977361590,0.0000026821,0.0000000000,0.0000000000,0.0000000000,-0.0065517849,0.1916748732,-0.0012714115,0.0681062192,0.1917578280,0.0132113779
00:42:15:55.049,61,0.2904468775,0.3133427203,0.1121736169,0.0000000000,0.0000000000,0.2498480082,0.0000000000,0.2904464900,0.3139179647,0.0120945508,0.0000000000,0.0000000000,0.2498438954,0.0000000000,0.0333590321,0.0000000000,0.0032478252,0.0310221408,0.0149175730,0.0181114562,0.0652451515,0.0000000000,0.0207851753,0.4482451379,0.4557102621,0.0000000000,0.0000000000,0.6686305404,0.6614802480,0.0927877054,0.0916889980,0.2318147868,0.0254886467,0.7886800170,0.6379723549,0.4363255501,0.4555927515,0.0466659851,0.0465576090,0.0674092621,0.0798344314,0.9132605195,0.9132605791,0.0219168179,0.0000000000,0.0000000000,0.0472946614,0.2081935853,0.2188036144,0.1825441271,0.1956807673,0.0000030917,0.0000000000,0.0000000000,0.0000000000,-0.0072527146,0.1917666942,-0.0014081192,0.0672696158,0.1918494850,0.0130557502
00:42:15:56.051,61,0.2925979197,0.3135593832,0.1109694242,0.0000000000,0.0000000000,0.2566073835,0.0000000000,0.2925927937,0.3141182363,0.0132046454,0.0000000000,0.0000000000,0.2565971315,0.0000000000,0.0359921195,0.0000000000,0.0033212570,0.0314477608,0.0146852816,0.0192485638,0.0653164461,0.0000000000,0.0208360422,0.4024001360,0.4233501554,0.0000000000,0.0000000000,0.6952854395,0.6923526525,0.0976059809,0.0958627835,0.2602029741,0.0264364909,0.7977697849,0.6482998729,0.4519994855,0.4729923606,0.0463970229,0.0461129844,0.0716526359,0.0860888809,0.9133895636,0.9133896232,0.0217039883,0.0000000000,0.0000000000,0.0554497018,0.2155846953,0.2265828550,0.1784367412,0.1905093491,0.0000033679,0.0000000000,0.0000000000,0.0000000000,-0.0079182144,0.1918900013,-0.0015383372,0.0665457994,0.1919727176,0.0129239969
00:42:15:57.052,61,0.2937364280,0.3142150342,0.1081256568,0.0000000000,0.0000000000,0.2597643137,0.0000000000,0.2937291265,0.3147350550,0.0159188267,0.0000000000,0.0000000000,0.2597528100,0.0000000000,0.0377251394,0.0000000000,0.0032959208,0.0318823904,0.0144666256,0.0202473402,0.0654175878,0.0000000000,0.0209445003,0.3907896280,0.4150168598,0.0000000000,0.0000000000,0.7061010003,0.7034741640,0.1009573787,0.0986084566,0.2706294358,0.0272102244,0.8021209240,0.6530196667,0.4585065842,0.4800939262,0.0461931452,0.0457413867,0.0740010589,0.0893412679,0.9135419130,0.9135419130,0.0214940868,0.0000000000,0.0000000000,0.0598004125,0.2185551971,0.2301947922,0.1743300557,0.1855949908,0.0000041017,0.0000000000,0.0000000000,0.0000000000,-0.0095450813,0.1922695935,-0.0018581527,0.0648355037,0.1923522353,0.0126178609
00:42:15:58.054,61,0.2939548194,0.3138265908,0.1067048535,0.0000000000,0.0000000000,0.2613691390,0.0000000000,0.2939476967,0.3143257499,0.0173235908,0.0000000000,0.0000000000,0.2613574266,0.0000000000,0.0387870334,0.0000000000,0.0032377907,0.0323371179,0.0142890383,0.0209801830,0.0654197931,0.0000000000,0.0210984610,0.4020928442,0.4186576009,0.0000000000,0.0000000000,0.7108753324,0.7085225582,0.1026990339,0.1001212671,0.2728814781,0.0278629158,0.8041938543,0.6551405191,0.4606379271,0.4828967452,0.0460100435,0.0454085022,0.0752685294,0.0909758136,0.9136028886,0.9136028886,0.0213149488,0.0000000000,0.0000000000,0.0618553087,0.2181511372,0.2311961502,0.1724715829,0.1834934950,0.0000054768,0.0000000000,0.0000000000,0.0000000000,-0.0103878956,0.1920211613,-0.0020195399,0.0639865324,0.1921038032,0.0124363992
00:42:15:59.056,61,0.2893425524,0.3128409684,0.1036659405,0.0000000000,0.0000000000,0.2611887455,0.0000000000,0.2893855274,0.3132954240,0.0203109831,0.0000000000,0.0000000000,0.2611792982,0.0000000000,0.0395547152,0.0000000000,0.0031268904,0.0328182206,0.0141503988,0.0216033123,0.0653835312,0.0000000000,0.0212818980,0.4176439047,0.4350227118,0.0000000000,0.0000000000,0.7129998803,0.7103240490,0.1038932353,0.1011868641,0.2702480257,0.0283939969,0.8050760031,0.6557798386,0.4512061477,0.4755518138,0.0458543301,0.0451070145,0.0760416687,0.0919049978,0.9133623242,0.9133623242,0.0211672820,0.0000000000,0.0000000000,0.0630985945,0.2163596898,0.2311551720,0.1705683917,0.1819234043,0.0000067711,0.0000000000,0.0000000000,0.0000000000,-0.0121807372,0.1913956255,-0.0023601681,0.0621715896,0.1914782077,0.0120438151
00:42:16:00.057,61,0.2752298415,0.3109456301,0.1024606824,0.0000000000,0.0000000000,0.2599698901,0.0000000000,0.2752950191,0.3113797009,0.0215523895,0.0000000000,0.0000000000,0.2599639297,0.0000000000,0.0401901715,0.0000000000,0.0029163682,0.0332979225,0.0140409749,0.0221513994,0.0653757676,0.0000000000,0.0214606915,0.4242283702,0.4424007535,0.0000000000,0.0000000000,0.7121540904,0.7085093260,0.1048607305,0.1020540446,0.2642167509,0.0288281236,0.8051734567,0.6529996991,0.4402624071,0.4651330113,0.0457157381,0.0448321588,0.0764287785,0.0923494995,0.9130681157,0.9130681157,0.0210367236,0.0000000000,0.0000000000,0.0638725758,0.2123134732,0.2287138551,0.1687322110,0.1807940304,0.0000083607,0.0000000000,0.0000000000,0.0000000000,-0.0129281441,0.1902271509,-0.0024893091,0.0614625327,0.1903096139,0.0118321935
00:42:16:01.059,61,0.2582897544,0.3083776236,0.1011533514,0.0000000000,0.0000000000,0.2591477633,0.0000000000,0.2583696246,0.3087889850,0.0228988659,0.0000000000,0.0000000000,0.2591437101,0.0000000000,0.0408214293,0.0000000000,0.0027019149,0.0337224714,0.0138992714,0.0226556249,0.0655115023,0.0000000000,0.0217187144,0.4257333875,0.4449509084,0.0000000000,0.0000000000,0.7132959962,0.7094519734,0.1059413552,0.1028776392,0.2629147768,0.0293101370,0.8052762151,0.6522306800,0.4367076755,0.4619541764,0.0455538891,0.0445342809,0.0766862109,0.0926513597,0.9127847552,0.9127848148,0.0208664481,0.0000000000,0.0000000000,0.0647040606,0.2048331648,0.2217435837,0.1633777022,0.1760594398,0.0000084645,0.0000000000,0.0000000000,0.0000000000,-0.0137399901,0.1886465102,-0.0026231043,0.0606965907,0.1887288988,0.0115855392
00:42:16:02.061,61,0.2457698882,0.3058591187,0.1000589430,0.0000000000,0.0000000000,0.2561293244,0.0000000000,0.2458678633,0.3062506914,0.0241309702,0.0000000000,0.0000000000,0.2561279535,0.0000000000,0.0415223651,0.0000000000,0.0024710167,0.0340731740,0.0137344375,0.0231793635,0.0660001487,0.0000000000,0.0219884440,0.3894066811,0.4170255661,0.0000000000,0.0000000000,0.7140183449,0.7101151943,0.1068033949,0.1036315188,0.2640446723,0.0297577828,0.8057345152,0.6524166465,0.4352412820,0.4607590139,0.0453085676,0.0441841558,0.0768663958,0.0928921327,0.9125263095,0.9125264883,0.0206790399,0.0000000000,0.0000000000,0.0665538907,0.1823016852,0.1960080713,0.1592734605,0.1723514795,0.0000077477,0.0000000000,0.0000000000,0.0000000000,-0.0144835580,0.1870977581,-0.0027418076,0.0600574911,0.1871801466,0.0113673992
00:42:16:03.062,61,0.2349741161,0.3025447130,0.0982623473,0.0000000000,0.0000000000,0.2509813011,0.0000000000,0.2350821197,0.3029054999,0.0261413064,0.0000000000,0.0000000000,0.2509835064,0.0000000000,0.0422480553,0.0000000000,0.0022480835,0.0343670547,0.0135468524,0.0236217454,0.0666707605,0.0000000000,0.0221986249,0.3774901927,0.4034244716,0.0000000000,0.0000000000,0.7154024243,0.7117165327,0.1075073853,0.1042432487,0.2664536536,0.0301886294,0.8064346910,0.6545813084,0.4348494709,0.4609574974,0.0449810252,0.0437758267,0.0769580677,0.0930247009,0.9122215509,0.9122218490,0.0204860196,0.0000000000,0.0000000000,0.0681497753,0.1688297391,0.1819029897,0.1560820639,0.1688174456,0.0000070301,0.0000000000,0.0000000000,0.0000000000,-0.0156962052,0.1850575060,-0.0029381905,0.0590016581,0.1851399392,0.0110432487
00:42:16:04.064,61,0.2303105146,0.2995319366,0.0956173316,0.0000000000,0.0000000000,0.2468198091,0.0000000000,0.2304161489,0.2998511493,0.0290151257,0.0000000000,0.0000000000,0.2468262464,0.0000000000,0.0429325476,0.0000000000,0.0020457942,0.0346337110,0.0133719677,0.0240219701,0.0673150122,0.0000000000,0.0223292988,0.3718383312,0.3976837397,0.0000000000,0.0000000000,0.7159646153,0.7123067379,0.1080342755,0.1046964452,0.2674027383,0.0305490252,0.8070584536,0.6558898687,0.4347804487,0.4611268938,0.0446252376,0.0433521457,0.0769997239,0.0930811390,0.9118530154,0.9118533731,0.0203170758,0.0000000000,0.0000000000,0.0691629201,0.1632425487,0.1760014147,0.1542440653,0.1666816473,0.0000059278,0.0000000000,0.0000000000,0.0000000000,-0.0174278021,0.1831967980,-0.0032287454,0.0574331991,0.1832793057,0.0106395315
00:42:16:05.065,61,0.2277635187,0.2979317307,0.0939708278,0.0000000000,0.0000000000,0.2439019680,0.0000000000,0.2278684676,0.2982261181,0.0307227131,0.0000000000,0.0000000000,0.2439103723,0.0000000000,0.0435467847,0.0000000000,0.0018847322,0.0348717161,0.0132027017,0.0243465435,0.0678911656,0.0000000000,0.0224138238,0.3692632616,0.3948601782,0.0000000000,0.0000000000,0.7164976597,0.7128187418,0.1085462794,0.1051437557,0.2681245208,0.0308659691,0.8076446652,0.6569923162,0.4348621070,0.4613704383,0.0442624018,0.0429235138,0.0770257413,0.0931065604,0.9113659263,0.9113663435,0.0201705750,0.0000000000,0.0000000000,0.0699608251,0.1604604870,0.1731021553,0.1527502686,0.1648299545,0.0000052692,0.0000000000,0.0000000000,0.0000000000,-0.0184568390,0.1822073609,-0.0034004827,0.0564544387,0.1822898090,0.0104006920
00:42:16:06.067,61,0.2259525359,0.2959200442,0.0934153944,0.0000000000,0.0000000000,0.2412663698,0.0000000000,0.2260501832,0.2962038219,0.0313740820,0.0000000000,0.0000000000,0.2412757427,0.0000000000,0.0441679135,0.0000000000,0.0017188077,0.0350877084,0.0130371656,0.0246454477,0.0685202777,0.0000000000,0.0224951319,0.3677879870,0.3931465745,0.0000000000,0.0000000000,0.7169397473,0.7132620215,0.1090538129,0.1055831164,0.2695530355,0.0311514530,0.8087298274,0.6604836583,0.4352822006,0.4619106054,0.0438755862,0.0424848832,0.0770902187,0.0931820869,0.9108692408,0.9108697176,0.0200276542,0.0000000000,0.0000000000,0.0707059652,0.1588649601,0.1714534611,0.1517157108,0.1636889279,0.0000044535,0.0000000000,0.0000000000,0.0000000000,-0.0188524257,0.1809731275,-0.0034493054,0.0561334305,0.1810555756,0.0102700470
00:42:16:07.069,61,0.2213047445,0.2939786613,0.0944503769,0.0000000000,0.0000000000,0.2383849919,0.0000000000,0.2213829756,0.2942734957,0.0304182842,0.0000000000,0.0000000000,0.2383948714,0.0000000000,0.0447546802,0.0000000000,0.0015335890,0.0352568291,0.0128644798,0.0249092542,0.0692491755,0.0000000000,0.0225785375,0.3667641580,0.3919474185,0.0000000000,0.0000000000,0.7175685763,0.7140012383,0.1095400080,0.1060237586,0.2721182704,0.0313979536,0.8107455969,0.6654599905,0.4358621240,0.4626542628,0.0434718356,0.0420303755,0.0771867782,0.0933041871,0.9103371501,0.9103376865,0.0198805854,0.0000000000,0.0000000000,0.0715067238,0.1574706733,0.1698463112,0.1500663161,0.1622575969,0.0000039038,0.0000000000,0.0000000000,0.0000000000,-0.0182820261,0.1797918528,-0.0033226430,0.0567676015,0.1798742414,0.0103166904
00:42:16:08.070,61,0.2172705531,0.2919486761,0.0958733037,0.0000000000,0.0000000000,0.2344512492,0.0000000000,0.2173463255,0.2922593653,0.0290931705,0.0000000000,0.0000000000,0.2344615757,0.0000000000,0.0453657955,0.0000000000,0.0013823328,0.0354003944,0.0126969554,0.0251828469,0.0710940659,0.0000000000,0.0226477757,0.3611902595,0.3846220672,0.0000000000,0.0000000000,0.7177022099,0.7142211199,0.1099752113,0.1064412147,0.2742751837,0.0316066481,0.8125444055,0.6692906022,0.4365329146,0.4635294080,0.0430324599,0.0415466055,0.0772811770,0.0934338495,0.9097021222,0.9097027183,0.0197633244,0.0000000000,0.0000000000,0.0731941089,0.1549022049,0.1667076796,0.1481835395,0.1607103497,0.0000037669,0.0000000000,0.0000000000,0.0000000000,-0.0174895059,0.1785587370,-0.0031563502,0.0576357394,0.1786411405,0.0104009202
00:42:16:09.072,61,0.2124943435,0.2904855609,0.0975925401,0.0000000000,0.0000000000,0.2309903949,0.0000000000,0.2125759870,0.2908166349,0.0274813958,0.0000000000,0.0000000000,0.2310019732,0.0000000000,0.0459844619,0.0000000000,0.0012508512,0.0355131179,0.0125366589,0.0254367031,0.0725725517,0.0000000000,0.0227281395,0.3552131355,0.3778528571,0.0000000000,0.0000000000,0.7174875140,0.7141234279,0.1102659330,0.1067548990,0.2753799856,0.0317923166,0.8135697246,0.6710895300,0.4372159839,0.4642791450,0.0425942130,0.0410719365,0.0773167163,0.0935038924,0.9091161489,0.9091168642,0.0196433477,0.0000000000,0.0000000000,0.0745572075,0.1504250318,0.1613511443,0.1465773433,0.1594684869,0.0000036643,0.0000000000,0.0000000000,0.0000000000,-0.0165232029,0.1776743233,-0.0029668920,0.0586786903,0.1777567565,0.0105353603
00:42:16:10.073,61,0.2098008394,0.2896654904,0.0992352292,0.0000000000,0.0000000000,0.2276150286,0.0000000000,0.2098802924,0.2900167704,0.0259351954,0.0000000000,0.0000000000,0.2276262492,0.0000000000,0.0465849228,0.0000000000,0.0011471874,0.0355929062,0.0123823080,0.0257111005,0.0742497668,0.0000000000,0.0228024535,0.3494289219,0.3720029294,0.0000000000,0.0000000000,0.7170329094,0.7138075829,0.1105224043,0.1070449129,0.2763293386,0.0319470391,0.8144568801,0.6724081635,0.4379234612,0.4650118947,0.0421580970,0.0406012572,0.0773855820,0.0936156958,0.9085597396,0.9085605145,0.0195517540,0.0000000000,0.0000000000,0.0761612877,0.1478386074,0.1582887471,0.1451513767,0.1583835930,0.0000039430,0.0000000000,0.0000000000,0.0000000000,-0.0155949173,0.1771829724,-0.0027923165,0.0596716926,0.1772654206,0.0106831845
00:42:16:11.075,61,0.2081117928,0.2890543640,0.0996564776,0.0000000000,0.0000000000,0.2260338515,0.0000000000,0.2081854790,0.2894102633,0.0255222935,0.0000000000,0.0000000000,0.2260446399,0.0000000000,0.0471665822,0.0000000000,0.0010611231,0.0356613845,0.0122315902,0.0259783044,0.0752589181,0.0000000000,0.0229353122,0.3470581472,0.3696147799,0.0000000000,0.0000000000,0.7170894742,0.7140147686,0.1108263135,0.1073750034,0.2829905152,0.0321225449,0.8164922595,0.6761063933,0.4407718480,0.4678806663,0.0417506248,0.0401583873,0.0776062757,0.0939257368,0.9080305696,0.9080313444,0.0194596350,0.0000000000,0.0000000000,0.0775835067,0.1467701495,0.1570595354,0.1441501677,0.1575111151,0.0000044432,0.0000000000,0.0000000000,0.0000000000,-0.0153476531,0.1768117100,-0.0027421671,0.0599289946,0.1768941879,0.0107062459
00:42:16:12.077,61,0.2071645856,0.2884487808,0.0997421741,0.0000000000,0.0000000000,0.2249199748,0.0000000000,0.2072357088,0.2888048589,0.0254328158,0.0000000000,0.0000000000,0.2249303609,0.0000000000,0.0476936027,0.0000000000,0.0009805860,0.0357106328,0.0120958891,0.0262821075,0.0761248320,0.0000000000,0.0230932161,0.3454827368,0.3680931628,0.0000000000,0.0000000000,0.7167592645,0.7138364315,0.1110528037,0.1076468751,0.2854531705,0.0322533585,0.8181050420,0.6789351106,0.4434481859,0.4703362286,0.0413498357,0.0397284068,0.0778764710,0.0943058580,0.9074724913,0.9074732661,0.0193827339,0.0000000000,0.0000000000,0.0786180347,0.1462996602,0.1565773636,0.1433984488,0.1568547040,0.0000044471,0.0000000000,0.0000000000,0.0000000000,-0.0152948564,0.1764417291,-0.0027268955,0.0599844903,0.1765241623,0.0106932605
00:42:16:13.078,61,0.2055352777,0.2870050967,0.1006481573,0.0000000000,0.0000000000,0.2231643796,0.0000000000,0.2056100070,0.2873707712,0.0245413072,0.0000000000,0.0000000000,0.2231758535,0.0000000000,0.0481793582,0.0000000000,0.0009265942,0.0357410535,0.0119710369,0.0265149660,0.0771745592,0.0000000000,0.0232492462,0.3408224881,0.3637409508,0.0000000000,0.0000000000,0.7098683715,0.7084811926,0.1110859141,0.1077593863,0.2865745425,0.0323142186,0.8191540837,0.6810762286,0.4447818696,0.4715923369,0.0408952050,0.0392704085,0.0780395046,0.0945586935,0.9068489671,0.9068497419,0.0193015225,0.0000000000,0.0000000000,0.0793989450,0.1455360204,0.1558327228,0.1427536756,0.1562829316,0.0000044708,0.0000000000,0.0000000000,0.0000000000,-0.0147610204,0.1755641401,-0.0026183631,0.0605388097,0.1756465435,0.0107371788
00:42:16:14.080,61,0.2046865374,0.2863662839,0.1016657948,0.0000000000,0.0000000000,0.2212562114,0.0000000000,0.2047634423,0.2867443562,0.0235057622,0.0000000000,0.0000000000,0.2212698013,0.0000000000,0.0485628955,0.0000000000,0.0009062852,0.0357603356,0.0118643558,0.0267292578,0.0780816302,0.0000000000,0.0233736448,0.3372517526,0.3593838513,0.0000000000,0.0000000000,0.7000305653,0.6990761757,0.1109047085,0.1076934338,0.2864176929,0.0323277153,0.8198342919,0.6821928024,0.4457503855,0.4724791944,0.0404443666,0.0388265550,0.0780888349,0.0946485624,0.9061444402,0.9061452746,0.0192332119,0.0000000000,0.0000000000,0.0799144283,0.1446996927,0.1550846249,0.1422317028,0.1558101028,0.0000041054,0.0000000000,0.0000000000,0.0000000000,-0.0141391233,0.1751798689,-0.0025024530,0.0611551106,0.1752622277,0.0108221183
00:42:16:15.081,61,0.2041199356,0.2860409915,0.1025394052,0.0000000000,0.0000000000,0.2200221866,0.0000000000,0.2042004168,0.2864300609,0.0226297174,0.0000000000,0.0000000000,0.2200361788,0.0000000000,0.0489130616,0.0000000000,0.0009910301,0.0357810631,0.0117788808,0.0269635133,0.0788672939,0.0000000000,0.0235874988,0.3336697221,0.3548645675,0.0000000000,0.0000000000,0.6919403076,0.6916171908,0.1105098575,0.1074844301,0.2855312228,0.0323450454,0.8202661276,0.6828522086,0.4465889335,0.4732158780,0.0400137976,0.0384132452,0.0781023428,0.0947044566,0.9054074883,0.9054083228,0.0191750526,0.0000000000,0.0000000000,0.0803381801,0.1441046149,0.1545566618,0.1417906880,0.1554204971,0.0000036087,0.0000000000,0.0000000000,0.0000000000,-0.0136126289,0.1749865562,-0.0024065627,0.0616827644,0.1750689149,0.0109030781
00:42:16:16.083,61,0.2038752735,0.2858858109,0.1044103727,0.0000000000,0.0000000000,0.2191905528,0.0000000000,0.2039606720,0.2862992287,0.0207301490,0.0000000000,0.0000000000,0.2192042619,0.0000000000,0.0491672382,0.0000000000,0.0011240884,0.0358101726,0.0117106671,0.0272173807,0.0794683918,0.0000000000,0.0238817148,0.3321213722,0.3530514538,0.0000000000,0.0000000000,0.6887726188,0.6886962056,0.1100740284,0.1072636619,0.2826246321,0.0323828124,0.8203663826,0.6828905940,0.4472188950,0.4737338424,0.0396556929,0.0380702727,0.0780489370,0.0946954489,0.9046882987,0.9046891332,0.0191249065,0.0000000000,0.0000000000,0.0806801394,0.1437999755,0.1543304175,0.1414028853,0.1551175267,0.0000034029,0.0000000000,0.0000000000,0.0000000000,-0.0124701466,0.1749039739,-0.0022035339,0.0628092587,0.1749863178,0.0110965753
00:42:16:17.084,61,0.2039533108,0.2858245671,0.1069903150,0.0000000000,0.0000000000,0.2185713053,0.0000000000,0.2040433586,0.2862827182,0.0181880705,0.0000000000,0.0000000000,0.2185846716,0.0000000000,0.0493524931,0.0000000000,0.0012434655,0.0358328894,0.0116669498,0.0274185520,0.0800534636,0.0000000000,0.0242174920,0.3300864995,0.3511378169,0.0000000000,0.0000000000,0.6729676723,0.6753958464,0.1094527021,0.1069120467,0.2663953900,0.0323798098,0.8199424744,0.6808803678,0.4474124908,0.4737572074,0.0392879508,0.0377285704,0.0777943209,0.0944617689,0.9037784934,0.9037792087,0.0190890487,0.0000000000,0.0000000000,0.0808396935,0.1433091164,0.1538853943,0.1410498619,0.1549155265,0.0000031596,0.0000000000,0.0000000000,0.0000000000,-0.0109409885,0.1748907268,-0.0019331877,0.0643616095,0.1749663055,0.0113691064
00:42:16:18.086,61,0.2038857490,0.2857236564,0.1103732362,0.0000000000,0.0000000000,0.2177821696,0.0000000000,0.2039816380,0.2862259150,0.0148530137,0.0000000000,0.0000000000,0.2177950144,0.0000000000,0.0494808033,0.0000000000,0.0013306584,0.0358601809,0.0116462810,0.0275703352,0.0806221068,0.0000000000,0.0245166123,0.3281600475,0.3493132591,0.0000000000,0.0000000000,0.6604385972,0.6629955769,0.1087567955,0.1064973176,0.2560979426,0.0323230997,0.8182101250,0.6769703031,0.4472550154,0.4734095335,0.0389248133,0.0374029651,0.0774057955,0.0940526724,0.9021331072,0.9021337032,0.0190361515,0.0000000000,0.0000000000,0.0809307694,0.1408574283,0.1511840969,0.1407054961,0.1547560245,0.0000031531,0.0000000000,0.0000000000,0.0000000000,-0.0089348527,0.1748525053,-0.0015783777,0.0663972795,0.1749280542,0.0117255282
00:42:16:19.088,61,0.2034880817,0.2850666642,0.1136715934,0.0000000000,0.0000000000,0.2158572674,0.0000000000,0.2035903484,0.2856106162,0.0116205746,0.0000000000,0.0000000000,0.2158699036,0.0000000000,0.0496392176,0.0000000000,0.0014227729,0.0359144248,0.0116365300,0.0276720934,0.0812162682,0.0000000000,0.0247632992,0.3248250782,0.3456928730,0.0000000000,0.0000000000,0.6549153328,0.6574118137,0.1080723107,0.1060783714,0.2518962324,0.0322744697,0.8167051673,0.6745566130,0.4469426572,0.4729284942,0.0385590121,0.0370738581,0.0769701004,0.0935739949,0.8998653293,0.8998658657,0.0189671479,0.0000000000,0.0000000000,0.0810823962,0.1367782950,0.1463861465,0.1402188092,0.1544413567,0.0000040424,0.0000000000,0.0000000000,0.0000000000,-0.0069908379,0.1744739413,-0.0012322377,0.0683862343,0.1745495051,0.0120495241
00:42:16:20.090,61,0.2028930932,0.2845276296,0.1153464317,0.0000000000,0.0000000000,0.2121971548,0.0000000000,0.2029998004,0.2850922644,0.0099923834,0.0000000000,0.0000000000,0.2122100443,0.0000000000,0.0498110652,0.0000000000,0.0015011560,0.0359624662,0.0116252340,0.0277204327,0.0818803310,0.0000000000,0.0248668771,0.3208790123,0.3402137756,0.0000000000,0.0000000000,0.6515843868,0.6534953117,0.1073729768,0.1056025475,0.2495812476,0.0322232433,0.8157102466,0.6731634736,0.4466837943,0.4725224376,0.0382017009,0.0367524028,0.0765194744,0.0930406079,0.8980410099,0.8980414271,0.0188797396,0.0000000000,0.0000000000,0.0812111124,0.1305229217,0.1385044903,0.1397738457,0.1541091055,0.0000045122,0.0000000000,0.0000000000,0.0000000000,-0.0060116677,0.1741561443,-0.0010576772,0.0693977922,0.1742317080,0.0122047421
00:42:16:21.091,61,0.2014535069,0.2837316096,0.1160389036,0.0000000000,0.0000000000,0.2099122256,0.0000000000,0.2015643865,0.2843033671,0.0093241846,0.0000000000,0.0000000000,0.2099246532,0.0000000000,0.0500023812,0.0000000000,0.0015487781,0.0359912291,0.0115978271,0.0277124457,0.0824575722,0.0000000000,0.0249538105,0.3178137541,0.3370763659,0.0000000000,0.0000000000,0.6500845551,0.6518040895,0.1067209020,0.1051345617,0.2484742105,0.0321974605,0.8149415851,0.6722599268,0.4464677870,0.4721623659,0.0378674939,0.0364552550,0.0761007965,0.0925427750,0.8968940377,0.8968943954,0.0187977292,0.0000000000,0.0000000000,0.0812780038,0.1271110326,0.1346515417,0.1392961293,0.1536939293,0.0000045719,0.0000000000,0.0000000000,0.0000000000,-0.0056101372,0.1736738235,-0.0009842443,0.0698203593,0.1737494469,0.0122442506
00:42:16:22.093,61,0.1989867836,0.2829228044,0.1164536402,0.0000000000,0.0000000000,0.2080226243,0.0000000000,0.1990966946,0.2834981084,0.0089130476,0.0000000000,0.0000000000,0.2080335915,0.0000000000,0.0503447242,0.0000000000,0.0015778876,0.0360241272,0.0115573658,0.0277203806,0.0830611736,0.0000000000,0.0250054374,0.3090486526,0.3284856379,0.0000000000,0.0000000000,0.6496115327,0.6511795521,0.1060770452,0.1046269611,0.2518986166,0.0322343521,0.8146041036,0.6721128821,0.4470247030,0.4725361764,0.0375339650,0.0361455753,0.0758129209,0.0921900421,0.8960168362,0.8960171938,0.0186894685,0.0000000000,0.0000000000,0.0814666525,0.1250716597,0.1323011965,0.1388065070,0.1532021612,0.0000048398,0.0000000000,0.0000000000,0.0000000000,-0.0053632297,0.1731816679,-0.0009382066,0.0700759590,0.1732572317,0.0122534800
00:42:16:23.094,61,0.1978720576,0.2826984823,0.1168280989,0.0000000000,0.0000000000,0.2064521164,0.0000000000,0.1979819983,0.2832781971,0.0085251536,0.0000000000,0.0000000000,0.2064624429,0.0000000000,0.0506729670,0.0000000000,0.0015938184,0.0360620543,0.0115189832,0.0276880357,0.0835648924,0.0000000000,0.0250100847,0.3056708872,0.3249932528,0.0000000000,0.0000000000,0.6495103836,0.6509579420,0.1055047959,0.1041777804,0.2528825998,0.0322770216,0.8141276240,0.6718189716,0.4473846853,0.4727922380,0.0372220539,0.0358591564,0.0754684806,0.0917512625,0.8951264620,0.8951267004,0.0186001211,0.0000000000,0.0000000000,0.0815744847,0.1234631017,0.1305713505,0.1382804662,0.1526551843,0.0000037028,0.0000000000,0.0000000000,0.0000000000,-0.0051299427,0.1730471104,-0.0008966862,0.0703029633,0.1731226742,0.0122833634
00:42:16:24.096,61,0.1974438429,0.2834201753,0.1174908951,0.0000000000,0.0000000000,0.2019412071,0.0000000000,0.1975539029,0.2840101123,0.0079173585,0.0000000000,0.0000000000,0.2019541860,0.0000000000,0.0507955663,0.0000000000,0.0015749615,0.0360584371,0.0115081053,0.0275481995,0.0838787183,0.0000000000,0.0249593109,0.3039924800,0.3232171237,0.0000000000,0.0000000000,0.6354777217,0.6370433569,0.1045813188,0.1036082432,0.2447168380,0.0322091095,0.8096858859,0.6662231684,0.4478158355,0.4730663002,0.0369474180,0.0356296450,0.0750030056,0.0911567658,0.8937969208,0.8937972188,0.0185148455,0.0000000000,0.0000000000,0.0814331248,0.1192511991,0.1264932752,0.1380370706,0.1524366140,0.0000032711,0.0000000000,0.0000000000,0.0000000000,-0.0047638342,0.1734938920,-0.0008348863,0.0706963390,0.1735695004,0.0123845004
00:42:16:25.097,61,0.1972536296,0.2831561863,0.1185973957,0.0000000000,0.0000000000,0.1978014857,0.0000000000,0.1973642558,0.2837598324,0.0068363878,0.0000000000,0.0000000000,0.1978153735,0.0000000000,0.0507611111,0.0000000000,0.0015681641,0.0360316634,0.0115202209,0.0273556337,0.0842329115,0.0000000000,0.0249614529,0.3030800223,0.3222609758,0.0000000000,0.0000000000,0.6113377213,0.6142898798,0.1036227867,0.1030405760,0.2292537838,0.0320759043,0.8023555279,0.6571963429,0.4478581846,0.4729555845,0.0366844684,0.0354238823,0.0743653700,0.0899936855,0.8911064267,0.8911069036,0.0184457432,0.0000000000,0.0000000000,0.0812340304,0.1164716780,0.1239194274,0.1378612816,0.1523487568,0.0000032739,0.0000000000,0.0000000000,0.0000000000,-0.0041135289,0.1733405143,-0.0007202676,0.0713641196,0.1734161526,0.0124900015
00:42:16:26.099,61,0.1971011609,0.2827036977,0.1195790768,0.0000000000,0.0000000000,0.1947577298,0.0000000000,0.1972128451,0.2833190560,0.0058844266,0.0000000000,0.0000000000,0.1947717965,0.0000000000,0.0506815612,0.0000000000,0.0015968332,0.0359846316,0.0115255229,0.0271109752,0.0845892876,0.0000000000,0.0249414947,0.3026755452,0.3217708766,0.0000000000,0.0000000000,0.6038699746,0.6071699262,0.1028588861,0.1025544256,0.2243316472,0.0319209658,0.7997371554,0.6542555094,0.4481213987,0.4730805457,0.0364026837,0.0351980440,0.0737691000,0.0891707093,0.8883738518,0.8883744478,0.0183744039,0.0000000000,0.0000000000,0.0810138658,0.1146060079,0.1219342574,0.1376366615,0.1522103548,0.0000028078,0.0000000000,0.0000000000,0.0000000000,-0.0035408915,0.1730708629,-0.0006190168,0.0719582736,0.1731464416,0.0125738196
00:42:16:27.101,61,0.1971024573,0.2824680209,0.1200078875,0.0000000000,0.0000000000,0.1928337216,0.0000000000,0.1972147971,0.2830883265,0.0054778405,0.0000000000,0.0000000000,0.1928490400,0.0000000000,0.0506044328,0.0000000000,0.0015909494,0.0359328166,0.0115307951,0.0268649030,0.0848023593,0.0000000000,0.0248811655,0.3025768697,0.3216156662,0.0000000000,0.0000000000,0.6003136635,0.6037755013,0.1021400616,0.1020598859,0.2217210531,0.0317880660,0.7980551720,0.6525095701,0.4485610723,0.4733901918,0.0361599587,0.0350026377,0.0732240155,0.0884697288,0.8863662481,0.8863667846,0.0183038767,0.0000000000,0.0000000000,0.0808125883,0.1134004369,0.1207154095,0.1373803020,0.1520362496,0.0000029454,0.0000000000,0.0000000000,0.0000000000,-0.0032963138,0.1729298085,-0.0005757808,0.0722181201,0.1730053872,0.0126086529
00:42:16:28.102,61,0.1971203536,0.2824758291,0.1201411411,0.0000000000,0.0000000000,0.1917833537,0.0000000000,0.1972323209,0.2830978632,0.0053587086,0.0000000000,0.0000000000,0.1917988807,0.0000000000,0.0505717769,0.0000000000,0.0015738013,0.0358574875,0.0115203932,0.0266215727,0.0850707144,0.0000000000,0.0248473864,0.3023157418,0.3213098347,0.0000000000,0.0000000000,0.5985762477,0.6021547318,0.1013963223,0.1015170366,0.2203805745,0.0316671878,0.7970128655,0.6516101360,0.4490393102,0.4737318456,0.0359193534,0.0348054022,0.0727241337,0.0878454298,0.8852687478,0.8852692842,0.0182173736,0.0000000000,0.0000000000,0.0805112273,0.1122331619,0.1192830279,0.1371337622,0.1518374979,0.0000028919,0.0000000000,0.0000000000,0.0000000000,-0.0032246225,0.1729355901,-0.0005632774,0.0722982511,0.1730111837,0.0126230484
00:42:16:29.103,61,0.1969835162,0.2823274434,0.1201418489,0.0000000000,0.0000000000,0.1910109818,0.0000000000,0.1970953047,0.2829490900,0.0053652376,0.0000000000,0.0000000000,0.1910264343,0.0000000000,0.0505595878,0.0000000000,0.0016023340,0.0357859097,0.0115001630,0.0263326615,0.0852908567,0.0000000000,0.0247961599,0.3018838167,0.3207759261,0.0000000000,0.0000000000,0.5980918407,0.6017167568,0.1006159484,0.1009402275,0.2197757959,0.0315995626,0.7962204218,0.6510428786,0.4496755004,0.4742467105,0.0356904641,0.0346193649,0.0722149909,0.0872099772,0.8844225407,0.8844231367,0.0181248337,0.0000000000,0.0000000000,0.0801527947,0.1104575545,0.1169389710,0.1367425770,0.1514200568,0.0000030971,0.0000000000,0.0000000000,0.0000000000,-0.0032286022,0.1728446931,-0.0005636702,0.0722998157,0.1729203612,0.0126165617
00:42:16:30.105,61,0.1967604905,0.2819842398,0.1198895425,0.0000000000,0.0000000000,0.1904688030,0.0000000000,0.1968728304,0.2826018035,0.0056254202,0.0000000000,0.0000000000,0.1904841661,0.0000000000,0.0505182296,0.0000000000,0.0016155210,0.0356845520,0.0114732319,0.0260297824,0.0856400430,0.0000000000,0.0247441698,0.3014856279,0.3203002810,0.0000000000,0.0000000000,0.5974596143,0.6011191607,0.0999714881,0.1004644260,0.2193189561,0.0314689502,0.7958263159,0.6510347724,0.4499705136,0.4744384587,0.0354305767,0.0344093814,0.0717206970,0.0866040960,0.8838158250,0.8838164806,0.0180574730,0.0000000000,0.0000000000,0.0797112510,0.1093679890,0.1155834645,0.1365095526,0.1511630565,0.0000034962,0.0000000000,0.0000000000,0.0000000000,-0.0033852959,0.1726326346,-0.0005902870,0.0721506253,0.1727082431,0.0125748189
00:42:16:31.108,61,0.1964275688,0.2820961177,0.1191679090,0.0000000000,0.0000000000,0.1900561303,0.0000000000,0.1965405643,0.2827044725,0.0063632107,0.0000000000,0.0000000000,0.1900714785,0.0000000000,0.0505062863,0.0000000000,0.0016184991,0.0355807282,0.0114408499,0.0257765017,0.0860656351,0.0000000000,0.0247265138,0.3013044894,0.3200787008,0.0000000000,0.0000000000,0.5971054435,0.6008141637,0.0995152146,0.1001706496,0.2192591876,0.0313052610,0.7959231734,0.6528357267,0.4503144920,0.4746868014,0.0351380706,0.0341692492,0.0713647306,0.0861674100,0.8832820058,0.8832826614,0.0179957114,0.0000000000,0.0000000000,0.0793876424,0.1086413264,0.1147833318,0.1363635063,0.1509934962,0.0000054378,0.0000000000,0.0000000000,0.0000000000,-0.0038292452,0.1726956367,-0.0006679457,0.0717155114,0.1727712750,0.0125037776
00:42:16:32.109,61,0.1965031475,0.2825010419,0.1172774211,0.0000000000,0.0000000000,0.1895339489,0.0000000000,0.1966149956,0.2830857635,0.0082563777,0.0000000000,0.0000000000,0.1895499229,0.0000000000,0.0504406206,0.0000000000,0.0015567156,0.0354957469,0.0114297215,0.0255442578,0.0864233673,0.0000000000,0.0246851388,0.3015838265,0.3203788102,0.0000000000,0.0000000000,0.5964872241,0.6002302170,0.0992210731,0.1000202596,0.2189902365,0.0311248526,0.7959195375,0.6535025239,0.4508586824,0.4751340747,0.0348802693,0.0339679345,0.0710247755,0.0857598633,0.8825299144,0.8825305700,0.0179398581,0.0000000000,0.0000000000,0.0791578144,0.1081571355,0.1143531427,0.1364563853,0.1511060148,0.0000069473,0.0000000000,0.0000000000,0.0000000000,-0.0049683107,0.1729294211,-0.0008678315,0.0705748126,0.1730051190,0.0123222377
00:42:16:33.110,61,0.1967700869,0.2830615044,0.1144267991,0.0000000000,0.0000000000,0.1891390383,0.0000000000,0.1968788207,0.2836104035,0.0111049060,0.0000000000,0.0000000000,0.1891557574,0.0000000000,0.0503573902,0.0000000000,0.0014435725,0.0354060121,0.0114327529,0.0253580492,0.0867856145,0.0000000000,0.0245856848,0.3017107248,0.3205028772,0.0000000000,0.0000000000,0.5895869732,0.5930212736,0.0989107713,0.0998218134,0.2182507068,0.0309301894,0.7955704927,0.6534920931,0.4512338936,0.4753968418,0.0346687101,0.0338111632,0.0706361756,0.0852832571,0.8818951249,0.8818957806,0.0179091431,0.0000000000,0.0000000000,0.0788926333,0.1077526137,0.1140348613,0.1365934759,0.1512387395,0.0000075157,0.0000000000,0.0000000000,0.0000000000,-0.0066820499,0.1732516289,-0.0011693906,0.0688553452,0.1733273119,0.0120453713
00:42:16:34.112,61,0.2038097829,0.2855472863,0.1090698093,0.0000000000,0.0000000000,0.1888771355,0.0000000000,0.2038528919,0.2860313654,0.0164191350,0.0000000000,0.0000000000,0.1888948083,0.0000000000,0.0501463227,0.0000000000,0.0012901266,0.0352822319,0.0114470981,0.0251442567,0.0870799497,0.0000000000,0.0243958682,0.3019152582,0.3206258714,0.0000000000,0.0000000000,0.5704249144,0.5733255148,0.0984357670,0.0994401053,0.2089374959,0.0307079665,0.7923332453,0.6488206387,0.4513705373,0.4753334820,0.0344991460,0.0337027237,0.0701580942,0.0846783891,0.8814462423,0.8814468980,0.0179090835,0.0000000000,0.0000000000,0.0783436671,0.1073484719,0.1137477979,0.1370613724,0.1516796499,0.0000092686,0.0000000000,0.0000000000,0.0000000000,-0.0098771602,0.1747352332,-0.0017436403,0.0656144619,0.1748109162,0.0115795787
00:42:16:35.114,61,0.2168440521,0.2888608277,0.1043230295,0.0000000000,0.0000000000,0.1891561449,0.0000000000,0.2168570012,0.2892884314,0.0211629122,0.0000000000,0.0000000000,0.1891750842,0.0000000000,0.0498608612,0.0000000000,0.0011056119,0.0351593867,0.0114854686,0.0248896573,0.0870620012,0.0000000000,0.0242015272,0.3073751926,0.3259144127,0.0000000000,0.0000000000,0.5616993308,0.5648616552,0.0978341028,0.0989341363,0.1999829710,0.0305072404,0.7834540009,0.6355694532,0.4513055384,0.4749814272,0.0344084091,0.0336812176,0.0696219876,0.0840007812,0.8811983466,0.8811990023,0.0179183297,0.0000000000,0.0000000000,0.0766496435,0.1072804704,0.1138757467,0.1387857646,0.1533634365,0.0000098035,0.0000000000,0.0000000000,0.0000000000,-0.0127263442,0.1767307073,-0.0022727833,0.0627364740,0.1768065393,0.0112014432
00:42:16:36.115,61,0.2267272472,0.2938255966,0.0942834392,0.0000000000,0.0000000000,0.1903352588,0.0000000000,0.2267325222,0.2941268981,0.0310986936,0.0000000000,0.0000000000,0.1903593987,0.0000000000,0.0496229455,0.0000000000,0.0008983540,0.0350694954,0.0115218861,0.0246368758,0.0867564976,0.0000000000,0.0239144303,0.3094256520,0.3277659416,0.0000000000,0.0000000000,0.5586131215,0.5616285205,0.0972056314,0.0983386338,0.1967893541,0.0303935930,0.7804395556,0.6313680410,0.4533135295,0.4754241407,0.0343709588,0.0337055549,0.0691439584,0.0833572820,0.8813058734,0.8813065290,0.0178859793,0.0000000000,0.0000000000,0.0742733032,0.1074452251,0.1142603830,0.1414246410,0.1549894810,0.0000112730,0.0000000000,0.0000000000,0.0000000000,-0.0186912678,0.1797036678,-0.0033953085,0.0566682406,0.1797796041,0.0102931149
00:42:16:37.117,61,0.2332977951,0.2974493802,0.0810035393,0.0000000000,0.0000000000,0.1929233074,0.0000000000,0.2333006710,0.2975754440,0.0442070439,0.0000000000,0.0000000000,0.1929581910,0.0000000000,0.0494544916,0.0000000000,0.0006822322,0.0350144096,0.0115531888,0.0244108737,0.0862391368,0.0000000000,0.0236343294,0.3145506382,0.3321281075,0.0000000000,0.0000000000,0.5686447620,0.5694018602,0.0968097523,0.0979607776,0.1954773366,0.0303050969,0.7790275216,0.6295187473,0.4554198682,0.4760517478,0.0343447477,0.0337563269,0.0688289553,0.0828859061,0.8816266060,0.8816272616,0.0178868473,0.0000000000,0.0000000000,0.0727267787,0.1089625210,0.1180239394,0.1452726424,0.1570144594,0.0000209327,0.0000000000,0.0000000000,0.0000000000,-0.0265595093,0.1818433702,-0.0048830053,0.0486670062,0.1819192916,0.0089486735
00:42:16:38.118,61,0.2423752844,0.3005530238,0.0609366931,0.0000000000,0.0000000000,0.1986996979,0.0000000000,0.2423757017,0.3004090488,0.0638606548,0.0000000000,0.0000000000,0.1987483203,0.0000000000,0.0492082015,0.0000000000,0.0004881545,0.0349499211,0.0115728816,0.0241979975,0.0857068077,0.0000000000,0.0234184135,0.3193769753,0.3364515603,0.0000000000,0.0000000000,0.5733397007,0.5736563206,0.0965446681,0.0977226049,0.1949838698,0.0302669574,0.7783238888,0.6287334561,0.4582256675,0.4772534072,0.0343114920,0.0338222533,0.0685902983,0.0824879035,0.8821740150,0.8821746707,0.0179487839,0.0000000000,0.0000000000,0.0711656213,0.1145565882,0.1268627197,0.1512382179,0.1598233134,0.0000366376,0.0000000000,0.0000000000,0.0000000000,-0.0383549221,0.1836460531,-0.0071221320,0.0365982130,0.1837218553,0.0067989556
00:42:16:39.120,61,0.2471442521,0.3028274477,0.0338602141,0.0000000000,0.0000000000,0.2025653720,0.0000000000,0.2471437156,0.3023140132,0.0905741677,0.0000000000,0.0000000000,0.2026305646,0.0000000000,0.0488030650,0.0000000000,0.0001695989,0.0348476768,0.0115953255,0.0238645449,0.0848598406,0.0000000000,0.0232141446,0.3300254345,0.3514356017,0.0000000000,0.0000000000,0.5729886293,0.5730828047,0.0962805673,0.0974416658,0.1942766756,0.0301492307,0.7774717808,0.6279336810,0.4596843421,0.4781029820,0.0342897847,0.0339279622,0.0683273673,0.0820620805,0.8826276064,0.8826283216,0.0179723818,0.0000000000,0.0000000000,0.0673830658,0.1167637631,0.1309445053,0.1572252065,0.1632857919,0.0000548400,0.0000000000,0.0000000000,0.0000000000,-0.0543868877,0.1849497557,-0.0101697603,0.0203310829,0.1850254387,0.0038050103
00:42:16:40.121,61,0.2508541942,0.3044508398,0.0063325902,0.0000000000,0.0000000000,0.2044435889,0.0000000000,0.2508519590,0.3035586774,0.1178673059,0.0000000000,0.0000000000,0.2045172006,0.0000000000,0.0480026305,0.0002423056,0.0000000000,0.0346644484,0.0116142351,0.0233842768,0.0821976215,0.0000000000,0.0229939464,0.3536028564,0.3761885166,0.0000000000,0.0000000000,0.5612006187,0.5604509711,0.0959435776,0.0970936641,0.1836860180,0.0298985615,0.7638507485,0.6149825454,0.4602373838,0.4783612490,0.0343209915,0.0341080874,0.0678605586,0.0812557116,0.8824536800,0.8824546933,0.0179792792,0.0000000000,0.0000000000,0.0621785298,0.1177916527,0.1328729242,0.1596303135,0.1646527350,0.0000806340,0.0000000000,0.0000000000,0.0000000000,-0.0707646161,0.1859041303,-0.0132972235,0.0038016529,0.1859798133,0.0007152949
00:42:16:41.123,61,0.2523534596,0.2984699607,0.0000000000,0.0337168798,0.0000000000,0.2069058567,0.0000000000,0.2523494363,0.2970568836,0.1575928926,0.0000000000,0.0000000000,0.2070371807,0.0000000000,0.0474396832,0.0008259918,0.0000000000,0.0345292985,0.0116155343,0.0228537954,0.0798201188,0.0000000000,0.0228862707,0.3597164154,0.3835091591,0.0000000000,0.0000000000,0.5585300326,0.5576027036,0.0958833545,0.0969556943,0.1808906198,0.0297335368,0.7591760755,0.6102974415,0.4600608051,0.4781391025,0.0342931375,0.0342593119,0.0673340708,0.0805631578,0.8822784424,0.8822799325,0.0179667398,0.0000000000,0.0000000000,0.0597461089,0.1182034686,0.1340567172,0.1605603248,0.1648406386,0.0000898889,0.0000000000,0.0000000000,0.0000000000,-0.0946826190,0.1822872907,-0.0174253546,-0.0202550329,0.1823627353,-0.0037349893
00:42:16:42.125,61,0.2586384714,0.3010036349,0.0000000000,0.0738404617,0.0000000000,0.2197973132,0.0000000000,0.2585853040,0.2990474701,0.1971105486,0.0000000000,0.0000000000,0.2203440070,0.0000000000,0.0464692786,0.0016921095,0.0000000000,0.0343852639,0.0116325412,0.0222794302,0.0778819695,0.0000000000,0.0226852931,0.3620007932,0.3870247900,0.0000000000,0.0000000000,0.5424183607,0.5420888066,0.0957388431,0.0966962352,0.1754672527,0.0294444915,0.7544565201,0.6070114970,0.4559775889,0.4751580358,0.0341690183,0.0343281254,0.0667407960,0.0798249915,0.8821648955,0.8821669221,0.0180392303,0.0000000000,0.0000000000,0.0564537346,0.1187439114,0.1384661645,0.1612908244,0.1650571227,0.0000780594,0.0000000000,0.0000000000,0.0000000000,-0.1183949783,0.1839802116,-0.0219765063,-0.0443457142,0.1840556860,-0.0082526216
00:42:16:43.126,61,0.2609626651,0.3026800156,0.0000000000,0.1038644686,0.0000000000,0.2248660326,0.0000000000,0.2608965039,0.3003184497,0.2265912145,0.0000000000,0.0000000000,0.2256200314,0.0000000000,0.0441655442,0.0026968010,0.0000000000,0.0341814198,0.0116653368,0.0216596313,0.0766752809,0.0000000000,0.0223701186,0.3631189466,0.3887722790,0.0000000000,0.0000000000,0.5004115701,0.4982583225,0.0955232680,0.0963423178,0.1627844721,0.0290215872,0.7465047240,0.6019061804,0.4460581839,0.4666642845,0.0340155214,0.0343760550,0.0660683215,0.0787813440,0.8816370964,0.8816400170,0.0181443430,0.0000000000,0.0000000000,0.0540705062,0.1189594269,0.1406158358,0.1619682312,0.1654501557,0.0000568871,0.0000000000,0.0000000000,0.0000000000,-0.1360794008,0.1851856261,-0.0254079513,-0.0623643361,0.1852610260,-0.0116795953
00:42:16:44.127,61,0.2668733299,0.3144569695,0.0000000000,0.1281530857,0.0000000000,0.2261587083,0.0000000000,0.2667447329,0.3116811812,0.2504612505,0.0000000000,0.0000000000,0.2270894945,0.0000000000,0.0422686189,0.0038727287,0.0000000000,0.0339148007,0.0117275044,0.0210792031,0.0756849647,0.0000000000,0.0215579569,0.3652284741,0.3902110755,0.0000000000,0.0000000000,0.4757679701,0.4693366587,0.0953907520,0.0960026085,0.1547110528,0.0284527969,0.7418277264,0.5989175439,0.4239239097,0.4438768327,0.0338555798,0.0344209112,0.0655326247,0.0780441090,0.8805251122,0.8805317283,0.0183670186,0.0000000000,0.0000000000,0.0527156256,0.1192458719,0.1444495767,0.1746332496,0.1753146946,0.0000275600,0.0000000000,0.0000000000,0.0000000000,-0.1502121538,0.1925906837,-0.0291742124,-0.0768415406,0.1926664710,-0.0149748707
00:42:16:45.130,61,0.2691547871,0.3180707991,0.0000000000,0.1530449241,0.0000000000,0.2250807881,0.0000000000,0.2690022886,0.3149318993,0.2747102380,0.0000000000,0.0000000000,0.2261962742,0.0000000000,0.0408444665,0.0049189804,0.0000000000,0.0336111411,0.0117685590,0.0205638725,0.0750303045,0.0000000000,0.0205440372,0.3657397330,0.3901228011,0.0000000000,0.0000000000,0.4663625658,0.4586278200,0.0953223258,0.0957006291,0.1506968141,0.0278488845,0.7401027083,0.5979204774,0.4174511135,0.4373666346,0.0336627625,0.0344371758,0.0650398210,0.0773545131,0.8798598051,0.8798681498,0.0185818784,0.0000000000,0.0000000000,0.0518800654,0.1192392036,0.1459233612,0.1904859096,0.1860281080,0.0000076716,0.0000000000,0.0000000000,0.0000000000,-0.1646865457,0.1950533539,-0.0323781483,-0.0917256624,0.1951291859,-0.0181016456
00:42:16:46.131,61,0.2713293135,0.3194402456,0.0000000000,0.1789805144,0.0000000000,0.2246252745,0.0000000000,0.2711169720,0.3159514964,0.2997191548,0.0000000000,0.0000000000,0.2258552015,0.0000000000,0.0397794582,0.0057398742,0.0000000000,0.0333057418,0.0118069006,0.0200946368,0.0745377168,0.0000000000,0.0193450600,0.3662669659,0.3899179101,0.0000000000,0.0000000000,0.4636293352,0.4540904462,0.0953788832,0.0955545381,0.1484764069,0.0272375662,0.7412453890,0.6020146608,0.4144758582,0.4343608916,0.0334324166,0.0344221033,0.0646554157,0.0767571926,0.8776314259,0.8776478171,0.0187721848,0.0000000000,0.0000000000,0.0513069257,0.1193538606,0.1473350674,0.2010067105,0.1941077411,0.0000016898,0.0000000000,0.0000000000,0.0000000000,-0.1796511114,0.1962015927,-0.0355005153,-0.1072499380,0.1962773204,-0.0212812126
00:42:16:47.132,61,0.2748195231,0.3205745518,0.0000000000,0.2018061727,0.0000000000,0.2245094478,0.0000000000,0.2745321095,0.3167738914,0.3218881786,0.0000000000,0.0000000000,0.2258740813,0.0000000000,0.0389606953,0.0064040548,0.0000000000,0.0330654457,0.0118684052,0.0196965877,0.0738913566,0.0000000000,0.0182814244,0.3666623533,0.3890971243,0.0000000000,0.0000000000,0.4701762497,0.4584839046,0.0955201313,0.0955578685,0.1473762840,0.0266896114,0.7416620255,0.6032981277,0.4144884646,0.4339458942,0.0332782343,0.0344900712,0.0643720329,0.0762576461,0.8764928579,0.8765124083,0.0189791489,0.0000000000,0.0000000000,0.0508852750,0.1197543740,0.1523498744,0.2113157213,0.2023139596,0.0000023490,0.0000000000,0.0000000000,0.0000000000,-0.1929137260,0.1972112954,-0.0382884145,-0.1209085211,0.1972869486,-0.0241045356
00:42:16:48.134,61,0.2789585590,0.3214921057,0.0000000000,0.2208343595,0.0000000000,0.2245560884,0.0000000000,0.2785957754,0.3174290955,0.3404366374,0.0000000000,0.0000000000,0.2260809988,0.0000000000,0.0382953025,0.0069450233,0.0000000000,0.0329020061,0.0119496332,0.0193400960,0.0732039139,0.0000000000,0.0173011497,0.3664304614,0.3812512159,0.0000000000,0.0000000000,0.4719789922,0.4594555795,0.0957452953,0.0956857949,0.1469107270,0.0262103397,0.7418999672,0.6039496064,0.4157294929,0.4345926046,0.0331444815,0.0345827006,0.0641020164,0.0757573023,0.8754585981,0.8754832149,0.0192380995,0.0000000000,0.0000000000,0.0505660102,0.1202840731,0.1566054523,0.2162842751,0.2058409303,0.0000033591,0.0000000000,0.0000000000,0.0000000000,-0.2040079832,0.1980666518,-0.0406381972,-0.1322915703,0.1981423944,-0.0264774859
00:42:16:49.136,61,0.2803801298,0.3215023875,0.0000000000,0.2338047475,0.0000000000,0.2242569327,0.0000000000,0.2799948454,0.3172795773,0.3528093100,0.0000000000,0.0000000000,0.2259558290,0.0000000000,0.0377427973,0.0073726075,0.0000000000,0.0327695459,0.0120381173,0.0189997479,0.0725887939,0.0000000000,0.0161810089,0.3619279265,0.3672006726,0.0000000000,0.0000000000,0.4727284908,0.4597544074,0.0958924517,0.0957557708,0.1467093378,0.0257997010,0.7417137623,0.6039303541,0.4164040089,0.4350594878,0.0330416039,0.0347018726,0.0637853369,0.0751899183,0.8732911348,0.8733223677,0.0194739830,0.0000000000,0.0000000000,0.0503189266,0.1205859408,0.1583574414,0.2189307362,0.2078012824,0.0000045646,0.0000000000,0.0000000000,0.0000000000,-0.2114218920,0.1982870251,-0.0421397053,-0.1400593817,0.1983625591,-0.0280534439
00:42:16:50.137,61,0.2811436057,0.3257079124,0.0000000000,0.2407851517,0.0000000000,0.2228412777,0.0000000000,0.2807485759,0.3213393986,0.3596535027,0.0000000000,0.0000000000,0.2250412703,0.0000000000,0.0372707993,0.0078068846,0.0000000000,0.0326424278,0.0121255815,0.0186961442,0.0720182732,0.0000000000,0.0153980441,0.3607102334,0.3631119728,0.0000000000,0.0000000000,0.4733184278,0.4601357877,0.0960462391,0.0958532915,0.1468040496,0.0254176315,0.7416420579,0.6038516164,0.4166776538,0.4351995885,0.0329568647,0.0348416120,0.0635818541,0.0747747943,0.8722172379,0.8722510338,0.0197001826,0.0000000000,0.0000000000,0.0501763932,0.1209199727,0.1595958322,0.2255147994,0.2127687931,0.0000062821,0.0000000000,0.0000000000,0.0000000000,-0.2154135257,0.2010019720,-0.0435250774,-0.1441650391,0.2010776848,-0.0292754378
00:42:16:51.139,61,0.2816379666,0.3246140182,0.0000000000,0.2410929501,0.0000000000,0.2203359157,0.0000000000,0.2812421322,0.3202547729,0.3599599302,0.0000000000,0.0000000000,0.2230972648,0.0000000000,0.0368566252,0.0082837241,0.0000000000,0.0325264931,0.0121769812,0.0184306875,0.0715631768,0.0000000000,0.0148200169,0.3592715561,0.3607620001,0.0000000000,0.0000000000,0.4804700613,0.4677590728,0.0963041708,0.0960382894,0.1476518214,0.0250634458,0.7436484694,0.6063767076,0.4172540307,0.4357415140,0.0327948369,0.0348907113,0.0634142458,0.0744398907,0.8713296652,0.8713653088,0.0198951364,0.0000000000,0.0000000000,0.0501960255,0.1209977642,0.1602064818,0.2279815972,0.2147204578,0.0000095899,0.0000000000,0.0000000000,0.0000000000,-0.2156257778,0.2003325671,-0.0434183627,-0.1443688720,0.2004082203,-0.0292162970
00:42:16:52.140,61,0.2819307745,0.3259801567,0.0000000000,0.2405260503,0.0000000000,0.2170445025,0.0000000000,0.2815362513,0.3216143548,0.3593404591,0.0000000000,0.0000000000,0.2202447653,0.0000000000,0.0364702754,0.0087655745,0.0000000000,0.0324174054,0.0122418134,0.0182027873,0.0710847527,0.0000000000,0.0144108161,0.3592273891,0.3637287319,0.0000000000,0.0000000000,0.4824593961,0.4699198306,0.0965656936,0.0962458476,0.1482944638,0.0246997382,0.7446182966,0.6075206995,0.4171357453,0.4355944693,0.0326237045,0.0349235684,0.0633623078,0.0742747113,0.8698706627,0.8699104190,0.0201258343,0.0000000000,0.0000000000,0.0501876213,0.1214278489,0.1618329883,0.2299020290,0.2170392573,0.0000111903,0.0000000000,0.0000000000,0.0000000000,-0.2152188569,0.2011654079,-0.0435226820,-0.1440051049,0.2012411058,-0.0292676091
00:42:16:53.142,61,0.2816302478,0.3240876794,0.0000000000,0.2322910726,0.0000000000,0.2111066580,0.0000000000,0.2812405229,0.3198424876,0.3515923619,0.0000000000,0.0000000000,0.2144513577,0.0000000000,0.0361128524,0.0092671383,0.0000000000,0.0323194489,0.0122994315,0.0179926958,0.0706868693,0.0000000000,0.0141153987,0.3607177138,0.3695367277,0.0000000000,0.0000000000,0.4839451909,0.4717859328,0.0969012380,0.0964983404,0.1490134448,0.0243448857,0.7461282611,0.6097626686,0.4168179929,0.4352890551,0.0324486941,0.0349421948,0.0633396655,0.0741870031,0.8682695031,0.8683114052,0.0203627013,0.0000000000,0.0000000000,0.0502753481,0.1218303889,0.1627476066,0.2310374081,0.2183371335,0.0000120624,0.0000000000,0.0000000000,0.0000000000,-0.2106270343,0.1998551935,-0.0423244126,-0.1391086727,0.1999309957,-0.0280905161
00:42:16:54.144,61,0.2795120478,0.3220630586,0.0000000000,0.2265368849,0.0000000000,0.2062791735,0.0000000000,0.2792007029,0.3179109693,0.3461630940,0.0000000000,0.0000000000,0.2096104771,0.0000000000,0.0357837044,0.0097436290,0.0000000000,0.0322210081,0.0123257274,0.0177598130,0.0703475848,0.0000000000,0.0139274737,0.3611316979,0.3713684082,0.0000000000,0.0000000000,0.4863728285,0.4757171869,0.0969789401,0.0965199247,0.1497491449,0.0240530726,0.7470251918,0.6108892560,0.4169061780,0.4354540408,0.0322797410,0.0349342898,0.0632648394,0.0740691870,0.8675916195,0.8676341772,0.0205050260,0.0000000000,0.0000000000,0.0504128970,0.1217371970,0.1628281474,0.2314391136,0.2189543992,0.0000121582,0.0000000000,0.0000000000,0.0000000000,-0.2074254602,0.1985109001,-0.0414035097,-0.1356973946,0.1985867471,-0.0272171721
00:42:16:55.145,61,0.2786416709,0.3225054145,0.0000000000,0.2224998772,0.0000000000,0.2032681257,0.0000000000,0.2783574760,0.3183960617,0.3423616290,0.0000000000,0.0000000000,0.2065635473,0.0000000000,0.0355328731,0.0101767369,0.0000000000,0.0321759321,0.0123167718,0.0175070148,0.0701186955,0.0000000000,0.0137729682,0.3567947745,0.3691113889,0.0000000000,0.0000000000,0.4972880483,0.4894276857,0.0969352871,0.0964536145,0.1530104578,0.0238835383,0.7477976680,0.6118032336,0.4304928184,0.4501836300,0.0320804790,0.0348640792,0.0630841255,0.0738223568,0.8673409224,0.8673834205,0.0205952581,0.0000000000,0.0000000000,0.0506614409,0.1212170422,0.1606794596,0.2256436646,0.2145368010,0.0000121087,0.0000000000,0.0000000000,0.0000000000,-0.2051367313,0.1987175196,-0.0409973450,-0.1332725137,0.1987934560,-0.0267625153
00:42:16:56.146,61,0.2771443725,0.3221796751,0.0000000000,0.2134301960,0.0000000000,0.2012975514,0.0000000000,0.2769005001,0.3181887269,0.3336706758,0.0000000000,0.0000000000,0.2045267820,0.0000000000,0.0352581404,0.0105881048,0.0000000000,0.0321254283,0.0122997845,0.0171931945,0.0697698519,0.0000000000,0.0136442091,0.3549248874,0.3683874011,0.0000000000,0.0000000000,0.5004337430,0.4934237301,0.0966426656,0.0961419791,0.1539796889,0.0237676669,0.7451548576,0.6076719761,0.4341852963,0.4541676641,0.0319120660,0.0348022319,0.0626915768,0.0733584538,0.8670008183,0.8670427799,0.0206442401,0.0000000000,0.0000000000,0.0507022999,0.1195166111,0.1569729745,0.2052109092,0.1994451880,0.0000110863,0.0000000000,0.0000000000,0.0000000000,-0.1999371648,0.1983733028,-0.0399023481,-0.1278463006,0.1984493136,-0.0256338008
00:42:16:57.148,61,0.2744459510,0.3203582168,0.0000000000,0.2063716799,0.0000000000,0.2002707273,0.0000000000,0.2742435932,0.3164791763,0.3268570602,0.0000000000,0.0000000000,0.2034756988,0.0000000000,0.0350520313,0.0109956404,0.0000000000,0.0321434699,0.0122905253,0.0168637969,0.0694530159,0.0000000000,0.0135271782,0.3461496830,0.3640337586,0.0000000000,0.0000000000,0.5018431544,0.4953201711,0.0963404253,0.0958166346,0.1545555741,0.0237265602,0.7412400842,0.6025204659,0.4362240434,0.4563590586,0.0317408405,0.0347155668,0.0621472485,0.0727494434,0.8665661216,0.8666071892,0.0206521284,0.0000000000,0.0000000000,0.0506752022,0.1173972189,0.1533626020,0.1918081194,0.1871251464,0.0000105890,0.0000000000,0.0000000000,0.0000000000,-0.1958971769,0.1971450001,-0.0388590395,-0.1236465648,0.1972209960,-0.0246389750
00:42:16:58.150,61,0.2731754184,0.3184109628,0.0000000000,0.2020671666,0.0000000000,0.2001760304,0.0000000000,0.2729881704,0.3146108687,0.3226546049,0.0000000000,0.0000000000,0.2033775151,0.0000000000,0.0348949954,0.0113491546,0.0000000000,0.0322347917,0.0123162242,0.0165331159,0.0690079033,0.0000000000,0.0133855110,0.3434134126,0.3625769913,0.0000000000,0.0000000000,0.5019233823,0.4958538413,0.0960320011,0.0954780355,0.1547165513,0.0237556621,0.7283329964,0.5856614709,0.4371978343,0.4574181139,0.0316656120,0.0347105749,0.0615083277,0.0719963536,0.8661226034,0.8661625981,0.0206205826,0.0000000000,0.0000000000,0.0504915044,0.1163166687,0.1517604440,0.1844997257,0.1809833944,0.0000109222,0.0000000000,0.0000000000,0.0000000000,-0.1934233606,0.1958838254,-0.0381233096,-0.1210966557,0.1959597170,-0.0239752494
00:42:16:59.151,61,0.2721336484,0.3153496981,0.0000000000,0.1969273835,0.0000000000,0.2004495263,0.0000000000,0.2719554305,0.3116524220,0.3176002204,0.0000000000,0.0000000000,0.2036464661,0.0000000000,0.0347812846,0.0115900198,0.0000000000,0.0323764607,0.0123519078,0.0162141621,0.0685713291,0.0000000000,0.0132833440,0.3420745134,0.3618495762,0.0000000000,0.0000000000,0.5020017624,0.4961452186,0.0957894027,0.0952372402,0.1548999548,0.0238500070,0.7240887284,0.5803961158,0.4378087819,0.4580613673,0.0316179954,0.0347175933,0.0608741194,0.0712855086,0.8655918241,0.8656308651,0.0205565635,0.0000000000,0.0000000000,0.0502887592,0.1155829951,0.1507693827,0.1804739833,0.1773565412,0.0000092368,0.0000000000,0.0000000000,0.0000000000,-0.1904623210,0.1939278841,-0.0371631868,-0.1180604920,0.1940037161,-0.0231379382
00:42:17:00.153,61,0.2700599432,0.3109738529,0.0000000000,0.1943407655,0.0000000000,0.2018345296,0.0000000000,0.2699110210,0.3073617816,0.3149647415,0.0000000000,0.0000000000,0.2050816864,0.0000000000,0.0347203575,0.0117489137,0.0000000000,0.0325456895,0.0123806549,0.0159016307,0.0681912526,0.0000000000,0.0131513458,0.3416275680,0.3616020977,0.0000000000,0.0000000000,0.5024966002,0.4967137873,0.0956816971,0.0951299444,0.1551562548,0.0240064207,0.7217110395,0.5774987936,0.4381319880,0.4584352672,0.0315768570,0.0347122848,0.0602195673,0.0705456361,0.8644616604,0.8644983172,0.0204603616,0.0000000000,0.0000000000,0.0501150750,0.1150443554,0.1500987709,0.1765256375,0.1734996289,0.0000102372,0.0000000000,0.0000000000,0.0000000000,-0.1889784336,0.1912016124,-0.0363464840,-0.1165706441,0.1912771761,-0.0225183815
00:42:17:01.155,61,0.2652742565,0.3073888421,0.0000000000,0.1935728490,0.0000000000,0.2031470388,0.0000000000,0.2651713192,0.3038290441,0.3141092062,0.0000000000,0.0000000000,0.2064813673,0.0000000000,0.0347287133,0.0118970871,0.0000000000,0.0327048488,0.0123929316,0.0156068932,0.0679192618,0.0000000000,0.0130299693,0.3410333395,0.3610325754,0.0000000000,0.0000000000,0.5030026436,0.4972555041,0.0956079215,0.0950414538,0.1555995047,0.0241760500,0.7207256556,0.5763871670,0.4385885894,0.4589790106,0.0314961933,0.0346579142,0.0596341714,0.0698916018,0.8637199402,0.8637557626,0.0203311816,0.0000000000,0.0000000000,0.0500116758,0.1144088209,0.1493413597,0.1738814712,0.1708581150,0.0000089972,0.0000000000,0.0000000000,0.0000000000,-0.1885431260,0.1889871657,-0.0358339660,-0.1161589399,0.1890624315,-0.0221731719
00:42:17:02.157,61,0.2626290619,0.3067756593,0.0000000000,0.1924912483,0.0000000000,0.2041305602,0.0000000000,0.2625403702,0.3032373190,0.3130250573,0.0000000000,0.0000000000,0.2074999064,0.0000000000,0.0347348899,0.0119676059,0.0000000000,0.0328598283,0.0123980194,0.0153022250,0.0675965399,0.0000000000,0.0128678810,0.3408014774,0.3606447577,0.0000000000,0.0000000000,0.5041920543,0.4982480407,0.0954393223,0.0948646441,0.1559239328,0.0243764836,0.7198407650,0.5754412413,0.4388734698,0.4593541622,0.0314576626,0.0346291997,0.0590161309,0.0691993311,0.8630716205,0.8631067276,0.0201748125,0.0000000000,0.0000000000,0.0498505235,0.1136194319,0.1477235854,0.1698434800,0.1670677662,0.0000080651,0.0000000000,0.0000000000,0.0000000000,-0.1879055351,0.1885957569,-0.0356386304,-0.1155182645,0.1886710078,-0.0220047180
00:42:17:03.158,61,0.2612391412,0.3061699271,0.0000000000,0.1883969903,0.0000000000,0.2046520859,0.0000000000,0.2611559927,0.3026898205,0.3090466559,0.0000000000,0.0000000000,0.2080077976,0.0000000000,0.0347857326,0.0119636832,0.0000000000,0.0330193155,0.0124072051,0.0150228422,0.0672968179,0.0000000000,0.0127061196,0.3407190144,0.3603137732,0.0000000000,0.0000000000,0.5063602924,0.5002316236,0.0951869488,0.0946218222,0.1562023312,0.0246132798,0.7175197601,0.5717460513,0.4386934042,0.4592318833,0.0314802155,0.0346543044,0.0583918355,0.0684930906,0.8625398874,0.8625741005,0.0200411938,0.0000000000,0.0000000000,0.0496834628,0.1125622988,0.1452016979,0.1663366258,0.1635414809,0.0000093147,0.0000000000,0.0000000000,0.0000000000,-0.1855300814,0.1881695986,-0.0351123139,-0.1130695418,0.1882449090,-0.0214906223
00:42:17:04.159,61,0.2604299784,0.3048035204,0.0000000000,0.1809473187,0.0000000000,0.2049765885,0.0000000000,0.2603479624,0.3014320731,0.3017974496,0.0000000000,0.0000000000,0.2082803100,0.0000000000,0.0348564610,0.0119031882,0.0000000000,0.0331783108,0.0124210529,0.0147588421,0.0669759810,0.0000000000,0.0125534385,0.3408878744,0.3602357805,0.0000000000,0.0000000000,0.5081626773,0.5017749071,0.0949542522,0.0943864137,0.1564315408,0.0248497445,0.7145059705,0.5672373176,0.4380908012,0.4587073922,0.0315464437,0.0347123034,0.0577961504,0.0678175688,0.8621252775,0.8621583581,0.0199352670,0.0000000000,0.0000000000,0.0494640283,0.1117966771,0.1435003877,0.1632989794,0.1606366336,0.0000104958,0.0000000000,0.0000000000,0.0000000000,-0.1812061220,0.1872354150,-0.0341294967,-0.1086163372,0.1873106658,-0.0205429774
00:42:17:05.161,61,0.2600432932,0.3049706519,0.0000000000,0.1728031188,0.0000000000,0.2050683051,0.0000000000,0.2599624693,0.3017014265,0.2938566804,0.0000000000,0.0000000000,0.2082962990,0.0000000000,0.0349115431,0.0118938424,0.0000000000,0.0333097056,0.0124329962,0.0145433201,0.0667428076,0.0000000000,0.0125183230,0.3429831266,0.3625317216,0.0000000000,0.0000000000,0.5097481012,0.5035632253,0.0947559699,0.0941672921,0.1566723436,0.0250459127,0.7132819891,0.5654323697,0.4366527200,0.4576369822,0.0316369981,0.0347892754,0.0572983213,0.0672823265,0.8619977236,0.8620299101,0.0198243894,0.0000000000,0.0000000000,0.0492546372,0.1111853719,0.1424870789,0.1620120406,0.1594472826,0.0000125868,0.0000000000,0.0000000000,0.0000000000,-0.1764346510,0.1872393042,-0.0332416520,-0.1037262827,0.1873145998,-0.0196221676
00:42:17:06.163,61,0.2596551776,0.3042704761,0.0000000000,0.1655052900,0.0000000000,0.2054968029,0.0000000000,0.2595770359,0.3010993600,0.2868008316,0.0000000000,0.0000000000,0.2086587399,0.0000000000,0.0349958986,0.0119457357,0.0000000000,0.0334147029,0.0124180596,0.0143958945,0.0666191950,0.0000000000,0.0126207415,0.3529676199,0.3747820258,0.0000000000,0.0000000000,0.5290914178,0.5250998735,0.0946416333,0.0940275937,0.1571786851,0.0252256859,0.7129942775,0.5646612048,0.4342555106,0.4561068118,0.0317486189,0.0348735079,0.0569290295,0.0669308454,0.8635233045,0.8635517359,0.0197075009,0.0000000000,0.0000000000,0.0491295159,0.1108805761,0.1420365274,0.1613865048,0.1589306295,0.0000112541,0.0000000000,0.0000000000,0.0000000000,-0.1722116917,0.1867249459,-0.0323633514,-0.0993542820,0.1868002713,-0.0187452603
00:42:17:07.164,61,0.2628109455,0.3031037152,0.0000000000,0.1528799832,0.0000000000,0.2073618621,0.0000000000,0.2627080679,0.3001105189,0.2743131220,0.0000000000,0.0000000000,0.2102220356,0.0000000000,0.0350557119,0.0119780879,0.0000000000,0.0335724279,0.0124737406,0.0143286195,0.0664684922,0.0000000000,0.0126207024,0.4039763510,0.4236406088,0.0000000000,0.0000000000,0.5338341594,0.5295173526,0.0948458314,0.0941766053,0.1573935747,0.0253466982,0.7126554847,0.5633683801,0.4292469621,0.4511879385,0.0320237093,0.0351016149,0.0566966347,0.0666987449,0.8641397357,0.8641669750,0.0196217634,0.0000000000,0.0000000000,0.0489345640,0.1124758050,0.1449348778,0.1630123258,0.1616880149,0.0000085213,0.0000000000,0.0000000000,0.0000000000,-0.1647344381,0.1858722270,-0.0308274310,-0.0917883068,0.1859473884,-0.0172413215
00:42:17:08.166,61,0.2638286948,0.3019734323,0.0000000000,0.1298145503,0.0000000000,0.2083812952,0.0000000000,0.2637120485,0.2992836535,0.2518686056,0.0000000000,0.0000000000,0.2110805362,0.0000000000,0.0351593345,0.0119653158,0.0000000000,0.0337432586,0.0125116035,0.0143289287,0.0662568882,0.0000000000,0.0125081623,0.4182867706,0.4374565184,0.0000000000,0.0000000000,0.5578921437,0.5458524227,0.0953021571,0.0944991931,0.1595929116,0.0255097598,0.7128144503,0.5626541972,0.4247152805,0.4466833472,0.0323620327,0.0353547335,0.0566175692,0.0665877238,0.8644869924,0.8645132184,0.0195193160,0.0000000000,0.0000000000,0.0488519743,0.1170123145,0.1478940696,0.1634351760,0.1623113751,0.0000126811,0.0000000000,0.0000000000,0.0000000000,-0.1512737721,0.1849582493,-0.0281875227,-0.0779510885,0.1850334406,-0.0145746497
00:42:17:09.167,61,0.2660826445,0.3029404581,0.0000000000,0.1085958630,0.0000000000,0.2097585350,0.0000000000,0.2658644915,0.3005192578,0.2310726941,0.0000000000,0.0000000000,0.2121034563,0.0000000000,0.0353377648,0.0118633853,0.0000000000,0.0339423530,0.0125727328,0.0143967597,0.0660067648,0.0000000000,0.0121779181,0.4320517778,0.4468919337,0.0000000000,0.0000000000,0.5665909648,0.5524573326,0.0960701630,0.0949390680,0.1619707644,0.0256655924,0.7132152319,0.5620472431,0.4134247303,0.4340765178,0.0328032188,0.0356813706,0.0566551536,0.0665294304,0.8647525907,0.8647776842,0.0194267835,0.0000000000,0.0000000000,0.0487139076,0.1246583462,0.1521082222,0.1640454084,0.1628748775,0.0000159497,0.0000000000,0.0000000000,0.0000000000,-0.1387669891,0.1853791624,-0.0259340443,-0.0652031824,0.1854544729,-0.0122235101
00:42:17:10.170,61,0.2670576870,0.3012264371,0.0000000000,0.0942924842,0.0000000000,0.2103805840,0.0000000000,0.2668159902,0.2990034223,0.2170738131,0.0000000000,0.0000000000,0.2125488520,0.0000000000,0.0355826356,0.0116856135,0.0000000000,0.0342137776,0.0126820626,0.0144899394,0.0656488240,0.0000000000,0.0118558165,0.4599020779,0.4723488986,0.0000000000,0.0000000000,0.5715134144,0.5564682484,0.0968068615,0.0954109728,0.1644604057,0.0258452371,0.7133107185,0.5577979684,0.3888083994,0.4099169374,0.0333715901,0.0361302793,0.0567430444,0.0665159151,0.8648188710,0.8648430109,0.0193319991,0.0000000000,0.0000000000,0.0485929474,0.1325390935,0.1591828614,0.1659953445,0.1642088592,0.0000182135,0.0000000000,0.0000000000,0.0000000000,-0.1303844005,0.1842322946,-0.0242230073,-0.0566265620,0.1843075901,-0.0105504766
00:42:17:11.170,61,0.2676977813,0.2975342870,0.0000000000,0.0880855471,0.0000000000,0.2104153931,0.0000000000,0.2674541473,0.2954177260,0.2109248638,0.0000000000,0.0000000000,0.2124541402,0.0000000000,0.0357471518,0.0114137884,0.0000000000,0.0344809517,0.0128332758,0.0145844547,0.0653516576,0.0000000000,0.0116628269,0.4850421548,0.4984269440,0.0000000000,0.0000000000,0.5713980794,0.5569128394,0.0975304544,0.0959688351,0.1654969603,0.0259359758,0.7134258747,0.5557103753,0.3726935685,0.3928740919,0.0339707136,0.0366287678,0.0568875298,0.0666002631,0.8648331761,0.8648565412,0.0192809924,0.0000000000,0.0000000000,0.0485157184,0.1392253041,0.1687132865,0.1772219986,0.1778551936,0.0000190406,0.0000000000,0.0000000000,0.0000000000,-0.1267429888,0.1819359064,-0.0232503694,-0.0529212505,0.1820110083,-0.0097351922
00:42:17:12.173,61,0.2684219778,0.2971064448,0.0000000000,0.0831528604,0.0000000000,0.2097227126,0.0000000000,0.2681865990,0.2950600684,0.2059262544,0.0000000000,0.0000000000,0.2115115076,0.0000000000,0.0359105095,0.0111228218,0.0000000000,0.0348114148,0.0130202528,0.0147055956,0.0649815723,0.0000000000,0.0116354283,0.4959212542,0.5102989674,0.0000000000,0.0000000000,0.5716583133,0.5572822690,0.0995041877,0.0972023755,0.1662455797,0.0259942506,0.7135669589,0.5543931723,0.3650496304,0.3851897418,0.0345734656,0.0371482782,0.0570338666,0.0667214170,0.8643853068,0.8644083142,0.0192897506,0.0000000000,0.0000000000,0.0484986268,0.1472254246,0.1793143749,0.1816336066,0.1831503958,0.0000124044,0.0000000000,0.0000000000,0.0000000000,-0.1237448379,0.1816462427,-0.0226664692,-0.0499602109,0.1817212999,-0.0091760317
00:42:17:13.174,61,0.2705227733,0.3008711934,0.0000000000,0.0753634870,0.0000000000,0.2088317871,0.0000000000,0.2703873217,0.2989054322,0.1981819868,0.0000000000,0.0000000000,0.2103629112,0.0000000000,0.0360581987,0.0107790679,0.0000000000,0.0352057293,0.0132472292,0.0148569839,0.0645864904,0.0000000000,0.0116277384,0.5122799277,0.5265666842,0.0000000000,0.0000000000,0.5722268224,0.5578643084,0.1027204990,0.0994615555,0.1668047607,0.0260514487,0.7134503126,0.5496185422,0.3592566252,0.3795724511,0.0353437550,0.0377658270,0.0571785122,0.0668218881,0.8613722324,0.8613933921,0.0193232168,0.0000000000,0.0000000000,0.0484507978,0.1594090313,0.1912228614,0.1838897020,0.1857607216,0.0000080700,0.0000000000,0.0000000000,0.0000000000,-0.1190403700,0.1839071661,-0.0220867228,-0.0452610366,0.1839823276,-0.0084194047
00:42:17:14.176,61,0.2714673877,0.3020254970,0.0000000000,0.0677672327,0.0000000000,0.2080893666,0.0000000000,0.2713631094,0.3001544476,0.1906548142,0.0000000000,0.0000000000,0.2094646245,0.0000000000,0.0361971706,0.0103386287,0.0000000000,0.0356003717,0.0134634078,0.0150167318,0.0641899258,0.0000000000,0.0113383234,0.5252911448,0.5349567533,0.0000000000,0.0000000000,0.5773223042,0.5602281690,0.1049645394,0.1008374244,0.1674864143,0.0261097029,0.7136114240,0.5478881001,0.3561328053,0.3764857054,0.0361000374,0.0383537896,0.0574104860,0.0669351369,0.8590570688,0.8590747118,0.0193280224,0.0000000000,0.0000000000,0.0483802781,0.1681646407,0.1974884868,0.1853470951,0.1872905791,0.0000070794,0.0000000000,0.0000000000,0.0000000000,-0.1145035475,0.1845763773,-0.0213280562,-0.0406937003,0.1846515089,-0.0075984928
00:42:17:15.177,61,0.2738857567,0.3055408895,0.0000000000,0.0602665059,0.0000000000,0.2063107342,0.0000000000,0.2738296986,0.3037501574,0.1832865775,0.0000000000,0.0000000000,0.2074196190,0.0000000000,0.0362870730,0.0098487074,0.0000000000,0.0359540917,0.0136820134,0.0151375905,0.0637992844,0.0000000000,0.0108459014,0.5370606780,0.5427109003,0.0000000000,0.0000000000,0.5786865950,0.5607292056,0.1065693125,0.1018642336,0.1677379608,0.0260996632,0.7136676311,0.5466244221,0.3531889915,0.3731442690,0.0369584598,0.0389592685,0.0576414987,0.0669961944,0.8574269414,0.8574414849,0.0193563607,0.0000000000,0.0000000000,0.0481824353,0.1721259505,0.2004961669,0.1865014583,0.1883895248,0.0000069731,0.0000000000,0.0000000000,0.0000000000,-0.1100336611,0.1866926402,-0.0207396243,-0.0361750536,0.1867679656,-0.0068344139
00:42:17:16.178,61,0.2805461884,0.3117565811,0.0000000000,0.0526343472,0.0000000000,0.2034250498,0.0000000000,0.2805294096,0.3100364208,0.1758158803,0.0000000000,0.0000000000,0.2042642981,0.0000000000,0.0363318399,0.0094694952,0.0000000000,0.0362701714,0.0139095979,0.0152191604,0.0632910132,0.0000000000,0.0104691982,0.5437978506,0.5512823462,0.0000000000,0.0000000000,0.5784749389,0.5602984428,0.1075408608,0.1025930420,0.1677170843,0.0260514487,0.7133825421,0.5440511703,0.3517166078,0.3715076149,0.0377720185,0.0396001451,0.0578830987,0.0671102852,0.8565366268,0.8565498590,0.0194345638,0.0000000000,0.0000000000,0.0479118116,0.1745092273,0.2024387419,0.1879248768,0.1900751591,0.0000067352,0.0000000000,0.0000000000,0.0000000000,-0.1054721996,0.1904617697,-0.0202944372,-0.0315710083,0.1905373931,-0.0060882401
00:42:17:17.180,61,0.2869951725,0.3132405579,0.0000000000,0.0471015312,0.0000000000,0.1993220001,0.0000000000,0.2869812548,0.3115922511,0.1702178568,0.0000000000,0.0000000000,0.1999683082,0.0000000000,0.0363564566,0.0091268905,0.0000000000,0.0366505831,0.0141477799,0.0151686948,0.0620096847,0.0000000000,0.0098577719,0.5811350942,0.5850392580,0.0000000000,0.0000000000,0.5785784721,0.5601021647,0.1085159108,0.1033142358,0.1677113473,0.0259495601,0.7132607698,0.5430165529,0.3461429477,0.3638172150,0.0384570286,0.0401400812,0.0581447072,0.0671912581,0.8541865945,0.8541965485,0.0195085425,0.0000000000,0.0000000000,0.0473879203,0.1850455403,0.2116466910,0.1910201013,0.1932442337,0.0000082964,0.0000000000,0.0000000000,0.0000000000,-0.1020956561,0.1913495511,-0.0197410285,-0.0282474142,0.1914250702,-0.0054735113
00:42:17:18.182,61,0.2961631417,0.3150914907,0.0000000000,0.0373345017,0.0000000000,0.1937574744,0.0000000000,0.2960972190,0.3135522008,0.1604642272,0.0000000000,0.0000000000,0.1942283362,0.0000000000,0.0362972058,0.0087006120,0.0000000000,0.0370326489,0.0144637255,0.0149903009,0.0580057651,0.0000000000,0.0089442963,0.6394749284,0.6388189197,0.0000000000,0.0000000000,0.5577195883,0.5298222899,0.1105956584,0.1048839167,0.1658329070,0.0256986730,0.7110010982,0.5388218760,0.3089172244,0.3184778988,0.0391891897,0.0407272540,0.0584906861,0.0672625974,0.8508360386,0.8508417606,0.0196775645,0.0000000000,0.0000000000,0.0454085357,0.2338375002,0.2586817145,0.2097746730,0.2119892091,0.0000107253,0.0000000000,0.0000000000,0.0000000000,-0.0962238535,0.1924394369,-0.0187181793,-0.0223851204,0.1925273091,-0.0043634060
00:42:17:19.184,61,0.3021901846,0.3186851740,0.0000000000,0.0273648370,0.0000000000,0.1894475818,0.0000000000,0.3020849228,0.3172712922,0.1505806148,0.0000000000,0.0000000000,0.1897968948,0.0000000000,0.0361280926,0.0081125489,0.0000000000,0.0373337828,0.0148359407,0.0147689180,0.0540966988,0.0000000000,0.0077605182,0.6621551514,0.6576374173,0.0000000000,0.0000000000,0.5316886306,0.5040996671,0.1115963906,0.1057406887,0.1581608504,0.0253344253,0.6987801790,0.5229569674,0.2923501134,0.3017767370,0.0404861830,0.0413959473,0.0589297488,0.0673327371,0.8479959369,0.8479987383,0.0199124664,0.0000000000,0.0000000000,0.0423370004,0.2532012463,0.2759550810,0.2195041031,0.2215414494,0.0000116494,0.0000000000,0.0000000000,0.0000000000,-0.0902575552,0.1946122795,-0.0177643783,-0.0164004490,0.1947002262,-0.0032339850
00:42:17:20.185,61,0.3048518598,0.3198917508,0.0000000000,0.0184968635,0.0000000000,0.1850770563,0.0000000000,0.3047319949,0.3185999990,0.1417306960,0.0000000000,0.0000000000,0.1853407174,0.0000000000,0.0358341970,0.0075386828,0.0000000000,0.0375520848,0.0151510937,0.0144968899,0.0516821630,0.0000000000,0.0066470788,0.6737683415,0.6684244871,0.0000000000,0.0000000000,0.5246668458,0.4969488680,0.1123892814,0.1065001339,0.1544519514,0.0249126349,0.6954714060,0.5187629461,0.2852419615,0.2941189706,0.0412376001,0.0418946408,0.0593400821,0.0673795268,0.8419131637,0.8419134617,0.0201580841,0.0000000000,0.0000000000,0.0404183269,0.2620561421,0.2841110826,0.2233934104,0.2254320532,0.0000119410,0.0000000000,0.0000000000,0.0000000000,-0.0849398673,0.1953349560,-0.0167842396,-0.0110840369,0.1954229176,-0.0021940286
00:42:17:21.187,61,0.3063837588,0.3215290904,0.0000000000,0.0082184030,0.0000000000,0.1808308214,0.0000000000,0.3062554002,0.3203789890,0.1314937174,0.0000000000,0.0000000000,0.1810258478,0.0000000000,0.0353993252,0.0069416808,0.0000000000,0.0376117751,0.0153871328,0.0141885588,0.0502350405,0.0000000000,0.0056055407,0.6811209917,0.6754320264,0.0000000000,0.0000000000,0.5250799060,0.4975704253,0.1129784733,0.1071458980,0.1485962272,0.0244174395,0.6939241886,0.5169447660,0.2812165916,0.2898727059,0.0417831317,0.0422545187,0.0596603565,0.0673325136,0.8343378305,0.8343371749,0.0203668419,0.0000000000,0.0000000000,0.0389712974,0.2662949860,0.2878750265,0.2239970565,0.2263567150,0.0000139233,0.0000000000,0.0000000000,0.0000000000,-0.0787883550,0.1963253617,-0.0156525094,-0.0049238121,0.1964133978,-0.0009797296
00:42:17:22.188,61,0.3068808913,0.3224853277,0.0000000000,0.0007038810,0.0000000000,0.1758473068,0.0000000000,0.3067478538,0.3214403689,0.1240130141,0.0000000000,0.0000000000,0.1759957969,0.0000000000,0.0349358357,0.0062996284,0.0000000000,0.0376687571,0.0156365819,0.0139017850,0.0491752923,0.0000000000,0.0046215793,0.6906349063,0.6847069860,0.0000000000,0.0000000000,0.5244230032,0.4969663918,0.1135794520,0.1079907641,0.1460415274,0.0238894355,0.6934169531,0.5180372596,0.2788851559,0.2874044478,0.0422166064,0.0425358973,0.0600598492,0.0673609152,0.8224427104,0.8224411011,0.0206697099,0.0000000000,0.0000000000,0.0379717983,0.2728275061,0.2927143574,0.2242817730,0.2267916948,0.0000126918,0.0000000000,0.0000000000,0.0000000000,-0.0742968097,0.1969070584,-0.0148069058,-0.0004216603,0.1969950944,-0.0000841565
00:42:17:23.190,61,0.3045544326,0.3236592710,0.0121619226,0.0000000000,0.0000000000,0.1693975776,0.0000000000,0.3044103980,0.3227944672,0.1113708615,0.0000000000,0.0000000000,0.1695018113,0.0000000000,0.0344418548,0.0055895955,0.0000000000,0.0376997069,0.0158856064,0.0136056216,0.0481859334,0.0000000000,0.0036392070,0.7152960896,0.7071961761,0.0000000000,0.0000000000,0.5243287086,0.4968723357,0.1140663996,0.1086970419,0.1447158158,0.0233414453,0.6936398149,0.5226722956,0.2774885297,0.2858903408,0.0426114388,0.0427641571,0.0606809556,0.0675841048,0.8146979213,0.8146943450,0.0209859889,0.0000000000,0.0000000000,0.0371557064,0.3035509586,0.3159063160,0.2247294337,0.2274134457,0.0000119557,0.0000000000,0.0000000000,0.0000000000,-0.0667122751,0.1976293325,-0.0133479778,0.0072845598,0.1977175325,0.0014593374
00:42:17:24.191,61,0.3006428182,0.3260768056,0.0243203919,0.0000000000,0.0000000000,0.1620308161,0.0000000000,0.3004936874,0.3253806829,0.0995163396,0.0000000000,0.0000000000,0.1621053666,0.0000000000,0.0339054540,0.0048975921,0.0000000000,0.0376947336,0.0161124319,0.0132945152,0.0472990535,0.0000000000,0.0027534459,0.7281441689,0.7211614251,0.0000000000,0.0000000000,0.5246465206,0.4972275198,0.1144556180,0.1093336567,0.1439979225,0.0227753725,0.6948398352,0.5283424258,0.2765811980,0.2848770320,0.0429647341,0.0429432467,0.0618528128,0.0679862276,0.8100111485,0.8100063205,0.0213097390,0.0000000000,0.0000000000,0.0364459045,0.3132890463,0.3246622980,0.2250982374,0.2280361950,0.0000111066,0.0000000000,0.0000000000,0.0000000000,-0.0595927499,0.1991219223,-0.0120178871,0.0145627111,0.1992104203,0.0029399262
00:42:17:25.193,61,0.2972666919,0.3279659152,0.0317923613,0.0000000000,0.0000000000,0.1561697423,0.0000000000,0.2971185446,0.3273752034,0.0921777338,0.0000000000,0.0000000000,0.1562348604,0.0000000000,0.0333619118,0.0042859470,0.0000000000,0.0377033800,0.0163385794,0.0129966149,0.0466028154,0.0000000000,0.0020477250,0.7335501909,0.7268206477,0.0000000000,0.0000000000,0.5249258876,0.4976440668,0.1148030832,0.1099553332,0.1435148865,0.0222399570,0.6955065727,0.5305919051,0.2759354413,0.2841531932,0.0432976186,0.0431294069,0.0626766160,0.0684188381,0.8052245975,0.8052200675,0.0216682181,0.0000000000,0.0000000000,0.0358447097,0.3178593516,0.3286233246,0.2252580076,0.2285237759,0.0000057828,0.0000000000,0.0000000000,0.0000000000,-0.0551848114,0.2002911866,-0.0111970920,0.0190323498,0.2003797740,0.0038653216
00:42:17:26.194,61,0.2956404388,0.3307689726,0.0420647822,0.0000000000,0.0000000000,0.1510647386,0.0000000000,0.2954920530,0.3303251266,0.0821111947,0.0000000000,0.0000000000,0.1511261165,0.0000000000,0.0328202397,0.0039247484,0.0000000000,0.0377084576,0.0165001824,0.0127139725,0.0461570621,0.0000000000,0.0017260737,0.7304369211,0.7284922600,0.0000000000,0.0000000000,0.5302612782,0.5083079934,0.1152173057,0.1106073633,0.1433708370,0.0217712075,0.6972046494,0.5338426232,0.2761088312,0.2843482792,0.0435100272,0.0432491116,0.0633227751,0.0688656569,0.8018911481,0.8018874526,0.0220109019,0.0000000000,0.0000000000,0.0354378223,0.3053852320,0.3226983845,0.2244644463,0.2284501791,0.0000027873,0.0000000000,0.0000000000,0.0000000000,-0.0491403565,0.2020314187,-0.0100608235,0.0251730457,0.2021201849,0.0051578279
00:42:17:27.196,61,0.2946819365,0.3303976357,0.0449680239,0.0000000000,0.0000000000,0.1479100883,0.0000000000,0.2945367098,0.3299978375,0.0791649222,0.0000000000,0.0000000000,0.1479752660,0.0000000000,0.0322899222,0.0038307090,0.0000000000,0.0376773514,0.0165516250,0.0124497842,0.0460587256,0.0000000000,0.0018597767,0.6941503882,0.7076756954,0.0000000000,0.0000000000,0.5572138429,0.5459495187,0.1156327650,0.1112727448,0.1436773390,0.0214061290,0.7057734132,0.5437511206,0.2946320772,0.3077722490,0.0435168184,0.0432172269,0.0636953041,0.0692126974,0.8001773953,0.8001740575,0.0222025048,0.0000000000,0.0000000000,0.0353592075,0.2558306158,0.2779764235,0.2118374705,0.2218293995,0.0000009593,0.0000000000,0.0000000000,0.0000000000,-0.0473791175,0.2018138021,-0.0096897930,0.0269116852,0.2019025832,0.0055078734
00:42:17:28.198,61,0.2868641913,0.3274025321,0.0466246642,0.0000000000,0.0000000000,0.1456510723,0.0000000000,0.2868159711,0.3270306289,0.0774044171,0.0000000000,0.0000000000,0.1457227319,0.0000000000,0.0318696275,0.0037745116,0.0000000000,0.0376952440,0.0165263247,0.0122439889,0.0462736636,0.0000000000,0.0022279737,0.6793851256,0.6894355416,0.0000000000,0.0000000000,0.5848987699,0.5698897839,0.1161828414,0.1123858243,0.1516175270,0.0211347602,0.7251188159,0.5654348135,0.3132711053,0.3271837831,0.0433871113,0.0430647470,0.0640219897,0.0696069598,0.7993689775,0.7993659377,0.0222750679,0.0000000000,0.0000000000,0.0356636643,0.2421146929,0.2658066452,0.1987344027,0.2074079812,0.0000007683,0.0000000000,0.0000000000,0.0000000000,-0.0463426113,0.1999892741,-0.0093899574,0.0279135164,0.2000778615,0.0056598163
00:42:17:29.200,61,0.2842701375,0.3289186060,0.0505840033,0.0000000000,0.0000000000,0.1433825195,0.0000000000,0.2842479050,0.3286047280,0.0733981952,0.0000000000,0.0000000000,0.1434540600,0.0000000000,0.0315377302,0.0036302987,0.0000000000,0.0377581343,0.0164782405,0.0120782303,0.0466209576,0.0000000000,0.0026199562,0.6732314825,0.6833083034,0.0000000000,0.0000000000,0.5975676179,0.5825940967,0.1168623641,0.1141867414,0.1632474214,0.0209007543,0.7376194596,0.5793097019,0.3227880597,0.3368596137,0.0432571061,0.0428906679,0.0645334572,0.0701948479,0.7988487482,0.7988460064,0.0222716499,0.0000000000,0.0000000000,0.0361123346,0.2372545004,0.2599790692,0.1940127760,0.2027055770,0.0000035815,0.0000000000,0.0000000000,0.0000000000,-0.0439355373,0.2009297609,-0.0089455927,0.0302781872,0.2010183483,0.0061687790
00:42:17:30.202,61,0.2826445401,0.3321385086,0.0534365289,0.0000000000,0.0000000000,0.1422079206,0.0000000000,0.2826359868,0.3318648934,0.0706081018,0.0000000000,0.0000000000,0.1422788203,0.0000000000,0.0313975364,0.0034258401,0.0000000000,0.0379172191,0.0164380763,0.0120123699,0.0470844358,0.0000000000,0.0031000203,0.6696645617,0.6796787977,0.0000000000,0.0000000000,0.6128582954,0.5991717577,0.1177384928,0.1158212349,0.1811681986,0.0207673237,0.7469714284,0.5894623399,0.3348740339,0.3497953117,0.0431836210,0.0427514389,0.0654440373,0.0718675479,0.7985973358,0.7985948324,0.0221816991,0.0000000000,0.0000000000,0.0368737131,0.2404277474,0.2595768571,0.1910316646,0.1997022182,0.0000067107,0.0000000000,0.0000000000,0.0000000000,-0.0422482342,0.2029083222,-0.0086893337,0.0319727212,0.2029970735,0.0065797996
00:42:17:31.203,61,0.2777785957,0.3327461183,0.0543221608,0.0000000000,0.0000000000,0.1416488588,0.0000000000,0.2777795792,0.3324855864,0.0697157159,0.0000000000,0.0000000000,0.1417183131,0.0000000000,0.0314830691,0.0032280951,0.0000000000,0.0381456204,0.0163745079,0.0120618148,0.0476703569,0.0000000000,0.0038125624,0.6503849626,0.6621810794,0.0000000000,0.0000000000,0.6471717358,0.6384565234,0.1192536503,0.1177327558,0.1990937591,0.0207655001,0.7543801665,0.5973117948,0.3468088806,0.3636310399,0.0431605317,0.0426664576,0.0664096326,0.0741405711,0.7988923192,0.7988900542,0.0220349692,0.0000000000,0.0000000000,0.0391266532,0.2405100465,0.2587016225,0.1839364320,0.1926057786,0.0000097288,0.0000000000,0.0000000000,0.0000000000,-0.0417110287,0.2032832056,-0.0085952086,0.0325001329,0.2033719718,0.0067009940
00:42:17:32.204,61,0.2655712366,0.3312810957,0.0532669276,0.0000000000,0.0000000000,0.1416244954,0.0000000000,0.2655891776,0.3310056031,0.0707473457,0.0000000000,0.0000000000,0.1416923702,0.0000000000,0.0317898318,0.0031038821,0.0000000000,0.0384499505,0.0162904151,0.0122279814,0.0484317802,0.0000000000,0.0056980802,0.6153384447,0.6347590685,0.0000000000,0.0000000000,0.6685922146,0.6613775492,0.1210218072,0.1195208505,0.2150669098,0.0209291317,0.7590017915,0.6016815901,0.3570591509,0.3762035072,0.0431740731,0.0426319167,0.0671749189,0.0760939643,0.7997336984,0.7997325063,0.0218228307,0.0000000000,0.0000000000,0.0430923402,0.2368312329,0.2556014061,0.1706599593,0.1797881424,0.0000144045,0.0000000000,0.0000000000,0.0000000000,-0.0423361063,0.2023836672,-0.0086842533,0.0318746828,0.2024724036,0.0065422035
00:42:17:33.206,61,0.2560557723,0.3305104375,0.0530731454,0.0000000000,0.0000000000,0.1420879513,0.0000000000,0.2560861409,0.3302325606,0.0709199607,0.0000000000,0.0000000000,0.1421522647,0.0000000000,0.0323077738,0.0030623111,0.0000000000,0.0388044603,0.0161754377,0.0124755362,0.0495835021,0.0000000000,0.0077869217,0.5942178369,0.6146722436,0.0000000000,0.0000000000,0.6936814785,0.6879321337,0.1233609021,0.1212603599,0.2372306585,0.0212622508,0.7645739913,0.6078848839,0.3693410158,0.3905979991,0.0432039760,0.0426152907,0.0679727346,0.0784971043,0.8015480638,0.8015483022,0.0215907488,0.0000000000,0.0000000000,0.0478827357,0.2290216535,0.2487099022,0.1609251499,0.1697020680,0.0000164706,0.0000000000,0.0000000000,0.0000000000,-0.0424435101,0.2019119710,-0.0086854175,0.0317617878,0.2020006329,0.0065034297
00:42:17:34.207,61,0.2490324527,0.3294606507,0.0541919917,0.0000000000,0.0000000000,0.1433529556,0.0000000000,0.2490639538,0.3292001784,0.0697667077,0.0000000000,0.0000000000,0.1434130520,0.0000000000,0.0329324156,0.0030797056,0.0000000000,0.0391970947,0.0160738211,0.0127758728,0.0504827686,0.0000000000,0.0095023615,0.5855934024,0.6068814397,0.0000000000,0.0000000000,0.7030423880,0.6977949739,0.1250021011,0.1223954186,0.2469458282,0.0216804333,0.7679720521,0.6116058230,0.3754706681,0.3973949850,0.0432893485,0.0426523946,0.0690621361,0.0809139460,0.8032235503,0.8032246828,0.0213422310,0.0000000000,0.0000000000,0.0514732413,0.2263807803,0.2463436127,0.1560895890,0.1648825258,0.0000192985,0.0000000000,0.0000000000,0.0000000000,-0.0417587198,0.2012748271,-0.0085176658,0.0324356109,0.2013634294,0.0066198190
00:42:17:35.209,61,0.2439311445,0.3284408450,0.0554959849,0.0000000000,0.0000000000,0.1441334486,0.0000000000,0.2439593822,0.3281999528,0.0684721693,0.0000000000,0.0000000000,0.1441917270,0.0000000000,0.0336099863,0.0031450347,0.0000000000,0.0396304242,0.0160102360,0.0130918166,0.0512903258,0.0000000000,0.0106723066,0.5812557340,0.6029928327,0.0000000000,0.0000000000,0.7076274753,0.7026168108,0.1261213273,0.1232874840,0.2518384159,0.0221182015,0.7697297931,0.6135009527,0.3786174059,0.4009104073,0.0433943942,0.0427031070,0.0702662542,0.0829986408,0.8040871024,0.8040886521,0.0211239681,0.0000000000,0.0000000000,0.0544740781,0.2252772003,0.2453895211,0.1534298360,0.1622489244,0.0000230699,0.0000000000,0.0000000000,0.0000000000,-0.0409889966,0.2006567568,-0.0083343834,0.0332202949,0.2007453740,0.0067585236
00:42:17:36.211,61,0.2415209264,0.3268790245,0.0565530881,0.0000000000,0.0000000000,0.1451254487,0.0000000000,0.2415481806,0.3266544640,0.0673866197,0.0000000000,0.0000000000,0.1451813281,0.0000000000,0.0343144573,0.0031984015,0.0000000000,0.0400685295,0.0159714241,0.0134314857,0.0519985966,0.0000000000,0.0115991738,0.5789737701,0.6008605361,0.0000000000,0.0000000000,0.7097681761,0.7048233151,0.1269714534,0.1239909604,0.2546000481,0.0225855988,0.7707040906,0.6144886017,0.3805114329,0.4029560983,0.0435241237,0.0427790657,0.0711548254,0.0842433348,0.8048350811,0.8048367500,0.0209046695,0.0000000000,0.0000000000,0.0564422198,0.2248443663,0.2450039387,0.1518530101,0.1606961936,0.0000256437,0.0000000000,0.0000000000,0.0000000000,-0.0403468981,0.1997066140,-0.0081640007,0.0338596292,0.1997951120,0.0068550468
00:42:17:37.212,61,0.2396194488,0.3247544765,0.0572596192,0.0000000000,0.0000000000,0.1463711113,0.0000000000,0.2396469414,0.3245413899,0.0666249022,0.0000000000,0.0000000000,0.1464239210,0.0000000000,0.0352751650,0.0032246837,0.0000000000,0.0405108146,0.0159311406,0.0138502782,0.0528382026,0.0000000000,0.0125068882,0.5699834824,0.5927071571,0.0000000000,0.0000000000,0.7108839154,0.7059674263,0.1277565807,0.1246651188,0.2585407495,0.0231215004,0.7714661360,0.6151869893,0.3828490376,0.4053395689,0.0436221585,0.0428348668,0.0719405934,0.0852580220,0.8055590987,0.8055607677,0.0206975564,0.0000000000,0.0000000000,0.0597428717,0.2244872302,0.2447252572,0.1507164836,0.1596104503,0.0000311822,0.0000000000,0.0000000000,0.0000000000,-0.0399012230,0.1984111071,-0.0080200955,0.0342916138,0.1984994859,0.0068962397
00:42:17:38.214,61,0.2347800434,0.3221301734,0.0577517152,0.0000000000,0.0000000000,0.1483639628,0.0000000000,0.2348233461,0.3219253123,0.0660880506,0.0000000000,0.0000000000,0.1484135985,0.0000000000,0.0363814794,0.0032273482,0.0000000000,0.0409076437,0.0158541389,0.0142660066,0.0543073490,0.0000000000,0.0133999344,0.5453556776,0.5693957806,0.0000000000,0.0000000000,0.7123320699,0.7075226903,0.1293325126,0.1259092689,0.2609184980,0.0237146690,0.7720682025,0.6155976057,0.3842275441,0.4069190621,0.0436889157,0.0428728797,0.0724331364,0.0858774930,0.8073518276,0.8073541522,0.0204885192,0.0000000000,0.0000000000,0.0624898262,0.2199940830,0.2402897775,0.1487512887,0.1577958167,0.0000366612,0.0000000000,0.0000000000,0.0000000000,-0.0395923778,0.1968092620,-0.0078921104,0.0345974229,0.1968975067,0.0069000795
00:42:17:39.215,61,0.2310844362,0.3200370073,0.0578636564,0.0000000000,0.0000000000,0.1501666307,0.0000000000,0.2311366796,0.3198340833,0.0659890398,0.0000000000,0.0000000000,0.1502154619,0.0000000000,0.0372349024,0.0032521931,0.0000000000,0.0412403122,0.0157501772,0.0146904103,0.0567476042,0.0000000000,0.0142361000,0.5351585746,0.5597777963,0.0000000000,0.0000000000,0.7141008973,0.7094259262,0.1320991516,0.1281795055,0.2622953355,0.0242736861,0.7726826072,0.6159421206,0.3850501776,0.4078264832,0.0437266976,0.0428877808,0.0727361217,0.0862593502,0.8089529872,0.8089557290,0.0203129333,0.0000000000,0.0000000000,0.0646145493,0.2152087539,0.2358242720,0.1458897889,0.1550140679,0.0000360668,0.0000000000,0.0000000000,0.0000000000,-0.0395430960,0.1955303550,-0.0078297406,0.0346732922,0.1956185699,0.0068691191
00:42:17:40.217,61,0.2284553200,0.3178134859,0.0584958754,0.0000000000,0.0000000000,0.1517949402,0.0000000000,0.2285141200,0.3176199198,0.0653844103,0.0000000000,0.0000000000,0.1518447101,0.0000000000,0.0380188636,0.0032614057,0.0000000000,0.0415252820,0.0156425536,0.0150686447,0.0588394478,0.0000000000,0.0150142387,0.5306198001,0.5554747581,0.0000000000,0.0000000000,0.7151127458,0.7105015516,0.1354211569,0.1314891130,0.2631868124,0.0247721784,0.7732999921,0.6162636876,0.3853178918,0.4081257284,0.0437736847,0.0429150425,0.0729422346,0.0865148753,0.8102133274,0.8102163672,0.0201740395,0.0000000000,0.0000000000,0.0658553168,0.2132531404,0.2339549065,0.1443030238,0.1535459310,0.0000342771,0.0000000000,0.0000000000,0.0000000000,-0.0391912386,0.1941739917,-0.0077048996,0.0350615308,0.1942620873,0.0068965973
00:42:17:41.218,61,0.2271075398,0.3168459237,0.0589710623,0.0000000000,0.0000000000,0.1530951411,0.0000000000,0.2271692753,0.3166590333,0.0649484247,0.0000000000,0.0000000000,0.1531454623,0.0000000000,0.0387295783,0.0032168664,0.0000000000,0.0417546071,0.0155316554,0.0154477367,0.0608654283,0.0000000000,0.0156646222,0.5282696486,0.5531280041,0.0000000000,0.0000000000,0.7158451080,0.7112395167,0.1384867430,0.1345191300,0.2636909783,0.0252127182,0.7738494873,0.6164622903,0.3851673901,0.4079642892,0.0438472740,0.0429624803,0.0730630085,0.0866403729,0.8111236095,0.8111268282,0.0200806409,0.0000000000,0.0000000000,0.0668189451,0.2120388597,0.2327152938,0.1428343952,0.1521038860,0.0000324491,0.0000000000,0.0000000000,0.0000000000,-0.0389344022,0.1935845912,-0.0076306085,0.0353504457,0.1936727166,0.0069317678
00:42:17:42.220,61,0.2265435010,0.3164396882,0.0593398809,0.0000000000,0.0000000000,0.1544525027,0.0000000000,0.2266065776,0.3162579834,0.0645910278,0.0000000000,0.0000000000,0.1545010060,0.0000000000,0.0393315516,0.0031193560,0.0000000000,0.0419421569,0.0154165570,0.0158306304,0.0620692484,0.0000000000,0.0162484627,0.5271029472,0.5518076420,0.0000000000,0.0000000000,0.7167177200,0.7120167017,0.1400599480,0.1361448020,0.2638968825,0.0256157201,0.7742952108,0.6164863110,0.3847949505,0.4075468779,0.0439702347,0.0430498533,0.0731127635,0.0866670609,0.8123751879,0.8123785257,0.0200060196,0.0000000000,0.0000000000,0.0675576553,0.2111387998,0.2317216843,0.1418368518,0.1511055082,0.0000260618,0.0000000000,0.0000000000,0.0000000000,-0.0387220196,0.1933377832,-0.0075790854,0.0355732627,0.1934259385,0.0069663250
00:42:17:43.222,61,0.2261421084,0.3153271377,0.0595387071,0.0000000000,0.0000000000,0.1568611115,0.0000000000,0.2262070179,0.3151486218,0.0643761754,0.0000000000,0.0000000000,0.1569041461,0.0000000000,0.0399792045,0.0029627394,0.0000000000,0.0421342179,0.0152845774,0.0162085257,0.0629988462,0.0000000000,0.0168207698,0.5240733027,0.5469139218,0.0000000000,0.0000000000,0.7267797589,0.7214040756,0.1415741146,0.1376072317,0.2662464976,0.0260879975,0.7749303579,0.6167595387,0.3846088648,0.4073669016,0.0440923609,0.0431275330,0.0732009634,0.0867334902,0.8143915534,0.8143954277,0.0199489743,0.0000000000,0.0000000000,0.0682913363,0.2099402249,0.2293191105,0.1405073851,0.1492675841,0.0000217242,0.0000000000,0.0000000000,0.0000000000,-0.0385983326,0.1926586628,-0.0075276834,0.0356971994,0.1927467734,0.0069654193
00:42:17:44.223,61,0.2259646207,0.3138130009,0.0594722740,0.0000000000,0.0000000000,0.1615453213,0.0000000000,0.2260304838,0.3136341274,0.0643967167,0.0000000000,0.0000000000,0.1615790427,0.0000000000,0.0406649485,0.0027576918,0.0000000000,0.0423347279,0.0151468832,0.0166028570,0.0636775568,0.0000000000,0.0173678938,0.5101962090,0.5308081508,0.0000000000,0.0000000000,0.7362050414,0.7304036021,0.1424706280,0.1384656280,0.2713881135,0.0266701374,0.7754646540,0.6168481708,0.3846530020,0.4074657261,0.0442202948,0.0432018489,0.0732674301,0.0867736116,0.8180415630,0.8180457950,0.0198558439,0.0000000000,0.0000000000,0.0690793991,0.2057782412,0.2233640105,0.1388165951,0.1468587071,0.0000174767,0.0000000000,0.0000000000,0.0000000000,-0.0386175960,0.1917329431,-0.0074943467,0.0356637836,0.1918209493,0.0069246427
00:42:17:45.225,61,0.2259943038,0.3135930598,0.0590565130,0.0000000000,0.0000000000,0.1643023789,0.0000000000,0.2260606885,0.3134083152,0.0648133233,0.0000000000,0.0000000000,0.1643299758,0.0000000000,0.0412585624,0.0025002966,0.0000000000,0.0424443893,0.0149881970,0.0170535799,0.0643641427,0.0000000000,0.0178652611,0.5001199245,0.5200289488,0.0000000000,0.0000000000,0.7413426042,0.7351944447,0.1430984885,0.1390628964,0.2750979960,0.0272021499,0.7761949897,0.6171869636,0.3849370182,0.4078345299,0.0443484187,0.0432676412,0.0733326375,0.0868131146,0.8206198215,0.8206248283,0.0197637156,0.0000000000,0.0000000000,0.0706142485,0.1986257434,0.2147840708,0.1365957707,0.1439150572,0.0000112166,0.0000000000,0.0000000000,0.0000000000,-0.0388684645,0.1915967762,-0.0075375154,0.0354153961,0.1916848272,0.0068714339
00:42:17:46.227,61,0.2260777354,0.3128719032,0.0586488433,0.0000000000,0.0000000000,0.1664961725,0.0000000000,0.2261452675,0.3126813173,0.0652538538,0.0000000000,0.0000000000,0.1665188670,0.0000000000,0.0417979471,0.0022133393,0.0000000000,0.0425064489,0.0148291280,0.0175121054,0.0649810955,0.0000000000,0.0184086598,0.4900496006,0.5100544691,0.0000000000,0.0000000000,0.7438235879,0.7375729084,0.1434597671,0.1394530088,0.2767555416,0.0276841838,0.7769108415,0.6175791025,0.3853082061,0.4082949460,0.0444283523,0.0433033407,0.0733398348,0.0868024006,0.8240035176,0.8240094185,0.0196853168,0.0000000000,0.0000000000,0.0719140768,0.1919904500,0.2077170610,0.1353034377,0.1423343122,0.0000083212,0.0000000000,0.0000000000,0.0000000000,-0.0391360112,0.1911543459,-0.0075714118,0.0351739302,0.1912423372,0.0068084602
00:42:17:47.229,61,0.2261046916,0.3121592700,0.0585020296,0.0000000000,0.0000000000,0.1681795865,0.0000000000,0.2261742800,0.3119662106,0.0654601082,0.0000000000,0.0000000000,0.1681995392,0.0000000000,0.0423141904,0.0019491934,0.0000000000,0.0425600037,0.0146813681,0.0179468207,0.0655377582,0.0000000000,0.0190041307,0.4833152592,0.5039978027,0.0000000000,0.0000000000,0.7450419068,0.7388039231,0.1436415613,0.1397021115,0.2775763273,0.0281381067,0.7775329947,0.6178521514,0.3856204748,0.4086914062,0.0444674864,0.0433130451,0.0732794553,0.0867563263,0.8273189068,0.8273254037,0.0196228493,0.0000000000,0.0000000000,0.0728593022,0.1881775409,0.2042291611,0.1343928277,0.1413182467,0.0000089952,0.0000000000,0.0000000000,0.0000000000,-0.0392630287,0.1907181144,-0.0075782081,0.0350888371,0.1908061504,0.0067761214
00:42:17:48.230,61,0.2257491052,0.3113461733,0.0585558712,0.0000000000,0.0000000000,0.1693035662,0.0000000000,0.2258231491,0.3111534715,0.0654815510,0.0000000000,0.0000000000,0.1693220735,0.0000000000,0.0428624824,0.0016870931,0.0000000000,0.0426123291,0.0145334750,0.0183510147,0.0661048591,0.0000000000,0.0196303632,0.4697154760,0.4925101101,0.0000000000,0.0000000000,0.7458121777,0.7396523952,0.1438301206,0.1399666518,0.2784001827,0.0285779778,0.7790157795,0.6189197302,0.3868022263,0.4105128646,0.0444259457,0.0432658605,0.0732344016,0.0867467374,0.8292930126,0.8293004036,0.0195736643,0.0000000000,0.0000000000,0.0742811337,0.1851773560,0.2014309168,0.1336327046,0.1405159831,0.0000098948,0.0000000000,0.0000000000,0.0000000000,-0.0392796397,0.1902213693,-0.0075611821,0.0351244919,0.1903094053,0.0067649120
00:42:17:49.231,61,0.2252362669,0.3101988137,0.0584856868,0.0000000000,0.0000000000,0.1703149676,0.0000000000,0.2253165543,0.3100049794,0.0655929297,0.0000000000,0.0000000000,0.1703328788,0.0000000000,0.0434117205,0.0014957256,0.0000000000,0.0426802933,0.0143984836,0.0187352020,0.0666341782,0.0000000000,0.0203335099,0.4582809508,0.4835370779,0.0000000000,0.0000000000,0.7461726069,0.7401791215,0.1439264715,0.1401537210,0.2790489197,0.0290186685,0.7799149156,0.6196655035,0.3889886439,0.4134189487,0.0443271138,0.0431851596,0.0731313080,0.0867049545,0.8305391073,0.8305469155,0.0195097327,0.0000000000,0.0000000000,0.0756063536,0.1816793531,0.1985956132,0.1329310089,0.1398337930,0.0000103686,0.0000000000,0.0000000000,0.0000000000,-0.0393517613,0.1895197779,-0.0075464384,0.0350871123,0.1896078289,0.0067321970
00:42:17:50.234,61,0.2247893810,0.3097357750,0.0581556410,0.0000000000,0.0000000000,0.1708069295,0.0000000000,0.2248773426,0.3095368743,0.0659833029,0.0000000000,0.0000000000,0.1708246917,0.0000000000,0.0438660942,0.0013274549,0.0000000000,0.0427400544,0.0142810289,0.0190430023,0.0671138167,0.0000000000,0.0210058670,0.4538136423,0.4798396528,0.0000000000,0.0000000000,0.7459282279,0.7400993109,0.1439609826,0.1402858496,0.2791211009,0.0293690525,0.7806217670,0.6202983856,0.3904184401,0.4151755869,0.0441814698,0.0430804268,0.0729416981,0.0865676105,0.8313427567,0.8313510418,0.0194483176,0.0000000000,0.0000000000,0.0764609799,0.1780217737,0.1951191574,0.1324274540,0.1393681467,0.0000123601,0.0000000000,0.0000000000,0.0000000000,-0.0395881273,0.1892354041,-0.0075800726,0.0348910131,0.1893234402,0.0066843028
00:42:17:51.234,61,0.2240675092,0.3085710704,0.0579495393,0.0000000000,0.0000000000,0.1711547971,0.0000000000,0.2241843641,0.3083684146,0.0663224682,0.0000000000,0.0000000000,0.1711726934,0.0000000000,0.0444098115,0.0012183174,0.0000000000,0.0428242572,0.0141771333,0.0193104930,0.0675612092,0.0000000000,0.0215824749,0.4465963542,0.4726324379,0.0000000000,0.0000000000,0.7455323339,0.7398385406,0.1440500766,0.1404159516,0.2791575789,0.0297108423,0.7812714577,0.6209095716,0.3925201595,0.4176714420,0.0440029465,0.0429562852,0.0727048293,0.0863669813,0.8321319222,0.8321405649,0.0193917472,0.0000000000,0.0000000000,0.0772327855,0.1741731167,0.1910057217,0.1320666969,0.1390399188,0.0000133621,0.0000000000,0.0000000000,0.0000000000,-0.0397970378,0.1885226518,-0.0075906580,0.0347720906,0.1886107177,0.0066358461
00:42:17:52.236,61,0.2233735025,0.3075636625,0.0583448745,0.0000000000,0.0000000000,0.1714324355,0.0000000000,0.2235007733,0.3073663116,0.0659777373,0.0000000000,0.0000000000,0.1714505106,0.0000000000,0.0450844541,0.0011288126,0.0000000000,0.0429598130,0.0140906898,0.0195772164,0.0680008978,0.0000000000,0.0220368020,0.4323237538,0.4582102299,0.0000000000,0.0000000000,0.7450029850,0.7394123077,0.1443077177,0.1406658590,0.2795377970,0.0300564338,0.7821371555,0.6224911809,0.3950512111,0.4202565849,0.0437672473,0.0427815951,0.0725059956,0.0861916915,0.8326366544,0.8326456547,0.0193646476,0.0000000000,0.0000000000,0.0780158117,0.1723977476,0.1889917403,0.1317850202,0.1387854069,0.0000144134,0.0000000000,0.0000000000,0.0000000000,-0.0395947993,0.1879084706,-0.0075269132,0.0350134000,0.1879965812,0.0066595995
00:42:17:53.238,61,0.2228613943,0.3064973950,0.0587606505,0.0000000000,0.0000000000,0.1716809273,0.0000000000,0.2229941338,0.3063052595,0.0656571090,0.0000000000,0.0000000000,0.1716993004,0.0000000000,0.0466236733,0.0010420261,0.0000000000,0.0431238078,0.0140268961,0.0198550336,0.0683674887,0.0000000000,0.0223039612,0.4164558351,0.4385207295,0.0000000000,0.0000000000,0.7401423454,0.7347010374,0.1445037574,0.1408412755,0.2797176838,0.0303803813,0.7827722430,0.6233500838,0.3963043392,0.4215012193,0.0434996933,0.0425825603,0.0722648501,0.0859142840,0.8333920240,0.8334010243,0.0193631910,0.0000000000,0.0000000000,0.0786187500,0.1704543680,0.1855514646,0.1317841262,0.1387790889,0.0000151460,0.0000000000,0.0000000000,0.0000000000,-0.0394072346,0.1872583628,-0.0074647432,0.0352672748,0.1873464733,0.0066841170
00:42:17:54.240,61,0.2225720584,0.3045913875,0.0596290119,0.0000000000,0.0000000000,0.1728662252,0.0000000000,0.2227061540,0.3044109941,0.0648669079,0.0000000000,0.0000000000,0.1728874743,0.0000000000,0.0493506715,0.0009573195,0.0000000000,0.0432818159,0.0139863612,0.0201729070,0.0686703250,0.0000000000,0.0224168319,0.3830091357,0.4044084251,0.0000000000,0.0000000000,0.7184815407,0.7127740383,0.1446312219,0.1409432739,0.2793408632,0.0306536909,0.7830930948,0.6238210797,0.3967919350,0.4218525887,0.0431669876,0.0423467308,0.0718849450,0.0854601413,0.8355067372,0.8355149031,0.0193776060,0.0000000000,0.0000000000,0.0788795352,0.1676418185,0.1814276129,0.1319748908,0.1389971673,0.0000146971,0.0000000000,0.0000000000,0.0000000000,-0.0389414728,0.1860968322,-0.0073297340,0.0357963219,0.1861849725,0.0067412881
00:42:17:55.242,61,0.2218325734,0.3002620935,0.0614798740,0.0000000000,0.0000000000,0.1773684770,0.0000000000,0.2219484597,0.3001074493,0.0630427971,0.0000000000,0.0000000000,0.1774040312,0.0000000000,0.0577597730,0.0008194130,0.0000000000,0.0433789790,0.0139194438,0.0205891412,0.0691997334,0.0000000000,0.0222177096,0.3142339289,0.3324104846,0.0000000000,0.0000000000,0.6967936754,0.6896482706,0.1449996829,0.1412052512,0.2794140577,0.0308773164,0.7835623622,0.6258099675,0.3968370557,0.4215480685,0.0426886752,0.0419762880,0.0714935213,0.0849435106,0.8392577171,0.8392632604,0.0194358267,0.0000000000,0.0000000000,0.0789740235,0.1624155194,0.1731512547,0.1320642233,0.1391464174,0.0000134107,0.0000000000,0.0000000000,0.0000000000,-0.0378650203,0.1834582239,-0.0070238528,0.0369256586,0.1835462302,0.0068530510
00:42:17:56.243,61,0.2193213552,0.2951425314,0.0633456931,0.0000000000,0.0000000000,0.1794782877,0.0000000000,0.2194031626,0.2950140238,0.0610947199,0.0000000000,0.0000000000,0.1795238405,0.0000000000,0.0695752725,0.0005127513,0.0000000000,0.0433676578,0.0138316285,0.0210784506,0.0706230700,0.0000000000,0.0217817500,0.2791244090,0.2925675213,0.0000000000,0.0000000000,0.6618779898,0.6550965905,0.1497959495,0.1449924260,0.2846484780,0.0309734922,0.7875648737,0.6442757249,0.3929157257,0.4105812013,0.0421437100,0.0415609926,0.0711950287,0.0844665989,0.8405336738,0.8405382037,0.0195660479,0.0000000000,0.0000000000,0.0788727403,0.1567119956,0.1636822075,0.1320242286,0.1392195374,0.0000102226,0.0000000000,0.0000000000,0.0000000000,-0.0367159806,0.1803367138,-0.0066923583,0.0380681753,0.1804244816,0.0069421548
00:42:17:57.244,61,0.2166760564,0.2912835777,0.0652780756,0.0000000000,0.0000000000,0.1807117313,0.0000000000,0.2167322934,0.2911808789,0.0591452420,0.0000000000,0.0000000000,0.1807618439,0.0000000000,0.0771360993,0.0000415158,0.0000000000,0.0432948843,0.0137491971,0.0215922128,0.0714941993,0.0000000000,0.0212499611,0.2592192292,0.2701453269,0.0000000000,0.0000000000,0.6471281052,0.6401101947,0.1550053507,0.1505449265,0.2875461280,0.0309685450,0.7900403142,0.6504846215,0.3835544288,0.3975028694,0.0416088179,0.0411766954,0.0709435642,0.0840088874,0.8409916759,0.8409955502,0.0197444260,0.0000000000,0.0000000000,0.0785369873,0.1533788294,0.1582200378,0.1318971813,0.1392123401,0.0000068121,0.0000000000,0.0000000000,0.0000000000,-0.0355594978,0.1779860258,-0.0063953488,0.0392461866,0.1780735850,0.0070616002
00:42:17:58.246,61,0.2152104676,0.2860324979,0.0678135678,0.0000000000,0.0000000000,0.1815403998,0.0000000000,0.2152537555,0.2859630287,0.0565248467,0.0000000000,0.0000000000,0.1815934926,0.0000000000,0.0839679539,0.0000000000,0.0005780952,0.0431034006,0.0136560211,0.0220981613,0.0722318515,0.0000000000,0.0206812713,0.2233098447,0.2316064686,0.0000000000,0.0000000000,0.6149645448,0.6085391045,0.1611051410,0.1575509906,0.2940715551,0.0308739562,0.7924177647,0.6560883522,0.3732467890,0.3857834041,0.0410994440,0.0408242792,0.0707966834,0.0836434737,0.8401731849,0.8401756883,0.0199419241,0.0000000000,0.0000000000,0.0776236057,0.1507866532,0.1538169235,0.1315560490,0.1389967054,0.0000032141,0.0000000000,0.0000000000,0.0000000000,-0.0340033807,0.1747869700,-0.0060033919,0.0407938659,0.1748743057,0.0072052958
00:42:17:59.247,61,0.2128359228,0.2798897326,0.0701675713,0.0000000000,0.0000000000,0.1820768565,0.0000000000,0.2128628790,0.2798497975,0.0540632047,0.0000000000,0.0000000000,0.1821314991,0.0000000000,0.0941988751,0.0000000000,0.0015084189,0.0427773185,0.0135576241,0.0226433948,0.0727111697,0.0000000000,0.0200154223,0.1059856042,0.1126125082,0.0000000000,0.0000000000,0.5712535977,0.5629488230,0.1662092805,0.1630625278,0.3017286658,0.0306074973,0.7941398621,0.6650965214,0.3687096238,0.3801074922,0.0406140760,0.0405048616,0.0706808940,0.0833204538,0.8326064944,0.8326057196,0.0201215874,0.0000000000,0.0000000000,0.0753985643,0.1459755898,0.1468344182,0.1301223338,0.1382697821,0.0000009970,0.0000000000,0.0000000000,0.0000000000,-0.0325437710,0.1710420102,-0.0056202249,0.0422375873,0.1711290628,0.0072971741
00:42:18:00.249,61,0.2120750248,0.2760408819,0.0711704791,0.0000000000,0.0000000000,0.1822793931,0.0000000000,0.2120952159,0.2760124207,0.0530635342,0.0000000000,0.0000000000,0.1823332459,0.0000000000,0.1015582159,0.0000000000,0.0023320054,0.0422243029,0.0134457787,0.0231854971,0.0731378943,0.0000000000,0.0186613202,0.0065268045,0.0087503130,0.0000000000,0.0000000000,0.4812266529,0.4710688889,0.1790435761,0.1736548245,0.3019348979,0.0295216292,0.7960844040,0.6772986650,0.3487398028,0.3589980900,0.0400768816,0.0401171334,0.0706760138,0.0831098631,0.8230230808,0.8230180144,0.0203030966,0.0000000000,0.0000000000,0.0719105601,0.1438956559,0.1436797976,0.1293600947,0.1378177404,0.0000005592,0.0000000000,0.0000000000,0.0000000000,-0.0319548585,0.1686933339,-0.0054413145,0.0428585708,0.1687802523,0.0073007946
00:42:18:01.250,61,0.2116734833,0.2707209289,0.0730193183,0.0000000000,0.0000000000,0.1820786148,0.0000000000,0.2116895765,0.2707135677,0.0512047485,0.0000000000,0.0000000000,0.1821306050,0.0000000000,0.1065801457,0.0000000000,0.0031014115,0.0415038057,0.0133242644,0.0236938372,0.0733259097,0.0000000000,0.0171856601,0.0000000000,0.0000000000,0.0930692777,0.0882640630,0.4526960552,0.4416889548,0.1849073917,0.1786437035,0.2897440493,0.0280601624,0.7968409657,0.6814628839,0.3382376730,0.3481215537,0.0395462923,0.0397247896,0.0705815256,0.0827911347,0.8112084270,0.8111993670,0.0204541478,0.0000000000,0.0000000000,0.0686147064,0.1410503238,0.1401369572,0.1286752522,0.1373913735,0.0000003792,0.0000000000,0.0000000000,0.0000000000,-0.0308523439,0.1654489934,-0.0051507181,0.0439960249,0.1655357033,0.0073476685
00:42:18:02.252,61,0.2116536051,0.2647201717,0.0755499229,0.0000000000,0.0000000000,0.1815690845,0.0000000000,0.2116667181,0.2647403777,0.0487476550,0.0000000000,0.0000000000,0.1816184372,0.0000000000,0.1115289032,0.0000000000,0.0038826601,0.0404239930,0.0131920185,0.0241162684,0.0732672811,0.0000000000,0.0152259180,0.0000000000,0.0000000000,0.1770768613,0.1747117192,0.4045636952,0.3920332193,0.1877850294,0.1811688989,0.2757292986,0.0263581611,0.7969269753,0.6835352182,0.3300196528,0.3383924961,0.0389859155,0.0392924249,0.0703483149,0.0822770298,0.7987121344,0.7986966372,0.0206028689,0.0000000000,0.0000000000,0.0647689402,0.1374487430,0.1353149563,0.1279743314,0.1368616372,0.0000002438,0.0000000000,0.0000000000,0.0000000000,-0.0293895807,0.1617911756,-0.0047961767,0.0455483049,0.1618777364,0.0074356347
00:42:18:03.254,61,0.2117756158,0.2597158849,0.0769214556,0.0000000000,0.0000000000,0.1809005290,0.0000000000,0.2117865086,0.2597494125,0.0474270582,0.0000000000,0.0000000000,0.1809429228,0.0000000000,0.1174048856,0.0000000000,0.0045672683,0.0390664041,0.0130326934,0.0244252551,0.0731269866,0.0000000000,0.0136037581,0.0000000000,0.0000000000,0.2508143187,0.2472513318,0.3768145144,0.3664458990,0.1893413812,0.1825570166,0.2684388459,0.0246426817,0.7969444394,0.6850377917,0.3246997297,0.3324783146,0.0383723043,0.0387869030,0.0699992552,0.0816425830,0.7897636294,0.7897422910,0.0207100380,0.0000000000,0.0000000000,0.0608737506,0.1311621815,0.1280538440,0.1255359203,0.1348826438,0.0000001134,0.0000000000,0.0000000000,0.0000000000,-0.0286075007,0.1587373763,-0.0045789527,0.0463980995,0.1588237882,0.0074289134
00:42:18:04.255,61,0.2118612677,0.2543507218,0.0776013583,0.0000000000,0.0000000000,0.1802586317,0.0000000000,0.2118698210,0.2543890774,0.0467404686,0.0000000000,0.0000000000,0.1802971214,0.0000000000,0.1218344718,0.0000000000,0.0051562721,0.0378348306,0.0128695723,0.0246770773,0.0730372146,0.0000000000,0.0123313181,0.0000000000,0.0000000000,0.2988865674,0.2935984433,0.3437921107,0.3345509768,0.1901150793,0.1832413524,0.2630734444,0.0231569316,0.7968420386,0.6861993074,0.3213855028,0.3289530575,0.0377094820,0.0382176749,0.0694678500,0.0802416950,0.7809632421,0.7809337974,0.0207621921,0.0000000000,0.0000000000,0.0580083989,0.1263046414,0.1228347942,0.1214955226,0.1310197115,0.0000001087,0.0000000000,0.0000000000,0.0000000000,-0.0282079857,0.1554598063,-0.0044202651,0.0468325131,0.1555459648,0.0073411162
00:42:18:05.257,61,0.2120365202,0.2518785596,0.0773051307,0.0000000000,0.0000000000,0.1795756519,0.0000000000,0.2120433450,0.2519123852,0.0469664037,0.0000000000,0.0000000000,0.1796109825,0.0000000000,0.1243278235,0.0000000000,0.0057367813,0.0369290970,0.0127264792,0.0249142274,0.0729800761,0.0000000000,0.0114681944,0.0000000000,0.0000000000,0.3171146214,0.3113076985,0.3306276500,0.3217895627,0.1904719770,0.1836080551,0.2604246140,0.0221338924,0.7964775562,0.6868317723,0.3192554414,0.3266398013,0.0370555148,0.0376558006,0.0688578859,0.0789187178,0.7746189237,0.7745870352,0.0208299868,0.0000000000,0.0000000000,0.0562226959,0.1241539568,0.1205514595,0.1195054278,0.1292198747,0.0000001360,0.0000000000,0.0000000000,0.0000000000,-0.0283510275,0.1539469212,-0.0043987446,0.0466647297,0.1540329009,0.0072425390
00:42:18:06.259,61,0.2121547163,0.2498733550,0.0773304105,0.0000000000,0.0000000000,0.1788620502,0.0000000000,0.2121602297,0.2499064505,0.0469030477,0.0000000000,0.0000000000,0.1788946539,0.0000000000,0.1257332861,0.0000000000,0.0062757907,0.0361320861,0.0125841303,0.0251221359,0.0729146898,0.0000000000,0.0107676731,0.0000000000,0.0000000000,0.3188483119,0.3131770492,0.3242614567,0.3156228960,0.1903655678,0.1835596412,0.2588800788,0.0212987531,0.7961667776,0.6874261498,0.3182070851,0.3255073428,0.0364186205,0.0371068083,0.0682838857,0.0779962242,0.7718169689,0.7717841268,0.0209064856,0.0000000000,0.0000000000,0.0550698154,0.1226813197,0.1190535650,0.1182132959,0.1279831231,0.0000001583,0.0000000000,0.0000000000,0.0000000000,-0.0283181425,0.1527208686,-0.0043581016,0.0466888286,0.1528067738,0.0071876864
00:42:18:07.260,61,0.2121252865,0.2483933717,0.0775272921,0.0000000000,0.0000000000,0.1775362343,0.0000000000,0.2121295631,0.2484277487,0.0467067920,0.0000000000,0.0000000000,0.1775621474,0.0000000000,0.1268599629,0.0000000000,0.0067068073,0.0353918485,0.0124356737,0.0253047720,0.0728855655,0.0000000000,0.0102455458,0.0000000000,0.0000000000,0.3235355616,0.3165754974,0.3204862773,0.3120471537,0.1899687946,0.1832492203,0.2578666806,0.0205548331,0.7959927320,0.6887233257,0.3178042173,0.3250516653,0.0357796997,0.0365533382,0.0676886365,0.0771912411,0.7699762583,0.7699431181,0.0209563710,0.0000000000,0.0000000000,0.0541892573,0.1201545969,0.1171291545,0.1167774275,0.1266542524,0.0000001823,0.0000000000,0.0000000000,0.0000000000,-0.0282035638,0.1518167555,-0.0043143756,0.0468141958,0.1519026011,0.0071636634
00:42:18:08.262,61,0.2117552161,0.2462037802,0.0776114687,0.0000000000,0.0000000000,0.1760123074,0.0000000000,0.2117586285,0.2462378591,0.0465997942,0.0000000000,0.0000000000,0.1760319918,0.0000000000,0.1276577413,0.0000000000,0.0070844581,0.0347099379,0.0122833475,0.0254566260,0.0728734732,0.0000000000,0.0098153800,0.0000000000,0.0000000000,0.3254952729,0.3180866241,0.3186837435,0.3104040921,0.1893764734,0.1827536821,0.2572013140,0.0199032873,0.7959228754,0.6904292703,0.3180077970,0.3252364695,0.0351573788,0.0360157974,0.0670577511,0.0764107630,0.7685228586,0.7684913874,0.0209977347,0.0000000000,0.0000000000,0.0535485074,0.1168289036,0.1144464836,0.1147777513,0.1245641410,0.0000001858,0.0000000000,0.0000000000,0.0000000000,-0.0281446874,0.1504781991,-0.0042668311,0.0468745753,0.1505639702,0.0071087182
00:42:18:09.263,61,0.2112425864,0.2445997149,0.0775725916,0.0000000000,0.0000000000,0.1749112606,0.0000000000,0.2112451047,0.2446324974,0.0466259792,0.0000000000,0.0000000000,0.1749268919,0.0000000000,0.1280986667,0.0000000000,0.0074112662,0.0340987369,0.0121414028,0.0255782437,0.0729083046,0.0000000000,0.0094101876,0.0000000000,0.0000000000,0.3218418360,0.3144039810,0.3187592328,0.3109456301,0.1882994324,0.1821198463,0.2565844953,0.0193433147,0.7957789302,0.6912698150,0.3184395730,0.3256471455,0.0345729999,0.0355061293,0.0664482936,0.0756705701,0.7675405741,0.7675099373,0.0210110955,0.0000000000,0.0000000000,0.0530594327,0.1147734597,0.1127142012,0.1136341989,0.1233136877,0.0000003240,0.0000000000,0.0000000000,0.0000000000,-0.0281646755,0.1494972408,-0.0042416058,0.0468580350,0.1495828927,0.0070592081
00:42:18:10.265,61,0.2096699178,0.2431521267,0.0776338652,0.0000000000,0.0000000000,0.1736663431,0.0000000000,0.2096697837,0.2431847006,0.0465543307,0.0000000000,0.0000000000,0.1736786515,0.0000000000,0.1281733513,0.0000000000,0.0077411779,0.0335909277,0.0120087862,0.0256485641,0.0730286464,0.0000000000,0.0091338092,0.0000000000,0.0000000000,0.2634346187,0.2562968135,0.3440955579,0.3383762836,0.1865648627,0.1813376099,0.2562899888,0.0189041682,0.7958153486,0.6919948459,0.3225791454,0.3298001289,0.0340178199,0.0350270048,0.0658503473,0.0749823898,0.7669616938,0.7669318914,0.0210423153,0.0000000000,0.0000000000,0.0527954996,0.1131469980,0.1114190295,0.1125826389,0.1221524775,0.0000006489,0.0000000000,0.0000000000,0.0000000000,-0.0281251315,0.1486123204,-0.0042102062,0.0469012707,0.1486979425,0.0070232917
00:42:18:11.267,61,0.2076416016,0.2424258292,0.0778286234,0.0000000000,0.0000000000,0.1728913635,0.0000000000,0.2076406628,0.2424600422,0.0463761315,0.0000000000,0.0000000000,0.1729020923,0.0000000000,0.1279739588,0.0000000000,0.0080728270,0.0331916064,0.0119062625,0.0257507283,0.0732015669,0.0000000000,0.0090120854,0.0000000000,0.0000000000,0.2240424901,0.2153737247,0.3606949449,0.3542179167,0.1856698394,0.1807909757,0.2561308444,0.0185738839,0.7957651019,0.6922422051,0.3242779374,0.3317519426,0.0335615017,0.0346467905,0.0653237402,0.0744130313,0.7670313120,0.7670025229,0.0210805200,0.0000000000,0.0000000000,0.0527379438,0.1122703850,0.1107160896,0.1119143888,0.1214948446,0.0000010292,0.0000000000,0.0000000000,0.0000000000,-0.0280193221,0.1481689960,-0.0041816742,0.0470220521,0.1482546031,0.0070200604
00:42:18:12.268,61,0.2045692503,0.2420730144,0.0780310333,0.0000000000,0.0000000000,0.1721391827,0.0000000000,0.2045678347,0.2421091348,0.0461869314,0.0000000000,0.0000000000,0.1721488684,0.0000000000,0.1275191456,0.0000000000,0.0083602350,0.0328638181,0.0118045760,0.0258312225,0.0734402686,0.0000000000,0.0088973232,0.0000000000,0.0000000000,0.1736063361,0.1699559689,0.3903323412,0.3832529783,0.1838942766,0.1795294583,0.2565167248,0.0183490254,0.7960683703,0.6926767230,0.3323640823,0.3407563567,0.0331549160,0.0343095250,0.0649303421,0.0739937574,0.7690020800,0.7689788342,0.0210966598,0.0000000000,0.0000000000,0.0528591126,0.1114274710,0.1099697575,0.1114010587,0.1209703460,0.0000013494,0.0000000000,0.0000000000,0.0000000000,-0.0279059056,0.1479540914,-0.0041586226,0.0471458584,0.1480396837,0.0070281760
00:42:18:13.270,61,0.2022859901,0.2418847680,0.0776944384,0.0000000000,0.0000000000,0.1714563668,0.0000000000,0.2022848576,0.2419171333,0.0465092361,0.0000000000,0.0000000000,0.1714655906,0.0000000000,0.1264155209,0.0000000000,0.0085554756,0.0326360986,0.0117206462,0.0259059034,0.0737723187,0.0000000000,0.0088522714,0.0000000000,0.0000000000,0.1167117953,0.1090881899,0.4115968645,0.4056200683,0.1815000176,0.1776802540,0.2585793138,0.0182454325,0.7965026498,0.6929919124,0.3391629159,0.3480227590,0.0328153148,0.0340388641,0.0646450147,0.0737052783,0.7748467326,0.7748317122,0.0211132504,0.0000000000,0.0000000000,0.0531735756,0.1106227189,0.1092450321,0.1111220792,0.1206731051,0.0000013874,0.0000000000,0.0000000000,0.0000000000,-0.0281011350,0.1478375494,-0.0041843606,0.0469432920,0.1479231566,0.0069924118
00:42:18:14.271,61,0.2004273832,0.2422573715,0.0774473324,0.0000000000,0.0000000000,0.1709853113,0.0000000000,0.2004265636,0.2422872633,0.0467650443,0.0000000000,0.0000000000,0.1709943563,0.0000000000,0.1235779449,0.0000000000,0.0086532151,0.0324717797,0.0116479825,0.0259922165,0.0742309764,0.0000000000,0.0088840602,0.0000000000,0.0000000000,0.0888407305,0.0808345675,0.4284607768,0.4226871729,0.1803138405,0.1766624302,0.2601127326,0.0182000101,0.7971074581,0.6933110952,0.3427424431,0.3522382081,0.0325336792,0.0338175446,0.0644388795,0.0735208318,0.7811926603,0.7811821103,0.0211319476,0.0000000000,0.0000000000,0.0536571294,0.1099387854,0.1086517647,0.1109512970,0.1205108687,0.0000012877,0.0000000000,0.0000000000,0.0000000000,-0.0282547399,0.1480644047,-0.0042137778,0.0467924029,0.1481499523,0.0069807982
00:42:18:15.273,61,0.1985736191,0.2426088899,0.0774322599,0.0000000000,0.0000000000,0.1708235741,0.0000000000,0.1985732913,0.2426387221,0.0467890911,0.0000000000,0.0000000000,0.1708330214,0.0000000000,0.1203838661,0.0000000000,0.0087184766,0.0324116349,0.0115979007,0.0261024181,0.0747711286,0.0000000000,0.0089969290,0.0000000000,0.0000000000,0.0441052690,0.0346404240,0.4492705464,0.4441015124,0.1786454916,0.1751485020,0.2669112682,0.0182732847,0.7982899547,0.6936702132,0.3497880101,0.3600392044,0.0322915912,0.0336368568,0.0643007979,0.0734287351,0.7872406840,0.7872331738,0.0211397689,0.0000000000,0.0000000000,0.0543004498,0.1093890071,0.1082148328,0.1108832061,0.1204556972,0.0000012541,0.0000000000,0.0000000000,0.0000000000,-0.0282683652,0.1482792646,-0.0042220168,0.0467817932,0.1483648717,0.0069894912
00:42:18:16.274,61,0.1971361041,0.2424786538,0.0777508244,0.0000000000,0.0000000000,0.1710206866,0.0000000000,0.1971359849,0.2425117940,0.0464907996,0.0000000000,0.0000000000,0.1710305810,0.0000000000,0.1166562065,0.0000000000,0.0086993063,0.0324017629,0.0115612661,0.0262135658,0.0757954195,0.0000000000,0.0091269966,0.0000000000,0.0000000000,0.0214943141,0.0154700680,0.4593285620,0.4539575875,0.1779122949,0.1744072139,0.2690668106,0.0183612723,0.7994498610,0.6939733028,0.3522631824,0.3628388345,0.0320877954,0.0334797688,0.0641650781,0.0733537674,0.7907836437,0.7907766104,0.0211405400,0.0000000000,0.0000000000,0.0553147160,0.1090657040,0.1080139130,0.1107601002,0.1203761250,0.0000015658,0.0000000000,0.0000000000,0.0000000000,-0.0280884765,0.1482009441,-0.0041929083,0.0469748117,0.1482865214,0.0070145475
00:42:18:17.276,61,0.1917036325,0.2418429703,0.0782947987,0.0000000000,0.0000000000,0.1712245196,0.0000000000,0.1917036325,0.2418815643,0.0459819809,0.0000000000,0.0000000000,0.1712348014,0.0000000000,0.1135496870,0.0000000000,0.0086088646,0.0324443169,0.0115207359,0.0262644812,0.0769302547,0.0000000000,0.0092970785,0.0000000000,0.0087524476,0.0062471479,0.0000000000,0.4842413664,0.4794073403,0.1773058474,0.1737353206,0.2705405951,0.0185141787,0.8015502095,0.6944344640,0.3540250659,0.3655785918,0.0318849646,0.0333132856,0.0639524683,0.0732298121,0.7926880121,0.7926814556,0.0211208686,0.0000000000,0.0000000000,0.0566204451,0.1085967645,0.1076729372,0.1103608757,0.1200181544,0.0000021147,0.0000000000,0.0000000000,0.0000000000,-0.0277826507,0.1478144974,-0.0041362955,0.0473062024,0.1479001343,0.0070453151
00:42:18:18.278,61,0.1886588633,0.2411617637,0.0787627250,0.0000000000,0.0000000000,0.1713650376,0.0000000000,0.1886587143,0.2412102520,0.0455344729,0.0000000000,0.0000000000,0.1713758558,0.0000000000,0.1087694541,0.0000000000,0.0083951745,0.0325188711,0.0114868525,0.0262884703,0.0788724795,0.0000000000,0.0094687128,0.0194095541,0.0359248631,0.0000000000,0.0000000000,0.4917681813,0.4870417714,0.1767545193,0.1730363518,0.2711452544,0.0186569747,0.8033488989,0.6950004101,0.3554134071,0.3678799868,0.0316737667,0.0331259929,0.0636944920,0.0730581582,0.7940315604,0.7940251827,0.0211246330,0.0000000000,0.0000000000,0.0590900183,0.1080261022,0.1072521582,0.1100687832,0.1197903082,0.0000024666,0.0000000000,0.0000000000,0.0000000000,-0.0275139455,0.1474031806,-0.0040847356,0.0475918651,0.1474855840,0.0070676683
00:42:18:19.279,61,0.1871723235,0.2412236482,0.0787764192,0.0000000000,0.0000000000,0.1713178605,0.0000000000,0.1871720403,0.2412721664,0.0455555692,0.0000000000,0.0000000000,0.1713292748,0.0000000000,0.1054864824,0.0000000000,0.0081170574,0.0326086991,0.0114607001,0.0262934268,0.0811502710,0.0000000000,0.0096224751,0.0413852371,0.0572131835,0.0000000000,0.0000000000,0.4953509271,0.4906385541,0.1762669384,0.1723680347,0.2713260949,0.0187815223,0.8053382039,0.6956748962,0.3566732109,0.3697772324,0.0314692743,0.0329429880,0.0635062978,0.0729521662,0.7957422137,0.7957358360,0.0211447906,0.0000000000,0.0000000000,0.0613765903,0.1074365303,0.1068019196,0.1099505424,0.1197263747,0.0000024399,0.0000000000,0.0000000000,0.0000000000,-0.0275265370,0.1474410444,-0.0040876702,0.0475998819,0.1475234628,0.0070707002
00:42:18:20.281,61,0.1865534633,0.2418308556,0.0788434595,0.0000000000,0.0000000000,0.1710441709,0.0000000000,0.1865530163,0.2418802083,0.0455493703,0.0000000000,0.0000000000,0.1710560471,0.0000000000,0.1022399738,0.0000000000,0.0077992654,0.0326662287,0.0114317536,0.0262759216,0.0841997266,0.0000000000,0.0097799785,0.0706724003,0.0872194022,0.0000000000,0.0000000000,0.4938999116,0.4883626103,0.1759400964,0.1718509346,0.2704185545,0.0188341048,0.8075399399,0.6969675422,0.3574588597,0.3708620071,0.0312545449,0.0327458084,0.0634379312,0.0729697868,0.7976346016,0.7976281047,0.0211856756,0.0000000000,0.0000000000,0.0635793507,0.1068992540,0.1063962951,0.1100279391,0.1198716313,0.0000019084,0.0000000000,0.0000000000,0.0000000000,-0.0275212713,0.1478126049,-0.0040973383,0.0476377644,0.1478950977,0.0070944098
00:42:18:21.282,61,0.1864134520,0.2423025221,0.0787751973,0.0000000000,0.0000000000,0.1706824601,0.0000000000,0.1864128262,0.2423511446,0.0456789918,0.0000000000,0.0000000000,0.1706949174,0.0000000000,0.0993473381,0.0000000000,0.0074325721,0.0327463895,0.0114127975,0.0262420457,0.0868090019,0.0000000000,0.0099845538,0.0897262543,0.1084050462,0.0000000000,0.0000000000,0.4936213493,0.4878974855,0.1757317632,0.1714402437,0.2696638405,0.0188818406,0.8095522523,0.6982176304,0.3581854701,0.3718008697,0.0310322270,0.0325406864,0.0633827597,0.0730135366,0.7987703681,0.7987638712,0.0212456752,0.0000000000,0.0000000000,0.0656693280,0.1063985080,0.1060452610,0.1101224199,0.1200462282,0.0000012937,0.0000000000,0.0000000000,0.0000000000,-0.0275984090,0.1481007338,-0.0041169464,0.0475944765,0.1481832266,0.0071019814
00:42:18:22.284,61,0.1867235303,0.2425477356,0.0783173367,0.0000000000,0.0000000000,0.1703371406,0.0000000000,0.1867227554,0.2425912023,0.0461744443,0.0000000000,0.0000000000,0.1703506112,0.0000000000,0.0969879180,0.0000000000,0.0070099477,0.0328169763,0.0114015881,0.0261821076,0.0886926278,0.0000000000,0.0102049978,0.1028940752,0.1229662821,0.0000000000,0.0000000000,0.4898826778,0.4844829142,0.1757734865,0.1712650210,0.2674382925,0.0188866276,0.8113409281,0.6997043490,0.3585599065,0.3723253608,0.0308105834,0.0323344618,0.0634002835,0.0731377080,0.7996248007,0.7996183038,0.0213261079,0.0000000000,0.0000000000,0.0669119135,0.1060864106,0.1059090644,0.1103790477,0.1204221770,0.0000009188,0.0000000000,0.0000000000,0.0000000000,-0.0278971400,0.1482486725,-0.0041657155,0.0473167859,0.1483312398,0.0070677339
00:42:18:23.286,61,0.1881749034,0.2427307367,0.0775538310,0.0000000000,0.0000000000,0.1700302064,0.0000000000,0.1881734282,0.2427656651,0.0469715558,0.0000000000,0.0000000000,0.1700449437,0.0000000000,0.0956376195,0.0000000000,0.0066560707,0.0328858867,0.0113978731,0.0261196066,0.0898553431,0.0000000000,0.0103530586,0.1084038317,0.1288249344,0.0000000000,0.0000000000,0.4864016473,0.4804841280,0.1760003865,0.1712703109,0.2661559880,0.0188596044,0.8127855659,0.7012770176,0.3586641252,0.3725191057,0.0306022223,0.0321431793,0.0634970516,0.0733341798,0.8000987172,0.8000922203,0.0213942677,0.0000000000,0.0000000000,0.0678277314,0.1058757454,0.1058550775,0.1106977239,0.1208512411,0.0000006311,0.0000000000,0.0000000000,0.0000000000,-0.0283782724,0.1483572721,-0.0042406907,0.0468547307,0.1484398842,0.0070039709
00:42:18:24.287,61,0.1893760711,0.2433517873,0.0763951838,0.0000000000,0.0000000000,0.1698460132,0.0000000000,0.1893749237,0.2433740795,0.0481505617,0.0000000000,0.0000000000,0.1698627174,0.0000000000,0.0946679413,0.0000000000,0.0062550972,0.0329379179,0.0113946479,0.0260671936,0.0906215161,0.0000000000,0.0104864556,0.1137951314,0.1339984238,0.0000000000,0.0000000000,0.4835281372,0.4775420725,0.1761795878,0.1711984724,0.2653750777,0.0188264493,0.8143739700,0.7035997510,0.3589463830,0.3728574812,0.0304021034,0.0319620520,0.0637045726,0.0736353546,0.8007424474,0.8007361293,0.0214513894,0.0000000000,0.0000000000,0.0685475022,0.1058612019,0.1060365140,0.1112451851,0.1216936857,0.0000004929,0.0000000000,0.0000000000,0.0000000000,-0.0290889572,0.1487321556,-0.0043580080,0.0461521111,0.1488148272,0.0069167041
00:42:18:25.289,61,0.1901506037,0.2436620444,0.0750153065,0.0000000000,0.0000000000,0.1695846915,0.0000000000,0.1901495606,0.2436691672,0.0495292880,0.0000000000,0.0000000000,0.1696036607,0.0000000000,0.0938691869,0.0000000000,0.0058405753,0.0329829939,0.0113879768,0.0259833299,0.0911088288,0.0000000000,0.0106271571,0.1230566800,0.1442508250,0.0000000000,0.0000000000,0.4822231829,0.4761994779,0.1763547510,0.1711203903,0.2650185525,0.0187853463,0.8170402050,0.7081201673,0.3593984246,0.3733514547,0.0301884972,0.0317709334,0.0640034080,0.0740388036,0.8013386130,0.8013325930,0.0215153210,0.0000000000,0.0000000000,0.0691543669,0.1059618443,0.1063723341,0.1118699089,0.1226657256,0.0000003477,0.0000000000,0.0000000000,0.0000000000,-0.0299210660,0.1489161849,-0.0044882628,0.0453172177,0.1489988118,0.0068001938
00:42:18:26.290,61,0.1905522496,0.2433428317,0.0742666572,0.0000000000,0.0000000000,0.1695691049,0.0000000000,0.1905512214,0.2433414012,0.0502729118,0.0000000000,0.0000000000,0.1695909053,0.0000000000,0.0932349265,0.0000000000,0.0053676362,0.0330261365,0.0113809910,0.0259105992,0.0915804356,0.0000000000,0.0107278088,0.1263047010,0.1476882994,0.0000000000,0.0000000000,0.4810388684,0.4751014113,0.1764429361,0.1709478498,0.2648350000,0.0187555030,0.8188924193,0.7108519077,0.3599940240,0.3739815950,0.0299699977,0.0315711722,0.0642689988,0.0743914098,0.8019798398,0.8019740582,0.0215392038,0.0000000000,0.0000000000,0.0696881860,0.1060726419,0.1067080423,0.1124936640,0.1234603152,0.0000001205,0.0000000000,0.0000000000,0.0000000000,-0.0303712059,0.1487179101,-0.0045496076,0.0448662750,0.1488005519,0.0067234822
00:42:18:27.292,61,0.1902864724,0.2421592176,0.0731588230,0.0000000000,0.0000000000,0.1695659459,0.0000000000,0.1902844906,0.2421448231,0.0514034741,0.0000000000,0.0000000000,0.1695896089,0.0000000000,0.0928529724,0.0000000000,0.0050188741,0.0330690742,0.0113806855,0.0258399770,0.0918783322,0.0000000000,0.0107311159,0.1176771671,0.1338926256,0.0000000000,0.0000000000,0.4768458307,0.4703864157,0.1765910387,0.1708630323,0.2645800710,0.0187291261,0.8197403550,0.7120146155,0.3601045907,0.3740791082,0.0297945719,0.0314094573,0.0644241348,0.0746039227,0.8023427725,0.8023370504,0.0215709694,0.0000000000,0.0000000000,0.0701036230,0.1062199026,0.1070027947,0.1129721478,0.1240424886,0.0000000740,0.0000000000,0.0000000000,0.0000000000,-0.0310575962,0.1479897648,-0.0046292790,0.0442017876,0.1480723321,0.0065910784
00:42:18:28.293,61,0.1873302758,0.2382840812,0.0724228323,0.0000000000,0.0000000000,0.1694157422,0.0000000000,0.1873149127,0.2382600605,0.0521309189,0.0000000000,0.0000000000,0.1694400460,0.0000000000,0.0925765634,0.0000000000,0.0048616612,0.0330843255,0.0113797765,0.0257477202,0.0920439661,0.0000000000,0.0106474441,0.0790074468,0.0890124217,0.0000000000,0.0000000000,0.4678327143,0.4600955546,0.1767409593,0.1708531976,0.2641160786,0.0187019035,0.8200197220,0.7124429345,0.3599287868,0.3738300502,0.0296301153,0.0312589332,0.0643920228,0.0745886490,0.8023249507,0.8023188710,0.0216389652,0.0000000000,0.0000000000,0.0704277307,0.1062880084,0.1071623340,0.1131635010,0.1242814064,0.0000001470,0.0000000000,0.0000000000,0.0000000000,-0.0315081626,0.1456175745,-0.0046200519,0.0437724479,0.1457000375,0.0064210235
00:42:18:29.295,61,0.1849699169,0.2325517237,0.0730157346,0.0000000000,0.0000000000,0.1691166461,0.0000000000,0.1849449277,0.2325318158,0.0515317619,0.0000000000,0.0000000000,0.1691410989,0.0000000000,0.0923763961,0.0000000000,0.0047613941,0.0330732577,0.0113858012,0.0256596096,0.0922050774,0.0000000000,0.0105388882,0.0544562265,0.0676964819,0.0000000000,0.0000000000,0.4454678893,0.4378014505,0.1769653112,0.1709498316,0.2612718046,0.0186331850,0.8199036121,0.7124487162,0.3595072627,0.3733014166,0.0294687096,0.0311125740,0.0642123818,0.0744113848,0.8013606668,0.8013527989,0.0217386484,0.0000000000,0.0000000000,0.0706902221,0.1063271686,0.1072883680,0.1131878346,0.1243553385,0.0000002638,0.0000000000,0.0000000000,0.0000000000,-0.0311618149,0.1421150565,-0.0044578700,0.0441531911,0.1421973109,0.0063189892
00:42:18:30.297,61,0.1838659346,0.2297087014,0.0732004642,0.0000000000,0.0000000000,0.1689469218,0.0000000000,0.1838376075,0.2296894789,0.0513685793,0.0000000000,0.0000000000,0.1689717472,0.0000000000,0.0920506418,0.0000000000,0.0045854584,0.0330544636,0.0114000039,0.0255755950,0.0924711972,0.0000000000,0.0104352618,0.0459860265,0.0605212077,0.0000000000,0.0000000000,0.4367309809,0.4290201664,0.1773573309,0.1711648852,0.2547827959,0.0185247455,0.8195740581,0.7121050358,0.3567869067,0.3702782094,0.0293148942,0.0309730768,0.0639916062,0.0741925761,0.8006971478,0.8006886244,0.0218434297,0.0000000000,0.0000000000,0.0709360242,0.1063903123,0.1074572057,0.1132076830,0.1244440600,0.0000003271,0.0000000000,0.0000000000,0.0000000000,-0.0310708117,0.1403775215,-0.0043897862,0.0442758314,0.1404596269,0.0062580630
00:42:18:31.299,61,0.1832968146,0.2284175158,0.0725776181,0.0000000000,0.0000000000,0.1689193398,0.0000000000,0.1832668781,0.2283912301,0.0519795232,0.0000000000,0.0000000000,0.1689449698,0.0000000000,0.0917026699,0.0000000000,0.0043825367,0.0330512114,0.0114250304,0.0254943725,0.0927465037,0.0000000000,0.0103558972,0.0613563582,0.0787717700,0.0000000000,0.0000000000,0.4324553907,0.4247161746,0.1776958108,0.1713154614,0.2516301274,0.0184322558,0.8191316128,0.7113924026,0.3546574712,0.3680325747,0.0291843023,0.0308568049,0.0638148487,0.0740245432,0.8004303575,0.8004214168,0.0219358075,0.0000000000,0.0000000000,0.0711660087,0.1065002084,0.1076811403,0.1133880168,0.1246988028,0.0000003456,0.0000000000,0.0000000000,0.0000000000,-0.0314438529,0.1395857036,-0.0044170860,0.0439039841,0.1396678239,0.0061700982
00:42:18:32.300,61,0.1829949766,0.2274583131,0.0722200796,0.0000000000,0.0000000000,0.1689719111,0.0000000000,0.1829645485,0.2274278104,0.0523527376,0.0000000000,0.0000000000,0.1689988822,0.0000000000,0.0913143083,0.0000000000,0.0041332473,0.0330571570,0.0114475656,0.0254228190,0.0930331796,0.0000000000,0.0102073140,0.0823093802,0.0976732373,0.0000000000,0.0000000000,0.4306386411,0.4228193760,0.1782139540,0.1715717465,0.2500084341,0.0183450989,0.8188443184,0.7108733058,0.3531316221,0.3666765690,0.0290824808,0.0307554696,0.0637377575,0.0739434808,0.8003987074,0.8003894687,0.0220215134,0.0000000000,0.0000000000,0.0714317337,0.1067791581,0.1080649123,0.1136855483,0.1250663698,0.0000002794,0.0000000000,0.0000000000,0.0000000000,-0.0316722319,0.1389979124,-0.0044301776,0.0436912924,0.1390800029,0.0061140484
00:42:18:33.301,61,0.1828753650,0.2269106954,0.0716301128,0.0000000000,0.0000000000,0.1692301333,0.0000000000,0.1828455031,0.2268737853,0.0529579334,0.0000000000,0.0000000000,0.1692591608,0.0000000000,0.0908789337,0.0000000000,0.0038893807,0.0330974311,0.0114760511,0.0253527835,0.0933618471,0.0000000000,0.0100878859,0.1169543862,0.1330747157,0.0000000000,0.0000000000,0.4301495552,0.4222436547,0.1785596162,0.1716923416,0.2492137253,0.0182976518,0.8187780976,0.7105623484,0.3523707390,0.3659838736,0.0289733298,0.0306477528,0.0637488812,0.0739565715,0.8008202314,0.8008108735,0.0221029576,0.0000000000,0.0000000000,0.0717663914,0.1072654352,0.1086730137,0.1142393723,0.1257244349,0.0000001617,0.0000000000,0.0000000000,0.0000000000,-0.0320398770,0.1386609375,-0.0044705789,0.0433364138,0.1387429684,0.0060495334
00:42:18:34.303,61,0.1827166229,0.2267219126,0.0711602271,0.0000000000,0.0000000000,0.1695917100,0.0000000000,0.1826881617,0.2266800851,0.0534182638,0.0000000000,0.0000000000,0.1696242094,0.0000000000,0.0903600454,0.0000000000,0.0035600702,0.0331738964,0.0114978077,0.0252687614,0.0936427936,0.0000000000,0.0100500258,0.1461704224,0.1655174345,0.0000000000,0.0000000000,0.4484835565,0.4407669008,0.1787267923,0.1716070026,0.2490819395,0.0183306877,0.8188695312,0.7103422880,0.3522702754,0.3659962714,0.0288674738,0.0305396821,0.0637760684,0.0740049332,0.8021929860,0.8021846414,0.0221809186,0.0000000000,0.0000000000,0.0721446946,0.1078599989,0.1098544598,0.1148966551,0.1267128438,0.0000001056,0.0000000000,0.0000000000,0.0000000000,-0.0323189124,0.1385438144,-0.0045056399,0.0430528224,0.1386258453,0.0060048327
00:42:18:35.305,61,0.1828147620,0.2265598923,0.0709199384,0.0000000000,0.0000000000,0.1700327396,0.0000000000,0.1827879548,0.2265155017,0.0536579192,0.0000000000,0.0000000000,0.1700693071,0.0000000000,0.0897394493,0.0000000000,0.0031611209,0.0332481340,0.0115217622,0.0252160449,0.0940393880,0.0000000000,0.0101875290,0.1606193632,0.1838095039,0.0000000000,0.0000000000,0.4533109665,0.4457231462,0.1790001094,0.1716410071,0.2491061687,0.0183428284,0.8191885948,0.7103958130,0.3524242342,0.3663020432,0.0287496224,0.0304285940,0.0638725832,0.0741770267,0.8033067584,0.8032994866,0.0222625565,0.0000000000,0.0000000000,0.0726111680,0.1090064272,0.1126562357,0.1158339754,0.1285142452,0.0000000799,0.0000000000,0.0000000000,0.0000000000,-0.0324643627,0.1384438872,-0.0045226035,0.0429080427,0.1385258585,0.0059802816
00:42:18:36.307,61,0.1829974055,0.2266661823,0.0704166368,0.0000000000,0.0000000000,0.1706282943,0.0000000000,0.1829724163,0.2266163826,0.0541995354,0.0000000000,0.0000000000,0.1706693619,0.0000000000,0.0891771913,0.0000000000,0.0027231222,0.0333569124,0.0115470206,0.0251752120,0.0943468213,0.0000000000,0.0104205413,0.1698465347,0.1951814890,0.0000000000,0.0000000000,0.4608561695,0.4548208714,0.1793749332,0.1717576385,0.2494829446,0.0183912013,0.8195831180,0.7104635239,0.3526457250,0.3667189777,0.0286742803,0.0303585026,0.0639723241,0.0743821636,0.8050563335,0.8050503731,0.0223496053,0.0000000000,0.0000000000,0.0730872154,0.1102877855,0.1152337492,0.1165630296,0.1295875013,0.0000000969,0.0000000000,0.0000000000,0.0000000000,-0.0327917635,0.1385070533,-0.0045703077,0.0426031426,0.1385890543,0.0059405570
00:42:18:37.308,61,0.1834119558,0.2266123444,0.0701474547,0.0000000000,0.0000000000,0.1711464524,0.0000000000,0.1833886504,0.2265596241,0.0544893891,0.0000000000,0.0000000000,0.1711913794,0.0000000000,0.0885978788,0.0000000000,0.0023872538,0.0334925801,0.0115806246,0.0250993259,0.0946843326,0.0000000000,0.0106288251,0.1816630214,0.2061174214,0.0000000000,0.0000000000,0.4646729231,0.4587461650,0.1799296588,0.1720978022,0.2497873306,0.0184389111,0.8199806213,0.7104458809,0.3524416983,0.3667050302,0.0286204703,0.0303074624,0.0640671104,0.0745802447,0.8058869243,0.8058813810,0.0224609375,0.0000000000,0.0000000000,0.0735627636,0.1127303243,0.1184023693,0.1172092184,0.1304477602,0.0000001887,0.0000000000,0.0000000000,0.0000000000,-0.0329672992,0.1384731382,-0.0045936243,0.0424404852,0.1385551393,0.0059164236
00:42:18:38.310,61,0.1844141036,0.2267251164,0.0701280534,0.0000000000,0.0000000000,0.1717018783,0.0000000000,0.1843957603,0.2266720086,0.0545466729,0.0000000000,0.0000000000,0.1717495173,0.0000000000,0.0880158469,0.0000000000,0.0021011324,0.0336304493,0.0116147017,0.0250129905,0.0949997529,0.0000000000,0.0107498793,0.1859092116,0.2102698982,0.0000000000,0.0000000000,0.4668112397,0.4609345496,0.1809518486,0.1725898981,0.2499866933,0.0184701160,0.8203120828,0.7103285193,0.3519181907,0.3663761318,0.0285960194,0.0302747469,0.0641160384,0.0747090578,0.8062198758,0.8062145114,0.0225915108,0.0000000000,0.0000000000,0.0740310699,0.1147698909,0.1205710992,0.1176421642,0.1310194582,0.0000003381,0.0000000000,0.0000000000,0.0000000000,-0.0330016352,0.1385419816,-0.0046007228,0.0424283408,0.1386240721,0.0059177107
00:42:18:39.312,61,0.1854960769,0.2277119309,0.0696840212,0.0000000000,0.0000000000,0.1728272587,0.0000000000,0.1854841411,0.2276543081,0.0550108626,0.0000000000,0.0000000000,0.1728860140,0.0000000000,0.0875126347,0.0000000000,0.0018340839,0.0337810516,0.0116477497,0.0249401797,0.0952688456,0.0000000000,0.0109193837,0.1899122745,0.2144294381,0.0000000000,0.0000000000,0.4729418457,0.4668129981,0.1817504466,0.1731251180,0.2504218817,0.0185329039,0.8206627369,0.7102339864,0.3515222669,0.3661712706,0.0285902005,0.0302643571,0.0641690195,0.0748494416,0.8063914180,0.8063862324,0.0227219444,0.0000000000,0.0000000000,0.0745107457,0.1174142212,0.1237591133,0.1179832071,0.1314640790,0.0000005337,0.0000000000,0.0000000000,0.0000000000,-0.0332796872,0.1391436756,-0.0046598823,0.0421561375,0.1392257959,0.0059056240
00:42:18:40.313,61,0.1869736016,0.2290735245,0.0697198287,0.0000000000,0.0000000000,0.1738989949,0.0000000000,0.1869671196,0.2290164232,0.0550212674,0.0000000000,0.0000000000,0.1739680171,0.0000000000,0.0870390013,0.0000000000,0.0015404727,0.0339145921,0.0116767464,0.0248847120,0.0955379084,0.0000000000,0.0110850884,0.1937192380,0.2188406885,0.0000000000,0.0000000000,0.4771631956,0.4708247781,0.1825899035,0.1736797094,0.2509341836,0.0185718164,0.8212134242,0.7104676962,0.3513839543,0.3662190139,0.0285916626,0.0302587729,0.0643255562,0.0751004368,0.8067319989,0.8067271113,0.0228428412,0.0000000000,0.0000000000,0.0750052109,0.1194243953,0.1260360181,0.1184161454,0.1320044994,0.0000005194,0.0000000000,0.0000000000,0.0000000000,-0.0332820863,0.1399762332,-0.0046884674,0.0421728790,0.1400584131,0.0059437621
00:42:18:41.314,61,0.1879487932,0.2301195860,0.0702581257,0.0000000000,0.0000000000,0.1747455597,0.0000000000,0.1879447103,0.2300682664,0.0545093492,0.0000000000,0.0000000000,0.1748200655,0.0000000000,0.0865431651,0.0000000000,0.0012135345,0.0340416059,0.0116986576,0.0248161610,0.0957642347,0.0000000000,0.0112688318,0.1964821815,0.2223007381,0.0000000000,0.0000000000,0.4809465110,0.4748676121,0.1831243485,0.1740098298,0.2517659068,0.0186211560,0.8220824599,0.7109975219,0.3517255783,0.3667907119,0.0285616796,0.0302252900,0.0645053908,0.0753799826,0.8071420193,0.8071374297,0.0229511466,0.0000000000,0.0000000000,0.0754938498,0.1206223369,0.1273650080,0.1188881025,0.1325681359,0.0000004254,0.0000000000,0.0000000000,0.0000000000,-0.0329694450,0.1406176537,-0.0046660071,0.0424946472,0.1406999230,0.0060168793
00:42:18:42.316,61,0.1899202168,0.2311263680,0.0704002678,0.0000000000,0.0000000000,0.1758930981,0.0000000000,0.1899184287,0.2310767472,0.0543871038,0.0000000000,0.0000000000,0.1759759933,0.0000000000,0.0861572698,0.0000000000,0.0009371539,0.0341800228,0.0117337769,0.0247605201,0.0958650112,0.0000000000,0.0114865527,0.2006581426,0.2274178565,0.0000000000,0.0000000000,0.4827450216,0.4767285883,0.1837835163,0.1744933575,0.2527498603,0.0186603460,0.8227787614,0.7114663720,0.3517823219,0.3669992685,0.0285640880,0.0302301235,0.0647438616,0.0757313594,0.8075123429,0.8075079918,0.0230878741,0.0000000000,0.0000000000,0.0759140700,0.1243845895,0.1320717037,0.1195005178,0.1335133314,0.0000002892,0.0000000000,0.0000000000,0.0000000000,-0.0328926295,0.1412336379,-0.0046758056,0.0425769053,0.1413159817,0.0060552675
00:42:18:43.317,61,0.1925231665,0.2316037118,0.0704361424,0.0000000000,0.0000000000,0.1767172813,0.0000000000,0.1925226599,0.2315546423,0.0543509275,0.0000000000,0.0000000000,0.1768036485,0.0000000000,0.0858392939,0.0000000000,0.0006880751,0.0342935026,0.0117651671,0.0246695988,0.0959780663,0.0000000000,0.0116735864,0.2022603154,0.2293622494,0.0000000000,0.0000000000,0.4832742810,0.4773122966,0.1846050769,0.1750787348,0.2538234591,0.0186543111,0.8245921135,0.7141200900,0.3516677320,0.3670039475,0.0285348855,0.0302083008,0.0650568828,0.0761668608,0.8076670170,0.8076629043,0.0232405644,0.0000000000,0.0000000000,0.0762531161,0.1266857684,0.1347247511,0.1200335100,0.1342179924,0.0000001495,0.0000000000,0.0000000000,0.0000000000,-0.0328693911,0.1415256411,-0.0046822932,0.0425968282,0.1416080147,0.0060707876
00:42:18:44.319,61,0.1951412410,0.2321483046,0.0712764636,0.0000000000,0.0000000000,0.1771134585,0.0000000000,0.1951411664,0.2321080565,0.0535574891,0.0000000000,0.0000000000,0.1772018522,0.0000000000,0.0854512155,0.0000000000,0.0004047028,0.0343957320,0.0117924390,0.0245315377,0.0960797146,0.0000000000,0.0118217841,0.2033932507,0.2306956202,0.0000000000,0.0000000000,0.4834866524,0.4775813818,0.1852903068,0.1755933762,0.2542990446,0.0186316539,0.8255031705,0.7151992917,0.3514078557,0.3668655455,0.0284851063,0.0301633924,0.0652774274,0.0764904097,0.8074156046,0.8074117303,0.0234080758,0.0000000000,0.0000000000,0.0765868202,0.1277884096,0.1359661520,0.1203807443,0.1346881539,0.0000001529,0.0000000000,0.0000000000,0.0000000000,-0.0323879905,0.1418616474,-0.0046248445,0.0431029685,0.1419440806,0.0061576501
00:42:18:45.321,61,0.1961269528,0.2321227193,0.0723679885,0.0000000000,0.0000000000,0.1769912541,0.0000000000,0.1961269081,0.2320938408,0.0525224805,0.0000000000,0.0000000000,0.1770806760,0.0000000000,0.0850354582,0.0000000000,0.0000852210,0.0344686545,0.0117988819,0.0243633538,0.0961977467,0.0000000000,0.0118796052,0.2041610032,0.2314940244,0.0000000000,0.0000000000,0.4838097095,0.4779384732,0.1858732700,0.1760222912,0.2545946836,0.0185943432,0.8263314366,0.7162932158,0.3513950408,0.3669544160,0.0284025148,0.0300807711,0.0654578358,0.0767412558,0.8070189357,0.8070151806,0.0235796198,0.0000000000,0.0000000000,0.0769690871,0.1281842738,0.1363448203,0.1205367148,0.1349007189,0.0000001747,0.0000000000,0.0000000000,0.0000000000,-0.0317621306,0.1418500990,-0.0045351316,0.0437631346,0.1419325173,0.0062513831
00:42:18:46.323,61,0.1967616081,0.2316386253,0.0733794942,0.0000000000,0.0000000000,0.1768058538,0.0000000000,0.1967613995,0.2316201180,0.0515468679,0.0000000000,0.0000000000,0.1768956035,0.0000000000,0.0846811682,0.0001905990,0.0000000000,0.0345065854,0.0118064284,0.0242010485,0.0962956026,0.0000000000,0.0118354615,0.2044930309,0.2317580879,0.0000000000,0.0000000000,0.4831047058,0.4767072201,0.1871803403,0.1766324788,0.2546565831,0.0185096730,0.8270180225,0.7171167731,0.3508888185,0.3665558696,0.0283350088,0.0300104320,0.0656892881,0.0770280808,0.8065503836,0.8065466881,0.0237254333,0.0000000000,0.0000000000,0.0772693381,0.1284750104,0.1365397125,0.1207035184,0.1351081133,0.0000002276,0.0000000000,0.0000000000,0.0000000000,-0.0311734341,0.1415579617,-0.0044418126,0.0443766899,0.1416403949,0.0063257441
00:42:18:47.324,61,0.1973592937,0.2310347110,0.0740318075,0.0000000000,0.0000000000,0.1768913269,0.0000000000,0.1973589510,0.2310229093,0.0508960038,0.0000000000,0.0000000000,0.1769812107,0.0000000000,0.0843427703,0.0004091086,0.0000000000,0.0345188156,0.0118217003,0.0240307450,0.0963672101,0.0000000000,0.0118248453,0.2047479004,0.2319942713,0.0000000000,0.0000000000,0.4727628529,0.4659726918,0.1894094348,0.1780149192,0.2542984188,0.0183807667,0.8275316954,0.7177339196,0.3459724188,0.3622699380,0.0282720495,0.0299493037,0.0659368560,0.0773397312,0.8058463335,0.8058429360,0.0238776803,0.0000000000,0.0000000000,0.0774369165,0.1290576458,0.1370663792,0.1209548861,0.1354403496,0.0000001998,0.0000000000,0.0000000000,0.0000000000,-0.0307814199,0.1411911994,-0.0043744585,0.0447735190,0.1412736177,0.0063655232
00:42:18:48.326,61,0.1980859041,0.2302441150,0.0744119734,0.0000000000,0.0000000000,0.1770026237,0.0000000000,0.1980853975,0.2302360684,0.0504958034,0.0000000000,0.0000000000,0.1770921797,0.0000000000,0.0839711204,0.0005573891,0.0000000000,0.0345051549,0.0118495598,0.0238500405,0.0963175744,0.0000000000,0.0117923142,0.2052710056,0.2324626893,0.0000000000,0.0000000000,0.4589405358,0.4511000514,0.1919962615,0.1800267547,0.2527227104,0.0182040446,0.8279299140,0.7182480693,0.3395684659,0.3555970490,0.0282110479,0.0298935398,0.0662673786,0.0777311251,0.8042648435,0.8042616844,0.0240521524,0.0000000000,0.0000000000,0.0774818659,0.1310868710,0.1389103830,0.1214547232,0.1360612363,0.0000002369,0.0000000000,0.0000000000,0.0000000000,-0.0305414628,0.1407092959,-0.0043253568,0.0450065248,0.1407916546,0.0063765063
00:42:18:49.328,61,0.1986235231,0.2292789221,0.0748149306,0.0000000000,0.0000000000,0.1769576073,0.0000000000,0.1986227930,0.2292746454,0.0500954688,0.0000000000,0.0000000000,0.1770467460,0.0000000000,0.0835975036,0.0007213901,0.0000000000,0.0344706140,0.0118678026,0.0236690510,0.0963145792,0.0000000000,0.0117281871,0.2056792378,0.2327834964,0.0000000000,0.0000000000,0.4540728629,0.4460185170,0.1932525039,0.1810381114,0.2518519759,0.0180327687,0.8283199072,0.7187655568,0.3371327221,0.3531433940,0.0281280894,0.0298122820,0.0665777698,0.0780946761,0.8030862808,0.8030831218,0.0242134128,0.0000000000,0.0000000000,0.0775405839,0.1320305169,0.1397705078,0.1219023690,0.1366028488,0.0000002705,0.0000000000,0.0000000000,0.0000000000,-0.0303018466,0.1401206702,-0.0042732428,0.0452540070,0.1402030140,0.0063843839
00:42:18:50.329,61,0.1995108426,0.2280744165,0.0750694349,0.0000000000,0.0000000000,0.1767447293,0.0000000000,0.1995075643,0.2280721962,0.0498472452,0.0000000000,0.0000000000,0.1768333912,0.0000000000,0.0831980556,0.0009708483,0.0000000000,0.0343987532,0.0118836761,0.0234880652,0.0962895229,0.0000000000,0.0117454277,0.2061744481,0.2334557772,0.0000000000,0.0000000000,0.4462905228,0.4393442869,0.1942853630,0.1819261611,0.2495221496,0.0178172365,0.8286499977,0.7192708850,0.3354741335,0.3514843285,0.0280288029,0.0297238808,0.0668926314,0.0784908161,0.8013085127,0.8013055921,0.0244154632,0.0000000000,0.0000000000,0.0775894225,0.1328847557,0.1407010257,0.1223918349,0.1372144073,0.0000002302,0.0000000000,0.0000000000,0.0000000000,-0.0301548168,0.1393851638,-0.0042299009,0.0454126634,0.1394674927,0.0063726995
00:42:18:51.330,61,0.2026846707,0.2270427644,0.0755638629,0.0000000000,0.0000000000,0.1765619367,0.0000000000,0.2026748806,0.2270451486,0.0493647605,0.0000000000,0.0000000000,0.1766497046,0.0000000000,0.0827419385,0.0012521001,0.0000000000,0.0342913792,0.0119001269,0.0233138688,0.0963636562,0.0000000000,0.0118984682,0.2064407915,0.2340866476,0.0000000000,0.0000000000,0.4290668666,0.4246652722,0.1951451600,0.1827347577,0.2446719706,0.0175673850,0.8288975954,0.7197257876,0.3337157667,0.3496086001,0.0279015228,0.0296178069,0.0671674311,0.0788823143,0.7995032072,0.7995004058,0.0246247482,0.0000000000,0.0000000000,0.0776035562,0.1336237639,0.1415992081,0.1228572652,0.1378492266,0.0000002285,0.0000000000,0.0000000000,0.0000000000,-0.0298655648,0.1387562901,-0.0041701924,0.0457157828,0.1388385147,0.0063859001
00:42:18:52.332,61,0.2043406516,0.2260251194,0.0760163218,0.0000000000,0.0000000000,0.1764638424,0.0000000000,0.2043280751,0.2260316014,0.0489228554,0.0000000000,0.0000000000,0.1765507907,0.0000000000,0.0822447687,0.0015450483,0.0000000000,0.0341623947,0.0119040841,0.0231520273,0.0964058116,0.0000000000,0.0121203978,0.2065310031,0.2345585227,0.0000000000,0.0000000000,0.4237468839,0.4200522304,0.1957283169,0.1833345890,0.2423177660,0.0173351299,0.8291009665,0.7201147676,0.3327633440,0.3486311734,0.0277575068,0.0294985343,0.0673745349,0.0792029351,0.7985948920,0.7985920906,0.0247995686,0.0000000000,0.0000000000,0.0776143223,0.1339487582,0.1420362294,0.1231717095,0.1382937580,0.0000001920,0.0000000000,0.0000000000,0.0000000000,-0.0296007674,0.1381357461,-0.0041145082,0.0459935069,0.1382180154,0.0063955830
00:42:18:53.333,61,0.2053499073,0.2249653190,0.0768256709,0.0000000000,0.0000000000,0.1764782071,0.0000000000,0.2053358406,0.2249794900,0.0481456369,0.0000000000,0.0000000000,0.1765639335,0.0000000000,0.0817925707,0.0018223907,0.0000000000,0.0340499617,0.0119001735,0.0229876153,0.0965475142,0.0000000000,0.0123511916,0.2064604759,0.2348667681,0.0000000000,0.0000000000,0.4212555885,0.4179135561,0.1962179393,0.1838725209,0.2409972697,0.0171356536,0.8293314576,0.7205131650,0.3322878182,0.3481582105,0.0276144221,0.0293779820,0.0674772039,0.0794022605,0.7979237437,0.7979210019,0.0249633621,0.0000000000,0.0000000000,0.0777346194,0.1339969188,0.1421493441,0.1232466251,0.1384596080,0.0000001798,0.0000000000,0.0000000000,0.0000000000,-0.0291331075,0.1374908686,-0.0040303767,0.0464873612,0.1375730485,0.0064336569
00:42:18:54.335,61,0.2059836984,0.2237447798,0.0773823261,0.0000000000,0.0000000000,0.1765957475,0.0000000000,0.2059689015,0.2237638533,0.0476050451,0.0000000000,0.0000000000,0.1766799986,0.0000000000,0.0813980401,0.0020165192,0.0000000000,0.0339543596,0.0119028790,0.0228417553,0.0967061669,0.0000000000,0.0125506027,0.2063040584,0.2350061238,0.0000000000,0.0000000000,0.4200508893,0.4168222547,0.1967238039,0.1844502240,0.2400654107,0.0169574507,0.8294636011,0.7207669020,0.3319077194,0.3477835059,0.0274993777,0.0292832572,0.0675440505,0.0795427710,0.7972713113,0.7972685695,0.0251143351,0.0000000000,0.0000000000,0.0778894126,0.1340463161,0.1422296315,0.1232857555,0.1385779232,0.0000001805,0.0000000000,0.0000000000,0.0000000000,-0.0288089495,0.1367466599,-0.0039636996,0.0468290150,0.1368288696,0.0064454051
00:42:18:55.337,61,0.2062969506,0.2224932164,0.0777930766,0.0000000000,0.0000000000,0.1768672764,0.0000000000,0.2062817216,0.2225156873,0.0472185500,0.0000000000,0.0000000000,0.1769498885,0.0000000000,0.0810048059,0.0021569845,0.0000000000,0.0338588841,0.0118926754,0.0226818416,0.0969197825,0.0000000000,0.0127079869,0.2060500085,0.2349628806,0.0000000000,0.0000000000,0.4202034473,0.4167183936,0.1970786303,0.1848952621,0.2394409627,0.0168071780,0.8297359347,0.7212244272,0.3318370879,0.3477377892,0.0273792669,0.0291779302,0.0675661340,0.0796240047,0.7969662547,0.7969635129,0.0252406970,0.0000000000,0.0000000000,0.0780661628,0.1338283271,0.1419938505,0.1231605783,0.1384842098,0.0000001520,0.0000000000,0.0000000000,0.0000000000,-0.0285780430,0.1359829605,-0.0039097071,0.0470825210,0.1360650808,0.0064436458
00:42:18:56.338,61,0.2062168568,0.2210523486,0.0785571709,0.0000000000,0.0000000000,0.1770098805,0.0000000000,0.2062011063,0.2210815400,0.0464824513,0.0000000000,0.0000000000,0.1770907193,0.0000000000,0.0806702822,0.0022954042,0.0000000000,0.0337849408,0.0118733114,0.0225100424,0.0972008109,0.0000000000,0.0128095271,0.2056290209,0.2346546501,0.0000000000,0.0000000000,0.4236531854,0.4195583761,0.1971745640,0.1850923449,0.2393098325,0.0167121552,0.8301575184,0.7218884826,0.3323420286,0.3483669162,0.0272411928,0.0290480182,0.0675290078,0.0796233416,0.7968777418,0.7968750000,0.0253510233,0.0000000000,0.0000000000,0.0783384219,0.1332257241,0.1409578919,0.1229069680,0.1382095367,0.0000001356,0.0000000000,0.0000000000,0.0000000000,-0.0281359032,0.1351048648,-0.0038240727,0.0475506820,0.1351869404,0.0064651528
00:42:18:57.340,61,0.2040281743,0.2189371288,0.0801420286,0.0000000000,0.0000000000,0.1774292141,0.0000000000,0.2040095180,0.2189806253,0.0449635722,0.0000000000,0.0000000000,0.1775078624,0.0000000000,0.0805091709,0.0023750141,0.0000000000,0.0337517858,0.0118430434,0.0223708618,0.0973655581,0.0000000000,0.0128300767,0.1999253482,0.2275820822,0.0000000000,0.0000000000,0.4490437210,0.4436421990,0.1973234266,0.1853213906,0.2406668961,0.0167015288,0.8306753039,0.7230779529,0.3373059928,0.3536849916,0.0271375459,0.0289391503,0.0673971474,0.0794850737,0.7968090773,0.7968063354,0.0254053250,0.0000000000,0.0000000000,0.0787124932,0.1315822303,0.1382777542,0.1222196445,0.1370363981,0.0000001028,0.0000000000,0.0000000000,0.0000000000,-0.0272212494,0.1338175237,-0.0036641115,0.0485184565,0.1338996142,0.0065330518
00:42:18:58.341,61,0.1987186968,0.2171664387,0.0812327713,0.0000000000,0.0000000000,0.1780417114,0.0000000000,0.1987029612,0.2172193676,0.0439218283,0.0000000000,0.0000000000,0.1781179309,0.0000000000,0.0804970786,0.0023867048,0.0000000000,0.0337638445,0.0118064443,0.0222658832,0.0973954871,0.0000000000,0.0128878448,0.1940064430,0.2214723229,0.0000000000,0.0000000000,0.4715469480,0.4672003984,0.1974353939,0.1855437607,0.2482096553,0.0167797543,0.8313962221,0.7255133986,0.3473112583,0.3637832403,0.0270613953,0.0288551301,0.0672024265,0.0792925209,0.7968401909,0.7968374491,0.0254270360,0.0000000000,0.0000000000,0.0791909099,0.1292690188,0.1353959590,0.1208122745,0.1350726485,0.0000000858,0.0000000000,0.0000000000,0.0000000000,-0.0265944097,0.1327389926,-0.0035505616,0.0491859242,0.1328210086,0.0065688705
00:42:18:59.344,61,0.1920293421,0.2150717527,0.0821212977,0.0000000000,0.0000000000,0.1788468659,0.0000000000,0.1920077056,0.2151317149,0.0430734307,0.0000000000,0.0000000000,0.1789178997,0.0000000000,0.0806306526,0.0023868920,0.0000000000,0.0338286534,0.0117692165,0.0221404787,0.0973000452,0.0000000000,0.0128777018,0.1916305125,0.2187905908,0.0000000000,0.0000000000,0.4846494198,0.4799277484,0.1973612756,0.1855656803,0.2578907907,0.0169428121,0.8326436281,0.7284926176,0.3553225100,0.3714359105,0.0269927308,0.0287743956,0.0670005307,0.0790582970,0.7968918681,0.7968891859,0.0254526790,0.0000000000,0.0000000000,0.0796947330,0.1278935969,0.1335470527,0.1195956022,0.1332107186,0.0000000702,0.0000000000,0.0000000000,0.0000000000,-0.0260851290,0.1314614862,-0.0034486768,0.0497323722,0.1315434575,0.0065771579
00:42:19:00.345,61,0.1865948737,0.2120109499,0.0836120248,0.0000000000,0.0000000000,0.1805966347,0.0000000000,0.1865596026,0.2120827436,0.0416421369,0.0000000000,0.0000000000,0.1806577593,0.0000000000,0.0809043646,0.0023853120,0.0000000000,0.0338904224,0.0117287161,0.0220189765,0.0971767306,0.0000000000,0.0128421625,0.1831111759,0.2092256546,0.0000000000,0.0000000000,0.4902664721,0.4855059981,0.1973037422,0.1855949461,0.2626362145,0.0171184372,0.8338834643,0.7313570976,0.3593622744,0.3751559556,0.0269291010,0.0286976919,0.0667951852,0.0788193345,0.7969539762,0.7969513535,0.0254315939,0.0000000000,0.0000000000,0.0801500604,0.1264508516,0.1315510720,0.1180988550,0.1312427372,0.0000000601,0.0000000000,0.0000000000,0.0000000000,-0.0252245106,0.1295954436,-0.0032870458,0.0506475754,0.1296773404,0.0066019883
00:42:19:01.346,61,0.1841410249,0.2105202675,0.0845485926,0.0000000000,0.0000000000,0.1818893254,0.0000000000,0.1841020137,0.2105997205,0.0407409742,0.0000000000,0.0000000000,0.1819422841,0.0000000000,0.0812421441,0.0023659873,0.0000000000,0.0339363664,0.0116870692,0.0219177287,0.0970504880,0.0000000000,0.0127911372,0.1727475524,0.1983318627,0.0000000000,0.0000000000,0.4930205941,0.4882542193,0.1972791553,0.1856632382,0.2651343346,0.0172625352,0.8355900645,0.7354372144,0.3627711833,0.3783208430,0.0268659778,0.0286238622,0.0666208118,0.0786074325,0.7970012426,0.7969985604,0.0254282076,0.0000000000,0.0000000000,0.0806206539,0.1251047552,0.1297972798,0.1167355925,0.1295436323,0.0000000419,0.0000000000,0.0000000000,0.0000000000,-0.0246815402,0.1286874712,-0.0031935205,0.0512209423,0.1287693381,0.0066293888
00:42:19:02.348,61,0.1826147586,0.2095263004,0.0853459388,0.0000000000,0.0000000000,0.1828361899,0.0000000000,0.1825746149,0.2096123844,0.0399916433,0.0000000000,0.0000000000,0.1828854382,0.0000000000,0.0814248398,0.0023616652,0.0000000000,0.0339576751,0.0116384057,0.0218306109,0.0969506353,0.0000000000,0.0127761997,0.1693873256,0.1947918683,0.0000000000,0.0000000000,0.4945894480,0.4898519516,0.1969185621,0.1854057759,0.2666492760,0.0174052939,0.8374929428,0.7390162945,0.3675993085,0.3830451965,0.0267748423,0.0285210293,0.0664738864,0.0784320459,0.7973076105,0.7973048687,0.0253740698,0.0000000000,0.0000000000,0.0810309723,0.1229328513,0.1273779124,0.1157656685,0.1284315586,0.0000000221,0.0000000000,0.0000000000,0.0000000000,-0.0242294744,0.1280827373,-0.0031201446,0.0517080240,0.1281645596,0.0066605965
00:42:19:03.349,61,0.1818071157,0.2085098475,0.0856150314,0.0000000000,0.0000000000,0.1838651001,0.0000000000,0.1817670166,0.2085974067,0.0397598781,0.0000000000,0.0000000000,0.1839116216,0.0000000000,0.0814214423,0.0023794007,0.0000000000,0.0339872055,0.0116031868,0.0217728019,0.0969290435,0.0000000000,0.0128550287,0.1704561859,0.1977011710,0.0000000000,0.0000000000,0.4952613413,0.4905952811,0.1964572221,0.1850467026,0.2672342360,0.0175521821,0.8384560943,0.7404757738,0.3696572185,0.3850875497,0.0266986284,0.0284398310,0.0662608668,0.0782073215,0.7978767753,0.7978741527,0.0253481772,0.0000000000,0.0000000000,0.0814757422,0.1217722073,0.1261753589,0.1150196940,0.1276427060,0.0000000194,0.0000000000,0.0000000000,0.0000000000,-0.0240909774,0.1274621487,-0.0030871169,0.0518752038,0.1275439411,0.0066493978
00:42:19:04.351,61,0.1811329722,0.2070419192,0.0858554021,0.0000000000,0.0000000000,0.1844831258,0.0000000000,0.1810940057,0.2071301490,0.0395578556,0.0000000000,0.0000000000,0.1845285296,0.0000000000,0.0813500285,0.0024228950,0.0000000000,0.0340155140,0.0115703885,0.0217283815,0.0970504656,0.0000000000,0.0129830996,0.1710632741,0.1997369528,0.0000000000,0.0000000000,0.4954428077,0.4908875227,0.1958610862,0.1845457703,0.2674060166,0.0176904611,0.8391733170,0.7413567305,0.3715515733,0.3875388503,0.0266208127,0.0283610243,0.0659927651,0.0779438317,0.7983788848,0.7983763218,0.0253418125,0.0000000000,0.0000000000,0.0820209086,0.1203304082,0.1251732409,0.1143174618,0.1269520819,0.0000000257,0.0000000000,0.0000000000,0.0000000000,-0.0239713099,0.1265651733,-0.0030499361,0.0520268045,0.1266470104,0.0066214101
00:42:19:05.353,61,0.1798333377,0.2057760954,0.0861152932,0.0000000000,0.0000000000,0.1847157478,0.0000000000,0.1798010916,0.2058653980,0.0393432714,0.0000000000,0.0000000000,0.1847606301,0.0000000000,0.0813091099,0.0024549705,0.0000000000,0.0340847895,0.0115362490,0.0216978081,0.0971976221,0.0000000000,0.0130932378,0.1723972857,0.2013042867,0.0000000000,0.0000000000,0.4991414547,0.4955470264,0.1930164248,0.1825718433,0.2675781250,0.0178928282,0.8396430016,0.7417450547,0.3761619329,0.3928392231,0.0265396908,0.0282772873,0.0655978397,0.0775363073,0.7988172174,0.7988147736,0.0253610592,0.0000000000,0.0000000000,0.0826855376,0.1171730757,0.1222504303,0.1129822508,0.1254779398,0.0000000690,0.0000000000,0.0000000000,0.0000000000,-0.0238436125,0.1257919669,-0.0030149608,0.0521894135,0.1258737594,0.0066011003
00:42:19:06.355,61,0.1791506112,0.2045841366,0.0857849047,0.0000000000,0.0000000000,0.1845626384,0.0000000000,0.1791210473,0.2046690583,0.0396909341,0.0000000000,0.0000000000,0.1846084595,0.0000000000,0.0809822455,0.0025171037,0.0000000000,0.0341441184,0.0114974268,0.0216333568,0.0973280966,0.0000000000,0.0130556272,0.1760337949,0.2030635029,0.0000000000,0.0000000000,0.5028840303,0.4988737106,0.1835148185,0.1738403589,0.2610344887,0.0181123577,0.8394537568,0.7390965819,0.3779107332,0.3948500752,0.0264330208,0.0281586573,0.0649800077,0.0765298083,0.7993565202,0.7993541360,0.0253700763,0.0000000000,0.0000000000,0.0831455961,0.1097145975,0.1141771227,0.1109307259,0.1228313670,0.0000003682,0.0000000000,0.0000000000,0.0000000000,-0.0240565240,0.1250616014,-0.0030240302,0.0519939624,0.1251433492,0.0065378398
00:42:19:07.356,61,0.1790350229,0.2033697069,0.0849484950,0.0000000000,0.0000000000,0.1828534305,0.0000000000,0.1790071577,0.2034456134,0.0405110940,0.0000000000,0.0000000000,0.1829035878,0.0000000000,0.0779704526,0.0027256210,0.0000000000,0.0341015346,0.0114679504,0.0215130486,0.0974872410,0.0000000000,0.0128394309,0.1840090305,0.2076565623,0.0000000000,0.0000000000,0.4964802265,0.4917977452,0.1696447581,0.1604788899,0.2144344151,0.0182496943,0.8333768249,0.7223516107,0.3789954185,0.3961022198,0.0263228156,0.0280396678,0.0635606945,0.0741632804,0.7997869849,0.7997846603,0.0254100375,0.0000000000,0.0000000000,0.0832905024,0.1017419249,0.1062531769,0.1100102141,0.1217051223,0.0000009375,0.0000000000,0.0000000000,0.0000000000,-0.0245559216,0.1243155599,-0.0030681887,0.0514918044,0.1243972406,0.0064357514
00:42:19:08.357,61,0.1788596660,0.2018615603,0.0845397934,0.0000000000,0.0000000000,0.1777062714,0.0000000000,0.1788327694,0.2019322664,0.0409056880,0.0000000000,0.0000000000,0.1777569950,0.0000000000,0.0748776123,0.0029951979,0.0000000000,0.0339840129,0.0114398012,0.0213645641,0.0978598148,0.0000000000,0.0125249624,0.1861659288,0.2087885886,0.0000000000,0.0000000000,0.4705921113,0.4673860371,0.1595181823,0.1512930542,0.2016406059,0.0183509290,0.8277869225,0.7154329419,0.3819681704,0.3994289637,0.0261851177,0.0278992876,0.0617163554,0.0713004842,0.7995185256,0.7995161414,0.0254629645,0.0000000000,0.0000000000,0.0833547488,0.0933252499,0.0974865705,0.1092678234,0.1208335534,0.0000036201,0.0000000000,0.0000000000,0.0000000000,-0.0247979555,0.1233915389,-0.0030751578,0.0512499548,0.1234731674,0.0063574798
00:42:19:09.359,61,0.1784920394,0.2006890327,0.0846581012,0.0000000000,0.0000000000,0.1723145545,0.0000000000,0.1784652621,0.2007597387,0.0407917276,0.0000000000,0.0000000000,0.1723619699,0.0000000000,0.0728842840,0.0033215643,0.0000000000,0.0338324197,0.0114053842,0.0212217756,0.0983968824,0.0000000000,0.0121755823,0.1858512163,0.2078464478,0.0000000000,0.0000000000,0.4632369578,0.4603942037,0.1474441886,0.1403870583,0.1950585395,0.0184710547,0.8231796026,0.7107598186,0.3888944387,0.4069983661,0.0260307807,0.0277379677,0.0598379448,0.0687550455,0.7987223268,0.7987195253,0.0255334452,0.0000000000,0.0000000000,0.0834404230,0.0870411247,0.0907186195,0.1078382283,0.1185431257,0.0000055217,0.0000000000,0.0000000000,0.0000000000,-0.0247310661,0.1226748675,-0.0030488712,0.0513262227,0.1227564439,0.0063296002
00:42:19:10.361,61,0.1760496795,0.1988698542,0.0851230770,0.0000000000,0.0000000000,0.1622190773,0.0000000000,0.1760035008,0.1989430636,0.0403547063,0.0000000000,0.0000000000,0.1622510105,0.0000000000,0.0713873133,0.0036901913,0.0000000000,0.0336705633,0.0113588227,0.0210234318,0.0991659909,0.0000000000,0.0117195472,0.1824086457,0.2037280202,0.0000000000,0.0000000000,0.4612853825,0.4585357606,0.1375349015,0.1307283193,0.1917333007,0.0186514165,0.8172171116,0.7048108578,0.3971408010,0.4145706594,0.0258532669,0.0275563169,0.0578688830,0.0660078228,0.7887930274,0.7887864113,0.0256264023,0.0000000000,0.0000000000,0.0836693197,0.0804166943,0.0830917060,0.1036215872,0.1118856892,0.0000083957,0.0000000000,0.0000000000,0.0000000000,-0.0244694389,0.1215639859,-0.0029890351,0.0516151637,0.1216455102,0.0063070226
00:42:19:11.362,61,0.1647660285,0.1958298832,0.0857880339,0.0000000000,0.0000000000,0.1367250532,0.0000000000,0.1647122800,0.1959059536,0.0397631563,0.0000000000,0.0000000000,0.1367482543,0.0000000000,0.0686390251,0.0040675346,0.0000000000,0.0334867574,0.0113174897,0.0206824597,0.1036523730,0.0000000000,0.0110969488,0.1580329388,0.1830040514,0.0000000000,0.0000000000,0.4587351382,0.4558204412,0.1311410666,0.1246441603,0.1876022965,0.0187979471,0.7942748070,0.6828315258,0.3999546170,0.4172224998,0.0256226957,0.0273277331,0.0544116497,0.0614255294,0.7200521827,0.7200384140,0.0258671939,0.0000000000,0.0000000000,0.0838050917,0.0697277561,0.0714461729,0.0934426337,0.1002078131,0.0000148417,0.0000000000,0.0000000000,0.0000000000,-0.0241161697,0.1197071224,-0.0029004570,0.0520300791,0.1197885722,0.0062596849
00:42:19:12.363,61,0.1344845444,0.1917945445,0.0883524939,0.0000000000,0.0000000000,0.1073572040,0.0000000000,0.1344415098,0.1918890625,0.0373237617,0.0000000000,0.0000000000,0.1073732600,0.0000000000,0.0656590536,0.0043586092,0.0000000000,0.0332904719,0.0112956250,0.0202490110,0.1070688665,0.0000000000,0.0099710822,0.0971331596,0.1185792685,0.0000000000,0.0000000000,0.4148682356,0.4090195596,0.1243689507,0.1182348654,0.1708206236,0.0188867487,0.7552317381,0.6493974924,0.4015167058,0.4186462462,0.0253780726,0.0270654727,0.0505689867,0.0562866703,0.5835912824,0.5835495591,0.0263423249,0.0000000000,0.0000000000,0.0835408196,0.0593057051,0.0598418824,0.0816336572,0.0871917978,0.0000311573,0.0000000000,0.0000000000,0.0000000000,-0.0226433072,0.1172485650,-0.0026668941,0.0536011234,0.1173299029,0.0063149249
00:42:19:13.366,61,0.1223132685,0.1882408261,0.0914329588,0.0000000000,0.0000000000,0.0863485411,0.0000000000,0.1222485974,0.1883578748,0.0344031155,0.0000000000,0.0000000000,0.0863583982,0.0000000000,0.0620510280,0.0045636203,0.0000000000,0.0330788642,0.0113107488,0.0197779331,0.1098969802,0.0000000000,0.0087073334,0.0788172707,0.0985609144,0.0000000000,0.0000000000,0.3785166442,0.3698703945,0.1173663139,0.1111646742,0.1539779454,0.0189353488,0.7207147479,0.6116994619,0.3971785307,0.4126225114,0.0251553971,0.0268001035,0.0471903048,0.0517970994,0.4431720078,0.4430474937,0.0278372429,0.0000000000,0.0000000000,0.0826326832,0.0528445803,0.0526000932,0.0746901706,0.0796740726,0.0000538074,0.0000000000,0.0000000000,0.0000000000,-0.0208766870,0.1150864810,-0.0024131087,0.0554839820,0.1151677892,0.0064149885
00:42:19:14.367,61,0.1137979329,0.1846737862,0.0963766873,0.0000000000,0.0000000000,0.0716386959,0.0000000000,0.1136905625,0.1848281175,0.0297403671,0.0000000000,0.0000000000,0.0716446340,0.0000000000,0.0583859012,0.0046722000,0.0000000000,0.0327944048,0.0113264751,0.0192602091,0.1141138747,0.0000000000,0.0065704538,0.0623100102,0.0786355063,0.0000000000,0.0000000000,0.3428034186,0.3331608474,0.1106856242,0.1043468639,0.1425573379,0.0189548712,0.6712937355,0.5663369894,0.3495148718,0.3623455167,0.0249260813,0.0265046582,0.0440117978,0.0477634594,0.3273496032,0.3270735741,0.0343320668,0.0000000000,0.0000000000,0.0819687322,0.0479460880,0.0470017157,0.0685160905,0.0728094131,0.0000781746,0.0000000000,0.0000000000,0.0000000000,-0.0180516746,0.1129235774,-0.0020470545,0.0584985241,0.1130049229,0.0066350219
00:42:19:15.369,61,0.1068469957,0.1831570864,0.0996759236,0.0000000000,0.0000000000,0.0623170026,0.0000000000,0.1066884622,0.1833367795,0.0266873948,0.0000000000,0.0000000000,0.0623209141,0.0000000000,0.0552239418,0.0047737793,0.0000000000,0.0324752107,0.0113717448,0.0187717509,0.1190795824,0.0000000000,0.0046907952,0.0553554147,0.0706914142,0.0000000000,0.0000000000,0.3088794053,0.3007067442,0.1044751108,0.0984502137,0.1348838210,0.0189846400,0.6475453973,0.5393209457,0.3293066621,0.3409589827,0.0247309320,0.0262351912,0.0417865813,0.0450865999,0.2657864988,0.2652551532,0.0430128016,0.0000000000,0.0000000000,0.0814725608,0.0448692739,0.0435379446,0.0653242841,0.0692800358,0.0000927679,0.0000000000,0.0000000000,0.0000000000,-0.0162002631,0.1120088324,-0.0018221175,0.0605073832,0.1120902896,0.0068065785
00:42:19:16.371,61,0.1008931324,0.1837020665,0.1039457992,0.0000000000,0.0000000000,0.0558956712,0.0000000000,0.1006814465,0.1839187145,0.0226783045,0.0000000000,0.0000000000,0.0558985136,0.0000000000,0.0526438244,0.0048964857,0.0000000000,0.0320880264,0.0114157731,0.0183058251,0.1230722591,0.0000000000,0.0028567840,0.0513309874,0.0662889704,0.0000000000,0.0000000000,0.2881931663,0.2802416682,0.1005559638,0.0947182178,0.1295374334,0.0189516358,0.6307916641,0.5241417289,0.3001286089,0.3095363677,0.0245219376,0.0259509291,0.0403829180,0.0434349850,0.2289952934,0.2283011973,0.0544497110,0.0000000000,0.0000000000,0.0811152682,0.0428132787,0.0412586816,0.0633943453,0.0671441555,0.0000953817,0.0000000000,0.0000000000,0.0000000000,-0.0137660457,0.1123602614,-0.0015532484,0.0630969629,0.1124419197,0.0071199490
00:42:19:17.372,61,0.0930707306,0.1852434129,0.1067953631,0.0000000000,0.0000000000,0.0513949580,0.0000000000,0.0928146988,0.1854871809,0.0200139638,0.0000000000,0.0000000000,0.0513973720,0.0000000000,0.0502451621,0.0050352141,0.0000000000,0.0316722505,0.0114781922,0.0178970899,0.1254309118,0.0000000000,0.0013683261,0.0408469215,0.0593627281,0.0000000000,0.0000000000,0.2618090808,0.2568500936,0.0984879807,0.0927656963,0.1240821555,0.0188410189,0.6093980074,0.5057947636,0.2740535438,0.2818439007,0.0243221167,0.0256890580,0.0393284783,0.0422653072,0.1745506227,0.1737451404,0.0739890113,0.0000000000,0.0000000000,0.0808923393,0.0414566956,0.0398178473,0.0620377436,0.0657090545,0.0000855863,0.0000000000,0.0000000000,0.0000000000,-0.0121474350,0.1133160815,-0.0013823868,0.0648197606,0.1133979410,0.0073767938
00:42:19:18.373,61,0.0877585039,0.1862680167,0.1089991257,0.0000000000,0.0000000000,0.0482234024,0.0000000000,0.0874717236,0.1865274310,0.0179685373,0.0000000000,0.0000000000,0.0482256301,0.0000000000,0.0480590835,0.0051636449,0.0000000000,0.0312378313,0.0115377204,0.0175296552,0.1269702166,0.0000780905,0.0000000000,0.0311481748,0.0502129570,0.0000000000,0.0000000000,0.2472884059,0.2427720428,0.0970715061,0.0914654136,0.1192213595,0.0186686702,0.5992115140,0.4967570007,0.2632544637,0.2703138292,0.0241258740,0.0254429821,0.0384649336,0.0413380340,0.1306757927,0.1297697872,0.0944810808,0.0000000000,0.0000000000,0.0807685256,0.0404312797,0.0387664884,0.0609890595,0.0646341965,0.0000644559,0.0000000000,0.0000000000,0.0000000000,-0.0109051764,0.1139499173,-0.0012480250,0.0661525801,0.1140351743,0.0075709224
00:42:19:19.375,61,0.0845122188,0.1872174442,0.1092205942,0.0000000000,0.0000000000,0.0457023717,0.0000000000,0.0842151567,0.1874805987,0.0177804641,0.0000000000,0.0000000000,0.0457044654,0.0000000000,0.0459602550,0.0053049186,0.0000000000,0.0308222454,0.0116264476,0.0172237996,0.1281155348,0.0017389217,0.0000000000,0.0274005923,0.0467270277,0.0000000000,0.0000000000,0.2324050963,0.2275613546,0.0953699946,0.0901246592,0.1153968498,0.0184776206,0.5863341689,0.4818679094,0.2535002232,0.2601626515,0.0239596758,0.0252229981,0.0377548896,0.0405803770,0.1080192178,0.1070686951,0.1031664684,0.0000000000,0.0000000000,0.0805382431,0.0395633243,0.0379059799,0.0602042973,0.0638592243,0.0000480916,0.0000000000,0.0000000000,0.0000000000,-0.0107903145,0.1145320833,-0.0012412448,0.0662825853,0.1146174297,0.0076248492
00:42:19:20.377,61,0.0814455673,0.1880681664,0.1097151116,0.0000000000,0.0000000000,0.0437232032,0.0000000000,0.0811578706,0.1883372664,0.0173805729,0.0000000000,0.0000000000,0.0437252335,0.0000000000,0.0443980880,0.0054121977,0.0000000000,0.0304598007,0.0117486650,0.0169520974,0.1288694143,0.0031756097,0.0000000000,0.0255103074,0.0448251516,0.0000000000,0.0000000000,0.2236294895,0.2185324728,0.0932101905,0.0883925408,0.1132942289,0.0183298085,0.5680122375,0.4609360099,0.2436718941,0.2501145005,0.0238482077,0.0250525270,0.0371035561,0.0398855954,0.0977709517,0.0968013108,0.1074896008,0.0000000000,0.0000000000,0.0801724195,0.0387712009,0.0371352099,0.0595968962,0.0632736161,0.0000295888,0.0000000000,0.0000000000,0.0000000000,-0.0105469972,0.1150551215,-0.0012188458,0.0665787011,0.1151405573,0.0076941270
00:42:19:21.378,61,0.0787121430,0.1890881062,0.1106879115,0.0000000000,0.0000000000,0.0421927832,0.0000000000,0.0784363300,0.1893677562,0.0164997652,0.0000000000,0.0000000000,0.0421947390,0.0000000000,0.0433202423,0.0055102827,0.0000000000,0.0301519893,0.0118934177,0.0167099740,0.1293804795,0.0044206851,0.0000000000,0.0244769324,0.0436787605,0.0000000000,0.0000000000,0.2172640860,0.2120110989,0.0913971364,0.0867758840,0.1118873209,0.0182234980,0.5546008945,0.4468482435,0.2356462181,0.2420590967,0.0237843096,0.0249295142,0.0364702940,0.0392085500,0.0923895538,0.0914102942,0.1100418270,0.0000000000,0.0000000000,0.0797401890,0.0380379595,0.0364304036,0.0590655282,0.0627733842,0.0000174741,0.0000000000,0.0000000000,0.0000000000,-0.0100117717,0.1156840175,-0.0011633765,0.0671641752,0.1157695577,0.0078044613
00:42:19:22.380,61,0.0765863955,0.1906347722,0.1119512171,0.0000000000,0.0000000000,0.0407936312,0.0000000000,0.0763070732,0.1909288615,0.0153188230,0.0000000000,0.0000000000,0.0407954566,0.0000000000,0.0424526036,0.0056518512,0.0000000000,0.0299101174,0.0120804440,0.0165238138,0.1297973394,0.0056852791,0.0000000000,0.0235247575,0.0418038182,0.0000000000,0.0000000000,0.2057392001,0.2010307312,0.0900584757,0.0854990557,0.1103611290,0.0181481466,0.5331214666,0.4224513471,0.2227603048,0.2286223471,0.0237964951,0.0248695984,0.0358164385,0.0385035798,0.0819678828,0.0809140727,0.1145866364,0.0000000000,0.0000000000,0.0792373121,0.0373436995,0.0357756801,0.0585584417,0.0623181053,0.0000127447,0.0000000000,0.0000000000,0.0000000000,-0.0092941606,0.1166368648,-0.0010889685,0.0679232106,0.1167225465,0.0079580825
00:42:19:23.382,61,0.0751032531,0.1924820244,0.1126546785,0.0000000000,0.0000000000,0.0394695923,0.0000000000,0.0748137608,0.1927863359,0.0146951796,0.0000000000,0.0000000000,0.0394712649,0.0000000000,0.0416541286,0.0058283750,0.0000000000,0.0297220293,0.0123356786,0.0164131094,0.1302017868,0.0072047831,0.0000000000,0.0219090823,0.0377550609,0.0000000000,0.0000000000,0.1776812375,0.1746980250,0.0885275528,0.0840997696,0.1074348390,0.0180840231,0.5018481016,0.3906748593,0.2002837360,0.2049785405,0.0239030737,0.0248898435,0.0351468362,0.0377670117,0.0501151532,0.0490510464,0.1269083023,0.0000000000,0.0000000000,0.0782063231,0.0366863646,0.0351733677,0.0580680072,0.0619020462,0.0000095382,0.0000000000,0.0000000000,0.0000000000,-0.0089145964,0.1177711934,-0.0010547494,0.0683409348,0.1178569794,0.0080854846
00:42:19:24.384,61,0.0741474032,0.1952129304,0.1127144545,0.0000000000,0.0000000000,0.0379493311,0.0000000000,0.0738533586,0.1955236197,0.0147007937,0.0000000000,0.0000000000,0.0379508212,0.0000000000,0.0407062881,0.0059926813,0.0000000000,0.0295099374,0.0126074953,0.0163129549,0.1303127706,0.0087314527,0.0000000000,0.0209507812,0.0351746008,0.0000000000,0.0000000000,0.1625562012,0.1597299129,0.0868961215,0.0826783255,0.1036720797,0.0180022959,0.4775231183,0.3676092327,0.1832641512,0.1875287294,0.0240838900,0.0249712300,0.0344861485,0.0370292142,0.0311246235,0.0305209719,0.1490810812,0.0000000000,0.0000000000,0.0747315586,0.0360265672,0.0345821604,0.0576054007,0.0615115725,0.0000070039,0.0000000000,0.0000000000,0.0000000000,-0.0089162253,0.1194433719,-0.0010700630,0.0683635995,0.1195293441,0.0082040178
00:42:19:25.384,61,0.0735587701,0.1973065883,0.1122019365,0.0000000000,0.0000000000,0.0361701958,0.0000000000,0.0732657760,0.1976170242,0.0152493836,0.0000000000,0.0000000000,0.0361714736,0.0000000000,0.0396001153,0.0061799176,0.0000000000,0.0293227620,0.0129722264,0.0162874963,0.1302270889,0.0100666992,0.0000000000,0.0188669544,0.0308595542,0.0000000000,0.0000000000,0.1313879043,0.1299443990,0.0848069340,0.0808088556,0.0987572670,0.0179348551,0.4205944240,0.3110897839,0.1533031017,0.1576552987,0.0243688505,0.0251319874,0.0338151976,0.0362763889,0.0000000000,0.0000000000,0.1779797077,0.0041768160,0.0054173172,0.0678634420,0.0353581756,0.0340097658,0.0571556538,0.0611404143,0.0000045027,0.0000000000,0.0000000000,0.0000000000,-0.0092475247,0.1207225621,-0.0011218237,0.0680422559,0.1208086610,0.0082537588
00:42:19:26.386,61,0.0660797507,0.1982439458,0.1116996631,0.0000000000,0.0000000000,0.0343007371,0.0000000000,0.0658791289,0.1985516399,0.0157923289,0.0000000000,0.0000000000,0.0343017504,0.0000000000,0.0387478992,0.0064511420,0.0000000000,0.0291482210,0.0134604638,0.0163636785,0.1302198619,0.0112176090,0.0000000000,0.0110149030,0.0152998446,0.0000000000,0.0000000000,0.0997800529,0.0985078812,0.0827859342,0.0786316618,0.0940208808,0.0178801753,0.3710067272,0.2683537006,0.1297619939,0.1339514405,0.0247880816,0.0253828820,0.0331140161,0.0352840796,0.0000000000,0.0000000000,0.2344405949,0.0841288045,0.0854052901,0.0624654293,0.0346762910,0.0334419683,0.0567483008,0.0608004630,0.0000029143,0.0000000000,0.0000000000,0.0000000000,-0.0095761130,0.1212939024,-0.0011672357,0.0677329451,0.1213800311,0.0082555395
00:42:19:27.388,61,0.0487106703,0.1991625726,0.1117747948,0.0000000000,0.0000000000,0.0327847935,0.0000000000,0.0484841503,0.1994727850,0.0157905184,0.0000000000,0.0000000000,0.0327855945,0.0000000000,0.0379917771,0.0068610036,0.0000000000,0.0290182997,0.0140989339,0.0165787581,0.1304846406,0.0124826552,0.0000000000,0.0000000000,0.0000000000,0.0089851720,0.0075046774,0.0806190595,0.0800437704,0.0815226510,0.0771368816,0.0894535184,0.0178254694,0.3243121803,0.2253857106,0.1077460721,0.1107916534,0.0254110415,0.0257891137,0.0323967487,0.0341254063,0.0000000000,0.0000000000,0.3154722154,0.1776550412,0.1790255010,0.0581784323,0.0340626538,0.0329437219,0.0563444272,0.0604249202,0.0000009385,0.0000000000,0.0000000000,0.0000000000,-0.0095743565,0.1218566149,-0.0011724895,0.0677738786,0.1219428554,0.0082992017
00:42:19:28.389,61,0.0404137000,0.1998526156,0.1113365293,0.0000000000,0.0000000000,0.0317272432,0.0000000000,0.0402016565,0.2001599967,0.0162950233,0.0000000000,0.0000000000,0.0317279436,0.0000000000,0.0372962877,0.0073734066,0.0000000000,0.0289202947,0.0150610059,0.0168791413,0.1305446476,0.0137375649,0.0000000000,0.0000000000,0.0000000000,0.0182722881,0.0178086050,0.0694616735,0.0689609870,0.0806539431,0.0761357397,0.0854962617,0.0177712031,0.2981896996,0.2033611834,0.0942357853,0.0970835984,0.0268059801,0.0263464153,0.0316763222,0.0330058187,0.0000000000,0.0000000000,0.3852237165,0.2524704337,0.2538254857,0.0540578663,0.0335423611,0.0325356647,0.0559599139,0.0600363426,0.0000004690,0.0000000000,0.0000000000,0.0000000000,-0.0098797474,0.1222767755,-0.0012141003,0.0675046518,0.1223631054,0.0082950583
00:42:19:29.391,61,0.0354468822,0.2013628483,0.1101986170,0.0000000000,0.0000000000,0.0307281446,0.0000000000,0.0352651216,0.2016624957,0.0174973570,0.0000000000,0.0000000000,0.0307287294,0.0000000000,0.0366853103,0.0078873942,0.0000000000,0.0288249794,0.0159167629,0.0171984769,0.1306075603,0.0146758519,0.0000000000,0.0000000000,0.0000000000,0.0284524132,0.0279753860,0.0629868284,0.0626173466,0.0799466521,0.0753365681,0.0831033364,0.0177069753,0.2866203189,0.1932760924,0.0876741186,0.0904710889,0.0279019456,0.0269281678,0.0309895705,0.0321360901,0.0000000000,0.0000000000,0.4129354656,0.2879141271,0.2891143858,0.0515890531,0.0330309346,0.0321378410,0.0556195192,0.0596878976,0.0000003838,0.0000000000,0.0000000000,0.0000000000,-0.0106075266,0.1231955737,-0.0013134265,0.0668071359,0.1232819855,0.0082717510
00:42:19:30.393,61,0.0327863544,0.2034558207,0.1092697009,0.0000000000,0.0000000000,0.0296661649,0.0000000000,0.0326190628,0.2037506700,0.0184949785,0.0000000000,0.0000000000,0.0296666361,0.0000000000,0.0353801474,0.0083124489,0.0000000000,0.0285789594,0.0165772978,0.0173360687,0.1297205836,0.0152759897,0.0000000000,0.0000000000,0.0000000000,0.0354360826,0.0333997235,0.0562136732,0.0560356863,0.0770680755,0.0727913231,0.0763907358,0.0175693631,0.2626858354,0.1817447543,0.0799899995,0.0828521103,0.0285232961,0.0272822250,0.0301358495,0.0310762525,0.0000000000,0.0000000000,0.3903255463,0.2943336666,0.2952894270,0.0478575118,0.0324413069,0.0316784903,0.0551730134,0.0592449345,0.0000003522,0.0000000000,0.0000000000,0.0000000000,-0.0112105375,0.1244720742,-0.0014026200,0.0662334561,0.1245586276,0.0082866279
00:42:19:31.394,61,0.0315471850,0.2050631195,0.1074079722,0.0000000000,0.0000000000,0.0288252383,0.0000000000,0.0313926898,0.2053428590,0.0204830077,0.0000000000,0.0000000000,0.0288256481,0.0000000000,0.0331767686,0.0085866172,0.0000000000,0.0281803925,0.0170515105,0.0173096824,0.1234117895,0.0155909061,0.0000000000,0.0000000000,0.0000000000,0.0413139723,0.0370952301,0.0499427654,0.0498945639,0.0713516697,0.0680006668,0.0680359602,0.0173657760,0.2428815216,0.1708546728,0.0732347965,0.0760464370,0.0287628956,0.0273715314,0.0288547371,0.0296925940,0.0000000000,0.0000000000,0.3320411444,0.2564198375,0.2572068572,0.0439090170,0.0318317749,0.0312076174,0.0546320155,0.0587016456,0.0000003552,0.0000000000,0.0000000000,0.0000000000,-0.0124140447,0.1254465580,-0.0015654783,0.0650969669,0.1255332232,0.0082090441
00:42:19:32.395,61,0.0325608514,0.2053413540,0.1065379009,0.0000000000,0.0000000000,0.0281509589,0.0000000000,0.0324598365,0.2056130022,0.0214216262,0.0000000000,0.0000000000,0.0281513240,0.0000000000,0.0313978940,0.0087209707,0.0000000000,0.0277237277,0.0173859578,0.0172098540,0.1190340742,0.0158021655,0.0000000000,0.0000000000,0.0000000000,0.0441462174,0.0390331373,0.0471307561,0.0471134856,0.0671750456,0.0643825755,0.0635719970,0.0171485282,0.2356506139,0.1666992158,0.0703517199,0.0731460527,0.0287711993,0.0273023918,0.0278056711,0.0286019668,0.0000000000,0.0000000000,0.2751647532,0.2043107450,0.2050479650,0.0416934080,0.0312526450,0.0307613816,0.0540844649,0.0581601001,0.0000003720,0.0000000000,0.0000000000,0.0000000000,-0.0129826386,0.1256124824,-0.0016393653,0.0645682663,0.1256992072,0.0081533492
00:42:19:33.397,61,0.0409715846,0.2058922350,0.1054934487,0.0000000000,0.0000000000,0.0275673978,0.0000000000,0.0409304239,0.2061545402,0.0225329008,0.0000000000,0.0000000000,0.0275677275,0.0000000000,0.0299124680,0.0087505914,0.0000000000,0.0272332057,0.0176180489,0.0170692578,0.1163375676,0.0159292854,0.0000000000,0.0000000000,0.0000000000,0.0460062101,0.0402149297,0.0453656614,0.0453657508,0.0641398057,0.0617077090,0.0606995076,0.0169090740,0.2322521955,0.1647443771,0.0686934069,0.0714832991,0.0286161341,0.0271150284,0.0269460622,0.0277282037,0.0000000000,0.0000000000,0.2322168946,0.1576716602,0.1584333330,0.0402776115,0.0306914914,0.0303203836,0.0535551049,0.0576334931,0.0000004714,0.0000000000,0.0000000000,0.0000000000,-0.0136555582,0.1259444505,-0.0017289377,0.0639325604,0.1260312498,0.0080947410
00:42:19:34.399,61,0.0512227677,0.2064196467,0.1049176380,0.0000000000,0.0000000000,0.0270324126,0.0000000000,0.0511897095,0.2066770494,0.0231863745,0.0000000000,0.0000000000,0.0270327106,0.0000000000,0.0287500955,0.0086641116,0.0000000000,0.0267187804,0.0177567489,0.0169005860,0.1147385985,0.0160581283,0.0000000000,0.0000000000,0.0000000000,0.0470612198,0.0407663621,0.0442144424,0.0442169346,0.0616011471,0.0594494492,0.0589800663,0.0166659355,0.2333646417,0.1644719541,0.0678424314,0.0706198141,0.0283449776,0.0268397052,0.0262038540,0.0269842930,0.0000000000,0.0000000000,0.2032143772,0.1137126908,0.1145520508,0.0392567851,0.0301505383,0.0298803598,0.0530851670,0.0571731851,0.0000006662,0.0000000000,0.0000000000,0.0000000000,-0.0140510118,0.1262643486,-0.0017835702,0.0635810122,0.1263512373,0.0080709495
00:42:19:35.401,61,0.0556455143,0.2062566429,0.1047780663,0.0000000000,0.0000000000,0.0265597757,0.0000000000,0.0556152426,0.2065122128,0.0233904924,0.0000000000,0.0000000000,0.0265600476,0.0000000000,0.0278288964,0.0085134925,0.0000000000,0.0262030810,0.0178155545,0.0166880153,0.1130856350,0.0161470082,0.0000000000,0.0000000000,0.0000000000,0.0472215712,0.0399984531,0.0435237996,0.0435179844,0.0596111901,0.0576827675,0.0577714927,0.0164372902,0.2371370941,0.1664276123,0.0675294772,0.0703125596,0.0279869568,0.0264964979,0.0255243164,0.0263121817,0.0000000000,0.0000000000,0.1775499135,0.0866513625,0.0875728801,0.0384831317,0.0296251979,0.0294401143,0.0526362248,0.0567335077,0.0000013223,0.0000000000,0.0000000000,0.0000000000,-0.0141748888,0.1261638999,-0.0017978465,0.0634972453,0.1262508035,0.0080538550
00:42:19:36.402,61,0.0580437109,0.2065560967,0.1044891551,0.0000000000,0.0000000000,0.0261923131,0.0000000000,0.0580155179,0.2068092376,0.0237269513,0.0000000000,0.0000000000,0.0261925627,0.0000000000,0.0270555913,0.0083519174,0.0000000000,0.0256934259,0.0178130362,0.0164591875,0.1105127335,0.0162979849,0.0000000000,0.0000000000,0.0000000000,0.0384022146,0.0298258457,0.0431612507,0.0431309305,0.0582026914,0.0563338287,0.0568720736,0.0162281841,0.2422018796,0.1703609675,0.0676227361,0.0704152063,0.0275987145,0.0261247009,0.0249173660,0.0257113483,0.0000000000,0.0000000000,0.1617775112,0.0624419078,0.0634410083,0.0378786922,0.0291608721,0.0290451515,0.0522767492,0.0563880391,0.0000018296,0.0000000000,0.0000000000,0.0000000000,-0.0143784573,0.1263457090,-0.0018263198,0.0633206815,0.1264327019,0.0080431858
00:42:19:37.404,61,0.0596207753,0.2067365646,0.1043497100,0.0000000000,0.0000000000,0.0259172022,0.0000000000,0.0595929585,0.2069886029,0.0238834154,0.0000000000,0.0000000000,0.0259174313,0.0000000000,0.0263850521,0.0081699789,0.0000000000,0.0251970682,0.0177686661,0.0162290558,0.1071311384,0.0164848696,0.0000000000,0.0000000000,0.0000000000,0.0238303784,0.0160554871,0.0431051217,0.0430363677,0.0571593605,0.0553192981,0.0561696999,0.0160484891,0.2474081516,0.1744115353,0.0680654496,0.0708761364,0.0272032395,0.0257478189,0.0243672580,0.0251660012,0.0000000000,0.0000000000,0.1476383060,0.0459768511,0.0470250137,0.0374169722,0.0287430659,0.0286788028,0.0519959517,0.0561298057,0.0000023075,0.0000000000,0.0000000000,0.0000000000,-0.0144730713,0.1264554709,-0.0018399510,0.0632352829,0.1265424490,0.0080394018
00:42:19:38.406,61,0.0612794645,0.2070561945,0.1048997566,0.0000000000,0.0000000000,0.0257229321,0.0000000000,0.0612446889,0.2073141038,0.0233686157,0.0000000000,0.0000000000,0.0257231407,0.0000000000,0.0258241091,0.0079778675,0.0000000000,0.0247569177,0.0177168660,0.0160316527,0.1048725247,0.0166133977,0.0000000000,0.0000000000,0.0000000000,0.0116837211,0.0085810181,0.0434377678,0.0433285199,0.0563988686,0.0545629524,0.0556856245,0.0159112532,0.2556836009,0.1799312085,0.0699502602,0.0729689449,0.0268647205,0.0254258476,0.0238879453,0.0246921089,0.0000000000,0.0000000000,0.1388279945,0.0359126404,0.0368300341,0.0371016972,0.0283943303,0.0283618402,0.0518149920,0.0559727997,0.0000029383,0.0000000000,0.0000000000,0.0000000000,-0.0141607504,0.1266537607,-0.0018031021,0.0635670349,0.1267407835,0.0080943229
00:42:19:39.407,61,0.0626538843,0.2069316804,0.1057907268,0.0000000000,0.0000000000,0.0256359074,0.0000000000,0.0626104027,0.2071980089,0.0225235000,0.0000000000,0.0000000000,0.0256360956,0.0000000000,0.0253498834,0.0078042718,0.0000000000,0.0243802965,0.0176880267,0.0158731714,0.1030230522,0.0166639853,0.0000000000,0.0000000000,0.0026272452,0.0058837286,0.0000000000,0.0439689085,0.0438279882,0.0558384024,0.0539975911,0.0553351417,0.0158134662,0.2587110102,0.1821233779,0.0712620243,0.0743978173,0.0266164355,0.0251898766,0.0234571118,0.0242703687,0.0000000000,0.0000000000,0.1347316951,0.0292043928,0.0299522448,0.0368552841,0.0281271078,0.0281163324,0.0517120101,0.0559018366,0.0000029948,0.0000000000,0.0000000000,0.0000000000,-0.0136487558,0.1265819222,-0.0017369172,0.0641075447,0.1266689748,0.0081583783
00:42:19:40.409,61,0.0638694167,0.2061527073,0.1065529585,0.0000000000,0.0000000000,0.0256784335,0.0000000000,0.0638161153,0.2064249814,0.0217786990,0.0000000000,0.0000000000,0.0256785974,0.0000000000,0.0249741357,0.0076599349,0.0000000000,0.0240875203,0.0177163817,0.0157881025,0.1011960730,0.0166494995,0.0000000000,0.0020464356,0.0160261169,0.0000000000,0.0000000000,0.0445987619,0.0444290899,0.0554985106,0.0536435433,0.0550595522,0.0157569535,0.2599657774,0.1830006540,0.0720884651,0.0752687082,0.0265094116,0.0250856653,0.0230550077,0.0238754563,0.0000000000,0.0000000000,0.1330325752,0.0246244855,0.0252891276,0.0366445556,0.0279711355,0.0279721264,0.0516845025,0.0558950119,0.0000033747,0.0000000000,0.0000000000,0.0000000000,-0.0131982146,0.1261088699,-0.0016732420,0.0645733476,0.1261959523,0.0081865564
00:42:19:41.410,61,0.0646651089,0.2052753717,0.1071081981,0.0000000000,0.0000000000,0.0258096457,0.0000000000,0.0646081120,0.2055514306,0.0212184247,0.0000000000,0.0000000000,0.0258097854,0.0000000000,0.0246077478,0.0075194617,0.0000000000,0.0238250140,0.0177655797,0.0157108922,0.0976383016,0.0166109223,0.0000000000,0.0110552628,0.0257258937,0.0000000000,0.0000000000,0.0452030897,0.0450076126,0.0552597046,0.0533825532,0.0547342896,0.0157197751,0.2570219636,0.1818754673,0.0725092068,0.0756955743,0.0264743771,0.0250445027,0.0226568989,0.0234808251,0.0000000000,0.0000000000,0.1322447807,0.0217075795,0.0223146956,0.0363415070,0.0278724413,0.0278837178,0.0516985282,0.0559276268,0.0000031283,0.0000000000,0.0000000000,0.0000000000,-0.0128595484,0.1255746484,-0.0016233294,0.0649142340,0.1256616563,0.0081944978
00:42:19:42.412,61,0.0650246963,0.2034440041,0.1082838923,0.0000000000,0.0000000000,0.0259952657,0.0000000000,0.0649659336,0.2037279606,0.0200138744,0.0000000000,0.0000000000,0.0259953719,0.0000000000,0.0242491439,0.0073139118,0.0000000000,0.0235718619,0.0178002045,0.0156194791,0.0950429365,0.0164608713,0.0000000000,0.0165716242,0.0308327898,0.0000000000,0.0000000000,0.0457729101,0.0455637015,0.0549702421,0.0531101413,0.0543840937,0.0156957116,0.2544732392,0.1807394475,0.0728360265,0.0760085732,0.0264073070,0.0249815192,0.0222624000,0.0230894703,0.0000000000,0.0000000000,0.1313222200,0.0183670036,0.0189579129,0.0360688753,0.0277861543,0.0278032981,0.0517046303,0.0559535660,0.0000024696,0.0000000000,0.0000000000,0.0000000000,-0.0121312235,0.1244595647,-0.0015176528,0.0656359792,0.1245464459,0.0082111778
00:42:19:43.413,61,0.0651121959,0.2014996707,0.1090073586,0.0000000000,0.0000000000,0.0261959713,0.0000000000,0.0650529563,0.2017868310,0.0192449428,0.0000000000,0.0000000000,0.0261960570,0.0000000000,0.0239600204,0.0070957723,0.0000000000,0.0233492237,0.0178283770,0.0155366389,0.0931876451,0.0162977856,0.0000000000,0.0194988549,0.0337613784,0.0000000000,0.0000000000,0.0464417376,0.0462118909,0.0547567904,0.0529107042,0.0541240945,0.0156872422,0.2533872426,0.1801240146,0.0732199997,0.0763823316,0.0263602193,0.0249392129,0.0219030492,0.0227334201,0.0000000000,0.0000000000,0.1300262958,0.0115916962,0.0122855110,0.0358628482,0.0277312323,0.0277499650,0.0517563969,0.0560172237,0.0000017794,0.0000000000,0.0000000000,0.0000000000,-0.0116668651,0.1232730001,-0.0014455054,0.0660842657,0.1233597919,0.0081876013
00:42:19:44.415,61,0.0650411323,0.2003571242,0.1092828438,0.0000000000,0.0000000000,0.0264604911,0.0000000000,0.0649810955,0.2006446868,0.0189351123,0.0000000000,0.0000000000,0.0264605563,0.0000000000,0.0237197764,0.0068891179,0.0000000000,0.0231608227,0.0178394299,0.0154512841,0.0919929743,0.0161183942,0.0000000000,0.0246272236,0.0384386033,0.0000000000,0.0000000000,0.0490246303,0.0485349819,0.0546315052,0.0527985618,0.0540043712,0.0156966131,0.2533265352,0.1801584512,0.0739168376,0.0770447850,0.0263376404,0.0249233022,0.0215949249,0.0224313773,0.0032987054,0.0020042621,0.1279008985,0.0000000000,0.0000000000,0.0357425474,0.0277126692,0.0277209748,0.0518716164,0.0561406314,0.0000009448,0.0000000000,0.0000000000,0.0000000000,-0.0114800250,0.1225749850,-0.0014142219,0.0662569851,0.1226617172,0.0081620468
00:42:19:45.416,61,0.0649674684,0.1985426396,0.1094873473,0.0000000000,0.0000000000,0.0268091410,0.0000000000,0.0649060383,0.1988285482,0.0186890084,0.0000000000,0.0000000000,0.0268091857,0.0000000000,0.0235370882,0.0066865520,0.0000000000,0.0229986999,0.0178418029,0.0153755806,0.0911593288,0.0158888213,0.0000000000,0.0274794474,0.0417946950,0.0000000000,0.0000000000,0.0510993935,0.0504950546,0.0545093082,0.0526946895,0.0539653525,0.0157112665,0.2547505498,0.1805817485,0.0750425160,0.0780589953,0.0263234675,0.0249208529,0.0213242043,0.0221693031,0.0212139413,0.0196743812,0.1248481870,0.0000000000,0.0000000000,0.0356971398,0.0277118850,0.0277016684,0.0519898534,0.0562698208,0.0000010520,0.0000000000,0.0000000000,0.0000000000,-0.0113323592,0.1214653030,-0.0013832676,0.0663899854,0.1215519086,0.0081036761
00:42:19:46.418,61,0.0648286194,0.1973419040,0.1095001847,0.0000000000,0.0000000000,0.0271991938,0.0000000000,0.0647663549,0.1976255924,0.0186347477,0.0000000000,0.0000000000,0.0271992180,0.0000000000,0.0233573727,0.0064621898,0.0000000000,0.0228398275,0.0178305209,0.0152921667,0.0904527456,0.0156581104,0.0000000000,0.0292230472,0.0437149294,0.0000000000,0.0000000000,0.0523059815,0.0516474061,0.0543861315,0.0525954217,0.0539235957,0.0157127790,0.2555654049,0.1811044067,0.0758227631,0.0787958875,0.0263064913,0.0249191318,0.0210801177,0.0219342373,0.0315817818,0.0300407391,0.1223816350,0.0000000000,0.0000000000,0.0356390439,0.0277318228,0.0277010053,0.0520978794,0.0563824847,0.0000014340,0.0000000000,0.0000000000,0.0000000000,-0.0113004660,0.1207303479,-0.0013709468,0.0664036945,0.1208168939,0.0080558546
00:42:19:47.419,61,0.0646766648,0.1956774592,0.1089301556,0.0000000000,0.0000000000,0.0276347082,0.0000000000,0.0646140799,0.1959525794,0.0191604849,0.0000000000,0.0000000000,0.0276347175,0.0000000000,0.0231962558,0.0062127281,0.0000000000,0.0227021705,0.0178291630,0.0152282519,0.0898730308,0.0154422307,0.0000000000,0.0302497335,0.0448424220,0.0000000000,0.0000000000,0.0531056710,0.0524173342,0.0542319715,0.0524667017,0.0538664199,0.0157207903,0.2559765577,0.1814104170,0.0764369071,0.0793780535,0.0262882207,0.0249143261,0.0208373349,0.0216992386,0.0376171283,0.0361164212,0.1205103919,0.0000000000,0.0000000000,0.0356205180,0.0277766120,0.0277274475,0.0521797650,0.0564658083,0.0000022762,0.0000000000,0.0000000000,0.0000000000,-0.0116207181,0.1197087541,-0.0013977524,0.0660661384,0.1197951585,0.0079465313
00:42:19:48.421,61,0.0645719245,0.1947686374,0.1086684316,0.0000000000,0.0000000000,0.0280545261,0.0000000000,0.0645101517,0.1950395554,0.0193942804,0.0000000000,0.0000000000,0.0280545261,0.0000000000,0.0230553523,0.0059358259,0.0000000000,0.0225693900,0.0178292189,0.0152005609,0.0895165056,0.0151764676,0.0000000000,0.0308176652,0.0454880185,0.0000000000,0.0000000000,0.0536720343,0.0529724173,0.0541025735,0.0523854792,0.0538150780,0.0157142654,0.2565606534,0.1818858683,0.0770403817,0.0799668729,0.0262656845,0.0249094088,0.0206357390,0.0215061698,0.0415110029,0.0400769487,0.1193093807,0.0000000000,0.0000000000,0.0356750190,0.0278571937,0.0277960394,0.0523203164,0.0566010214,0.0000030163,0.0000000000,0.0000000000,0.0000000000,-0.0117633026,0.1191511899,-0.0014082488,0.0659117997,0.1192375422,0.0078907404
00:42:19:49.423,61,0.0648011118,0.1948560774,0.1089238375,0.0000000000,0.0000000000,0.0285029467,0.0000000000,0.0647397861,0.1951295435,0.0191324595,0.0000000000,0.0000000000,0.0285029300,0.0000000000,0.0229218900,0.0056446148,0.0000000000,0.0224480294,0.0178231485,0.0151756518,0.0892223194,0.0148464013,0.0000000000,0.0316121429,0.0464645587,0.0000000000,0.0000000000,0.0542878322,0.0535831638,0.0539693199,0.0523088202,0.0537869819,0.0157077257,0.2580597103,0.1826326400,0.0777187720,0.0806250125,0.0262605585,0.0249260906,0.0204675719,0.0213506557,0.0483781099,0.0470393151,0.1165832952,0.0000000000,0.0000000000,0.0357510038,0.0279418584,0.0278627481,0.0525019281,0.0567835830,0.0000028180,0.0000000000,0.0000000000,0.0000000000,-0.0116044236,0.1192059293,-0.0013898737,0.0660662949,0.1192922965,0.0079128742
00:42:19:50.424,61,0.0651826113,0.1942882836,0.1090670004,0.0000000000,0.0000000000,0.0289590023,0.0000000000,0.0651213899,0.1945619732,0.0189729743,0.0000000000,0.0000000000,0.0289589502,0.0000000000,0.0227664374,0.0053618015,0.0000000000,0.0223045535,0.0177827030,0.0150945485,0.0887059718,0.0144560086,0.0000000000,0.0328138396,0.0489410758,0.0000000000,0.0000000000,0.0549280234,0.0542384684,0.0537523814,0.0521506406,0.0537317917,0.0157036502,0.2589740753,0.1833348125,0.0783619359,0.0812565461,0.0262251217,0.0249210298,0.0202871729,0.0211870484,0.0558694862,0.0545783788,0.1087980121,0.0000000000,0.0000000000,0.0357555225,0.0279666465,0.0278674681,0.0526225083,0.0569119826,0.0000025344,0.0000000000,0.0000000000,0.0000000000,-0.0115081659,0.1188590601,-0.0013742967,0.0661558583,0.1189453825,0.0079003265
00:42:19:51.426,61,0.0655014962,0.1939426064,0.1094248146,0.0000000000,0.0000000000,0.0293962974,0.0000000000,0.0654397607,0.1942189336,0.0185967591,0.0000000000,0.0000000000,0.0293961782,0.0000000000,0.0225830153,0.0050891219,0.0000000000,0.0221443772,0.0177128632,0.0149510857,0.0880970955,0.0140650123,0.0000000000,0.0351819284,0.0520513728,0.0000000000,0.0000000000,0.0555793308,0.0549155921,0.0534472615,0.0519040413,0.0536401905,0.0156882070,0.2598156929,0.1840483397,0.0788916498,0.0817828998,0.0261632744,0.0248911995,0.0201019030,0.0210199822,0.0618807301,0.0605808422,0.1004397050,0.0000000000,0.0000000000,0.0356570892,0.0279372539,0.0278136414,0.0526713431,0.0569660030,0.0000019252,0.0000000000,0.0000000000,0.0000000000,-0.0112802526,0.1186491847,-0.0013446795,0.0663745776,0.1187354922,0.0079122856
00:42:19:52.428,61,0.0655903965,0.1934929639,0.1096199527,0.0000000000,0.0000000000,0.0297545549,0.0000000000,0.0655277222,0.1937701553,0.0183937531,0.0000000000,0.0000000000,0.0297543965,0.0000000000,0.0223854352,0.0048647635,0.0000000000,0.0220043156,0.0176595990,0.0147985192,0.0872958601,0.0137844207,0.0000000000,0.0384030677,0.0549746007,0.0000000000,0.0000000000,0.0561840497,0.0555375218,0.0531901270,0.0516927391,0.0534854643,0.0156708341,0.2600069642,0.1842537820,0.0791802630,0.0820651129,0.0261427015,0.0248933733,0.0199111179,0.0208391789,0.0646791533,0.0633772910,0.0968309864,0.0000000000,0.0000000000,0.0354567617,0.0278872773,0.0277443156,0.0526583232,0.0569547601,0.0000015852,0.0000000000,0.0000000000,0.0000000000,-0.0111574810,0.1183748692,-0.0013269410,0.0664951205,0.1184611619,0.0079081468
00:42:19:53.429,61,0.0654558316,0.1928435415,0.1101171821,0.0000000000,0.0000000000,0.0300569795,0.0000000000,0.0653932989,0.1931240410,0.0178815126,0.0000000000,0.0000000000,0.0300568007,0.0000000000,0.0222074334,0.0046233917,0.0000000000,0.0218964983,0.0176237989,0.0146817621,0.0867676958,0.0135059254,0.0000000000,0.0397574268,0.0562860295,0.0000000000,0.0000000000,0.0566847771,0.0560483448,0.0529460050,0.0514983311,0.0533536002,0.0156681258,0.2601023912,0.1844058335,0.0794755146,0.0823493376,0.0261017401,0.0248707999,0.0197281931,0.0206656661,0.0663573444,0.0650539100,0.0949771032,0.0000000000,0.0000000000,0.0353337675,0.0278406497,0.0276775453,0.0526157618,0.0569174364,0.0000021672,0.0000000000,0.0000000000,0.0000000000,-0.0108472677,0.1179797426,-0.0012857030,0.0667998567,0.1180659682,0.0079175849
00:42:19:54.431,61,0.0651409402,0.1917196363,0.1109506413,0.0000000000,0.0000000000,0.0303426310,0.0000000000,0.0650793761,0.1920053959,0.0170313697,0.0000000000,0.0000000000,0.0303424336,0.0000000000,0.0220552590,0.0043664593,0.0000000000,0.0217891093,0.0175651107,0.0145701030,0.0863924176,0.0132146161,0.0000000000,0.0404466353,0.0569134764,0.0000000000,0.0000000000,0.0572185330,0.0565889366,0.0526862368,0.0512955114,0.0532775782,0.0156810433,0.2604944706,0.1848258674,0.0799602494,0.0828289315,0.0260122139,0.0248058140,0.0195425749,0.0204911046,0.0677001700,0.0664000586,0.0936974362,0.0000000000,0.0000000000,0.0353609510,0.0277767424,0.0275922976,0.0525579266,0.0568699874,0.0000026572,0.0000000000,0.0000000000,0.0000000000,-0.0103323888,0.1172957271,-0.0012175118,0.0673109218,0.1173819080,0.0079314141
00:42:19:55.432,61,0.0650343522,0.1908991188,0.1113858968,0.0000000000,0.0000000000,0.0307588801,0.0000000000,0.0649729446,0.1911871880,0.0165480766,0.0000000000,0.0000000000,0.0307586659,0.0000000000,0.0219988748,0.0041183000,0.0000000000,0.0217234101,0.0175146312,0.0145065794,0.0862385333,0.0129392557,0.0000000000,0.0410740003,0.0574903712,0.0000000000,0.0000000000,0.0589272976,0.0582962818,0.0525396354,0.0512035787,0.0534161478,0.0157135110,0.2731858492,0.1931799203,0.0827843845,0.0856757984,0.0259500332,0.0247737970,0.0194311533,0.0203925893,0.0708281994,0.0695490763,0.0927439779,0.0000000000,0.0000000000,0.0355477929,0.0277927965,0.0275784973,0.0526132025,0.0569299646,0.0000030694,0.0000000000,0.0000000000,0.0000000000,-0.0100397803,0.1167955324,-0.0011779424,0.0675789565,0.1168816611,0.0079287030
00:42:19:56.434,61,0.0648241565,0.1890376508,0.1120728329,0.0000000000,0.0000000000,0.0311981793,0.0000000000,0.0647637248,0.1893279701,0.0158325750,0.0000000000,0.0000000000,0.0311979353,0.0000000000,0.0219397154,0.0038790735,0.0000000000,0.0216537975,0.0174482856,0.0144323092,0.0861218795,0.0126225185,0.0000000000,0.0416138694,0.0580212958,0.0000000000,0.0000000000,0.0605782382,0.0600332990,0.0523849688,0.0511059165,0.0535782836,0.0157472696,0.2793518007,0.1982817203,0.0847607180,0.0877268538,0.0258564688,0.0247139428,0.0193293914,0.0203064773,0.0730558634,0.0717986152,0.0905436873,0.0000000000,0.0000000000,0.0357420854,0.0277970955,0.0275580995,0.0526373945,0.0569693223,0.0000034167,0.0000000000,0.0000000000,0.0000000000,-0.0096069593,0.1156592444,-0.0011160973,0.0680047497,0.1157452688,0.0079003107
00:42:19:57.436,61,0.0642711893,0.1858697534,0.1127220020,0.0000000000,0.0000000000,0.0315655395,0.0000000000,0.0642119423,0.1861589998,0.0151510751,0.0000000000,0.0000000000,0.0315652750,0.0000000000,0.0218651965,0.0036867198,0.0000000000,0.0215875357,0.0173721053,0.0143393157,0.0860684291,0.0123989480,0.0000000000,0.0420728810,0.0583622605,0.0000000000,0.0000000000,0.0623367541,0.0618116595,0.0522619262,0.0510327145,0.0537475944,0.0157750156,0.2842420638,0.2024157792,0.0860752240,0.0891399384,0.0257284697,0.0246179514,0.0192380659,0.0202270076,0.0740047097,0.0727558360,0.0882739797,0.0000000000,0.0000000000,0.0358913392,0.0277561825,0.0274978057,0.0525917932,0.0569246113,0.0000040081,0.0000000000,0.0000000000,0.0000000000,-0.0091954842,0.1137228832,-0.0010502535,0.0684138909,0.1138087809,0.0078136353
00:42:19:58.437,61,0.0636516958,0.1833888292,0.1126926020,0.0000000000,0.0000000000,0.0318440460,0.0000000000,0.0635940507,0.1836724132,0.0151638584,0.0000000000,0.0000000000,0.0318437591,0.0000000000,0.0217414796,0.0035051128,0.0000000000,0.0215042327,0.0172869917,0.0142097902,0.0858742222,0.0122063346,0.0000000000,0.0424580351,0.0586263537,0.0000000000,0.0000000000,0.0633114129,0.0627974942,0.0520658381,0.0508744195,0.0538139753,0.0157942194,0.2861187458,0.2040920556,0.0868074968,0.0899204165,0.0255718417,0.0244923756,0.0191163775,0.0201170500,0.0743069202,0.0730665550,0.0858611166,0.0000000000,0.0000000000,0.0359194838,0.0276489779,0.0273794755,0.0524371974,0.0567655899,0.0000045900,0.0000000000,0.0000000000,0.0000000000,-0.0092048300,0.1122038811,-0.0010371588,0.0684078112,0.1122896150,0.0077077677
00:42:19:59.438,61,0.0629035532,0.1812806726,0.1127315164,0.0000000000,0.0000000000,0.0321359970,0.0000000000,0.0628553331,0.1815599501,0.0151319122,0.0000000000,0.0000000000,0.0321356878,0.0000000000,0.0216131546,0.0033551785,0.0000000000,0.0214271005,0.0172187276,0.0140742166,0.0854865536,0.0119935842,0.0000000000,0.0429833904,0.0591858849,0.0000000000,0.0000000000,0.0640044212,0.0635090619,0.0518502481,0.0506870896,0.0538286902,0.0158318728,0.2841293216,0.2042358518,0.0871239975,0.0902743638,0.0254750643,0.0244162250,0.0189778581,0.0199954119,0.0744882450,0.0732568651,0.0845856592,0.0000000000,0.0000000000,0.0358683951,0.0275553316,0.0272847731,0.0522728376,0.0566262640,0.0000050129,0.0000000000,0.0000000000,0.0000000000,-0.0091867670,0.1109133810,-0.0010231194,0.0684413090,0.1109990105,0.0076221703
00:42:20:00.440,61,0.0621651076,0.1807728559,0.1127540842,0.0000000000,0.0000000000,0.0323734656,0.0000000000,0.0621207319,0.1810511947,0.0151148122,0.0000000000,0.0000000000,0.0323731340,0.0000000000,0.0214623455,0.0031907635,0.0000000000,0.0213291738,0.0171477944,0.0139436740,0.0850702673,0.0117231160,0.0000000000,0.0435178131,0.0598575138,0.0000000000,0.0000000000,0.0643978268,0.0639271662,0.0515560396,0.0504352748,0.0537651181,0.0158528816,0.2808297276,0.2031379342,0.0872576758,0.0904298425,0.0253836829,0.0243467018,0.0188437682,0.0198823512,0.0749692544,0.0737513974,0.0835644677,0.0000000000,0.0000000000,0.0358282514,0.0274672676,0.0272087976,0.0521529205,0.0565411188,0.0000051041,0.0000000000,0.0000000000,0.0000000000,-0.0091767004,0.1106025577,-0.0010191109,0.0684573725,0.1106881946,0.0076024337
00:42:20:01.442,61,0.0615510605,0.1802336872,0.1127069890,0.0000000000,0.0000000000,0.0326398127,0.0000000000,0.0615092590,0.1805104762,0.0151446396,0.0000000000,0.0000000000,0.0326394662,0.0000000000,0.0213638935,0.0030334156,0.0000000000,0.0212388355,0.0170620643,0.0138367116,0.0848578662,0.0115026543,0.0000000000,0.0439070687,0.0602450855,0.0000000000,0.0000000000,0.0649311990,0.0644722581,0.0513037927,0.0502298884,0.0538297147,0.0158728454,0.2817321420,0.2034971267,0.0877700225,0.0909648836,0.0252424218,0.0242341105,0.0187633745,0.0198175702,0.0755723342,0.0743687376,0.0820571855,0.0000000000,0.0000000000,0.0359054990,0.0274022520,0.0271517001,0.0520947985,0.0565036274,0.0000057750,0.0000000000,0.0000000000,0.0000000000,-0.0091951471,0.1102722585,-0.0010180849,0.0684312582,0.1103578359,0.0075766738
00:42:20:02.444,61,0.0609552935,0.1792897135,0.1127055734,0.0000000000,0.0000000000,0.0328826383,0.0000000000,0.0609149337,0.1795644760,0.0151113216,0.0000000000,0.0000000000,0.0328822881,0.0000000000,0.0213032681,0.0028819493,0.0000000000,0.0211574528,0.0169588961,0.0137433987,0.0849855617,0.0114165470,0.0000000000,0.0441004336,0.0602507219,0.0000000000,0.0000000000,0.0660716295,0.0654585585,0.0511187576,0.0500771366,0.0540735126,0.0158784781,0.3081666529,0.2203380167,0.0912085101,0.0948098078,0.0250579342,0.0240815338,0.0187574401,0.0198214222,0.0761599019,0.0749707818,0.0801231638,0.0000000000,0.0000000000,0.0361155868,0.0273515079,0.0271008778,0.0520810410,0.0564933717,0.0000066949,0.0000000000,0.0000000000,0.0000000000,-0.0091755018,0.1096943393,-0.0010105426,0.0684347749,0.1097798795,0.0075370576
00:42:20:03.445,61,0.0605411567,0.1785708666,0.1129765362,0.0000000000,0.0000000000,0.0330835283,0.0000000000,0.0605017133,0.1788463444,0.0148313837,0.0000000000,0.0000000000,0.0330831632,0.0000000000,0.0212638918,0.0027612352,0.0000000000,0.0210576523,0.0168177485,0.0136169512,0.0851863846,0.0113315247,0.0000000000,0.0437367037,0.0591254570,0.0000000000,0.0000000000,0.0675445125,0.0668749735,0.0508885235,0.0498710722,0.0544319786,0.0158800259,0.3204870522,0.2329161167,0.0954661369,0.0994776338,0.0248046909,0.0238692742,0.0187772401,0.0198569112,0.0765597895,0.0753873438,0.0767246410,0.0000000000,0.0000000000,0.0363663062,0.0272314455,0.0269796271,0.0520164222,0.0564169325,0.0000094336,0.0000000000,0.0000000000,0.0000000000,-0.0090059610,0.1092554703,-0.0009878707,0.0686026141,0.1093409657,0.0075250641
00:42:20:04.447,61,0.0600436106,0.1772157848,0.1130892262,0.0000000000,0.0000000000,0.0332727581,0.0000000000,0.0600043871,0.1774892211,0.0147097930,0.0000000000,0.0000000000,0.0332723781,0.0000000000,0.0212695710,0.0026698650,0.0000000000,0.0209837575,0.0166757982,0.0134853655,0.0854516178,0.0113013657,0.0000000000,0.0436353236,0.0586827621,0.0000000000,0.0000000000,0.0710627958,0.0702596903,0.0506946258,0.0496923998,0.0549602993,0.0159042422,0.3313802481,0.2421593070,0.1001213118,0.1045254767,0.0245599449,0.0236657392,0.0188362114,0.0199316237,0.0768834427,0.0757252648,0.0733007491,0.0000000000,0.0000000000,0.0366550684,0.0271016229,0.0268407613,0.0519559756,0.0563409477,0.0000145612,0.0000000000,0.0000000000,0.0000000000,-0.0089329379,0.1084263399,-0.0009723660,0.0686772466,0.1085117832,0.0074756593
00:42:20:05.448,61,0.0595881306,0.1766229719,0.1128874570,0.0000000000,0.0000000000,0.0333926305,0.0000000000,0.0595483631,0.1768933684,0.0149213262,0.0000000000,0.0000000000,0.0333922207,0.0000000000,0.0212006811,0.0026141237,0.0000000000,0.0208570249,0.0165017452,0.0132969385,0.0855279714,0.0112886699,0.0000000000,0.0435017794,0.0582944751,0.0000000000,0.0000000000,0.0724242851,0.0715801269,0.0503562875,0.0493601486,0.0553246327,0.0158924907,0.3356332183,0.2459744662,0.1019462943,0.1064882576,0.0242605582,0.0234110877,0.0188639164,0.0199719407,0.0775375962,0.0763944313,0.0680921599,0.0000000000,0.0000000000,0.0367586054,0.0268969163,0.0266355351,0.0518179461,0.0561650619,0.0000165532,0.0000000000,0.0000000000,0.0000000000,-0.0090617537,0.1080624685,-0.0009830514,0.0685574114,0.1081478819,0.0074374140
00:42:20:06.450,61,0.0593311973,0.1768802255,0.1124930829,0.0000000000,0.0000000000,0.0334461071,0.0000000000,0.0592902079,0.1771478951,0.0153158028,0.0000000000,0.0000000000,0.0334456749,0.0000000000,0.0210610181,0.0025799884,0.0000000000,0.0207159556,0.0163304415,0.0131011028,0.0855381489,0.0112713110,0.0000000000,0.0435334481,0.0581292808,0.0000000000,0.0000000000,0.0731316283,0.0722624436,0.0499304943,0.0489426367,0.0555007234,0.0158589780,0.3360276818,0.2474626601,0.1027610898,0.1073614806,0.0239599217,0.0231559351,0.0188464373,0.0199650936,0.0799636021,0.0789236277,0.0641233698,0.0000000000,0.0000000000,0.0367637761,0.0266575888,0.0264063384,0.0516399331,0.0559430681,0.0000174055,0.0000000000,0.0000000000,0.0000000000,-0.0093011642,0.1082181931,-0.0010104881,0.0683167502,0.1083036289,0.0074221035
00:42:20:07.451,61,0.0591643639,0.1777958274,0.1122048125,0.0000000000,0.0000000000,0.0334411375,0.0000000000,0.0591211878,0.1780630946,0.0156044178,0.0000000000,0.0000000000,0.0334406942,0.0000000000,0.0209215302,0.0025828641,0.0000000000,0.0205862653,0.0161688626,0.0128973285,0.0854609385,0.0113195572,0.0000000000,0.0438337550,0.0583088547,0.0000000000,0.0000000000,0.0736157373,0.0727239251,0.0494672321,0.0484756902,0.0556669943,0.0158406291,0.3330423534,0.2464284152,0.1030393988,0.1076566055,0.0237216484,0.0229527820,0.0188140627,0.0199437831,0.0890429318,0.0881477147,0.0616894886,0.0000000000,0.0000000000,0.0367034562,0.0264032036,0.0261668246,0.0514423102,0.0556947738,0.0000152800,0.0000000000,0.0000000000,0.0000000000,-0.0094758607,0.1087774560,-0.0010348292,0.0681375340,0.1088629216,0.0074411943
00:42:20:08.453,61,0.0589917973,0.1785718203,0.1120018363,0.0000000000,0.0000000000,0.0334321745,0.0000000000,0.0589464158,0.1788390130,0.0158240218,0.0000000000,0.0000000000,0.0334317200,0.0000000000,0.0207780767,0.0025731891,0.0000000000,0.0204550996,0.0160118919,0.0126885232,0.0853070244,0.0113726687,0.0000000000,0.0442063287,0.0585840903,0.0000000000,0.0000000000,0.0739456341,0.0730352998,0.0489660054,0.0479690395,0.0558087118,0.0158310831,0.3296042681,0.2443367392,0.1030374765,0.1076592505,0.0235116333,0.0227736589,0.0187677573,0.0199073348,0.0960423872,0.0952262580,0.0598598979,0.0000000000,0.0000000000,0.0366176106,0.0261433143,0.0259230174,0.0512458794,0.0554477572,0.0000106517,0.0000000000,0.0000000000,0.0000000000,-0.0096087186,0.1092516109,-0.0010539481,0.0680107400,0.1093371063,0.0074599795
00:42:20:09.455,61,0.0587935299,0.1790950745,0.1119297370,0.0000000000,0.0000000000,0.0334764570,0.0000000000,0.0587465689,0.1793628037,0.0158868432,0.0000000000,0.0000000000,0.0334759876,0.0000000000,0.0206614248,0.0025928174,0.0000000000,0.0203486327,0.0158726238,0.0125078438,0.0851942077,0.0113347508,0.0000000000,0.0446755514,0.0590899475,0.0000000000,0.0000000000,0.0743430257,0.0734359622,0.0485241599,0.0475275628,0.0559970289,0.0158338118,0.3284533918,0.2436068505,0.1031001955,0.1077259555,0.0233147144,0.0226085205,0.0187449027,0.0199010372,0.0995471030,0.0987591967,0.0586243719,0.0000000000,0.0000000000,0.0365533344,0.0259308349,0.0257266182,0.0510938093,0.0552593693,0.0000087465,0.0000000000,0.0000000000,0.0000000000,-0.0096465247,0.1095716283,-0.0010612191,0.0679645836,0.1096571535,0.0074769198
00:42:20:10.456,61,0.0585270040,0.1792717278,0.1121342182,0.0000000000,0.0000000000,0.0334948562,0.0000000000,0.0584788620,0.1795416027,0.0156720206,0.0000000000,0.0000000000,0.0334943719,0.0000000000,0.0205345601,0.0026514395,0.0000000000,0.0202299375,0.0157341920,0.0123266643,0.0849864557,0.0113284532,0.0000000000,0.0451259613,0.0596098751,0.0000000000,0.0000000000,0.0746765211,0.0737717524,0.0481114089,0.0471045226,0.0561366640,0.0158249121,0.3276903927,0.2430603206,0.1030607671,0.1077034846,0.0231137034,0.0224377811,0.0187258385,0.0198953282,0.1011344120,0.1003610343,0.0576144494,0.0000000000,0.0000000000,0.0364476442,0.0257175229,0.0255310014,0.0509505868,0.0550843328,0.0000082035,0.0000000000,0.0000000000,0.0000000000,-0.0095159691,0.1096807271,-0.0010479077,0.0680879280,0.1097662300,0.0074979803
00:42:20:11.458,61,0.0581926145,0.1793339700,0.1122502983,0.0000000000,0.0000000000,0.0334853455,0.0000000000,0.0581437498,0.1796049476,0.0155696608,0.0000000000,0.0000000000,0.0334848389,0.0000000000,0.0204094499,0.0027048641,0.0000000000,0.0201121550,0.0155960508,0.0121444566,0.0847519264,0.0112809455,0.0000000000,0.0455609672,0.0601496510,0.0000000000,0.0000000000,0.0750055239,0.0741109625,0.0477011986,0.0466907285,0.0562649220,0.0158145558,0.3272750676,0.2427206039,0.1030023992,0.1076642126,0.0229056645,0.0222602524,0.0187044907,0.0198916029,0.1019878983,0.1012220383,0.0566466115,0.0000000000,0.0000000000,0.0363244489,0.0255086776,0.0253415983,0.0508102663,0.0549151078,0.0000084407,0.0000000000,0.0000000000,0.0000000000,-0.0094537772,0.1097193435,-0.0010414288,0.0681581274,0.1098048761,0.0075083617
00:42:20:12.460,61,0.0578309782,0.1793127656,0.1121766120,0.0000000000,0.0000000000,0.0334607884,0.0000000000,0.0577810965,0.1795830578,0.0156511161,0.0000000000,0.0000000000,0.0334602557,0.0000000000,0.0202675592,0.0027687566,0.0000000000,0.0199894458,0.0154625904,0.0119564226,0.0844298005,0.0112911155,0.0000000000,0.0459516980,0.0605756901,0.0000000000,0.0000000000,0.0751937702,0.0743053257,0.0472830012,0.0462593958,0.0563235879,0.0157948826,0.3267809451,0.2422882169,0.1027671546,0.1074502170,0.0226929355,0.0220747404,0.0186718926,0.0198701527,0.1022667959,0.1015028879,0.0555143617,0.0000000000,0.0000000000,0.0361270756,0.0252903290,0.0251421891,0.0506517142,0.0547235049,0.0000088872,0.0000000000,0.0000000000,0.0000000000,-0.0095032528,0.1097060293,-0.0010467507,0.0681134835,0.1097915322,0.0075025330
00:42:20:13.461,61,0.0574172810,0.1792543828,0.1119233742,0.0000000000,0.0000000000,0.0334411189,0.0000000000,0.0573665611,0.1795223802,0.0159043223,0.0000000000,0.0000000000,0.0334405601,0.0000000000,0.0201164074,0.0028355168,0.0000000000,0.0198716223,0.0153370714,0.0117763923,0.0840561762,0.0113159409,0.0000000000,0.0464619361,0.0611039959,0.0000000000,0.0000000000,0.0754272789,0.0745433271,0.0468964241,0.0458579250,0.0563452095,0.0157766603,0.3262648284,0.2418128550,0.1025229916,0.1072282568,0.0224931166,0.0218980033,0.0186329316,0.0198400654,0.1022184938,0.1014560461,0.0544688478,0.0000000000,0.0000000000,0.0359195359,0.0250853300,0.0249595586,0.0505061559,0.0545513406,0.0000084059,0.0000000000,0.0000000000,0.0000000000,-0.0096570356,0.1096691340,-0.0010633282,0.0679599941,0.1097546518,0.0074831173
00:42:20:14.463,61,0.0569429994,0.1794716120,0.1114276126,0.0000000000,0.0000000000,0.0334427729,0.0000000000,0.0568911508,0.1797359437,0.0163724311,0.0000000000,0.0000000000,0.0334421769,0.0000000000,0.0199505184,0.0029046237,0.0000000000,0.0197430588,0.0152121568,0.0115959607,0.0835631117,0.0113534229,0.0000000000,0.0469624363,0.0615789555,0.0000000000,0.0000000000,0.0755189955,0.0746401027,0.0465052314,0.0454487093,0.0562953576,0.0157471877,0.3255486190,0.2412447035,0.1022160053,0.1069310978,0.0222907886,0.0217166264,0.0185849965,0.0197990499,0.1019472107,0.1011835560,0.0535246730,0.0000000000,0.0000000000,0.0356562249,0.0248912219,0.0247875359,0.0503655188,0.0543865077,0.0000071175,0.0000000000,0.0000000000,0.0000000000,-0.0099411262,0.1097999066,-0.0010959239,0.0676579848,0.1098854169,0.0074588619
00:42:20:15.465,61,0.0564855784,0.1794285476,0.1111076549,0.0000000000,0.0000000000,0.0334448144,0.0000000000,0.0564325079,0.1796900928,0.0166647229,0.0000000000,0.0000000000,0.0334441848,0.0000000000,0.0197681896,0.0029720082,0.0000000000,0.0196133144,0.0151021862,0.0114123393,0.0829111859,0.0114178983,0.0000000000,0.0476492383,0.0622405149,0.0000000000,0.0000000000,0.0755376369,0.0746638998,0.0461149812,0.0450371541,0.0561663955,0.0157163423,0.3196261525,0.2376322895,0.1016937420,0.1064147502,0.0221255571,0.0215700027,0.0185264032,0.0197419636,0.1009079963,0.1001402885,0.0527213663,0.0000000000,0.0000000000,0.0353020951,0.0247080754,0.0246298481,0.0502382144,0.0542374998,0.0000060228,0.0000000000,0.0000000000,0.0000000000,-0.0101186326,0.1097720861,-0.0011152070,0.0674639121,0.1098575816,0.0074356007
00:42:20:16.467,61,0.0560439527,0.1788107902,0.1109699681,0.0000000000,0.0000000000,0.0334627442,0.0000000000,0.0559901148,0.1790699065,0.0167736933,0.0000000000,0.0000000000,0.0334620513,0.0000000000,0.0195964593,0.0030297425,0.0000000000,0.0194891412,0.0150042586,0.0112354327,0.0822772384,0.0114840074,0.0000000000,0.0481570810,0.0627214760,0.0000000000,0.0000000000,0.0754082128,0.0745406002,0.0457139686,0.0446121134,0.0560238808,0.0156800970,0.3175384104,0.2361877710,0.1011065394,0.1058385670,0.0219546668,0.0214163847,0.0184776410,0.0196956247,0.1000236645,0.0992490277,0.0518498085,0.0000000000,0.0000000000,0.0349024683,0.0245355200,0.0244801529,0.0501300916,0.0541054159,0.0000049577,0.0000000000,0.0000000000,0.0000000000,-0.0101852231,0.1093932763,-0.0011186411,0.0673830956,0.1094787419,0.0074008922
00:42:20:17.468,61,0.0557041317,0.1779347211,0.1110768914,0.0000000000,0.0000000000,0.0335048586,0.0000000000,0.0556497723,0.1781929433,0.0166367013,0.0000000000,0.0000000000,0.0335041024,0.0000000000,0.0194048397,0.0030829250,0.0000000000,0.0193654355,0.0149232754,0.0110759353,0.0817006603,0.0115729067,0.0000000000,0.0486259088,0.0631665289,0.0000000000,0.0000000000,0.0751379505,0.0742711052,0.0453114957,0.0441865027,0.0558243245,0.0156267248,0.3155449331,0.2348311841,0.1004197448,0.1051669046,0.0218067057,0.0212821774,0.0184467193,0.0196659192,0.0988221541,0.0980443954,0.0509760380,0.0000000000,0.0000000000,0.0344715975,0.0243815910,0.0243519563,0.0500696972,0.0540195815,0.0000041453,0.0000000000,0.0000000000,0.0000000000,-0.0101026325,0.1088574529,-0.0011040923,0.0674519762,0.1089428663,0.0073718955
00:42:20:18.470,61,0.0555500761,0.1775013506,0.1108877584,0.0000000000,0.0000000000,0.0334776491,0.0000000000,0.0554942377,0.1777574718,0.0167397726,0.0000000000,0.0000000000,0.0334768444,0.0000000000,0.0191770270,0.0031587898,0.0000000000,0.0192449074,0.0148515450,0.0109167434,0.0811312646,0.0116617009,0.0000000000,0.0488723293,0.0633895993,0.0000000000,0.0000000000,0.0746784583,0.0738129243,0.0448648669,0.0437094010,0.0555504709,0.0155600486,0.3122438192,0.2325311750,0.0985703468,0.1033890843,0.0216342174,0.0211206321,0.0183946453,0.0196164586,0.0949806795,0.0942091793,0.0500645861,0.0000000000,0.0000000000,0.0339857340,0.0241860468,0.0241891071,0.0499483384,0.0538682789,0.0000030672,0.0000000000,0.0000000000,0.0000000000,-0.0101655181,0.1085915193,-0.0011082292,0.0673390701,0.1086766869,0.0073414524
00:42:20:19.471,61,0.0556323566,0.1773459166,0.1105534583,0.0000000000,0.0000000000,0.0333951935,0.0000000000,0.0555738695,0.1775990427,0.0170240384,0.0000000000,0.0000000000,0.0333943591,0.0000000000,0.0189171918,0.0032275990,0.0000000000,0.0191278905,0.0147924656,0.0107598929,0.0805952325,0.0118330894,0.0000000000,0.0490515791,0.0634724200,0.0000000000,0.0000000000,0.0740865022,0.0732172579,0.0443716422,0.0431808271,0.0552344881,0.0154838357,0.3078185916,0.2290241122,0.0961045399,0.1009143069,0.0214770418,0.0209708344,0.0183446016,0.0195657611,0.0914350227,0.0906766430,0.0491759554,0.0000000000,0.0000000000,0.0334585905,0.0239630267,0.0240004752,0.0498080738,0.0536926612,0.0000023220,0.0000000000,0.0000000000,0.0000000000,-0.0103382515,0.1084948927,-0.0011260490,0.0671367645,0.1085800305,0.0073128692
00:42:20:20.473,61,0.0558110252,0.1771848947,0.1100649536,0.0000000000,0.0000000000,0.0332886539,0.0000000000,0.0557501316,0.1774336398,0.0174851920,0.0000000000,0.0000000000,0.0332878046,0.0000000000,0.0186568815,0.0032971445,0.0000000000,0.0190212242,0.0147486301,0.0106169628,0.0800954849,0.0120288627,0.0000000000,0.0492766686,0.0635680705,0.0000000000,0.0000000000,0.0735366121,0.0726557598,0.0438994206,0.0426729023,0.0549322553,0.0154107101,0.3046563268,0.2263722122,0.0943147019,0.0991605967,0.0213454571,0.0208410770,0.0183119550,0.0195346158,0.0844171867,0.0836989507,0.0485015027,0.0000000000,0.0000000000,0.0329332352,0.0237481315,0.0238234196,0.0496985093,0.0535499714,0.0000017803,0.0000000000,0.0000000000,0.0000000000,-0.0106184138,0.1083941832,-0.0011554812,0.0668408200,0.1084792987,0.0072738747
