Timecode,BlendshapeCount,EyeBlinkLeft,EyeLookDownLeft,EyeLookInLeft,EyeLookOutLeft,EyeLookUpLeft,EyeSquintLeft,EyeWideLeft,EyeBlinkRight,EyeLookDownRight,EyeLookInRight,EyeLookOutRight,EyeLookUpRight,EyeSquintRight,EyeWideRight,JawForward,JawRight,JawLeft,JawOpen,MouthClose,MouthFunnel,MouthPucker,MouthRight,MouthLeft,MouthSmileLeft,MouthSmileRight,MouthFrownLeft,MouthFrownRight,MouthDimpleLeft,MouthDimpleRight,MouthStretchLeft,MouthStretchRight,MouthRollLower,MouthRollUpper,MouthShrugLower,MouthShrugUpper,MouthPressLeft,MouthPressRight,MouthLowerDownLeft,MouthLowerDownRight,MouthUpperUpLeft,MouthUpperUpRight,BrowDownLeft,BrowDownRight,BrowInnerUp,BrowOuterUpLeft,BrowOuterUpRight,CheekPuff,CheekSquintLeft,CheekSquintRight,NoseSneerLeft,NoseSneerRight,TongueOut,HeadYaw,HeadPitch,HeadRoll,LeftEyeYaw,LeftEyePitch,LeftEyeRoll,RightEyeYaw,RightEyePitch,RightEyeRoll
00:42:01:47.699,61,0.1053271890,0.2451916486,0.1483371854,0.0000000000,0.0000000000,0.0394128077,0.0000000000,0.1053020358,0.2460408360,0.0000000000,0.0219626501,0.0000000000,0.0394009762,0.0000000000,0.0104453657,0.0000000000,0.0020847039,0.0138922771,0.0136764506,0.0089195613,0.0712005943,0.0002012120,0.0000000000,0.0000000000,0.0181325823,0.0004224130,0.0000000000,0.0237738229,0.0237535592,0.0269457847,0.0270643365,0.0327950381,0.0100365281,0.2456254065,0.1766818762,0.0632679164,0.0677314252,0.0187454410,0.0182623602,0.0184551142,0.0202354342,0.3484242558,0.3483277559,0.0160675664,0.0000000000,0.0000000000,0.0172839146,0.0235721376,0.0245484356,0.0649589896,0.0724525675,0.0000000404,0.0000000000,0.0000000000,0.0000000000,0.0132649662,0.1503111422,0.0020089636,0.0895967931,0.1503868401,0.0135576949
00:42:01:48.700,61,0.1053397954,0.2445674241,0.1486688554,0.0000000000,0.0000000000,0.0395303108,0.0000000000,0.1053139269,0.2454180717,0.0000000000,0.0222592745,0.0000000000,0.0395184122,0.0000000000,0.0105025619,0.0000000000,0.0019940953,0.0138881039,0.0136810010,0.0089215953,0.0712770820,0.0001415007,0.0000000000,0.0000000000,0.0172381196,0.0012996960,0.0000000000,0.0236658249,0.0236564595,0.0269772913,0.0271002129,0.0328994766,0.0100305500,0.2461274713,0.1770510525,0.0633570403,0.0678274557,0.0187637042,0.0182824004,0.0185363609,0.0203241836,0.3477204740,0.3476212323,0.0159130003,0.0000000000,0.0000000000,0.0173147377,0.0236131195,0.0245759208,0.0651526675,0.0726479888,0.0000000440,0.0000000000,0.0000000000,0.0000000000,0.0134448931,0.1499310136,0.0020309843,0.0898022801,0.1500067413,0.0135538420
00:42:01:49.702,61,0.1054960042,0.2438074648,0.1490210146,0.0000000000,0.0000000000,0.0396541283,0.0000000000,0.1054691821,0.2446592599,0.0000000000,0.0225794930,0.0000000000,0.0396421403,0.0000000000,0.0105809141,0.0000000000,0.0018896644,0.0139021510,0.0137049770,0.0089458469,0.0713917017,0.0001621173,0.0000000000,0.0000000000,0.0153656295,0.0025733509,0.0000000000,0.0235509388,0.0235498529,0.0270206556,0.0271391496,0.0330451131,0.0100343153,0.2465325892,0.1774470359,0.0634936020,0.0679637864,0.0187970977,0.0183131937,0.0186315794,0.0204219334,0.3470619917,0.3469552398,0.0157616884,0.0000000000,0.0000000000,0.0173652861,0.0236635040,0.0246042553,0.0653644279,0.0728565529,0.0000000495,0.0000000000,0.0000000000,0.0000000000,0.0136392629,0.1494678408,0.0020538832,0.0900212750,0.1495435387,0.0135442205
00:42:01:50.703,61,0.1052760631,0.2428923100,0.1490547359,0.0000000000,0.0000000000,0.0397266038,0.0000000000,0.1052484512,0.2437410355,0.0000000000,0.0225694794,0.0000000000,0.0397145972,0.0000000000,0.0106297312,0.0000000000,0.0017411194,0.0138975764,0.0137080280,0.0089576850,0.0715487972,0.0001572122,0.0000000000,0.0000000000,0.0140339956,0.0038844317,0.0000000000,0.0234167054,0.0234207120,0.0270492118,0.0271611344,0.0330792256,0.0100205140,0.2466353178,0.1776601672,0.0635113418,0.0679785609,0.0187763069,0.0182920452,0.0186679084,0.0204582978,0.3463913500,0.3462814689,0.0156209590,0.0000000000,0.0000000000,0.0174083933,0.0236883722,0.0246171020,0.0654564500,0.0729393288,0.0000000529,0.0000000000,0.0000000000,0.0000000000,0.0136343613,0.1489068717,0.0020453241,0.0900492147,0.1489825994,0.0134968348
00:42:01:51.705,61,0.1023008004,0.2416060418,0.1485088766,0.0000000000,0.0000000000,0.0396891013,0.0000000000,0.1022725850,0.2424437702,0.0000000000,0.0219782572,0.0000000000,0.0396771692,0.0000000000,0.0106533151,0.0000000000,0.0016180570,0.0138712870,0.0136735719,0.0089399321,0.0717576742,0.0001108828,0.0000000000,0.0000000000,0.0124070439,0.0052023968,0.0000000000,0.0232838653,0.0232896954,0.0270125438,0.0271245539,0.0330291390,0.0100054415,0.2465247065,0.1777969450,0.0634846091,0.0679469109,0.0186612699,0.0181821827,0.0186266787,0.0204122681,0.3407422900,0.3406268358,0.0154926544,0.0000000000,0.0000000000,0.0174728557,0.0236611050,0.0245810580,0.0653404742,0.0727946833,0.0000000476,0.0000000000,0.0000000000,0.0000000000,0.0132787768,0.1481136382,0.0019812165,0.0897300020,0.1481892914,0.0133764548
00:42:01:52.707,61,0.0999639332,0.2411995530,0.1480153352,0.0000000000,0.0000000000,0.0395461172,0.0000000000,0.0999350324,0.2420302033,0.0000000000,0.0214650836,0.0000000000,0.0395343788,0.0000000000,0.0106617762,0.0000000000,0.0014684359,0.0138374418,0.0136406338,0.0089136669,0.0719318017,0.0000691338,0.0000000000,0.0000000000,0.0116341924,0.0060834549,0.0000000000,0.0231545679,0.0231631435,0.0269884933,0.0270944610,0.0329725221,0.0099822991,0.2462538779,0.1777967513,0.0633958429,0.0678558201,0.0185679570,0.0180910062,0.0185922813,0.0203763638,0.3380942345,0.3379793763,0.0153826633,0.0000000000,0.0000000000,0.0175147522,0.0236141812,0.0245359018,0.0652352571,0.0726635233,0.0000000441,0.0000000000,0.0000000000,0.0000000000,0.0129692154,0.1478603482,0.0019316748,0.0894351304,0.1479360014,0.0133094983
00:42:01:53.709,61,0.0989865214,0.2412476987,0.1479304880,0.0000000000,0.0000000000,0.0393854156,0.0000000000,0.0989574417,0.2420776188,0.0000000000,0.0213389937,0.0000000000,0.0393738635,0.0000000000,0.0106786275,0.0000000000,0.0013606206,0.0138121471,0.0136224572,0.0088945730,0.0720928237,0.0000920134,0.0000000000,0.0000000000,0.0110289669,0.0068105701,0.0000000000,0.0230098963,0.0230189711,0.0269694738,0.0270685386,0.0329749323,0.0099654980,0.2459284365,0.1777407974,0.0633086562,0.0677619427,0.0185118150,0.0180356335,0.0186034050,0.0203851443,0.3358110785,0.3356984258,0.0152809331,0.0000000000,0.0000000000,0.0175503008,0.0235763416,0.0244918931,0.0652351156,0.0726297721,0.0000000434,0.0000000000,0.0000000000,0.0000000000,0.0128929773,0.1478891969,0.0019207000,0.0893834606,0.1479648352,0.0133044636
00:42:01:54.710,61,0.0987041220,0.2411675006,0.1481487453,0.0000000000,0.0000000000,0.0392675996,0.0000000000,0.0986743048,0.2419996113,0.0000000000,0.0215171855,0.0000000000,0.0392561704,0.0000000000,0.0107058473,0.0000000000,0.0012902780,0.0137893166,0.0136108333,0.0088688154,0.0719826147,0.0002845205,0.0000000000,0.0000000000,0.0109095536,0.0069665648,0.0000000000,0.0229120795,0.0229168721,0.0269421842,0.0270266291,0.0330085084,0.0099639194,0.2454303801,0.1775081456,0.0632496178,0.0677035674,0.0185152087,0.0180310030,0.0186295882,0.0204015430,0.3335939348,0.3334758580,0.0151716191,0.0000000000,0.0000000000,0.0175576620,0.0235338081,0.0244375523,0.0652817339,0.0726447254,0.0000000495,0.0000000000,0.0000000000,0.0000000000,0.0130007314,0.1478417516,0.0019361211,0.0895159766,0.1479174495,0.0133198025
00:42:01:55.712,61,0.0987963676,0.2413735241,0.1484829634,0.0000000000,0.0000000000,0.0391502343,0.0000000000,0.0987657234,0.2422101796,0.0000000000,0.0218186360,0.0000000000,0.0391389281,0.0000000000,0.0107344100,0.0000000000,0.0012517511,0.0137659442,0.0136074275,0.0088428855,0.0718099847,0.0005608844,0.0000000000,0.0000000000,0.0108184442,0.0070445426,0.0000000000,0.0228110068,0.0228104796,0.0269195177,0.0269854926,0.0330576450,0.0099606197,0.2448718548,0.1772162914,0.0631649867,0.0676188394,0.0185500551,0.0180572458,0.0186774246,0.0204355679,0.3323142529,0.3321943283,0.0150775099,0.0000000000,0.0000000000,0.0175404418,0.0234944411,0.0243830774,0.0653494596,0.0726762637,0.0000000558,0.0000000000,0.0000000000,0.0000000000,0.0131826168,0.1479707211,0.0019649446,0.0897162259,0.1480464786,0.0133613311
00:42:01:56.713,61,0.0987692103,0.2415084243,0.1488087773,0.0000000000,0.0000000000,0.0390281901,0.0000000000,0.0987382159,0.2423493415,0.0000000000,0.0221261382,0.0000000000,0.0390170142,0.0000000000,0.0107477475,0.0000000000,0.0012435191,0.0137360962,0.0135912541,0.0087953666,0.0715694651,0.0008197243,0.0000000000,0.0000000000,0.0110846395,0.0067758840,0.0000000000,0.0227231476,0.0227148756,0.0268636383,0.0269133020,0.0330856144,0.0099638952,0.2438062429,0.1767865568,0.0630458593,0.0674975738,0.0185661484,0.0180653539,0.0187041033,0.0204495676,0.3310043514,0.3308850527,0.0149943018,0.0000000000,0.0000000000,0.0175095052,0.0234465934,0.0243215542,0.0653813556,0.0726751983,0.0000000641,0.0000000000,0.0000000000,0.0000000000,0.0133682378,0.1480561197,0.0019937775,0.0899119973,0.1481318474,0.0133982403
00:42:01:57.715,61,0.0985781327,0.2415924072,0.1493452936,0.0000000000,0.0000000000,0.0389326029,0.0000000000,0.0985473320,0.2424396724,0.0000000000,0.0226451568,0.0000000000,0.0389215648,0.0000000000,0.0107486388,0.0000000000,0.0012474918,0.0136859398,0.0135531975,0.0087355329,0.0713592321,0.0010132820,0.0000000000,0.0000000000,0.0115018208,0.0063861450,0.0000000000,0.0226538740,0.0226395186,0.0268050171,0.0268491991,0.0330930352,0.0099591594,0.2432397902,0.1765533090,0.0629682168,0.0674265549,0.0185639523,0.0180577468,0.0187315047,0.0204692241,0.3305677474,0.3304501474,0.0149242813,0.0000000000,0.0000000000,0.0174746532,0.0234101042,0.0242769644,0.0654474944,0.0727146193,0.0000000729,0.0000000000,0.0000000000,0.0000000000,0.0136817051,0.1481119394,0.0020413070,0.0902354419,0.1481877267,0.0134514496
00:42:01:58.717,61,0.0984757170,0.2413387150,0.1493223161,0.0000000000,0.0000000000,0.0388879962,0.0000000000,0.0984451696,0.2421847731,0.0000000000,0.0226144679,0.0000000000,0.0388770439,0.0000000000,0.0107517280,0.0000000000,0.0012626557,0.0136556886,0.0135364057,0.0086945966,0.0711666718,0.0012317384,0.0000000000,0.0000000000,0.0119100176,0.0059499806,0.0000000000,0.0225936156,0.0225716103,0.0267765932,0.0268157963,0.0330909975,0.0099550588,0.2425962687,0.1761879325,0.0628624931,0.0673204437,0.0185874570,0.0180723034,0.0187531877,0.0204785187,0.3301981091,0.3300815225,0.0148619404,0.0000000000,0.0000000000,0.0174391642,0.0233887620,0.0242451075,0.0654809624,0.0727208704,0.0000000763,0.0000000000,0.0000000000,0.0000000000,0.0136634819,0.1479562074,0.0020364125,0.0902236626,0.1480319798,0.0134353517
00:42:01:59.719,61,0.0989010185,0.2413208634,0.1489578933,0.0000000000,0.0000000000,0.0390102714,0.0000000000,0.0988704413,0.2421627492,0.0000000000,0.0222642701,0.0000000000,0.0389993377,0.0000000000,0.0107929725,0.0000000000,0.0011676092,0.0136460941,0.0135398321,0.0086977929,0.0710770935,0.0014010770,0.0000000000,0.0000000000,0.0117676388,0.0061955135,0.0000000000,0.0225484464,0.0225230046,0.0267999936,0.0268223025,0.0331615508,0.0099567026,0.2426686883,0.1763426811,0.0629602000,0.0674364716,0.0186240003,0.0181046799,0.0188149288,0.0205351766,0.3307240009,0.3306120038,0.0147789158,0.0000000000,0.0000000000,0.0174481142,0.0234202873,0.0242726021,0.0656658635,0.0728956163,0.0000000868,0.0000000000,0.0000000000,0.0000000000,0.0134519218,0.1479422897,0.0020046926,0.0900036097,0.1480180323,0.0134013975
00:42:02:00.720,61,0.1004845053,0.2415156960,0.1483127326,0.0000000000,0.0000000000,0.0392613150,0.0000000000,0.1004562005,0.2423509955,0.0000000000,0.0216340087,0.0000000000,0.0392502882,0.0000000000,0.0108664818,0.0000000000,0.0010577512,0.0136482697,0.0135490196,0.0087214550,0.0711028650,0.0015141893,0.0000000000,0.0000000000,0.0116537772,0.0064144866,0.0000000000,0.0225532409,0.0225232206,0.0268472116,0.0268506519,0.0332683623,0.0099733546,0.2451847345,0.1771099269,0.0632669479,0.0677828044,0.0186893232,0.0181663129,0.0188964158,0.0206124522,0.3478552699,0.3477799296,0.0146623962,0.0000000000,0.0000000000,0.0174829010,0.0234970786,0.0243531074,0.0660437122,0.0732840523,0.0000001047,0.0000000000,0.0000000000,0.0000000000,0.0130709019,0.1480565667,0.0019494402,0.0896122381,0.1481322944,0.0133537361
00:42:02:01.721,61,0.1025608927,0.2422885746,0.1475729644,0.0000000000,0.0000000000,0.0395108350,0.0000000000,0.1025372669,0.2431183904,0.0000000000,0.0209095590,0.0000000000,0.0394997112,0.0000000000,0.0109397285,0.0000000000,0.0009582464,0.0136521365,0.0135660190,0.0087520275,0.0710976124,0.0016166404,0.0000000000,0.0000000000,0.0118182069,0.0063556489,0.0000000000,0.0225669369,0.0225325450,0.0269255545,0.0269123111,0.0333700106,0.0099833729,0.2464461774,0.1777061075,0.0635604784,0.0681159794,0.0187883582,0.0182595383,0.0190005563,0.0207148064,0.3559595644,0.3558987081,0.0145498775,0.0000000000,0.0000000000,0.0174993426,0.0235943440,0.0244590435,0.0665254444,0.0737810656,0.0000001181,0.0000000000,0.0000000000,0.0000000000,0.0126323132,0.1485245228,0.0018900748,0.0891589969,0.1486002654,0.0133289769
00:42:02:02.723,61,0.1036093980,0.2424887270,0.1472301036,0.0000000000,0.0000000000,0.0397667699,0.0000000000,0.1035868526,0.2433153689,0.0000000000,0.0205777194,0.0000000000,0.0397555344,0.0000000000,0.0110005429,0.0000000000,0.0008643331,0.0136547396,0.0135769024,0.0087707974,0.0709986389,0.0017161370,0.0000000000,0.0000000000,0.0120374393,0.0062515312,0.0000000000,0.0225922130,0.0225536879,0.0269705933,0.0269394424,0.0334557220,0.0099962223,0.2472026497,0.1781822592,0.0638281927,0.0684147850,0.0188679527,0.0183339249,0.0190779790,0.0207909830,0.3594098091,0.3593540788,0.0144517338,0.0000000000,0.0000000000,0.0175094381,0.0236790497,0.0245531481,0.0668860525,0.0741601884,0.0000001228,0.0000000000,0.0000000000,0.0000000000,0.0124316150,0.1486444920,0.0018615718,0.0889502466,0.1487202346,0.0133087505
00:42:02:03.724,61,0.1042727232,0.2424320579,0.1472217292,0.0000000000,0.0000000000,0.0399686694,0.0000000000,0.1042502671,0.2432583570,0.0000000000,0.0205875356,0.0000000000,0.0399573296,0.0000000000,0.0110447602,0.0000000000,0.0007863698,0.0136626028,0.0135917272,0.0087849777,0.0708693638,0.0017657697,0.0000000000,0.0000000000,0.0121817095,0.0062569412,0.0000000000,0.0225880630,0.0225500669,0.0270078108,0.0269645695,0.0335337892,0.0100031104,0.2475861907,0.1785117537,0.0639831871,0.0685847476,0.0189190041,0.0183825307,0.0191449821,0.0208590385,0.3606248200,0.3605651855,0.0143772475,0.0000000000,0.0000000000,0.0175035205,0.0237516928,0.0246326588,0.0671455190,0.0744325295,0.0000001191,0.0000000000,0.0000000000,0.0000000000,0.0124376072,0.1486096680,0.0018620269,0.0889456421,0.1486854255,0.0133049013
00:42:02:04.726,61,0.1045978069,0.2422918975,0.1468211561,0.0000000000,0.0000000000,0.0401304923,0.0000000000,0.1045748219,0.2431131005,0.0000000000,0.0202074721,0.0000000000,0.0401190855,0.0000000000,0.0110754594,0.0000000000,0.0007108613,0.0136821037,0.0136145884,0.0087968195,0.0707520470,0.0018232507,0.0000000000,0.0000000000,0.0122343237,0.0063294708,0.0000000000,0.0225716084,0.0225331560,0.0270450078,0.0269916207,0.0335730352,0.0100083267,0.2475542873,0.1785658300,0.0640022904,0.0686132014,0.0189525504,0.0184146501,0.0191730447,0.0208860170,0.3591175973,0.3590431511,0.0143290767,0.0000000000,0.0000000000,0.0174900871,0.0238128565,0.0246973000,0.0672932044,0.0745778903,0.0000001115,0.0000000000,0.0000000000,0.0000000000,0.0122081609,0.1485204846,0.0018265654,0.0887047797,0.1485962421,0.0132608954
00:42:02:05.728,61,0.1048471257,0.2419230342,0.1462358683,0.0000000000,0.0000000000,0.0402969085,0.0000000000,0.1048234031,0.2427362651,0.0000000000,0.0196561329,0.0000000000,0.0402854122,0.0000000000,0.0111178495,0.0000000000,0.0006480862,0.0137174558,0.0136493165,0.0088246660,0.0707164258,0.0018588883,0.0000000000,0.0000000000,0.0121166548,0.0065417965,0.0000000000,0.0225749612,0.0225339308,0.0271058083,0.0270434711,0.0336354524,0.0100183915,0.2476315051,0.1787101924,0.0640792102,0.0686905980,0.0189910997,0.0184519142,0.0192039832,0.0209148154,0.3584280908,0.3583484590,0.0142942127,0.0000000000,0.0000000000,0.0174977854,0.0238908418,0.0247735679,0.0674481839,0.0747314692,0.0000001048,0.0000000000,0.0000000000,0.0000000000,0.0118754860,0.1482896805,0.0017739912,0.0883541778,0.1483653933,0.0131877996
00:42:02:06.729,61,0.1048843563,0.2414782643,0.1457886845,0.0000000000,0.0000000000,0.0404061042,0.0000000000,0.1048600748,0.2422847450,0.0000000000,0.0192555711,0.0000000000,0.0403945185,0.0000000000,0.0111553250,0.0000000000,0.0005657118,0.0137314480,0.0136563974,0.0088372091,0.0706897378,0.0018393147,0.0000000000,0.0000000000,0.0119609218,0.0068232473,0.0000000000,0.0225775000,0.0225378405,0.0271298252,0.0270597115,0.0336719640,0.0100269895,0.2478334457,0.1789652258,0.0641977936,0.0688223317,0.0189871769,0.0184480324,0.0192109831,0.0209236946,0.3577545285,0.3576715589,0.0142426258,0.0000000000,0.0000000000,0.0175163448,0.0239329934,0.0248162113,0.0675505251,0.0748348907,0.0000000973,0.0000000000,0.0000000000,0.0000000000,0.0116339605,0.1480134279,0.0017346276,0.0880875587,0.1480890512,0.0131232655
00:42:02:07.730,61,0.1049301103,0.2411874533,0.1452314556,0.0000000000,0.0000000000,0.0405182168,0.0000000000,0.1049049422,0.2419865280,0.0000000000,0.0187178124,0.0000000000,0.0405065566,0.0000000000,0.0111901574,0.0000000000,0.0004766875,0.0137568349,0.0136784771,0.0088550225,0.0706272051,0.0018598028,0.0000000000,0.0000000000,0.0117978863,0.0070951497,0.0000000000,0.0226002671,0.0225583669,0.0271817017,0.0270991568,0.0336978585,0.0100370171,0.2478346974,0.1790255159,0.0642560795,0.0688910261,0.0190167725,0.0184749961,0.0192130450,0.0209246110,0.3572914898,0.3572062254,0.0142014083,0.0000000000,0.0000000000,0.0175275840,0.0239836536,0.0248705857,0.0676578581,0.0749460980,0.0000001006,0.0000000000,0.0000000000,0.0000000000,0.0113093602,0.1478306949,0.0016841193,0.0877532214,0.1479063183,0.0130572207
00:42:02:08.732,61,0.1047263667,0.2410982400,0.1449593157,0.0000000000,0.0000000000,0.0406000726,0.0000000000,0.1047000512,0.2418939620,0.0000000000,0.0184723288,0.0000000000,0.0405883752,0.0000000000,0.0112025905,0.0000000000,0.0004100683,0.0137692485,0.0136856111,0.0088552544,0.0705545619,0.0018779706,0.0000000000,0.0000000000,0.0118044848,0.0071789348,0.0000000000,0.0225945842,0.0225521363,0.0271914639,0.0271015819,0.0336961448,0.0100410050,0.2477123439,0.1790348440,0.0642642602,0.0689003915,0.0190136973,0.0184699427,0.0192011725,0.0209121685,0.3566613495,0.3565739393,0.0141774639,0.0000000000,0.0000000000,0.0175240096,0.0240131896,0.0249037780,0.0676705018,0.0749546960,0.0000000968,0.0000000000,0.0000000000,0.0000000000,0.0111611318,0.1477738768,0.0016613991,0.0875894800,0.1478494406,0.0130278403
00:42:02:09.734,61,0.1043510437,0.2408577651,0.1449937969,0.0000000000,0.0000000000,0.0406429321,0.0000000000,0.1043238863,0.2416529506,0.0000000000,0.0185043756,0.0000000000,0.0406311937,0.0000000000,0.0111958319,0.0000000000,0.0003744967,0.0137650920,0.0136736240,0.0088346815,0.0704310462,0.0018565299,0.0000000000,0.0000000000,0.0117647741,0.0073278677,0.0000000000,0.0225707777,0.0225280747,0.0271661524,0.0270729400,0.0336460844,0.0100395186,0.2472857684,0.1788359284,0.0641700253,0.0687992126,0.0189810283,0.0184360947,0.0191535968,0.0208631400,0.3552991748,0.3552054763,0.0141567579,0.0000000000,0.0000000000,0.0175068080,0.0240177121,0.0249112826,0.0675918162,0.0748704523,0.0000000863,0.0000000000,0.0000000000,0.0000000000,0.0111807398,0.1476267129,0.0016626358,0.0876122564,0.1477023065,0.0130180586
00:42:02:10.735,61,0.1041405946,0.2404531538,0.1450726837,0.0000000000,0.0000000000,0.0407379493,0.0000000000,0.1041130051,0.2412477732,0.0000000000,0.0185952839,0.0000000000,0.0407261364,0.0000000000,0.0111960284,0.0000000000,0.0003305328,0.0137749165,0.0136803193,0.0088340864,0.0703820139,0.0018186498,0.0000000000,0.0000000000,0.0116195520,0.0076030111,0.0000000000,0.0225380119,0.0224973112,0.0271695033,0.0270716473,0.0336094424,0.0100402655,0.2469109446,0.1786461622,0.0640856251,0.0687140822,0.0189659223,0.0184210837,0.0191198140,0.0208296813,0.3544294238,0.3543338478,0.0141337570,0.0000000000,0.0000000000,0.0175027531,0.0240374692,0.0249346271,0.0675367340,0.0748141184,0.0000000898,0.0000000000,0.0000000000,0.0000000000,0.0112360828,0.1473792493,0.0016680233,0.0876631215,0.1474548131,0.0130034545
00:42:02:11.737,61,0.1041861922,0.2401559502,0.1452687234,0.0000000000,0.0000000000,0.0408459194,0.0000000000,0.1041585207,0.2409516126,0.0000000000,0.0188007858,0.0000000000,0.0408340245,0.0000000000,0.0112094469,0.0000000000,0.0002817565,0.0137837697,0.0136871878,0.0088420399,0.0703502372,0.0017933170,0.0000000000,0.0000000000,0.0114091737,0.0079091955,0.0000000000,0.0225222390,0.0224840306,0.0271847025,0.0270823892,0.0335963704,0.0100391414,0.2468616813,0.1786821485,0.0640877560,0.0687160417,0.0189626291,0.0184179917,0.0191066694,0.0208168700,0.3539331853,0.3538369238,0.0140960431,0.0000000000,0.0000000000,0.0175010078,0.0240626857,0.0249635503,0.0675503686,0.0748273730,0.0000000898,0.0000000000,0.0000000000,0.0000000000,0.0113605605,0.1471985430,0.0016844035,0.0877839401,0.1472741216,0.0130051393
00:42:02:12.739,61,0.1043804809,0.2399854064,0.1455383599,0.0000000000,0.0000000000,0.0409944840,0.0000000000,0.1043530479,0.2407835126,0.0000000000,0.0190963801,0.0000000000,0.0409824476,0.0000000000,0.0112232678,0.0000000000,0.0002369692,0.0137871774,0.0136840297,0.0088490816,0.0703154206,0.0017691210,0.0000000000,0.0000000000,0.0114347646,0.0079906434,0.0000000000,0.0225474276,0.0225074533,0.0271953437,0.0270837303,0.0335770436,0.0100454446,0.2469290942,0.1787903607,0.0641633123,0.0688081607,0.0189611055,0.0184150673,0.0190867670,0.0207962655,0.3537701666,0.3536743820,0.0140539780,0.0000000000,0.0000000000,0.0175106004,0.0240931176,0.0249977373,0.0675984845,0.0748911053,0.0000000880,0.0000000000,0.0000000000,0.0000000000,0.0115393512,0.1470962018,0.0017097042,0.0879482478,0.1471717060,0.0130202221
00:42:02:13.741,61,0.1045038998,0.2397259325,0.1462279409,0.0000000000,0.0000000000,0.0411467850,0.0000000000,0.1044760495,0.2405308187,0.0000000000,0.0198027864,0.0000000000,0.0411346331,0.0000000000,0.0112329544,0.0000000000,0.0001527666,0.0137891592,0.0136787836,0.0088615417,0.0703155771,0.0017738626,0.0000000000,0.0000000000,0.0113167409,0.0081922757,0.0000000000,0.0225734767,0.0225330647,0.0272236578,0.0271044653,0.0335398465,0.0100414883,0.2470603138,0.1789535135,0.0642166287,0.0688721836,0.0189447571,0.0183975045,0.0190657657,0.0207722522,0.3534483612,0.3533519506,0.0140198385,0.0000000000,0.0000000000,0.0175262019,0.0241261199,0.0250319969,0.0676321164,0.0749274641,0.0000000863,0.0000000000,0.0000000000,0.0000000000,0.0119664855,0.1469425112,0.0017711075,0.0883669853,0.1470180154,0.0130681898
00:42:02:14.742,61,0.1045015231,0.2396773696,0.1472164243,0.0000000000,0.0000000000,0.0412694849,0.0000000000,0.1044734865,0.2404932082,0.0000000000,0.0207766872,0.0000000000,0.0412572250,0.0000000000,0.0112392018,0.0000000000,0.0000987191,0.0137850698,0.0136727039,0.0088731060,0.0703633130,0.0017158580,0.0000000000,0.0000000000,0.0111438688,0.0084977904,0.0000000000,0.0225773975,0.0225409847,0.0272418000,0.0271208044,0.0335315093,0.0100375740,0.2472316474,0.1791737974,0.0642916188,0.0689586028,0.0189187918,0.0183722749,0.0190618169,0.0207702052,0.3531857133,0.3530890644,0.0139994249,0.0000000000,0.0000000000,0.0175587814,0.0241679549,0.0250723157,0.0677011535,0.0750075132,0.0000000798,0.0000000000,0.0000000000,0.0000000000,0.0125550367,0.1469206214,0.0018579309,0.0889646932,0.1469961256,0.0131543512
00:42:02:15.744,61,0.1045899168,0.2397162467,0.1483248472,0.0000000000,0.0000000000,0.0413976088,0.0000000000,0.1045611277,0.2405446619,0.0000000000,0.0218465608,0.0000000000,0.0413852558,0.0000000000,0.0112595540,0.0000000000,0.0000408867,0.0137874717,0.0136769870,0.0088966405,0.0704682544,0.0017200455,0.0000000000,0.0000000000,0.0107926344,0.0089459987,0.0000000000,0.0225551836,0.0225194227,0.0272681098,0.0271389950,0.0335615389,0.0100352569,0.2474391162,0.1794245988,0.0643802956,0.0690526441,0.0189142488,0.0183664840,0.0190900452,0.0207976531,0.3529590070,0.3528611064,0.0139784683,0.0000000000,0.0000000000,0.0175979808,0.0242125150,0.0251073688,0.0677941963,0.0751074851,0.0000000733,0.0000000000,0.0000000000,0.0000000000,0.0132014845,0.1469532847,0.0019540288,0.0896341801,0.1470288336,0.0132560581
00:42:02:16.746,61,0.1048311889,0.2397968173,0.1489217132,0.0000000000,0.0000000000,0.0415088609,0.0000000000,0.1048017517,0.2406259626,0.0000000000,0.0224073324,0.0000000000,0.0414964482,0.0000000000,0.0113002779,0.0000114095,0.0000000000,0.0138071068,0.0136968940,0.0089166388,0.0704632774,0.0017827485,0.0000000000,0.0000000000,0.0106766904,0.0091244150,0.0000000000,0.0225628465,0.0225292780,0.0272947587,0.0271541532,0.0336402319,0.0100490414,0.2476038188,0.1796027571,0.0645054355,0.0691902488,0.0189571064,0.0184028428,0.0191315208,0.0208384730,0.3528465331,0.3527470827,0.0139436955,0.0000000000,0.0000000000,0.0176191330,0.0242467429,0.0251325276,0.0679033324,0.0752376989,0.0000000744,0.0000000000,0.0000000000,0.0000000000,0.0135402484,0.1470036358,0.0020048649,0.0899942070,0.1470830888,0.0133141316
00:42:02:17.747,61,0.1052431613,0.2398609966,0.1491202414,0.0000000000,0.0000000000,0.0416610129,0.0000000000,0.1052136421,0.2406926006,0.0000000000,0.0226058923,0.0000000000,0.0416484997,0.0000000000,0.0113471253,0.0000680282,0.0000000000,0.0138248689,0.0137148863,0.0089373169,0.0704297423,0.0018414806,0.0000000000,0.0000000000,0.0107563706,0.0091199595,0.0000000000,0.0226019081,0.0225684401,0.0273337699,0.0271809679,0.0337166749,0.0100661684,0.2479185015,0.1798374206,0.0646710098,0.0693780407,0.0190221015,0.0184617545,0.0191784129,0.0208848324,0.3536830842,0.3535851240,0.0138946613,0.0000000000,0.0000000000,0.0176321212,0.0242983308,0.0251805987,0.0681024566,0.0754692182,0.0000000814,0.0000000000,0.0000000000,0.0000000000,0.0136601496,0.1470445842,0.0020231889,0.0901136398,0.1471240222,0.0133355157
00:42:02:18.748,61,0.1057670861,0.2401030362,0.1493790597,0.0000000000,0.0000000000,0.0418082476,0.0000000000,0.1057377532,0.2409384847,0.0000000000,0.0228568856,0.0000000000,0.0417956561,0.0000000000,0.0113993064,0.0001049586,0.0000000000,0.0138588967,0.0137489792,0.0089715626,0.0704746842,0.0018878519,0.0000000000,0.0000000000,0.0109537719,0.0089937784,0.0000000000,0.0226638243,0.0226299688,0.0273873135,0.0272249561,0.0338189825,0.0100923553,0.2483542562,0.1801290214,0.0648963228,0.0696244389,0.0191100501,0.0185431205,0.0192371998,0.0209461674,0.3549638391,0.3548689187,0.0138539728,0.0000000000,0.0000000000,0.0176586397,0.0243630148,0.0252436008,0.0683543161,0.0757522509,0.0000000922,0.0000000000,0.0000000000,0.0000000000,0.0138115110,0.1471950859,0.0020477294,0.0902680606,0.1472745836,0.0133721707
00:42:02:19.750,61,0.1062157229,0.2401150167,0.1495787203,0.0000000000,0.0000000000,0.0419824086,0.0000000000,0.1061865315,0.2409527600,0.0000000000,0.0230720993,0.0000000000,0.0419696905,0.0000000000,0.0114348484,0.0001666522,0.0000000000,0.0138844168,0.0137773100,0.0090001896,0.0704691038,0.0019107073,0.0000000000,0.0000000000,0.0111942245,0.0088651478,0.0000000000,0.0227038860,0.0226694737,0.0274425838,0.0272690300,0.0338904634,0.0101059461,0.2487054616,0.1803641468,0.0650425255,0.0697852969,0.0191821866,0.0186112765,0.0192890484,0.0210005417,0.3557811379,0.3556875587,0.0138214249,0.0000000000,0.0000000000,0.0176624730,0.0244310610,0.0253133960,0.0685802475,0.0759981126,0.0000000899,0.0000000000,0.0000000000,0.0000000000,0.0139415385,0.1472040713,0.0020671345,0.0903886035,0.1472835392,0.0133908037
00:42:02:20.751,61,0.1063688621,0.2401265055,0.1500559002,0.0000000000,0.0000000000,0.0420796759,0.0000000000,0.1063394770,0.2409695834,0.0000000000,0.0235584565,0.0000000000,0.0420668609,0.0000000000,0.0114449477,0.0002507455,0.0000000000,0.0139022153,0.0137957698,0.0090108905,0.0703798085,0.0019409581,0.0000000000,0.0000000000,0.0112861404,0.0088957418,0.0000000000,0.0227254797,0.0226926394,0.0274886601,0.0273016635,0.0338791348,0.0101047531,0.2485998571,0.1802752614,0.0650009438,0.0697510540,0.0192131102,0.0186382774,0.0192837585,0.0209951829,0.3557210267,0.3556273580,0.0137979658,0.0000000000,0.0000000000,0.0176444855,0.0244572796,0.0253457259,0.0686041862,0.0760334060,0.0000000813,0.0000000000,0.0000000000,0.0000000000,0.0142354034,0.1472150087,0.0021108619,0.0906768441,0.1472944766,0.0134343971
00:42:02:21.753,61,0.1064199805,0.2400131673,0.1505535245,0.0000000000,0.0000000000,0.0422012694,0.0000000000,0.1063901782,0.2408614606,0.0000000000,0.0240642820,0.0000000000,0.0421883501,0.0000000000,0.0114562074,0.0002985086,0.0000000000,0.0139251323,0.0138188954,0.0090271058,0.0703351870,0.0019847536,0.0000000000,0.0000000000,0.0114238542,0.0088204471,0.0000000000,0.0227515381,0.0227162968,0.0275358986,0.0273380801,0.0338876657,0.0101110628,0.2485017776,0.1801941991,0.0649931878,0.0697411820,0.0192486439,0.0186697226,0.0192882121,0.0209970549,0.3557826579,0.3556883037,0.0137890484,0.0000000000,0.0000000000,0.0176408328,0.0245055053,0.0253924876,0.0686639473,0.0760961771,0.0000000747,0.0000000000,0.0000000000,0.0000000000,0.0145411938,0.1471495628,0.0021552299,0.0909784511,0.1472290009,0.0134728784
00:42:02:22.755,61,0.1065131128,0.2401811928,0.1509085149,0.0000000000,0.0000000000,0.0422976837,0.0000000000,0.1064826101,0.2410341352,0.0000000000,0.0244025290,0.0000000000,0.0422847085,0.0000000000,0.0114653269,0.0003366944,0.0000000000,0.0139448689,0.0138413617,0.0090462770,0.0703878626,0.0020247821,0.0000000000,0.0000000000,0.0114588020,0.0088283010,0.0000000000,0.0227434412,0.0227051899,0.0275620241,0.0273546111,0.0339110903,0.0101158293,0.2484714985,0.1801768839,0.0650108680,0.0697559342,0.0192770269,0.0186961610,0.0193079244,0.0210149530,0.3559435904,0.3558484614,0.0137875527,0.0000000000,0.0000000000,0.0176459644,0.0245494153,0.0254333373,0.0687481761,0.0761835724,0.0000000694,0.0000000000,0.0000000000,0.0000000000,0.0147453528,0.1472555101,0.0021870837,0.0911915824,0.1473349780,0.0135142086
00:42:02:23.756,61,0.1065943837,0.2404523790,0.1508494169,0.0000000000,0.0000000000,0.0423256904,0.0000000000,0.1065630764,0.2413057387,0.0000000000,0.0243199300,0.0000000000,0.0423126966,0.0000000000,0.0114642009,0.0003626475,0.0000000000,0.0139575796,0.0138599565,0.0090598939,0.0704243779,0.0020604695,0.0000000000,0.0000000000,0.0115041565,0.0088187130,0.0000000000,0.0227187313,0.0226794016,0.0275763329,0.0273628887,0.0339079387,0.0101162530,0.2481807172,0.1799708456,0.0649560094,0.0696922466,0.0192980710,0.0187159944,0.0193132889,0.0210171770,0.3555358946,0.3554395437,0.0137944315,0.0000000000,0.0000000000,0.0176466741,0.0245671533,0.0254466217,0.0687639117,0.0761948749,0.0000000714,0.0000000000,0.0000000000,0.0000000000,0.0146950828,0.1474213451,0.0021821184,0.0911536440,0.1475008130,0.0135240266
00:42:02:24.758,61,0.1067541912,0.2405766845,0.1506014317,0.0000000000,0.0000000000,0.0424039066,0.0000000000,0.1067223549,0.2414277196,0.0000000000,0.0240670089,0.0000000000,0.0423908792,0.0000000000,0.0114669921,0.0003759475,0.0000000000,0.0139704822,0.0138820969,0.0090716630,0.0703978091,0.0021150308,0.0000000000,0.0000000000,0.0115598701,0.0087785935,0.0000000000,0.0226974916,0.0226574987,0.0275935512,0.0273752939,0.0339249335,0.0101174936,0.2479779720,0.1798310727,0.0649225414,0.0696510300,0.0193440858,0.0187584758,0.0193419699,0.0210426878,0.3555099666,0.3554130793,0.0137984389,0.0000000000,0.0000000000,0.0176368430,0.0246059187,0.0254839994,0.0688643828,0.0762919486,0.0000000758,0.0000000000,0.0000000000,0.0000000000,0.0145420963,0.1474955380,0.0021605054,0.0910027921,0.1475750506,0.0135086030
00:42:02:25.759,61,0.1071518660,0.2406978160,0.1500907540,0.0000000000,0.0000000000,0.0425541252,0.0000000000,0.1071200296,0.2415435761,0.0000000000,0.0235723965,0.0000000000,0.0425410047,0.0000000000,0.0114971725,0.0003649432,0.0000000000,0.0140043786,0.0139231114,0.0091039417,0.0703894794,0.0021739053,0.0000000000,0.0000000000,0.0118733281,0.0084727826,0.0000000000,0.0227380451,0.0226952583,0.0276442375,0.0274189692,0.0340003185,0.0101385480,0.2480461299,0.1798327416,0.0650300011,0.0697666481,0.0194404628,0.0188495293,0.0193992537,0.0210968088,0.3568536043,0.3567595780,0.0137943141,0.0000000000,0.0000000000,0.0176485442,0.0246826932,0.0255587567,0.0690870956,0.0765217096,0.0000000796,0.0000000000,0.0000000000,0.0000000000,0.0142430840,0.1475656480,0.0021171055,0.0906932056,0.1476451606,0.0134692714
00:42:02:26.761,61,0.1077359393,0.2410873324,0.1494523883,0.0000000000,0.0000000000,0.0426908955,0.0000000000,0.1077045724,0.2419273555,0.0000000000,0.0229463261,0.0000000000,0.0426777564,0.0000000000,0.0115303332,0.0004023506,0.0000000000,0.0140500907,0.0139838923,0.0091526806,0.0704014003,0.0022308803,0.0000000000,0.0000000000,0.0120363040,0.0083814999,0.0000000000,0.0227473285,0.0227037463,0.0277388655,0.0275033787,0.0340706520,0.0101493513,0.2479692847,0.1796910465,0.0650346652,0.0697802529,0.0195661280,0.0189669542,0.0194678828,0.0211649910,0.3576926887,0.3576002419,0.0137936939,0.0000000000,0.0000000000,0.0176405199,0.0247757882,0.0256579630,0.0693662316,0.0768131837,0.0000000823,0.0000000000,0.0000000000,0.0000000000,0.0138643123,0.1477993280,0.0020641196,0.0903043002,0.1478788406,0.0134332133
00:42:02:27.763,61,0.1083681732,0.2415337414,0.1491507739,0.0000000000,0.0000000000,0.0428437591,0.0000000000,0.1083374694,0.2423721254,0.0000000000,0.0226419494,0.0000000000,0.0428305715,0.0000000000,0.0115666557,0.0004277574,0.0000000000,0.0140920915,0.0140420375,0.0091985865,0.0704243034,0.0022572668,0.0000000000,0.0000000000,0.0123235658,0.0081871068,0.0000000000,0.0227588750,0.0227170773,0.0278169382,0.0275765639,0.0341567546,0.0101623265,0.2480697036,0.1796810031,0.0651004761,0.0698611662,0.0196881611,0.0190825276,0.0195478685,0.0212481543,0.3595211506,0.3594354391,0.0137881553,0.0000000000,0.0000000000,0.0176359527,0.0248709098,0.0257608946,0.0696742311,0.0771367550,0.0000000892,0.0000000000,0.0000000000,0.0000000000,0.0136798536,0.1480706632,0.0020404533,0.0901183933,0.1481501460,0.0134305935
00:42:02:28.765,61,0.1088811383,0.2418509722,0.1487806886,0.0000000000,0.0000000000,0.0429418534,0.0000000000,0.1088505834,0.2426863313,0.0000000000,0.0222681556,0.0000000000,0.0429286361,0.0000000000,0.0115910703,0.0004404947,0.0000000000,0.0141210062,0.0140897250,0.0092372317,0.0704117417,0.0023289917,0.0000000000,0.0000000000,0.0124573829,0.0080624940,0.0000000000,0.0227477737,0.0227041226,0.0278931148,0.0276464466,0.0342265740,0.0101610692,0.2481035590,0.1796683371,0.0651080385,0.0698739886,0.0197898727,0.0191788208,0.0196299143,0.0213280376,0.3601965308,0.3601122200,0.0137977768,0.0000000000,0.0000000000,0.0176181253,0.0249536112,0.0258464757,0.0699202046,0.0773787573,0.0000000939,0.0000000000,0.0000000000,0.0000000000,0.0134536289,0.1482621729,0.0020093457,0.0898922011,0.1483417153,0.0134145552
00:42:02:29.766,61,0.1093960032,0.2422859669,0.1484991759,0.0000000000,0.0000000000,0.0430101529,0.0000000000,0.1093655527,0.2431198061,0.0000000000,0.0219759140,0.0000000000,0.0429969467,0.0000000000,0.0116162831,0.0004379394,0.0000000000,0.0141592836,0.0141497646,0.0092836870,0.0704112500,0.0023804109,0.0000000000,0.0000000000,0.0124525838,0.0080749625,0.0000000000,0.0227060970,0.0226621665,0.0279703029,0.0277229659,0.0342966914,0.0101622883,0.2477952540,0.1793920845,0.0650391206,0.0698036999,0.0199001431,0.0192836896,0.0197035056,0.0214001946,0.3603600562,0.3602765203,0.0138130635,0.0000000000,0.0000000000,0.0176045671,0.0250247791,0.0259192400,0.0701551512,0.0776066780,0.0000000935,0.0000000000,0.0000000000,0.0000000000,0.0132765407,0.1485266238,0.0019864882,0.0897185653,0.1486061960,0.0134129385
00:42:02:30.767,61,0.1098678559,0.2430486083,0.1480273604,0.0000000000,0.0000000000,0.0430442430,0.0000000000,0.1098373756,0.2438799590,0.0000000000,0.0214921962,0.0000000000,0.0430310704,0.0000000000,0.0116420705,0.0004278619,0.0000000000,0.0141971298,0.0142063685,0.0093255127,0.0704053715,0.0024167330,0.0000000000,0.0000000000,0.0124389678,0.0080693848,0.0000000000,0.0226701479,0.0226261318,0.0280464552,0.0277998336,0.0343626440,0.0101631619,0.2475421727,0.1791721880,0.0649751574,0.0697254017,0.0199836884,0.0193648133,0.0197678134,0.0214627385,0.3601877391,0.3601039052,0.0138407890,0.0000000000,0.0000000000,0.0175885428,0.0250938237,0.0259868540,0.0703528076,0.0777939260,0.0000000954,0.0000000000,0.0000000000,0.0000000000,0.0129834060,0.1489904672,0.0019487881,0.0894272923,0.1490700394,0.0134118646
00:42:02:31.769,61,0.1105342284,0.2437860668,0.1474913955,0.0000000000,0.0000000000,0.0431140848,0.0000000000,0.1105040386,0.2446141094,0.0000000000,0.0209597442,0.0000000000,0.0431009531,0.0000000000,0.0116829639,0.0004324095,0.0000000000,0.0142447427,0.0142714819,0.0093918135,0.0704630837,0.0024735406,0.0000000000,0.0000000000,0.0121672675,0.0083110919,0.0000000000,0.0226500090,0.0226038434,0.0281575397,0.0279064178,0.0344575234,0.0101658022,0.2475197762,0.1791035086,0.0649929196,0.0697375461,0.0200952664,0.0194697101,0.0198539868,0.0215450078,0.3603506088,0.3602671027,0.0138653060,0.0000000000,0.0000000000,0.0175930019,0.0251878947,0.0260822307,0.0706363767,0.0780686662,0.0000000994,0.0000000000,0.0000000000,0.0000000000,0.0126608973,0.1494383216,0.0019061812,0.0890974849,0.1495179534,0.0134032881
00:42:02:32.771,61,0.1111476272,0.2442368120,0.1470437944,0.0000000000,0.0000000000,0.0431885608,0.0000000000,0.1111172661,0.2450614125,0.0000000000,0.0205232129,0.0000000000,0.0431754552,0.0000000000,0.0117279133,0.0004326819,0.0000000000,0.0143069215,0.0143590197,0.0094727967,0.0705593452,0.0025634633,0.0000000000,0.0000000000,0.0118276905,0.0085682515,0.0000000000,0.0226006750,0.0225521084,0.0282914788,0.0280375872,0.0345612243,0.0101647722,0.2473173738,0.1789037287,0.0649458095,0.0696745217,0.0202189870,0.0195838027,0.0199547056,0.0216403455,0.3602463603,0.3601620197,0.0139053157,0.0000000000,0.0000000000,0.0175953433,0.0253084898,0.0261947941,0.0709309131,0.0783407688,0.0000001054,0.0000000000,0.0000000000,0.0000000000,0.0123966979,0.1497110873,0.0018698644,0.0888234228,0.1497907043,0.0133869164
00:42:02:33.772,61,0.1117306277,0.2446543276,0.1468435973,0.0000000000,0.0000000000,0.0432683304,0.0000000000,0.1116995141,0.2454781681,0.0000000000,0.0203279536,0.0000000000,0.0432552285,0.0000000000,0.0117654828,0.0004162109,0.0000000000,0.0143790366,0.0144603243,0.0095548593,0.0705611110,0.0027072593,0.0000000000,0.0000000000,0.0114637632,0.0088012218,0.0000000000,0.0225434024,0.0224923864,0.0284380298,0.0281786956,0.0346602984,0.0101590892,0.2468444705,0.1785156429,0.0648089871,0.0695090145,0.0203598328,0.0197138935,0.0200572256,0.0217308365,0.3599131107,0.3598268628,0.0139669850,0.0000000000,0.0000000000,0.0175749287,0.0254465770,0.0263208095,0.0711979717,0.0785741434,0.0000001131,0.0000000000,0.0000000000,0.0000000000,0.0122782830,0.1499654651,0.0018551985,0.0886990950,0.1500451267,0.0133912750
00:42:02:34.774,61,0.1123157069,0.2451552302,0.1466655284,0.0000000000,0.0000000000,0.0433607809,0.0000000000,0.1122837588,0.2459789068,0.0000000000,0.0201559402,0.0000000000,0.0433476530,0.0000000000,0.0117998654,0.0003940667,0.0000000000,0.0144629991,0.0145737994,0.0096468609,0.0705685392,0.0028732475,0.0000000000,0.0000000000,0.0103625730,0.0095736757,0.0000000000,0.0224648435,0.0224074628,0.0286114328,0.0283459872,0.0347341411,0.0101484656,0.2456826717,0.1779356748,0.0645582527,0.0692153499,0.0205011088,0.0198423043,0.0201400891,0.0217972640,0.3592874706,0.3591937423,0.0140463766,0.0000000000,0.0000000000,0.0175501239,0.0255919583,0.0264506824,0.0714067072,0.0787438750,0.0000001166,0.0000000000,0.0000000000,0.0000000000,0.0121738221,0.1502712071,0.0018432224,0.0885874704,0.1503508389,0.0134021277
00:42:02:35.775,61,0.1130052358,0.2458567321,0.1463702023,0.0000000000,0.0000000000,0.0433987826,0.0000000000,0.1129726544,0.2466796041,0.0000000000,0.0198711380,0.0000000000,0.0433856510,0.0000000000,0.0118314046,0.0003579530,0.0000000000,0.0145406229,0.0146827977,0.0097350292,0.0704459175,0.0030679211,0.0000000000,0.0000000000,0.0093305707,0.0104751214,0.0000000000,0.0223881286,0.0223236904,0.0287988335,0.0285270941,0.0347913727,0.0101310518,0.2432942241,0.1769103706,0.0642359331,0.0688447058,0.0206475034,0.0199733581,0.0202144068,0.0218501426,0.3555934727,0.3554865718,0.0141336713,0.0000000000,0.0000000000,0.0175077431,0.0257257167,0.0265682787,0.0715893954,0.0788800344,0.0000001212,0.0000000000,0.0000000000,0.0000000000,0.0120010283,0.1506989449,0.0018223128,0.0884033516,0.1507786363,0.0134129813
00:42:02:36.777,61,0.1143478751,0.2462150753,0.1461122334,0.0000000000,0.0000000000,0.0434858426,0.0000000000,0.1143141985,0.2470362186,0.0000000000,0.0196227040,0.0000000000,0.0434727259,0.0000000000,0.0119118094,0.0002970527,0.0000000000,0.0146379825,0.0148209538,0.0098597761,0.0703651682,0.0033814078,0.0000000000,0.0000000000,0.0032524657,0.0177589096,0.0000000000,0.0222958438,0.0222204234,0.0290642269,0.0287885610,0.0349251926,0.0101105263,0.2423281968,0.1763208956,0.0639582947,0.0685102940,0.0208477005,0.0201494209,0.0203545317,0.0219546426,0.3543502986,0.3542384505,0.0142260138,0.0000000000,0.0000000000,0.0174690038,0.0259418916,0.0267537944,0.0719502121,0.0791653544,0.0000001422,0.0000000000,0.0000000000,0.0000000000,0.0118505955,0.1509165019,0.0018021088,0.0882446170,0.1509962529,0.0134085827
00:42:02:37.779,61,0.1161399707,0.2466185242,0.1452341229,0.0000000000,0.0000000000,0.0436166860,0.0000000000,0.1161072329,0.2474310696,0.0000000000,0.0187516343,0.0000000000,0.0436036475,0.0000000000,0.0120339347,0.0002850604,0.0000000000,0.0147506790,0.0149887837,0.0100363782,0.0702965334,0.0038231041,0.0000000000,0.0000000000,0.0000000000,0.0374349058,0.0183413438,0.0221742820,0.0220838264,0.0294759646,0.0291892122,0.0350872017,0.0100710867,0.2416168153,0.1758011729,0.0636054501,0.0680725724,0.0211117323,0.0203810055,0.0205423348,0.0220903270,0.3534530997,0.3533374667,0.0143492073,0.0000000000,0.0000000000,0.0174220838,0.0262464453,0.0270205308,0.0724761412,0.0795910656,0.0000001592,0.0000000000,0.0000000000,0.0000000000,0.0113241207,0.1511568129,0.0017248364,0.0877110213,0.1512365192,0.0133492528
00:42:02:38.780,61,0.1171862781,0.2466611564,0.1445565075,0.0000000000,0.0000000000,0.0437814072,0.0000000000,0.1171537936,0.2474660575,0.0000000000,0.0180796441,0.0000000000,0.0437684916,0.0000000000,0.0122131621,0.0003002536,0.0000000000,0.0148913711,0.0151947038,0.0102620022,0.0701535195,0.0043160808,0.0000000000,0.0000000000,0.0000000000,0.0640420318,0.0460304543,0.0220311377,0.0219273008,0.0300156437,0.0297224224,0.0353132486,0.0100341374,0.2410005927,0.1753233224,0.0631780624,0.0675365180,0.0214276742,0.0206566285,0.0207679775,0.0222530141,0.3515854478,0.3514537513,0.0145059116,0.0000000000,0.0000000000,0.0173689704,0.0266249515,0.0273547675,0.0734964833,0.0802186131,0.0000001596,0.0000000000,0.0000000000,0.0000000000,0.0109182708,0.1511774808,0.0016632527,0.0873014778,0.1512572020,0.0132889310
00:42:02:39.781,61,0.1180109903,0.2468049824,0.1437640041,0.0000000000,0.0000000000,0.0439135134,0.0000000000,0.1179787591,0.2476012707,0.0000000000,0.0172919761,0.0000000000,0.0439007357,0.0000000000,0.0124421641,0.0002385780,0.0000000000,0.0150729390,0.0154573573,0.0105491094,0.0698607713,0.0048878370,0.0000000000,0.0000000000,0.0000000000,0.0837348923,0.0681330338,0.0218518525,0.0217358470,0.0308676139,0.0306131393,0.0355870053,0.0099873850,0.2396325767,0.1747115552,0.0625950024,0.0665117353,0.0217804238,0.0209690798,0.0210187435,0.0224263556,0.3365009725,0.3362894654,0.0147423046,0.0000000000,0.0000000000,0.0172974616,0.0270933900,0.0277601425,0.0743661672,0.0808598027,0.0000001412,0.0000000000,0.0000000000,0.0000000000,0.0104424683,0.1512593329,0.0015916480,0.0868217200,0.1513389796,0.0132233538
00:42:02:40.784,61,0.1188213229,0.2466097623,0.1428119689,0.0000000000,0.0000000000,0.0440914333,0.0000000000,0.1187890768,0.2473943383,0.0000000000,0.0163431149,0.0000000000,0.0440788157,0.0000000000,0.0127591016,0.0000299601,0.0000000000,0.0153152496,0.0158021171,0.0109400246,0.0695057660,0.0056627207,0.0000000000,0.0000000000,0.0000000000,0.0988833755,0.0884666741,0.0216725506,0.0215397980,0.0333602056,0.0333925672,0.0359659754,0.0099385744,0.2389760315,0.1743008047,0.0619471930,0.0651338249,0.0222338215,0.0213784277,0.0213705935,0.0226736646,0.3270323277,0.3267682791,0.0150432345,0.0000000000,0.0000000000,0.0171998143,0.0277676079,0.0283234008,0.0787782222,0.0842202157,0.0000001091,0.0000000000,0.0000000000,0.0000000000,0.0098696509,0.1511320472,0.0015030563,0.0862483829,0.1512116939,0.0131250396
00:42:02:41.785,61,0.1198280081,0.2455792874,0.1412795484,0.0000000000,0.0000000000,0.0444077365,0.0000000000,0.1197951511,0.2463426590,0.0000000000,0.0148207806,0.0000000000,0.0443953164,0.0000000000,0.0131902518,0.0000000000,0.0002006883,0.0156040220,0.0161967240,0.0114325481,0.0690552816,0.0072490242,0.0000000000,0.0000000000,0.0000000000,0.1212109551,0.1162202507,0.0215295479,0.0213718005,0.0377296247,0.0380548276,0.0364192165,0.0098856566,0.2389451563,0.1742893010,0.0613141991,0.0639768168,0.0227509718,0.0218364578,0.0217834972,0.0229533389,0.3223373592,0.3220272362,0.0153828021,0.0000000000,0.0000000000,0.0170992985,0.0296335127,0.0295649897,0.0866957754,0.0912686512,0.0000000719,0.0000000000,0.0000000000,0.0000000000,0.0089511825,0.1504882425,0.0013572905,0.0853311121,0.1505678445,0.0129296752
00:42:02:42.786,61,0.1236151084,0.2450129688,0.1397613138,0.0000000000,0.0000000000,0.0448269099,0.0000000000,0.1235827059,0.2457569689,0.0000000000,0.0133104138,0.0000000000,0.0448148623,0.0000000000,0.0138151515,0.0000000000,0.0005177392,0.0159949549,0.0166915264,0.0123316199,0.0687495619,0.0088343062,0.0000000000,0.0000000000,0.0000000000,0.1705340892,0.1648590416,0.0214212127,0.0212293547,0.0452602841,0.0463810563,0.0374675244,0.0098305214,0.2472053915,0.1784131676,0.0608406998,0.0631711558,0.0232937708,0.0223310720,0.0223317333,0.0233486388,0.3158412874,0.3154572248,0.0158419814,0.0000000000,0.0000000000,0.0170740020,0.0331229866,0.0322452411,0.1004638150,0.1056982204,0.0000000478,0.0000000000,0.0000000000,0.0000000000,0.0080394167,0.1501292884,0.0012160884,0.0844185650,0.1502088755,0.0127607919
00:42:02:43.788,61,0.1262434870,0.2438134551,0.1382123381,0.0000000000,0.0000000000,0.0452522077,0.0000000000,0.1262000799,0.2445357293,0.0000000000,0.0117935948,0.0000000000,0.0452406518,0.0000000000,0.0148572344,0.0000000000,0.0008149719,0.0164228659,0.0172207151,0.0138058709,0.0684749559,0.0107018556,0.0000000000,0.0000000000,0.0000000000,0.2356885672,0.2323638499,0.0212982427,0.0210666861,0.0536762178,0.0549638234,0.0391420797,0.0097465385,0.2546888292,0.1847385466,0.0604396053,0.0624829568,0.0238159895,0.0228040125,0.0229117535,0.0237587914,0.3025113940,0.3019435406,0.0164260678,0.0000000000,0.0000000000,0.0170777775,0.0370992981,0.0355674289,0.1092499048,0.1145499125,0.0000000390,0.0000000000,0.0000000000,0.0000000000,0.0071240673,0.1493822038,0.0010721866,0.0834922493,0.1494617015,0.0125573901
00:42:02:44.790,61,0.1280288249,0.2421895117,0.1367349476,0.0000000000,0.0000000000,0.0456684157,0.0000000000,0.1279729307,0.2428896278,0.0000000000,0.0103853457,0.0000000000,0.0456574522,0.0000000000,0.0173505209,0.0000000000,0.0010433545,0.0168588627,0.0177303776,0.0157669988,0.0683691278,0.0118125966,0.0000000000,0.0000000000,0.0000000000,0.3362327218,0.3300505280,0.0210851729,0.0208191331,0.0609625727,0.0622554570,0.0418049134,0.0096201310,0.2698894143,0.2004953027,0.0601864681,0.0619650260,0.0242595505,0.0232140888,0.0234894343,0.0241658911,0.2763917446,0.2756509185,0.0172562953,0.0000000000,0.0000000000,0.0171272568,0.0404901952,0.0385713726,0.1144607514,0.1197733283,0.0000000257,0.0000000000,0.0000000000,0.0000000000,0.0062743430,0.1483757943,0.0009378467,0.0826120898,0.1484552175,0.0123404181
00:42:02:45.792,61,0.1312514991,0.2407927364,0.1357298195,0.0000000000,0.0000000000,0.0461724922,0.0000000000,0.1311859936,0.2414770275,0.0000000000,0.0094510866,0.0000000000,0.0461621061,0.0000000000,0.0214085579,0.0000000000,0.0013139932,0.0173141379,0.0182487350,0.0182084870,0.0683640465,0.0126970457,0.0000000000,0.0000000000,0.0000000000,0.4028789103,0.3965678215,0.0208400339,0.0205427241,0.0697061196,0.0715298280,0.0459078699,0.0094758980,0.2862905264,0.2152199745,0.0601320565,0.0616574325,0.0247464571,0.0236692801,0.0241381824,0.0246375874,0.2628557384,0.2620495856,0.0185148828,0.0000000000,0.0000000000,0.0171955507,0.0447264947,0.0422680750,0.1215701476,0.1270858198,0.0000000240,0.0000000000,0.0000000000,0.0000000000,0.0057106414,0.1475123316,0.0008485492,0.0820152760,0.1475916654,0.0121791698
00:42:02:46.793,61,0.1408243030,0.2393932492,0.1342240423,0.0000000000,0.0000000000,0.0468364842,0.0000000000,0.1407495588,0.2400562763,0.0000000000,0.0080281124,0.0000000000,0.0468267016,0.0000000000,0.0308399089,0.0000000000,0.0015604410,0.0178709794,0.0188535769,0.0234013870,0.0687724575,0.0134945121,0.0000000000,0.0000000000,0.0000000000,0.4818414152,0.4757450819,0.0206292979,0.0202969182,0.0847816318,0.0871171355,0.0549716949,0.0093415854,0.3157750964,0.2362465858,0.0605256334,0.0617897175,0.0254753586,0.0243047159,0.0252783187,0.0252299123,0.2500518858,0.2491682917,0.0208370741,0.0000000000,0.0000000000,0.0173819494,0.0509514697,0.0476946123,0.1334246248,0.1388561726,0.0000000276,0.0000000000,0.0000000000,0.0000000000,0.0048514605,0.1466437876,0.0007165775,0.0811157152,0.1467229426,0.0119739687
00:42:02:47.795,61,0.1484263837,0.2385102063,0.1332158744,0.0000000000,0.0000000000,0.0478916727,0.0000000000,0.1483604759,0.2391592562,0.0000000000,0.0070617143,0.0000000000,0.0478832275,0.0000000000,0.0398329385,0.0000000000,0.0019080646,0.0185483154,0.0197329596,0.0293013658,0.0695027709,0.0141586522,0.0000000000,0.0000000000,0.0000000000,0.5102648735,0.5045899749,0.0204713140,0.0201050956,0.0979273692,0.1013877466,0.0637125447,0.0092406655,0.3261394799,0.2442839146,0.0620085523,0.0622604229,0.0275768954,0.0260658655,0.0268217474,0.0259173457,0.2446746528,0.2437670082,0.0233406462,0.0000000000,0.0000000000,0.0176364295,0.0580772273,0.0538499318,0.1453782767,0.1510872394,0.0000000274,0.0000000000,0.0000000000,0.0000000000,0.0042678020,0.1460954249,0.0006279786,0.0805128738,0.1461745203,0.0118401190
00:42:02:48.797,61,0.1530607343,0.2370112836,0.1319687217,0.0000000000,0.0000000000,0.0491242036,0.0000000000,0.1529910564,0.2376419157,0.0000000000,0.0059118634,0.0000000000,0.0491172373,0.0000000000,0.0464489721,0.0000000000,0.0022033530,0.0192151908,0.0204566065,0.0324649140,0.0710074455,0.0147628831,0.0000000000,0.0000000000,0.0000000000,0.5516266823,0.5459465981,0.0203157775,0.0199166350,0.1057443991,0.1092896089,0.0693369061,0.0091375196,0.3348303735,0.2518783808,0.0640524849,0.0632164851,0.0290557053,0.0273019671,0.0278168395,0.0265729763,0.2414223999,0.2404946536,0.0255937949,0.0000000000,0.0000000000,0.0179071631,0.0629502982,0.0582299083,0.1505421400,0.1561372727,0.0000000298,0.0000000000,0.0000000000,0.0000000000,0.0035733671,0.1451681405,0.0005224127,0.0797698572,0.1452470869,0.0116556119
00:42:02:49.798,61,0.1554717124,0.2365531474,0.1313188821,0.0000000000,0.0000000000,0.0504904129,0.0000000000,0.1553988606,0.2371753007,0.0000000000,0.0053405641,0.0000000000,0.0504848845,0.0000000000,0.0511036478,0.0000000000,0.0024634211,0.0198296309,0.0210895389,0.0341815017,0.0718271136,0.0152654750,0.0000000000,0.0000000000,0.0000000000,0.5848211646,0.5785403848,0.0201056022,0.0196766965,0.1106076986,0.1144213751,0.0732990727,0.0090202633,0.3414435685,0.2598749697,0.0654365718,0.0639860556,0.0300358925,0.0281710848,0.0286939163,0.0272326767,0.2388089001,0.2378643453,0.0276122727,0.0000000000,0.0000000000,0.0180709939,0.0681477487,0.0630346611,0.1544207036,0.1600175351,0.0000000337,0.0000000000,0.0000000000,0.0000000000,0.0032281850,0.1448829174,0.0004710083,0.0793803185,0.1449617893,0.0115757156
00:42:02:50.799,61,0.1578048468,0.2361675352,0.1307557523,0.0000000000,0.0000000000,0.0519256555,0.0000000000,0.1577338725,0.2367823720,0.0000000000,0.0048585548,0.0000000000,0.0519213565,0.0000000000,0.0542890094,0.0000000000,0.0026432287,0.0203945171,0.0216396023,0.0352552459,0.0724024773,0.0155768311,0.0000000000,0.0000000000,0.0000000000,0.6064681411,0.5980885625,0.0199136026,0.0194661040,0.1154690236,0.1194789633,0.0759122148,0.0088929702,0.3465270996,0.2658397257,0.0666185915,0.0648957714,0.0308174975,0.0288922731,0.0294330101,0.0278439280,0.2372315526,0.2362854630,0.0292533375,0.0000000000,0.0000000000,0.0181610752,0.0722078606,0.0673344433,0.1564696580,0.1621253490,0.0000000426,0.0000000000,0.0000000000,0.0000000000,0.0029369297,0.1446427405,0.0004277925,0.0790426508,0.1447215676,0.0115072131
00:42:02:51.801,61,0.1648953557,0.2360872924,0.1300917864,0.0000000000,0.0000000000,0.0537670590,0.0000000000,0.1648407578,0.2366946787,0.0000000000,0.0042771143,0.0000000000,0.0537640005,0.0000000000,0.0568520427,0.0000000000,0.0026790439,0.0208932012,0.0220983196,0.0359893776,0.0727366358,0.0155106168,0.0000000000,0.0000000000,0.0000000000,0.6167840958,0.6068416238,0.0198264644,0.0193738360,0.1205662414,0.1249414608,0.0778897032,0.0087744305,0.3533867896,0.2716462910,0.0693262666,0.0677969307,0.0314967632,0.0295550898,0.0300973896,0.0284803025,0.2397992164,0.2389436215,0.0303530451,0.0000000000,0.0000000000,0.0182188042,0.0762389004,0.0727266893,0.1605920643,0.1688083112,0.0000000496,0.0000000000,0.0000000000,0.0000000000,0.0025854772,0.1445890367,0.0003764583,0.0786418542,0.1446678042,0.0114446776
00:42:02:52.803,61,0.1753917933,0.2363469452,0.1294242889,0.0000000000,0.0000000000,0.0561555177,0.0000000000,0.1753535420,0.2369477600,0.0000000000,0.0036573187,0.0000000000,0.0561535358,0.0000000000,0.0589348227,0.0000000000,0.0026496532,0.0213670451,0.0225303322,0.0365665741,0.0727934837,0.0150695406,0.0000000000,0.0000000000,0.0000000000,0.6226292849,0.6115199327,0.0198532715,0.0194120910,0.1272807121,0.1324153692,0.0798028708,0.0086717727,0.3561444879,0.2741464376,0.0722277462,0.0709934905,0.0321536958,0.0302318260,0.0307046808,0.0291436724,0.2497478575,0.2490773201,0.0312545598,0.0000000000,0.0000000000,0.0182487741,0.0812900737,0.0796822980,0.1648045033,0.1757121533,0.0000000483,0.0000000000,0.0000000000,0.0000000000,0.0022107670,0.1447435170,0.0003222475,0.0782365575,0.1448222399,0.0113981478
00:42:02:53.804,61,0.1835699826,0.2365157902,0.1289665848,0.0000000000,0.0000000000,0.0586499237,0.0000000000,0.1835317761,0.2371121198,0.0000000000,0.0032227719,0.0000000000,0.0586487167,0.0000000000,0.0627403110,0.0000000000,0.0026186183,0.0217680018,0.0228752401,0.0370042138,0.0727256909,0.0145067153,0.0000000000,0.0000000000,0.0000000000,0.6542735100,0.6336399317,0.0198584963,0.0194337461,0.1327967942,0.1384204328,0.0818459317,0.0085656056,0.3594799042,0.2770926952,0.0750182346,0.0740275905,0.0327230655,0.0308343619,0.0312314555,0.0297533236,0.2597230971,0.2591212094,0.0320127457,0.0000000000,0.0000000000,0.0182492975,0.0860310420,0.0848171636,0.1700175703,0.1822181493,0.0000000451,0.0000000000,0.0000000000,0.0000000000,0.0019480647,0.1448438466,0.0002841549,0.0779587179,0.1449225694,0.0113657312
00:42:02:54.806,61,0.1878575534,0.2366631329,0.1283616424,0.0000000000,0.0000000000,0.0611666441,0.0000000000,0.1878162473,0.2372532636,0.0000000000,0.0026685216,0.0000000000,0.0611659586,0.0000000000,0.0675926358,0.0000000000,0.0025280039,0.0221255291,0.0231552999,0.0373382457,0.0725881979,0.0138933482,0.0000000000,0.0000000000,0.0000000000,0.6710217595,0.6531825066,0.0198444407,0.0194398891,0.1374005973,0.1431573331,0.0842730328,0.0084607853,0.3652948737,0.2824852765,0.0775725916,0.0767757371,0.0332159288,0.0313591361,0.0316924527,0.0303073376,0.2653824985,0.2647864819,0.0326630250,0.0000000000,0.0000000000,0.0182026383,0.0904311314,0.0892338976,0.1743847430,0.1869440377,0.0000000367,0.0000000000,0.0000000000,0.0000000000,0.0016130171,0.1449299455,0.0002354251,0.0775920376,0.1450086534,0.0113192005
00:42:02:55.807,61,0.1912447810,0.2369229198,0.1279008836,0.0000000000,0.0000000000,0.0634424537,0.0000000000,0.1911991835,0.2375087291,0.0000000000,0.0022606968,0.0000000000,0.0634421185,0.0000000000,0.0703857541,0.0000000000,0.0023467592,0.0224515516,0.0234013423,0.0375894494,0.0723198131,0.0131496517,0.0000000000,0.0000000000,0.0000000000,0.6818768978,0.6630992293,0.0198500399,0.0194699615,0.1437475383,0.1491492093,0.0862924606,0.0083533451,0.3676971495,0.2849006057,0.0789801851,0.0784655958,0.0336951017,0.0318652019,0.0321041159,0.0308413394,0.2682298124,0.2676329315,0.0333106853,0.0000000000,0.0000000000,0.0180927161,0.0961848348,0.0954018608,0.1769352555,0.1900097877,0.0000000328,0.0000000000,0.0000000000,0.0000000000,0.0013664720,0.1450860053,0.0001996588,0.0773117393,0.1451646984,0.0112907011
00:42:02:56.809,61,0.1958563775,0.2374969572,0.1276433915,0.0000000000,0.0000000000,0.0659683496,0.0000000000,0.1958043575,0.2380816340,0.0000000000,0.0020888636,0.0000000000,0.0659683272,0.0000000000,0.0728011653,0.0000000000,0.0021628339,0.0227320362,0.0235793982,0.0377239548,0.0719754100,0.0118202567,0.0000000000,0.0000000000,0.0000000000,0.6874384284,0.6682995558,0.0199305862,0.0195812415,0.1494320929,0.1550462991,0.0884777531,0.0082426677,0.3762814999,0.2931415737,0.0808404312,0.0807643533,0.0340892747,0.0322859511,0.0325438678,0.0314324759,0.2711043358,0.2704856992,0.0339415185,0.0000000000,0.0000000000,0.0179295018,0.1031794325,0.1026920378,0.1785901487,0.1923611164,0.0000000360,0.0000000000,0.0000000000,0.0000000000,0.0012625429,0.1454359144,0.0001849247,0.0771521404,0.1455145776,0.0112949843
00:42:02:57.811,61,0.1995199770,0.2376012802,0.1271901280,0.0000000000,0.0000000000,0.0682373494,0.0000000000,0.1994566619,0.2381813079,0.0000000000,0.0017248875,0.0000000000,0.0682375059,0.0000000000,0.0743466765,0.0000000000,0.0020232680,0.0229526460,0.0236902647,0.0377828404,0.0716435239,0.0107992357,0.0000000000,0.0000000000,0.0000000000,0.6918554902,0.6727578044,0.0200493466,0.0197270159,0.1555699259,0.1611768752,0.0899952427,0.0081210025,0.3854931593,0.3024616241,0.0826476887,0.0829280913,0.0344366133,0.0326549150,0.0329926573,0.0320389792,0.2729463577,0.2723030448,0.0345927998,0.0000000000,0.0000000000,0.0177445523,0.1091918796,0.1086687297,0.1796440780,0.1936775297,0.0000000442,0.0000000000,0.0000000000,0.0000000000,0.0010425409,0.1454967856,0.0001527658,0.0768774599,0.1455754340,0.0112596266
00:42:02:58.812,61,0.2024107724,0.2376256734,0.1262948662,0.0000000000,0.0000000000,0.0703125298,0.0000000000,0.2023409158,0.2381960452,0.0000000000,0.0008936396,0.0000000000,0.0703128800,0.0000000000,0.0764065683,0.0000000000,0.0019004082,0.0231294651,0.0237483606,0.0377965011,0.0713237524,0.0099407891,0.0000000000,0.0000000000,0.0000000000,0.6978768706,0.6792190671,0.0201871376,0.0198900513,0.1615812033,0.1673505157,0.0917120725,0.0079924772,0.3983452618,0.3155154586,0.0843475759,0.0849680454,0.0347346291,0.0329761654,0.0334918797,0.0327055454,0.2745412886,0.2738742828,0.0352027528,0.0000000000,0.0000000000,0.0175471995,0.1143619344,0.1138944179,0.1805790514,0.1947827488,0.0000000654,0.0000000000,0.0000000000,0.0000000000,0.0005401248,0.1455056965,0.0000791506,0.0763361901,0.1455842406,0.0111812018
00:42:02:59.813,61,0.2040231973,0.2368172258,0.1251809001,0.0000000000,0.0000000000,0.0728190392,0.0000000000,0.2039394826,0.2373732030,0.0001570320,0.0000000000,0.0000000000,0.0728194714,0.0000000000,0.0793095827,0.0000000000,0.0018507845,0.0232653879,0.0237712618,0.0377945714,0.0710650310,0.0092116119,0.0000000000,0.0000000000,0.0000000000,0.7104703188,0.6938146949,0.0202789232,0.0199992247,0.1685965061,0.1746812761,0.0929539502,0.0078534978,0.4046070576,0.3217577636,0.0853806585,0.0861436650,0.0350045934,0.0332578383,0.0339792892,0.0333476067,0.2755715847,0.2748874724,0.0357808173,0.0000000000,0.0000000000,0.0173285939,0.1201967821,0.1191018373,0.1813239455,0.1955740452,0.0000000949,0.0000000000,0.0000000000,0.0000000000,-0.0000949187,0.1450030506,-0.0000138608,0.0756683946,0.1450815052,0.0110447649
00:42:03:00.816,61,0.2055187374,0.2356749326,0.1240527406,0.0000000000,0.0000000000,0.0755853355,0.0000000000,0.2054233104,0.2362154424,0.0012558113,0.0000000000,0.0000000000,0.0755860209,0.0000000000,0.0822986960,0.0000000000,0.0018355559,0.0233992636,0.0238000136,0.0377911851,0.0708596930,0.0085784057,0.0000000000,0.0000000000,0.0000000000,0.7165920734,0.7007169127,0.0203961097,0.0201264694,0.1785447448,0.1843536198,0.0944566578,0.0077182562,0.4079184830,0.3248452246,0.0861249119,0.0869971514,0.0353114977,0.0335563645,0.0344806761,0.0339947753,0.2764648795,0.2757633924,0.0363236926,0.0000000000,0.0000000000,0.0171031766,0.1288531870,0.1271909028,0.1820211262,0.1962597668,0.0000001769,0.0000000000,0.0000000000,0.0000000000,-0.0007591591,0.1442958564,-0.0001103102,0.0749940723,0.1443742514,0.0108924266
00:42:03:01.817,61,0.2085886449,0.2342500985,0.1235124245,0.0000000000,0.0000000000,0.0799355134,0.0000000000,0.2084563226,0.2347809076,0.0017879230,0.0000000000,0.0000000000,0.0799361616,0.0000000000,0.0848634541,0.0000000000,0.0018354324,0.0234917812,0.0237647872,0.0376619622,0.0706444457,0.0080265692,0.0000000000,0.0000000000,0.0000000000,0.7189093828,0.7034841180,0.0207068454,0.0204401761,0.1928904951,0.1972030699,0.0961673558,0.0075783422,0.4252008200,0.3354760110,0.0867656693,0.0877633095,0.0355836153,0.0338057540,0.0351148285,0.0350399949,0.2873146236,0.2864042819,0.0367924310,0.0000000000,0.0000000000,0.0168828815,0.1407966912,0.1377846450,0.1824893355,0.1966907829,0.0000003048,0.0000000000,0.0000000000,0.0000000000,-0.0010809668,0.1434195638,-0.0001561035,0.0746768638,0.1434979439,0.0107796984
00:42:03:02.819,61,0.2114675194,0.2318227291,0.1232907474,0.0000000000,0.0000000000,0.0860878378,0.0000000000,0.2113077343,0.2323447168,0.0020109368,0.0000000000,0.0000000000,0.0860882327,0.0000000000,0.0878233165,0.0000000000,0.0018883325,0.0235499982,0.0236637648,0.0374328084,0.0704296082,0.0074208640,0.0000000000,0.0000000000,0.0000000000,0.7164176106,0.7011181712,0.0214220881,0.0211329982,0.2101917118,0.2134374529,0.0977839455,0.0074420446,0.4533023834,0.3590828478,0.0874696001,0.0890168026,0.0358206630,0.0340204127,0.0359456614,0.0366779007,0.3000887632,0.2991080880,0.0371814445,0.0000000000,0.0000000000,0.0166739766,0.1531362832,0.1500850767,0.1827446669,0.1969530433,0.0000004034,0.0000000000,0.0000000000,0.0000000000,-0.0012160594,0.1419314593,-0.0001737654,0.0745587051,0.1420096457,0.0106495339
00:42:03:03.820,61,0.2174950242,0.2302409708,0.1232600957,0.0000000000,0.0000000000,0.0930999666,0.0000000000,0.2172972262,0.2307583541,0.0020845204,0.0000000000,0.0000000000,0.0931001455,0.0000000000,0.0946042091,0.0000000000,0.0019638240,0.0235939361,0.0235494561,0.0372111574,0.0702883750,0.0068061706,0.0000000000,0.0000000000,0.0000000000,0.7138242126,0.6985678077,0.0225912761,0.0222513266,0.2271847576,0.2300724387,0.1005883217,0.0073154117,0.4670180678,0.3700032532,0.0881650597,0.0902830660,0.0361277759,0.0342894718,0.0370860621,0.0385636352,0.3100121915,0.3090044558,0.0375258774,0.0000000000,0.0000000000,0.0164649058,0.1698604673,0.1666281372,0.1831700802,0.1974232942,0.0000006802,0.0000000000,0.0000000000,0.0000000000,-0.0012607310,0.1409623921,-0.0001789021,0.0745504349,0.1410405934,0.0105747199
00:42:03:04.822,61,0.2205082774,0.2285593748,0.1234359741,0.0000000000,0.0000000000,0.0990533307,0.0000000000,0.2202837765,0.2290741056,0.0019589895,0.0000000000,0.0000000000,0.0990529656,0.0000000000,0.1006075442,0.0000000000,0.0021269941,0.0236110762,0.0233912170,0.0369555391,0.0703656077,0.0062711611,0.0000000000,0.0000000000,0.0000000000,0.7106953859,0.6959959269,0.0248873774,0.0243327282,0.2409146279,0.2427948266,0.1028151587,0.0071942755,0.4882652462,0.3878647089,0.0892066956,0.0922610536,0.0364378616,0.0345590152,0.0379459523,0.0398704037,0.3144913018,0.3134648502,0.0377896875,0.0000000000,0.0000000000,0.0162750762,0.1774516553,0.1735858470,0.1832804829,0.1975683719,0.0000009941,0.0000000000,0.0000000000,0.0000000000,-0.0011849815,0.1399335116,-0.0001669094,0.0746676475,0.1400116682,0.0105130319
00:42:03:05.823,61,0.2227507979,0.2270555943,0.1240096092,0.0000000000,0.0000000000,0.1052108034,0.0000000000,0.2225110233,0.2275722772,0.0014303382,0.0000000000,0.0000000000,0.1052099317,0.0000000000,0.1085466519,0.0000000000,0.0023365587,0.0236078836,0.0231980328,0.0366994478,0.0706728995,0.0057342686,0.0000000000,0.0000000000,0.0000000000,0.7089833617,0.6945456266,0.0274374001,0.0267114546,0.2502295673,0.2520072162,0.1056410447,0.0070868470,0.5047799349,0.4022418261,0.0911930948,0.0951642990,0.0367521457,0.0348358005,0.0386780538,0.0408174023,0.3169627786,0.3159296215,0.0379933231,0.0000000000,0.0000000000,0.0161160976,0.1825645119,0.1784335673,0.1829691976,0.1973218471,0.0000011812,0.0000000000,0.0000000000,0.0000000000,-0.0008653149,0.1390160471,-0.0001210736,0.0750242993,0.1390941888,0.0104930317
00:42:03:06.825,61,0.2250750214,0.2254185677,0.1243388727,0.0000000000,0.0000000000,0.1121288612,0.0000000000,0.2248324603,0.2259342670,0.0011283077,0.0000000000,0.0000000000,0.1121280640,0.0000000000,0.1146242768,0.0000000000,0.0024934197,0.0236362033,0.0230203085,0.0364756808,0.0712341592,0.0051198779,0.0000000000,0.0000000000,0.0000000000,0.7041136026,0.6880678535,0.0303016640,0.0295485426,0.2571340501,0.2582897842,0.1089432091,0.0069944370,0.5208273530,0.4158188105,0.0933471769,0.0982882679,0.0370720588,0.0351302624,0.0393389650,0.0416447446,0.3183296025,0.3173008859,0.0381432846,0.0000000000,0.0000000000,0.0159993079,0.1884766519,0.1852961034,0.1813557446,0.1964882314,0.0000014939,0.0000000000,0.0000000000,0.0000000000,-0.0006826900,0.1380154639,-0.0000948246,0.0752339810,0.1380934864,0.0104456302
00:42:03:07.827,61,0.2346959859,0.2257879078,0.1244843081,0.0000000000,0.0000000000,0.1205525845,0.0000000000,0.2344852090,0.2263061553,0.0009694428,0.0000000000,0.0000000000,0.1205520630,0.0000000000,0.1189183295,0.0000000000,0.0026206784,0.0236875582,0.0228521693,0.0363157168,0.0728986561,0.0043938947,0.0000000000,0.0000000000,0.0000000000,0.6876668930,0.6671109200,0.0337949544,0.0330605507,0.2627007961,0.2628846765,0.1124163419,0.0069172187,0.5447981954,0.4357323349,0.0966833383,0.1026790515,0.0373664275,0.0354186594,0.0399908349,0.0425289348,0.3193964362,0.3183809221,0.0382522829,0.0000000000,0.0000000000,0.0159452949,0.1974138469,0.1963423193,0.1779118925,0.1947574168,0.0000014104,0.0000000000,0.0000000000,0.0000000000,-0.0005865492,0.1382425725,-0.0000816066,0.0753196105,0.1383206546,0.0104749193
00:42:03:08.828,61,0.2424133718,0.2255923450,0.1252251565,0.0000000000,0.0000000000,0.1284936219,0.0000000000,0.2421918213,0.2261178344,0.0002400061,0.0000000000,0.0000000000,0.1284930855,0.0000000000,0.1213951856,0.0000000000,0.0027096039,0.0237135552,0.0226349514,0.0360917635,0.0742352381,0.0036133307,0.0000000000,0.0000000000,0.0000000000,0.6807020307,0.6586914062,0.0377212428,0.0370259695,0.2674395144,0.2663287222,0.1147758365,0.0068282411,0.5792179108,0.4762779176,0.0998949781,0.1068568006,0.0374890752,0.0355615206,0.0406543165,0.0436974727,0.3206544220,0.3197039366,0.0382793248,0.0000000000,0.0000000000,0.0159036852,0.2006793618,0.2002341002,0.1694444269,0.1885144114,0.0000011267,0.0000000000,0.0000000000,0.0000000000,-0.0001452150,0.1381275356,-0.0000201867,0.0757690966,0.1382055879,0.0105284285
00:42:03:09.830,61,0.2477409095,0.2256459594,0.1258562803,0.0000000000,0.0000000000,0.1349768341,0.0000000000,0.2474963367,0.2261782140,0.0000000000,0.0003767569,0.0000000000,0.1349760592,0.0000000000,0.1247080639,0.0000000000,0.0027627316,0.0237202700,0.0223875232,0.0358553790,0.0754853338,0.0028225542,0.0000000000,0.0000000000,0.0000000000,0.6756903529,0.6528592706,0.0410197787,0.0403769352,0.2703209817,0.2682981491,0.1178198308,0.0067410003,0.5982131958,0.4939600825,0.1035816520,0.1113329753,0.0374954157,0.0356107131,0.0413539521,0.0451632962,0.3233028948,0.3224423230,0.0382212400,0.0000000000,0.0000000000,0.0158872139,0.2025797069,0.2025159448,0.1642715633,0.1844472736,0.0000009102,0.0000000000,0.0000000000,0.0000000000,0.0002279545,0.1381644309,0.0000316972,0.0761505961,0.1382424682,0.0105841951
00:42:03:10.832,61,0.2588648200,0.2269365489,0.1270417869,0.0000000000,0.0000000000,0.1421211809,0.0000000000,0.2586414218,0.2274848670,0.0000000000,0.0015992420,0.0000000000,0.1421198249,0.0000000000,0.1304533780,0.0000000000,0.0028543202,0.0237620324,0.0221604854,0.0356310494,0.0763668120,0.0017163374,0.0000000000,0.0000000000,0.0000000000,0.6640655398,0.6380196214,0.0445596240,0.0441833027,0.2727533877,0.2708349228,0.1269314140,0.0066648088,0.6248008013,0.5191296339,0.1076919511,0.1160049066,0.0374240428,0.0356118008,0.0430988781,0.0486811697,0.3362978697,0.3356620073,0.0381285101,0.0000000000,0.0000000000,0.0158890337,0.2090432793,0.2111271620,0.1620423496,0.1828407943,0.0000005815,0.0000000000,0.0000000000,0.0000000000,0.0009675041,0.1389626861,0.0001353191,0.0768594369,0.1390407830,0.0107449982
00:42:03:11.833,61,0.2785802186,0.2310886234,0.1277927458,0.0000000000,0.0000000000,0.1491986811,0.0000000000,0.2783853710,0.2316568196,0.0000000000,0.0024683140,0.0000000000,0.1491946876,0.0000000000,0.1348806173,0.0000000000,0.0030602503,0.0238134842,0.0219527204,0.0354069769,0.0769954622,0.0004809536,0.0000000000,0.0000000000,0.0000000000,0.6513827443,0.6248304844,0.0477832370,0.0475653261,0.2767454982,0.2754735351,0.1348761469,0.0065841088,0.6491256356,0.5461027622,0.1111159548,0.1197272688,0.0372867733,0.0355728641,0.0463751741,0.0535893328,0.3456753790,0.3451161683,0.0380700789,0.0000000000,0.0000000000,0.0158552416,0.2269746065,0.2296799570,0.1611298770,0.1823702306,0.0000005117,0.0000000000,0.0000000000,0.0000000000,0.0014927352,0.1415112615,0.0002126602,0.0772860944,0.1415894926,0.0110052070
00:42:03:12.834,61,0.2897038162,0.2361779213,0.1272962242,0.0000000000,0.0000000000,0.1610553861,0.0000000000,0.2895482779,0.2367554307,0.0000000000,0.0021612798,0.0000000000,0.1610523909,0.0000000000,0.1371118873,0.0000000000,0.0032509882,0.0238736309,0.0217663180,0.0351730846,0.0775573403,0.0000000000,0.0006229896,0.0000000000,0.0000000000,0.6006268263,0.5725135803,0.0529080220,0.0529189445,0.2825610638,0.2811232507,0.1419697255,0.0065158391,0.6696390510,0.5650514960,0.1159614101,0.1251105815,0.0371724404,0.0355637819,0.0514053553,0.0598800257,0.3541650772,0.3536673784,0.0380049385,0.0000000000,0.0000000000,0.0158308931,0.2594151497,0.2640686333,0.1612699628,0.1836586744,0.0000006447,0.0000000000,0.0000000000,0.0000000000,0.0013064670,0.1446257830,0.0001902773,0.0769513547,0.1447041333,0.0112020234
00:42:03:13.836,61,0.2970602810,0.2399952710,0.1251639724,0.0000000000,0.0000000000,0.1727793068,0.0000000000,0.2969238460,0.2405601740,0.0000000000,0.0002568518,0.0000000000,0.1727770567,0.0000000000,0.1385373920,0.0000000000,0.0034674583,0.0239176434,0.0215883907,0.0349154174,0.0780148432,0.0000000000,0.0017294590,0.0000000000,0.0000000000,0.5860946774,0.5574000478,0.0565655679,0.0567814372,0.2888615131,0.2872269154,0.1473916918,0.0064484081,0.6834537387,0.5792395473,0.1190330684,0.1285125613,0.0370498672,0.0355552472,0.0556749739,0.0650179237,0.3614262640,0.3609868586,0.0379355699,0.0000000000,0.0000000000,0.0157876145,0.2723311484,0.2784164250,0.1623117477,0.1856447309,0.0000009219,0.0000000000,0.0000000000,0.0000000000,0.0001552108,0.1469498575,0.0000229738,0.0756365806,0.1470281780,0.0111903967
00:42:03:14.838,61,0.3041866124,0.2438028306,0.1218247041,0.0000000000,0.0000000000,0.1817633808,0.0000000000,0.3040598929,0.2443409264,0.0028331401,0.0000000000,0.0000000000,0.1817620397,0.0000000000,0.1406250000,0.0000000000,0.0035996111,0.0239310339,0.0214194432,0.0347342938,0.0784657821,0.0000000000,0.0033608146,0.0000000000,0.0000000000,0.5788830519,0.5496327281,0.0583675280,0.0586781241,0.2943066359,0.2926332951,0.1513766497,0.0063777547,0.6937761307,0.5898966193,0.1214346960,0.1312584877,0.0369379483,0.0355717055,0.0588461496,0.0692974329,0.3694654107,0.3691177368,0.0378477052,0.0000000000,0.0000000000,0.0157536957,0.2784451246,0.2857274711,0.1650575548,0.1901940405,0.0000010510,0.0000000000,0.0000000000,0.0000000000,-0.0017114246,0.1492596120,-0.0002573605,0.0735931918,0.1493379027,0.0110622477
00:42:03:15.839,61,0.3071480095,0.2423150390,0.1211306155,0.0000000000,0.0000000000,0.1868408173,0.0000000000,0.3070235550,0.2428416014,0.0034790502,0.0000000000,0.0000000000,0.1868378371,0.0000000000,0.1421713233,0.0000000000,0.0037253683,0.0239017420,0.0212149546,0.0345762931,0.0789133385,0.0000000000,0.0046117436,0.0000000000,0.0000000000,0.5954034328,0.5598609447,0.0595710836,0.0599134453,0.2989075184,0.2960300744,0.1533116400,0.0062955581,0.7051664591,0.6050501466,0.1235715598,0.1337487698,0.0367613547,0.0355338268,0.0604282618,0.0712906122,0.3738263249,0.3735190630,0.0377456397,0.0000000000,0.0000000000,0.0157375187,0.2785284519,0.2887992561,0.1660114974,0.1917579472,0.0000010349,0.0000000000,0.0000000000,0.0000000000,-0.0021018903,0.1483438462,-0.0003141097,0.0731838718,0.1484220475,0.0109323710
00:42:03:16.841,61,0.3085955083,0.2412051409,0.1208410114,0.0000000000,0.0000000000,0.1905835122,0.0000000000,0.3084706962,0.2417256683,0.0037593110,0.0000000000,0.0000000000,0.1905797720,0.0000000000,0.1432060152,0.0000000000,0.0038528754,0.0238790698,0.0210092328,0.0344867893,0.0795883685,0.0000000000,0.0055307918,0.0000000000,0.0000000000,0.5985838175,0.5615630746,0.0605939701,0.0609250218,0.3008781970,0.2975534499,0.1545486897,0.0062226965,0.7123287916,0.6127246618,0.1277804524,0.1381298155,0.0365717672,0.0354828499,0.0614300370,0.0724778399,0.3773798645,0.3770818710,0.0376234986,0.0000000000,0.0000000000,0.0158258546,0.2775498033,0.2893267870,0.1663895249,0.1924189180,0.0000008721,0.0000000000,0.0000000000,0.0000000000,-0.0022714422,0.1476622075,-0.0003378651,0.0730163008,0.1477403641,0.0108565539
00:42:03:17.843,61,0.3093659878,0.2404747903,0.1199767664,0.0000000000,0.0000000000,0.1978177279,0.0000000000,0.3092389703,0.2409841567,0.0044719358,0.0000000000,0.0000000000,0.1978153884,0.0000000000,0.1440270096,0.0000000000,0.0038815909,0.0238831304,0.0208696276,0.0344930664,0.0808712617,0.0000000000,0.0062938812,0.0000000000,0.0000000000,0.5940568447,0.5585289598,0.0613414049,0.0616579168,0.3022523224,0.2985935211,0.1553367227,0.0061710966,0.7151429057,0.6155717969,0.1298998147,0.1403669119,0.0365039147,0.0355393551,0.0621244237,0.0732302293,0.3804205656,0.3801192939,0.0375148766,0.0000000000,0.0000000000,0.0159299783,0.2781331241,0.2911414802,0.1667920649,0.1929022074,0.0000006838,0.0000000000,0.0000000000,0.0000000000,-0.0027022043,0.1472093761,-0.0004006880,0.0724989176,0.1472874433,0.0107462378
00:42:03:18.844,61,0.3097198308,0.2395892888,0.1196366549,0.0000000000,0.0000000000,0.2091927081,0.0000000000,0.3095907867,0.2400928885,0.0046736579,0.0000000000,0.0000000000,0.2091940343,0.0000000000,0.1451235712,0.0000000000,0.0038002927,0.0239233635,0.0208065379,0.0345210321,0.0817255825,0.0000000000,0.0070127370,0.0000000000,0.0000000000,0.5796881914,0.5429456234,0.0618796758,0.0622077212,0.3035987318,0.2994942367,0.1560465693,0.0061482913,0.7150127888,0.6079195738,0.1310710907,0.1415974051,0.0365696251,0.0357102863,0.0626953170,0.0738142207,0.3841240406,0.3838190436,0.0374134146,0.0000000000,0.0000000000,0.0160067976,0.2968311310,0.3146994412,0.1674450487,0.1935647726,0.0000006964,0.0000000000,0.0000000000,0.0000000000,-0.0028243246,0.1466650069,-0.0004172249,0.0722991750,0.1467428952,0.0106764920
00:42:03:19.846,61,0.3098919690,0.2390204817,0.1181477457,0.0000000000,0.0000000000,0.2133842111,0.0000000000,0.3097650707,0.2395064980,0.0060247411,0.0000000000,0.0000000000,0.2133870125,0.0000000000,0.1491315067,0.0000000000,0.0038097345,0.0239534061,0.0207480136,0.0345570520,0.0824340880,0.0000000000,0.0078284247,0.0000000000,0.0000000000,0.5769966841,0.5401843190,0.0621368363,0.0624852441,0.3044023216,0.3002185822,0.1574170291,0.0061224308,0.7153213620,0.6063557267,0.1318029612,0.1423677653,0.0365943313,0.0358463898,0.0632197037,0.0743900016,0.3865603805,0.3862739801,0.0373501703,0.0000000000,0.0000000000,0.0160441175,0.3017697632,0.3210940957,0.1682737172,0.1947805136,0.0000008213,0.0000000000,0.0000000000,0.0000000000,-0.0036409858,0.1463071704,-0.0005365349,0.0714031011,0.1463849694,0.0105183162
00:42:03:20.847,61,0.3103471100,0.2385023087,0.1174500585,0.0000000000,0.0000000000,0.2150924206,0.0000000000,0.3102210462,0.2389795929,0.0066110995,0.0000000000,0.0000000000,0.2150956988,0.0000000000,0.1521250606,0.0000000000,0.0039689313,0.0239366461,0.0206357669,0.0345540233,0.0828978568,0.0000000000,0.0085384632,0.0000000000,0.0000000000,0.6174736619,0.5857799053,0.0622010753,0.0625264272,0.3049349189,0.3007270396,0.1597913057,0.0060692206,0.7212892771,0.6205684543,0.1324300617,0.1430230439,0.0364681184,0.0358399451,0.0636638775,0.0748818070,0.3877397776,0.3874619603,0.0372759700,0.0000000000,0.0000000000,0.0160263460,0.2942034006,0.3154358566,0.1687385589,0.1953315437,0.0000011445,0.0000000000,0.0000000000,0.0000000000,-0.0039955345,0.1459855437,-0.0005874678,0.0709847733,0.1460632682,0.0104334895
00:42:03:21.850,61,0.3106163442,0.2362621725,0.1163772270,0.0000000000,0.0000000000,0.2152389586,0.0000000000,0.3104891777,0.2367226779,0.0075980411,0.0000000000,0.0000000000,0.2152407169,0.0000000000,0.1536147445,0.0000000000,0.0042902832,0.0238827486,0.0204838607,0.0345172137,0.0832568929,0.0000000000,0.0091692004,0.0000000000,0.0000000000,0.6279920340,0.5975483656,0.0621580258,0.0624242984,0.3052656651,0.3010558784,0.1615946144,0.0059946105,0.7310786247,0.6353679299,0.1330194771,0.1436135620,0.0362329446,0.0357343629,0.0640214086,0.0752999634,0.3886618912,0.3883928359,0.0371917374,0.0000000000,0.0000000000,0.0159960706,0.2858282030,0.3070880771,0.1689253300,0.1955419332,0.0000010560,0.0000000000,0.0000000000,0.0000000000,-0.0045929365,0.1446072161,-0.0006688378,0.0703504682,0.1446847469,0.0102414545
00:42:03:22.850,61,0.3103690147,0.2316194773,0.1150583923,0.0000000000,0.0000000000,0.2138787657,0.0000000000,0.3102389574,0.2320551425,0.0088454485,0.0000000000,0.0000000000,0.2138780951,0.0000000000,0.1545646638,0.0000000000,0.0046684942,0.0238085557,0.0203094799,0.0344622508,0.0837178156,0.0000000000,0.0096746022,0.0000000000,0.0000000000,0.6353936791,0.6050127745,0.0620011203,0.0621793568,0.3054606915,0.3011716604,0.1626494676,0.0059047719,0.7398101091,0.6471537948,0.1336387247,0.1442375332,0.0359278545,0.0355630107,0.0642655045,0.0756008402,0.3889616132,0.3887011111,0.0370655730,0.0000000000,0.0000000000,0.0159779899,0.2767281532,0.2981085777,0.1687442213,0.1953293234,0.0000008414,0.0000000000,0.0000000000,0.0000000000,-0.0053491793,0.1417564899,-0.0007633974,0.0695816949,0.1418338418,0.0099274116
00:42:03:23.852,61,0.3100021780,0.2289395332,0.1138505563,0.0000000000,0.0000000000,0.2130937874,0.0000000000,0.3098741770,0.2293565869,0.0099799987,0.0000000000,0.0000000000,0.2130925655,0.0000000000,0.1551751196,0.0000000000,0.0049835416,0.0237628464,0.0201628935,0.0344707109,0.0843560994,0.0000000000,0.0102058202,0.0000000000,0.0000000000,0.6360739470,0.6036103964,0.0619907565,0.0621001460,0.3057432771,0.3014087379,0.1633811742,0.0058268728,0.7433066368,0.6516765952,0.1343221366,0.1449492276,0.0356781036,0.0354448333,0.0645230785,0.0759511143,0.3888739944,0.3886229694,0.0369716026,0.0000000000,0.0000000000,0.0160184372,0.2736289203,0.2952722609,0.1685661376,0.1951586306,0.0000006870,0.0000000000,0.0000000000,0.0000000000,-0.0060366960,0.1401085407,-0.0008513656,0.0688672662,0.1401856840,0.0097099626
00:42:03:24.854,61,0.3089235127,0.2267284244,0.1127555221,0.0000000000,0.0000000000,0.2124980837,0.0000000000,0.3088276386,0.2271293402,0.0109906718,0.0000000000,0.0000000000,0.2124967277,0.0000000000,0.1558554024,0.0000000000,0.0052083102,0.0237287860,0.0200281944,0.0345157087,0.0850922540,0.0000000000,0.0108398516,0.0000000000,0.0000000000,0.6359142661,0.6010939479,0.0619386956,0.0620189868,0.3057391644,0.3014347851,0.1641799659,0.0057601589,0.7454670668,0.6541772485,0.1352411211,0.1461024135,0.0354382917,0.0353359915,0.0647866279,0.0763596147,0.3889349401,0.3886953890,0.0368571989,0.0000000000,0.0000000000,0.0161046609,0.2717750669,0.2938701510,0.1683278978,0.1950099021,0.0000005485,0.0000000000,0.0000000000,0.0000000000,-0.0066493005,0.1387485117,-0.0009285397,0.0682178289,0.1388255060,0.0095240073
00:42:03:25.855,61,0.3061363697,0.2252172977,0.1117073223,0.0000000000,0.0000000000,0.2091459334,0.0000000000,0.3060760200,0.2256041020,0.0120364828,0.0000000000,0.0000000000,0.2091451883,0.0000000000,0.1572730839,0.0000000000,0.0054546129,0.0236718822,0.0198867954,0.0345777087,0.0861761495,0.0000000000,0.0115131596,0.0000000000,0.0000000000,0.6370325685,0.6010853648,0.0616531111,0.0617056899,0.3056614399,0.3014107049,0.1647888869,0.0056847865,0.7472358942,0.6557973623,0.1359944642,0.1469524056,0.0351993367,0.0352301896,0.0649877563,0.0767481551,0.3886696100,0.3884418905,0.0367249362,0.0000000000,0.0000000000,0.0162118375,0.2662206292,0.2919818163,0.1679657102,0.1948145032,0.0000006580,0.0000000000,0.0000000000,0.0000000000,-0.0072829546,0.1378174126,-0.0010101121,0.0675923675,0.1378943175,0.0093727168
00:42:03:26.857,61,0.3008916676,0.2246083915,0.1114046350,0.0000000000,0.0000000000,0.1963621974,0.0000000000,0.3008469939,0.2249906361,0.0123822605,0.0000000000,0.0000000000,0.1963619590,0.0000000000,0.1608735621,0.0000000000,0.0059003956,0.0235373639,0.0197044797,0.0346174650,0.0875881910,0.0000000000,0.0119872978,0.0000000000,0.0000000000,0.6719399691,0.6466845870,0.0603189208,0.0600012429,0.3055207431,0.3014038503,0.1650293171,0.0055818427,0.7520571351,0.6621285677,0.1365893185,0.1475869864,0.0349255167,0.0350747183,0.0652002841,0.0771162733,0.3877367079,0.3875415921,0.0365873501,0.0000000000,0.0000000000,0.0162762105,0.2500060201,0.2758614421,0.1676252931,0.1946474761,0.0000007929,0.0000000000,0.0000000000,0.0000000000,-0.0074925651,0.1374428421,-0.0010363234,0.0674126819,0.1375197917,0.0093221311
00:42:03:27.858,61,0.2912146449,0.2209802121,0.1105308831,0.0000000000,0.0000000000,0.1868731827,0.0000000000,0.2911570966,0.2213458270,0.0133073786,0.0000000000,0.0000000000,0.1868731678,0.0000000000,0.1654285043,0.0000000000,0.0064341631,0.0233670827,0.0195079613,0.0346450955,0.0896498486,0.0000000000,0.0122402729,0.0000000000,0.0000000000,0.6864874363,0.6617521048,0.0578614101,0.0569363683,0.3053519428,0.3013540506,0.1650265008,0.0054721637,0.7544513941,0.6652959585,0.1370732188,0.1480618119,0.0346601047,0.0349152535,0.0653276891,0.0773168281,0.3841606379,0.3840081692,0.0364246480,0.0000000000,0.0000000000,0.0163099803,0.2419220060,0.2669154704,0.1672181040,0.1943492442,0.0000008184,0.0000000000,0.0000000000,0.0000000000,-0.0080548190,0.1352168769,-0.0010958220,0.0669043213,0.1352936924,0.0091003245
00:42:03:28.861,61,0.2793613672,0.2161288261,0.1105539948,0.0000000000,0.0000000000,0.1803961992,0.0000000000,0.2792752385,0.2164841890,0.0134031018,0.0000000000,0.0000000000,0.1803964078,0.0000000000,0.1704591364,0.0000000000,0.0069603217,0.0231773574,0.0193118788,0.0346478187,0.0912834555,0.0000000000,0.0123588042,0.0000000000,0.0000000000,0.6959016323,0.6718484759,0.0554948226,0.0542158671,0.3052866757,0.3013983965,0.1647851467,0.0053644609,0.7556334138,0.6667123437,0.1373288929,0.1482942104,0.0344439074,0.0347721800,0.0653853714,0.0774084777,0.3818581104,0.3817135692,0.0362631939,0.0000000000,0.0000000000,0.0163198411,0.2382474244,0.2629956007,0.1669135690,0.1941553801,0.0000008328,0.0000000000,0.0000000000,0.0000000000,-0.0081160003,0.1322470307,-0.0010796060,0.0669449866,0.1323237121,0.0089035882
00:42:03:29.862,61,0.2730296552,0.2135787010,0.1099429131,0.0000000000,0.0000000000,0.1754067987,0.0000000000,0.2729574740,0.2139225602,0.0140958326,0.0000000000,0.0000000000,0.1754079163,0.0000000000,0.1735725552,0.0000000000,0.0074572824,0.0230247620,0.0191537309,0.0346827134,0.0931228250,0.0000000000,0.0125279445,0.0000000000,0.0000000000,0.6997471452,0.6759656072,0.0542287491,0.0528146662,0.3051176369,0.3013939559,0.1645931900,0.0052754716,0.7560154200,0.6670096517,0.1375639588,0.1485153884,0.0343061499,0.0346996486,0.0654354617,0.0774997696,0.3791909516,0.3790537119,0.0360986777,0.0000000000,0.0000000000,0.0163656101,0.2363205403,0.2609098256,0.1666851938,0.1940648407,0.0000010094,0.0000000000,0.0000000000,0.0000000000,-0.0085372347,0.1306826323,-0.0011220492,0.0665886626,0.1307592690,0.0087503577
00:42:03:30.863,61,0.2697945535,0.2130720466,0.1088396162,0.0000000000,0.0000000000,0.1708922088,0.0000000000,0.2697313726,0.2134039700,0.0152330874,0.0000000000,0.0000000000,0.1708952338,0.0000000000,0.1760791540,0.0000000000,0.0078988550,0.0228847172,0.0190124474,0.0347554684,0.0953367352,0.0000000000,0.0127475606,0.0000000000,0.0000000000,0.7016099095,0.6778591871,0.0532541983,0.0517853051,0.3048959970,0.3013829589,0.1643095464,0.0051971097,0.7560026050,0.6664409637,0.1378298551,0.1487787664,0.0342040174,0.0346618816,0.0654573143,0.0775766000,0.3754225373,0.3752906024,0.0359252691,0.0000000000,0.0000000000,0.0164492335,0.2350269556,0.2595638931,0.1665125191,0.1940623373,0.0000014550,0.0000000000,0.0000000000,0.0000000000,-0.0092264088,0.1303666681,-0.0012096589,0.0659231320,0.1304432750,0.0086418604
00:42:03:31.865,61,0.2678200305,0.2125618160,0.1076293439,0.0000000000,0.0000000000,0.1661702842,0.0000000000,0.2677611113,0.2128808498,0.0164689962,0.0000000000,0.0000000000,0.1661747247,0.0000000000,0.1788435727,0.0000000000,0.0083075101,0.0227424223,0.0188615806,0.0347920060,0.0965895653,0.0000000000,0.0130104311,0.0000000000,0.0000000000,0.7035505176,0.6793545485,0.0523795187,0.0509011783,0.3044777513,0.3011950254,0.1640876979,0.0051214537,0.7560054660,0.6661552787,0.1380724460,0.1490147859,0.0340507068,0.0345752835,0.0654275268,0.0776153356,0.3729723096,0.3728492260,0.0357078724,0.0000000000,0.0000000000,0.0165128466,0.2294419110,0.2541647255,0.1662083268,0.1939674616,0.0000019320,0.0000000000,0.0000000000,0.0000000000,-0.0099753914,0.1300480366,-0.0013046209,0.0651927665,0.1301246285,0.0085251424
00:42:03:32.866,61,0.2646028697,0.2098791152,0.1054904461,0.0000000000,0.0000000000,0.1604704112,0.0000000000,0.2645527124,0.2101719975,0.0187174231,0.0000000000,0.0000000000,0.1604744941,0.0000000000,0.1815914810,0.0000000000,0.0087241586,0.0225782543,0.0187014285,0.0348074511,0.0975662246,0.0000000000,0.0132267065,0.0000000000,0.0000000000,0.7250227928,0.7005630136,0.0504449196,0.0490630455,0.3040120006,0.3009414077,0.1636892110,0.0050407941,0.7558031678,0.6658043861,0.1381511390,0.1490714699,0.0338633768,0.0344502181,0.0652509853,0.0774763003,0.3709621131,0.3708418608,0.0354592428,0.0000000000,0.0000000000,0.0165355541,0.2157169878,0.2388920188,0.1657540947,0.1936814338,0.0000022106,0.0000000000,0.0000000000,0.0000000000,-0.0113397157,0.1283950806,-0.0014639850,0.0639108419,0.1284715831,0.0082503930
00:42:03:33.868,61,0.2595520020,0.2081290483,0.1038150638,0.0000000000,0.0000000000,0.1559225917,0.0000000000,0.2594949305,0.2084025145,0.0204320643,0.0000000000,0.0000000000,0.1559277326,0.0000000000,0.1855020523,0.0000000000,0.0090886941,0.0224249307,0.0185629688,0.0348417871,0.0982794091,0.0000000000,0.0133449528,0.0000000000,0.0000000000,0.7311870456,0.7067344189,0.0487698913,0.0474666432,0.3034523427,0.3006218672,0.1634659171,0.0049721566,0.7551088333,0.6637741923,0.1380917728,0.1489509791,0.0337166898,0.0343507789,0.0651353300,0.0773723349,0.3694057763,0.3692816794,0.0352460928,0.0000000000,0.0000000000,0.0165276807,0.2116139829,0.2344606966,0.1657393873,0.1938388497,0.0000029999,0.0000000000,0.0000000000,0.0000000000,-0.0123802293,0.1273156703,-0.0015847274,0.0629044771,0.1273921430,0.0080516823
00:42:03:34.870,61,0.2566469908,0.2065729350,0.1035356000,0.0000000000,0.0000000000,0.1541581601,0.0000000000,0.2565740347,0.2068408430,0.0207461603,0.0000000000,0.0000000000,0.1541640311,0.0000000000,0.1932875067,0.0000000000,0.0093673337,0.0223309435,0.0185021013,0.0349764451,0.0988057032,0.0000000000,0.0133326948,0.0000000000,0.0000000000,0.7338705063,0.7095464468,0.0476257242,0.0464064926,0.3029826581,0.3003917336,0.1636979431,0.0049329461,0.7498538494,0.6514363289,0.1379561722,0.1487445980,0.0337072276,0.0343662314,0.0650829971,0.0772838593,0.3689228892,0.3687950969,0.0350934714,0.0000000000,0.0000000000,0.0165287554,0.2152967602,0.2393941134,0.1664276272,0.1950968653,0.0000032112,0.0000000000,0.0000000000,0.0000000000,-0.0125720771,0.1263619661,-0.0015970983,0.0627427623,0.1264383644,0.0079702381
00:42:03:35.871,61,0.2552035153,0.2052219957,0.1044452339,0.0000000000,0.0000000000,0.1536802948,0.0000000000,0.2551205158,0.2054959834,0.0198547691,0.0000000000,0.0000000000,0.1536867023,0.0000000000,0.1964430213,0.0000000000,0.0096231205,0.0222753230,0.0184751935,0.0351723991,0.0993258208,0.0000000000,0.0131074227,0.0000000000,0.0000000000,0.7323020101,0.7099071145,0.0468150787,0.0456103832,0.3026019633,0.3001278341,0.1640803069,0.0049119606,0.7475158572,0.6472609639,0.1379995942,0.1486967504,0.0337701105,0.0344402716,0.0649680942,0.0770607293,0.3685061932,0.3683708608,0.0350034684,0.0000000000,0.0000000000,0.0165583808,0.2237566113,0.2468288094,0.1669370979,0.1957238168,0.0000036405,0.0000000000,0.0000000000,0.0000000000,-0.0120331487,0.1255394965,-0.0015185840,0.0633006021,0.1256159097,0.0079881446
00:42:03:36.874,61,0.2540497482,0.2045459300,0.1046557203,0.0000000000,0.0000000000,0.1531206667,0.0000000000,0.2539579868,0.2048206478,0.0196655300,0.0000000000,0.0000000000,0.1531272680,0.0000000000,0.2007533908,0.0000000000,0.0098495455,0.0221906286,0.0184301510,0.0353659652,0.0996457338,0.0000000000,0.0129380357,0.0000000000,0.0000000000,0.7324627638,0.7106648684,0.0460061021,0.0448108874,0.3021333814,0.2998169661,0.1646299511,0.0048831319,0.7462719679,0.6452406645,0.1379837990,0.1485765427,0.0337916389,0.0344726630,0.0649417341,0.0769583434,0.3692237139,0.3690687716,0.0349118747,0.0000000000,0.0000000000,0.0165612027,0.2260332257,0.2489328831,0.1675977409,0.1966351718,0.0000040173,0.0000000000,0.0000000000,0.0000000000,-0.0119190793,0.1251267493,-0.0014991916,0.0634314641,0.1252031028,0.0079780566
00:42:03:37.875,61,0.2523766756,0.2040084749,0.1040926948,0.0000000000,0.0000000000,0.1497552395,0.0000000000,0.2522590160,0.2042767853,0.0202720296,0.0000000000,0.0000000000,0.1497611552,0.0000000000,0.2036821991,0.0000000000,0.0100886328,0.0220439713,0.0183141455,0.0354543030,0.0997536555,0.0000000000,0.0127994595,0.0000000000,0.0000000000,0.7491868734,0.7317560911,0.0445696525,0.0433391519,0.3016478121,0.2995242774,0.1649555862,0.0048298356,0.7460677028,0.6490894556,0.1379058212,0.1483791620,0.0336616300,0.0343634002,0.0649178401,0.0768755302,0.3695857227,0.3694240749,0.0348073207,0.0000000000,0.0000000000,0.0164836179,0.2173655927,0.2411567420,0.1684280932,0.1981658936,0.0000031891,0.0000000000,0.0000000000,0.0000000000,-0.0122871837,0.1247950643,-0.0015413499,0.0630928203,0.1248714402,0.0079142815
00:42:03:38.876,61,0.2504001558,0.2041200697,0.1031363010,0.0000000000,0.0000000000,0.1436381191,0.0000000000,0.2502639890,0.2043795437,0.0212564413,0.0000000000,0.0000000000,0.1436434388,0.0000000000,0.2051973641,0.0000000000,0.0103539629,0.0218585599,0.0181613881,0.0354901142,0.0999762937,0.0000000000,0.0126530211,0.0000000000,0.0000000000,0.7570476532,0.7402800322,0.0430758372,0.0417916290,0.3011936843,0.2992779315,0.1649092734,0.0047654710,0.7463542819,0.6537071466,0.1378497034,0.1481882483,0.0334708877,0.0341994762,0.0648829564,0.0767798349,0.3695470691,0.3693810999,0.0347187072,0.0000000000,0.0000000000,0.0163975433,0.2081372738,0.2318458706,0.1693869382,0.1997281611,0.0000026621,0.0000000000,0.0000000000,0.0000000000,-0.0128837498,0.1248587742,-0.0016170150,0.0625126064,0.1249351725,0.0078456411
00:42:03:39.878,61,0.2452399582,0.2036458850,0.1027395055,0.0000000000,0.0000000000,0.1371095330,0.0000000000,0.2450633347,0.2039007246,0.0216792002,0.0000000000,0.0000000000,0.1371149272,0.0000000000,0.2063272446,0.0000000000,0.0106312893,0.0216909833,0.0180118456,0.0354915187,0.1002623737,0.0000000000,0.0123661589,0.0000000000,0.0000000000,0.7615351081,0.7455843091,0.0419792719,0.0405941270,0.3003828228,0.2987972200,0.1648630500,0.0047061141,0.7467579246,0.6559295058,0.1378962994,0.1480945200,0.0332706124,0.0340209343,0.0647786260,0.0765674338,0.3609791100,0.3607800007,0.0346895941,0.0000000000,0.0000000000,0.0162995420,0.2046311200,0.2277751267,0.1700755209,0.2005801648,0.0000017945,0.0000000000,0.0000000000,0.0000000000,-0.0131404679,0.1245666817,-0.0016453350,0.0622743629,0.1246430576,0.0077973153
00:42:03:40.880,61,0.2412087917,0.2027459443,0.1037192717,0.0000000000,0.0000000000,0.1329307854,0.0000000000,0.2409904748,0.2030082792,0.0207253024,0.0000000000,0.0000000000,0.1329354644,0.0000000000,0.2071033120,0.0000000000,0.0110157337,0.0215554386,0.0178794973,0.0354694650,0.1006353199,0.0000000000,0.0119216973,0.0000000000,0.0000000000,0.7637067437,0.7482265234,0.0411404893,0.0397046097,0.2980642319,0.2976884842,0.1648664773,0.0046545379,0.7471072078,0.6572053432,0.1380780190,0.1481147707,0.0330802649,0.0338418037,0.0645992458,0.0762129351,0.3488195240,0.3485675156,0.0346939303,0.0000000000,0.0000000000,0.0162219591,0.2028038800,0.2255703509,0.1703246087,0.2007400990,0.0000010113,0.0000000000,0.0000000000,0.0000000000,-0.0125631373,0.1240205541,-0.0015660826,0.0628725588,0.1240969077,0.0078372648
00:42:03:41.881,61,0.2387074679,0.2023956180,0.1043373644,0.0000000000,0.0000000000,0.1299074143,0.0000000000,0.2384789139,0.2026630342,0.0201376826,0.0000000000,0.0000000000,0.1299116910,0.0000000000,0.2084405571,0.0000000000,0.0113383681,0.0214463789,0.0177604351,0.0354392417,0.1009789184,0.0000000000,0.0115935626,0.0000000000,0.0000000000,0.7648684978,0.7496269941,0.0404605232,0.0389987268,0.2957314849,0.2964937389,0.1650583893,0.0046155597,0.7474747896,0.6580513716,0.1383024305,0.1481990665,0.0328908972,0.0336630605,0.0644456744,0.0759245530,0.3446044028,0.3443370163,0.0346710794,0.0000000000,0.0000000000,0.0161490664,0.2017858624,0.2242896408,0.1706335098,0.2009922415,0.0000008666,0.0000000000,0.0000000000,0.0000000000,-0.0122072576,0.1238090768,-0.0015191004,0.0632489026,0.1238854304,0.0078705391
00:42:03:42.882,61,0.2372827381,0.2023965716,0.1049275994,0.0000000000,0.0000000000,0.1266912967,0.0000000000,0.2370488346,0.2026694417,0.0195693728,0.0000000000,0.0000000000,0.1266948879,0.0000000000,0.2105956972,0.0000000000,0.0117191803,0.0213436447,0.0176390018,0.0354226530,0.1013882235,0.0000000000,0.0112023568,0.0000000000,0.0000000000,0.7660886645,0.7515869737,0.0398163833,0.0383264050,0.2935084701,0.2949237227,0.1653297096,0.0045756549,0.7483531833,0.6604340672,0.1386560351,0.1483912915,0.0326684713,0.0334573761,0.0642773435,0.0755971894,0.3410991430,0.3408264816,0.0345979966,0.0000000000,0.0000000000,0.0160848983,0.2007184774,0.2215125561,0.1707428098,0.2009798288,0.0000007382,0.0000000000,0.0000000000,0.0000000000,-0.0118627492,0.1238124818,-0.0014762722,0.0636066794,0.1238888577,0.0079152202
00:42:03:43.884,61,0.2363172472,0.2027477473,0.1054236963,0.0000000000,0.0000000000,0.1236376688,0.0000000000,0.2360803783,0.2030258626,0.0190951247,0.0000000000,0.0000000000,0.1236406341,0.0000000000,0.2136610001,0.0000000000,0.0121259829,0.0212537106,0.0175272506,0.0354426466,0.1018776000,0.0000000000,0.0107453875,0.0000000000,0.0000000000,0.7678322792,0.7545737028,0.0392260812,0.0377053209,0.2913424969,0.2929104865,0.1656194180,0.0045384523,0.7489828467,0.6615716815,0.1390774846,0.1486383080,0.0324462876,0.0332551897,0.0640463382,0.0751758292,0.3384051025,0.3381195366,0.0344902910,0.0000000000,0.0000000000,0.0160476007,0.1987219304,0.2171711028,0.1704865843,0.2005188316,0.0000007029,0.0000000000,0.0000000000,0.0000000000,-0.0115749519,0.1240298077,-0.0014430130,0.0639057085,0.1241062060,0.0079664728
00:42:03:44.886,61,0.2356174737,0.2036033124,0.1056789085,0.0000000000,0.0000000000,0.1202576384,0.0000000000,0.2353779674,0.2038852870,0.0188895743,0.0000000000,0.0000000000,0.1202604175,0.0000000000,0.2151007950,0.0000000000,0.0123912105,0.0211743489,0.0174361598,0.0354882218,0.1024329066,0.0000000000,0.0103039611,0.0000000000,0.0000000000,0.7706433535,0.7577993274,0.0386099964,0.0370668024,0.2901749611,0.2917930782,0.1655825526,0.0045055607,0.7490321398,0.6617873311,0.1393245012,0.1487140208,0.0322615355,0.0330856591,0.0637552813,0.0746940002,0.3310741484,0.3307386637,0.0344423950,0.0000000000,0.0000000000,0.0160134397,0.1961411387,0.2136027664,0.1703015864,0.2001339644,0.0000011070,0.0000000000,0.0000000000,0.0000000000,-0.0114496024,0.1245546713,-0.0014334897,0.0640562400,0.1246311516,0.0080193374
00:42:03:45.888,61,0.2349217981,0.2047490031,0.1060339212,0.0000000000,0.0000000000,0.1167988926,0.0000000000,0.2346801907,0.2050364017,0.0185622089,0.0000000000,0.0000000000,0.1168023199,0.0000000000,0.2184690237,0.0000000000,0.0125871450,0.0211045723,0.0173681118,0.0355992615,0.1028599218,0.0000000000,0.0099178059,0.0000000000,0.0000000000,0.7768602967,0.7644132376,0.0379772522,0.0364199989,0.2894095480,0.2910606265,0.1655439883,0.0044788374,0.7490026355,0.6617791057,0.1394404620,0.1486450136,0.0321177766,0.0329622105,0.0635038689,0.0742773712,0.3198356032,0.3194780052,0.0345044769,0.0000000000,0.0000000000,0.0159397442,0.1949314028,0.2120793760,0.1707048118,0.2004375905,0.0000016576,0.0000000000,0.0000000000,0.0000000000,-0.0112501821,0.1252575964,-0.0014165561,0.0642657578,0.1253341287,0.0080913883
00:42:03:46.889,61,0.2339089364,0.2053021193,0.1070761234,0.0000000000,0.0000000000,0.1151661426,0.0000000000,0.2336430252,0.2056004405,0.0175337140,0.0000000000,0.0000000000,0.1151697412,0.0000000000,0.2262292057,0.0000000000,0.0128267650,0.0210533384,0.0173466969,0.0358242989,0.1033436880,0.0000000000,0.0095143048,0.0000000000,0.0000000000,0.7791882753,0.7673339248,0.0373158343,0.0357508101,0.2888809443,0.2906375229,0.1656902581,0.0044687809,0.7485624552,0.6594977975,0.1395737976,0.1485833526,0.0320831053,0.0329352133,0.0633202270,0.0739110410,0.3160727024,0.3157027066,0.0346071944,0.0000000000,0.0000000000,0.0158808697,0.1946243495,0.2116861194,0.1755161732,0.2044939101,0.0000020397,0.0000000000,0.0000000000,0.0000000000,-0.0106263692,0.1256012917,-0.0013417229,0.0648946390,0.1256778687,0.0081930980
00:42:03:47.890,61,0.2331199199,0.2055877298,0.1079776213,0.0000000000,0.0000000000,0.1140923947,0.0000000000,0.2328452021,0.2058951259,0.0166357551,0.0000000000,0.0000000000,0.1140960008,0.0000000000,0.2302489281,0.0000000000,0.0131020378,0.0209867507,0.0173133165,0.0360970274,0.1038775817,0.0000000000,0.0091240574,0.0000000000,0.0000000000,0.7805488706,0.7689375877,0.0367209986,0.0351432413,0.2883604169,0.2901889682,0.1658900082,0.0044569685,0.7484462261,0.6588379145,0.1398010999,0.1486261338,0.0320528559,0.0329148956,0.0631750077,0.0735908449,0.3146338463,0.3142554164,0.0346097760,0.0000000000,0.0000000000,0.0158469696,0.1942234188,0.2112351656,0.1770903617,0.2058258504,0.0000020822,0.0000000000,0.0000000000,0.0000000000,-0.0100819292,0.1257805973,-0.0012748189,0.0654395595,0.1258572340,0.0082737077
00:42:03:48.892,61,0.2326385677,0.2059089094,0.1085934117,0.0000000000,0.0000000000,0.1130016372,0.0000000000,0.2323589772,0.2062227875,0.0160238948,0.0000000000,0.0000000000,0.1130047664,0.0000000000,0.2322822958,0.0000000000,0.0135274669,0.0208964124,0.0172533784,0.0363318510,0.1051257551,0.0000000000,0.0085828053,0.0000000000,0.0000000000,0.7814162374,0.7700753808,0.0361284539,0.0345249102,0.2870795727,0.2892790437,0.1660078019,0.0044374317,0.7487497330,0.6590021849,0.1402753145,0.1488974690,0.0319650397,0.0328402855,0.0630568266,0.0732513890,0.3141303062,0.3137435913,0.0345290080,0.0000000000,0.0000000000,0.0158612281,0.1921535730,0.2072934806,0.1776639968,0.2061367482,0.0000016266,0.0000000000,0.0000000000,0.0000000000,-0.0097108716,0.1259803027,-0.0012298721,0.0658111200,0.1260569394,0.0083339596
00:42:03:49.894,61,0.2322983295,0.2063730806,0.1091713309,0.0000000000,0.0000000000,0.1121007502,0.0000000000,0.2320160866,0.2066934407,0.0154361334,0.0000000000,0.0000000000,0.1121036261,0.0000000000,0.2339970618,0.0000000000,0.0140146324,0.0208249893,0.0171995014,0.0365180783,0.1058516204,0.0000000000,0.0080451844,0.0000000000,0.0000000000,0.7823936939,0.7721893191,0.0355238952,0.0339005403,0.2856450379,0.2885318100,0.1663114876,0.0044196011,0.7490911484,0.6593978405,0.1407676041,0.1491667926,0.0318439119,0.0327345468,0.0629492179,0.0729155913,0.3138309419,0.3134382367,0.0344358869,0.0000000000,0.0000000000,0.0158543661,0.1910960972,0.2054159641,0.1779657602,0.2062210739,0.0000009606,0.0000000000,0.0000000000,0.0000000000,-0.0093543343,0.1262674034,-0.0011874471,0.0661589652,0.1263440251,0.0083972262
00:42:03:50.896,61,0.2319996953,0.2071417123,0.1092853472,0.0000000000,0.0000000000,0.1109578684,0.0000000000,0.2317174226,0.2074647397,0.0153006269,0.0000000000,0.0000000000,0.1109603047,0.0000000000,0.2347003222,0.0000000000,0.0144022303,0.0207543876,0.0171418246,0.0366461687,0.1061729640,0.0000000000,0.0075796898,0.0000000000,0.0000000000,0.7868342996,0.7775405049,0.0349057950,0.0332693309,0.2847450376,0.2879129052,0.1664430797,0.0043985960,0.7492090464,0.6596988440,0.1410987973,0.1492753029,0.0316865705,0.0325943492,0.0627795085,0.0725352466,0.3133628964,0.3129670024,0.0344240144,0.0000000000,0.0000000000,0.0158049390,0.1893685460,0.2035128176,0.1783686578,0.2064718604,0.0000005395,0.0000000000,0.0000000000,0.0000000000,-0.0092716608,0.1267384738,-0.0011813910,0.0662240982,0.1268151551,0.0084371623
00:42:03:51.898,61,0.2316337824,0.2079381198,0.1096318662,0.0000000000,0.0000000000,0.1101832762,0.0000000000,0.2313529104,0.2082662284,0.0149054518,0.0000000000,0.0000000000,0.1101856083,0.0000000000,0.2349503636,0.0000000000,0.0146465050,0.0207192414,0.0171380229,0.0368260816,0.1063666493,0.0000000000,0.0072396123,0.0000000000,0.0000000000,0.7884070873,0.7793475389,0.0342791080,0.0326484628,0.2841467857,0.2875430286,0.1664486080,0.0043876916,0.7475565076,0.6575326324,0.1411945075,0.1491827220,0.0316112638,0.0325361080,0.0626210049,0.0722126663,0.3124292493,0.3120408654,0.0345003419,0.0000000000,0.0000000000,0.0157442018,0.1887045503,0.2029131055,0.1806594431,0.2085493207,0.0000008136,0.0000000000,0.0000000000,0.0000000000,-0.0090316357,0.1272278428,-0.0011552995,0.0664299652,0.1273044944,0.0084963581
00:42:03:52.899,61,0.2312844843,0.2083141655,0.1095929891,0.0000000000,0.0000000000,0.1096454784,0.0000000000,0.2310063243,0.2086427659,0.0149146151,0.0000000000,0.0000000000,0.1096479073,0.0000000000,0.2350913286,0.0000000000,0.0147543382,0.0206870139,0.0171374399,0.0369904935,0.1064692214,0.0000000000,0.0070616994,0.0000000000,0.0000000000,0.7892690301,0.7801821232,0.0337009244,0.0320895873,0.2837353647,0.2872819006,0.1664890796,0.0043796161,0.7464396954,0.6559762955,0.1412127018,0.1490482390,0.0315568522,0.0325041674,0.0624919012,0.0719805211,0.3123993278,0.3120155036,0.0345620476,0.0000000000,0.0000000000,0.0156837441,0.1883101761,0.2028021067,0.1818009615,0.2100128978,0.0000012988,0.0000000000,0.0000000000,0.0000000000,-0.0090369191,0.1274578571,-0.0011580882,0.0664044619,0.1275344938,0.0085086133
00:42:03:53.900,61,0.2310123593,0.2084092796,0.1094394550,0.0000000000,0.0000000000,0.1092547923,0.0000000000,0.2307361513,0.2087366581,0.0150307156,0.0000000000,0.0000000000,0.1092573032,0.0000000000,0.2352628112,0.0000000000,0.0148864258,0.0206420515,0.0171311814,0.0372385159,0.1067942083,0.0000000000,0.0067425547,0.0000000000,0.0000000000,0.7896766663,0.7805273533,0.0331989937,0.0315891542,0.2834270298,0.2869596779,0.1664515436,0.0043674391,0.7458992600,0.6552965641,0.1413963884,0.1490864307,0.0315295570,0.0324970745,0.0623706803,0.0717285872,0.3129126132,0.3125327528,0.0345107652,0.0000000000,0.0000000000,0.0156813972,0.1878918707,0.2025800943,0.1822690517,0.2104924917,0.0000017242,0.0000000000,0.0000000000,0.0000000000,-0.0091071986,0.1275153011,-0.0011676260,0.0663109273,0.1275919229,0.0085005146
00:42:03:54.902,61,0.2308136523,0.2082975507,0.1090389863,0.0000000000,0.0000000000,0.1088347211,0.0000000000,0.2305394411,0.2086210102,0.0153695615,0.0000000000,0.0000000000,0.1088372692,0.0000000000,0.2355997562,0.0000000000,0.0150697902,0.0206046849,0.0171281975,0.0375682339,0.1072258726,0.0000000000,0.0063650236,0.0000000000,0.0000000000,0.7900018692,0.7808005810,0.0327412151,0.0311224107,0.2829380333,0.2864087820,0.1665799022,0.0043593175,0.7456341386,0.6549920440,0.1417728812,0.1493033469,0.0315127894,0.0325054713,0.0622425526,0.0714474618,0.3134222925,0.3130445480,0.0343856998,0.0000000000,0.0000000000,0.0157245155,0.1872465312,0.2020024955,0.1823462993,0.2104880512,0.0000018366,0.0000000000,0.0000000000,0.0000000000,-0.0093125915,0.1274448931,-0.0011932921,0.0660688654,0.1275214851,0.0084648049
00:42:03:55.904,61,0.2306251526,0.2081959099,0.1085483804,0.0000000000,0.0000000000,0.1079593301,0.0000000000,0.2303519100,0.2085144669,0.0158350207,0.0000000000,0.0000000000,0.1079618782,0.0000000000,0.2356916517,0.0000000000,0.0152918184,0.0205251426,0.0170970205,0.0378831886,0.1079179421,0.0000000000,0.0059046289,0.0000000000,0.0000000000,0.7917422056,0.7828318477,0.0322244316,0.0305887330,0.2826118469,0.2859954536,0.1662158221,0.0043379497,0.7455619574,0.6550322175,0.1421615779,0.1495058388,0.0314723589,0.0324919559,0.0620649531,0.0710822269,0.3133106232,0.3129320741,0.0343194678,0.0000000000,0.0000000000,0.0157739185,0.1839630604,0.1986272782,0.1823487133,0.2103313953,0.0000017195,0.0000000000,0.0000000000,0.0000000000,-0.0095946994,0.1273801476,-0.0012288082,0.0657721236,0.1274567246,0.0084225163
00:42:03:56.905,61,0.2306453884,0.2092094868,0.1077400148,0.0000000000,0.0000000000,0.1064077318,0.0000000000,0.2303724289,0.2095223963,0.0166112855,0.0000000000,0.0000000000,0.1064104959,0.0000000000,0.2355186790,0.0000000000,0.0154053448,0.0204395149,0.0170670189,0.0381503664,0.1084446982,0.0000000000,0.0055175447,0.0000000000,0.0000000000,0.7947224379,0.7854690552,0.0316661224,0.0300243869,0.2823236585,0.2856366634,0.1656348556,0.0043146010,0.7452329993,0.6548462510,0.1424384713,0.1495770514,0.0314206742,0.0324722715,0.0618729405,0.0707188100,0.3126675785,0.3122830391,0.0343693458,0.0000000000,0.0000000000,0.0158043057,0.1799889356,0.1953994334,0.1826087981,0.2104614377,0.0000014875,0.0000000000,0.0000000000,0.0000000000,-0.0100642545,0.1279964745,-0.0012952479,0.0652771518,0.1280730814,0.0084000919
00:42:03:57.906,61,0.2308847010,0.2106964141,0.1061466932,0.0000000000,0.0000000000,0.1041500643,0.0000000000,0.2306142747,0.2109969109,0.0181633215,0.0000000000,0.0000000000,0.1041536480,0.0000000000,0.2352326661,0.0000000000,0.0154359257,0.0203394089,0.0170118455,0.0383739993,0.1089732125,0.0000000000,0.0052436264,0.0000000000,0.0000000000,0.7982667089,0.7881861329,0.0311298426,0.0294882227,0.2818717360,0.2851027250,0.1650069207,0.0042850245,0.7451379299,0.6550316215,0.1427821517,0.1497275680,0.0313106067,0.0324120112,0.0616297461,0.0703381747,0.3109344840,0.3105702102,0.0344406590,0.0000000000,0.0000000000,0.0158423502,0.1727182269,0.1894027442,0.1824812889,0.2102214694,0.0000013014,0.0000000000,0.0000000000,0.0000000000,-0.0110033033,0.1288985163,-0.0014261877,0.0643042624,0.1289751977,0.0083340099
00:42:03:58.908,61,0.2316843867,0.2124488950,0.1050402150,0.0000000000,0.0000000000,0.1027531624,0.0000000000,0.2314416915,0.2127420008,0.0192368552,0.0000000000,0.0000000000,0.1027570367,0.0000000000,0.2349127829,0.0000000000,0.0155029064,0.0202786215,0.0169685204,0.0385728739,0.1093223393,0.0000000000,0.0051153251,0.0000000000,0.0000000000,0.7997258902,0.7893295884,0.0307246633,0.0290811136,0.2812851965,0.2844497263,0.1647115797,0.0042635221,0.7450938821,0.6552381516,0.1431498528,0.1499391943,0.0311878398,0.0323411524,0.0613683239,0.0699829087,0.3101647198,0.3098100126,0.0344267227,0.0000000000,0.0000000000,0.0158763938,0.1697956622,0.1865539253,0.1821278036,0.2097723782,0.0000013303,0.0000000000,0.0000000000,0.0000000000,-0.0116520310,0.1299655437,-0.0015229115,0.0636251047,0.1300422549,0.0083151059
00:42:03:59.909,61,0.2322495431,0.2140044719,0.1041796207,0.0000000000,0.0000000000,0.1019757912,0.0000000000,0.2320183665,0.2142919898,0.0200946908,0.0000000000,0.0000000000,0.1019797400,0.0000000000,0.2350444198,0.0000000000,0.0155876949,0.0202484466,0.0169413220,0.0388299525,0.1095310077,0.0000000000,0.0050674323,0.0000000000,0.0000000000,0.8000441194,0.7894005775,0.0304667186,0.0288232565,0.2794377804,0.2824315429,0.1649955660,0.0042575668,0.7453527451,0.6556969881,0.1437258124,0.1503954828,0.0311008506,0.0323044173,0.0612201914,0.0697721764,0.3138406575,0.3135408759,0.0343580805,0.0000000000,0.0000000000,0.0159529801,0.1683274209,0.1851506680,0.1817715615,0.2093766928,0.0000011047,0.0000000000,0.0000000000,0.0000000000,-0.0121701220,0.1309133172,-0.0016023546,0.0630959719,0.1309900582,0.0083068358
00:42:04:00.911,61,0.2328635901,0.2160238624,0.1034566090,0.0000000000,0.0000000000,0.1013442576,0.0000000000,0.2326420993,0.2163079083,0.0208191704,0.0000000000,0.0000000000,0.1013481393,0.0000000000,0.2351159304,0.0000000000,0.0157097802,0.0202314500,0.0169038642,0.0390082523,0.1095119566,0.0000000000,0.0050862916,0.0000000000,0.0000000000,0.8000386357,0.7892041802,0.0302882306,0.0286467355,0.2775085270,0.2807036340,0.1654550135,0.0042536356,0.7458343506,0.6572307348,0.1443265080,0.1508874297,0.0309772827,0.0322287753,0.0610887371,0.0695964396,0.3161350489,0.3158676028,0.0342717245,0.0000000000,0.0000000000,0.0160100460,0.1673205942,0.1841105670,0.1813416183,0.2089319378,0.0000008601,0.0000000000,0.0000000000,0.0000000000,-0.0126068406,0.1321455538,-0.0016756571,0.0626478642,0.1322223991,0.0083264206
00:42:04:01.913,61,0.2334890515,0.2170447260,0.1024425849,0.0000000000,0.0000000000,0.1006800979,0.0000000000,0.2332753688,0.2173204571,0.0218412410,0.0000000000,0.0000000000,0.1006839126,0.0000000000,0.2350211442,0.0000000000,0.0157988500,0.0202114638,0.0168512538,0.0391197093,0.1094257385,0.0000000000,0.0050718980,0.0000000000,0.0000000000,0.8004112244,0.7894318700,0.0301119331,0.0284673758,0.2764174044,0.2795001864,0.1658168435,0.0042410190,0.7464309931,0.6599217653,0.1448919475,0.1513480395,0.0307955556,0.0320970714,0.0608773939,0.0693320706,0.3170065880,0.3167526722,0.0341713354,0.0000000000,0.0000000000,0.0160431396,0.1661981493,0.1824015081,0.1799802184,0.2071241885,0.0000007189,0.0000000000,0.0000000000,0.0000000000,-0.0132246548,0.1327652037,-0.0017661101,0.0620286949,0.1328420639,0.0082833329
00:42:04:02.915,61,0.2341600955,0.2175160646,0.1015288904,0.0000000000,0.0000000000,0.0999700427,0.0000000000,0.2339522094,0.2177834958,0.0227437597,0.0000000000,0.0000000000,0.0999738947,0.0000000000,0.2346080542,0.0000000000,0.0157415196,0.0201837178,0.0167910140,0.0391567834,0.1092536971,0.0000000000,0.0050495253,0.0000000000,0.0000000000,0.8017829657,0.7900304794,0.0298801214,0.0282382797,0.2755795717,0.2785429657,0.1659943461,0.0042218817,0.7467728853,0.6610957384,0.1453255862,0.1516689062,0.0305829048,0.0319335312,0.0605757982,0.0689751357,0.3168796301,0.3166384697,0.0341108963,0.0000000000,0.0000000000,0.0160526298,0.1627273262,0.1785557717,0.1777249426,0.2045177221,0.0000009161,0.0000000000,0.0000000000,0.0000000000,-0.0137705989,0.1330490559,-0.0018429928,0.0614730939,0.1331259906,0.0082269860
00:42:04:03.917,61,0.2347329110,0.2172984034,0.1010629535,0.0000000000,0.0000000000,0.0995488539,0.0000000000,0.2345284820,0.2175608277,0.0231998172,0.0000000000,0.0000000000,0.0995528102,0.0000000000,0.2342738360,0.0000000000,0.0156392865,0.0201728418,0.0167526156,0.0392052233,0.1089864820,0.0000000000,0.0049911169,0.0000000000,0.0000000000,0.8026586175,0.7906201482,0.0296408702,0.0280031841,0.2750947773,0.2779098153,0.1661920249,0.0042039547,0.7468539476,0.6616529822,0.1455256194,0.1517619491,0.0304225422,0.0318175443,0.0602678545,0.0686146542,0.3165660203,0.3163302541,0.0340681635,0.0000000000,0.0000000000,0.0160389561,0.1614088714,0.1771309525,0.1765481830,0.2031827271,0.0000014134,0.0000000000,0.0000000000,0.0000000000,-0.0140469838,0.1329135299,-0.0018780431,0.0611920804,0.1329904348,0.0081809899
00:42:04:04.917,61,0.2353624851,0.2168545425,0.1004074886,0.0000000000,0.0000000000,0.0993206203,0.0000000000,0.2351602912,0.2171097845,0.0238336604,0.0000000000,0.0000000000,0.0993246585,0.0000000000,0.2339097261,0.0000000000,0.0155053781,0.0201681498,0.0167239122,0.0392367579,0.1088404804,0.0000000000,0.0048631788,0.0000000000,0.0000000000,0.8048206568,0.7921564579,0.0293519367,0.0277175754,0.2748075128,0.2773976922,0.1662369817,0.0041828593,0.7465739846,0.6616506577,0.1456190497,0.1517602056,0.0302745774,0.0317101888,0.0598599650,0.0681267977,0.3158251941,0.3155891299,0.0340088233,0.0000000000,0.0000000000,0.0160304569,0.1603739560,0.1760099679,0.1729601324,0.1988955885,0.0000020994,0.0000000000,0.0000000000,0.0000000000,-0.0144312913,0.1326387227,-0.0019253837,0.0607974082,0.1327155530,0.0081112944
00:42:04:05.919,61,0.2359642237,0.2160558999,0.1003285646,0.0000000000,0.0000000000,0.0990661308,0.0000000000,0.2357610166,0.2163090706,0.0239036214,0.0000000000,0.0000000000,0.0990701690,0.0000000000,0.2335124761,0.0000000000,0.0153996861,0.0201642495,0.0166939236,0.0392469205,0.1089236885,0.0000000000,0.0046484238,0.0000000000,0.0000000000,0.8070791364,0.7943205833,0.0290663913,0.0274281967,0.2745212317,0.2768520415,0.1661528796,0.0041619777,0.7462366223,0.6615458131,0.1457682550,0.1518062055,0.0301153921,0.0315867849,0.0593619570,0.0675250217,0.3118023574,0.3115436733,0.0339220576,0.0000000000,0.0000000000,0.0160496645,0.1584368497,0.1731016338,0.1673187464,0.1918001622,0.0000024901,0.0000000000,0.0000000000,0.0000000000,-0.0144745940,0.1321496218,-0.0019239560,0.0607535727,0.1322263926,0.0080752280
00:42:04:06.920,61,0.2364341021,0.2156298906,0.1004808471,0.0000000000,0.0000000000,0.0986881629,0.0000000000,0.2362273932,0.2158838660,0.0237447191,0.0000000000,0.0000000000,0.0986921191,0.0000000000,0.2331764996,0.0000000000,0.0153523888,0.0201537032,0.0166629162,0.0392390043,0.1092117578,0.0000000000,0.0043641576,0.0000000000,0.0000000000,0.8082533479,0.7954921126,0.0287708305,0.0271286592,0.2740823328,0.2762248814,0.1659842283,0.0041450327,0.7457703352,0.6612105370,0.1460051537,0.1519272476,0.0299655274,0.0314667262,0.0588791706,0.0669111907,0.3077370524,0.3074435592,0.0338539891,0.0000000000,0.0000000000,0.0161002427,0.1568528712,0.1705018580,0.1644711196,0.1882403940,0.0000026723,0.0000000000,0.0000000000,0.0000000000,-0.0143788699,0.1318896860,-0.0019074295,0.0608478822,0.1319664568,0.0080716619
00:42:04:07.923,61,0.2367776781,0.2150424123,0.1007919684,0.0000000000,0.0000000000,0.0983345434,0.0000000000,0.2365672141,0.2152985036,0.0234315135,0.0000000000,0.0000000000,0.0983384028,0.0000000000,0.2331044227,0.0000000000,0.0153807243,0.0201518741,0.0166396461,0.0392143875,0.1095026359,0.0000000000,0.0040003150,0.0000000000,0.0000000000,0.8089640737,0.7963302732,0.0284940600,0.0268426742,0.2737050354,0.2757018507,0.1659467220,0.0041306340,0.7456209064,0.6611832976,0.1462090760,0.1520166546,0.0298358425,0.0313556045,0.0585212111,0.0664146617,0.3051345944,0.3048161268,0.0337920152,0.0000000000,0.0000000000,0.0161352176,0.1560332179,0.1692800969,0.1630990803,0.1865542233,0.0000024186,0.0000000000,0.0000000000,0.0000000000,-0.0141898766,0.1315316707,-0.0018771917,0.0610391907,0.1316084862,0.0080747874
00:42:04:08.924,61,0.2371205240,0.2148515284,0.1007573754,0.0000000000,0.0000000000,0.0979727656,0.0000000000,0.2369100153,0.2151070088,0.0234516971,0.0000000000,0.0000000000,0.0979765803,0.0000000000,0.2331743389,0.0000000000,0.0154325273,0.0201616138,0.0166385416,0.0392294265,0.1096319035,0.0000000000,0.0036959867,0.0000000000,0.0000000000,0.8094295263,0.7969262004,0.0282206368,0.0265644956,0.2733919024,0.2753319144,0.1660508066,0.0041209408,0.7455088496,0.6611533165,0.1463511437,0.1520481855,0.0297425594,0.0312838890,0.0582983345,0.0660765916,0.3032854199,0.3029640615,0.0337764360,0.0000000000,0.0000000000,0.0161420312,0.1556818187,0.1687705070,0.1628113240,0.1861487776,0.0000019342,0.0000000000,0.0000000000,0.0000000000,-0.0142023200,0.1314147264,-0.0018771475,0.0610191822,0.1314914823,0.0080648847
00:42:04:09.926,61,0.2374863178,0.2151173800,0.1007101089,0.0000000000,0.0000000000,0.0975691751,0.0000000000,0.2372801751,0.2153728455,0.0234910920,0.0000000000,0.0000000000,0.0975729525,0.0000000000,0.2333198190,0.0000000000,0.0155505808,0.0201722290,0.0166370180,0.0392895080,0.1094937623,0.0000000000,0.0036036675,0.0000000000,0.0000000000,0.8096318245,0.7972229719,0.0280408468,0.0263851583,0.2731312215,0.2751398981,0.1662662923,0.0041154865,0.7455860972,0.6612805724,0.1464395970,0.1520442665,0.0296753161,0.0312406253,0.0582122579,0.0659305975,0.3024860919,0.3021655679,0.0337640643,0.0000000000,0.0000000000,0.0161139499,0.1556441933,0.1687423438,0.1651312709,0.1901364326,0.0000016653,0.0000000000,0.0000000000,0.0000000000,-0.0142258713,0.1315771788,-0.0018826118,0.0609892495,0.1316539049,0.0080710081
00:42:04:10.927,61,0.2379832417,0.2155093253,0.1006943136,0.0000000000,0.0000000000,0.0971139371,0.0000000000,0.2377822101,0.2157653123,0.0235007647,0.0000000000,0.0000000000,0.0971176997,0.0000000000,0.2334024608,0.0000000000,0.0156256258,0.0201775692,0.0166306347,0.0393185988,0.1092599109,0.0000000000,0.0035500282,0.0000000000,0.0000000000,0.8099482059,0.7976174951,0.0278588161,0.0262047909,0.2729976177,0.2750514150,0.1663858294,0.0041046781,0.7457497716,0.6615634561,0.1464513689,0.1519777924,0.0295932125,0.0311830398,0.0581534170,0.0658271462,0.3022143841,0.3018968999,0.0337625854,0.0000000000,0.0000000000,0.0160620380,0.1555292755,0.1686940342,0.1664066017,0.1922377348,0.0000015078,0.0000000000,0.0000000000,0.0000000000,-0.0142312786,0.1318169832,-0.0018867993,0.0609777458,0.1318937391,0.0080843568
00:42:04:11.929,61,0.2384431064,0.2152892500,0.1012282595,0.0000000000,0.0000000000,0.0966942236,0.0000000000,0.2382454574,0.2155502141,0.0229448862,0.0000000000,0.0000000000,0.0966979638,0.0000000000,0.2333865166,0.0000000000,0.0156745538,0.0201816205,0.0166142751,0.0392835103,0.1089580730,0.0000000000,0.0033704643,0.0000000000,0.0000000000,0.8105773330,0.7989304662,0.0276743919,0.0260123648,0.2729743421,0.2750022411,0.1664380878,0.0040896544,0.7459771037,0.6619898081,0.1464148462,0.1518523246,0.0294764880,0.0310790669,0.0580264479,0.0656203404,0.3015131354,0.3011968732,0.0337712690,0.0000000000,0.0000000000,0.0159868021,0.1554004848,0.1685822308,0.1670996845,0.1931804717,0.0000015724,0.0000000000,0.0000000000,0.0000000000,-0.0138948988,0.1316849440,-0.0018403378,0.0613021813,0.1317616850,0.0081190821
00:42:04:12.930,61,0.2387739420,0.2159373462,0.1026617363,0.0000000000,0.0000000000,0.0962635949,0.0000000000,0.2385768145,0.2162136137,0.0215085559,0.0000000000,0.0000000000,0.0962672681,0.0000000000,0.2335821390,0.0000000000,0.0158184096,0.0201829560,0.0166055337,0.0392733365,0.1086434349,0.0000000000,0.0032325843,0.0000000000,0.0000000000,0.8119456172,0.8013146520,0.0274808258,0.0258103348,0.2731005847,0.2751906812,0.1664540470,0.0040740957,0.7462453842,0.6624267697,0.1462596208,0.1515963823,0.0293833688,0.0310025048,0.0579302087,0.0654570535,0.2989478707,0.2986247241,0.0338582583,0.0000000000,0.0000000000,0.0158793312,0.1556141675,0.1688591242,0.1684000045,0.1943707913,0.0000015153,0.0000000000,0.0000000000,0.0000000000,-0.0130243897,0.1320886761,-0.0017303994,0.0621669777,0.1321654469,0.0082589919
00:42:04:13.933,61,0.2388550937,0.2167200744,0.1040968671,0.0000000000,0.0000000000,0.0958814174,0.0000000000,0.2386574447,0.2170120627,0.0200540368,0.0000000000,0.0000000000,0.0958850309,0.0000000000,0.2339463681,0.0000000000,0.0159375165,0.0201931037,0.0166209340,0.0393403210,0.1083250120,0.0000000000,0.0031420316,0.0000000000,0.0000000000,0.8126589060,0.8023601174,0.0272877757,0.0256134756,0.2732375562,0.2754383385,0.1665297747,0.0040696808,0.7461562753,0.6623113751,0.1460542977,0.1512915641,0.0293531865,0.0309857614,0.0578854121,0.0653546304,0.2978853881,0.2975590825,0.0339677744,0.0000000000,0.0000000000,0.0157811083,0.1560673267,0.1694678962,0.1736553609,0.1998922676,0.0000015178,0.0000000000,0.0000000000,0.0000000000,-0.0121428268,0.1325749457,-0.0016192920,0.0630320013,0.1326517612,0.0084049311
00:42:04:14.934,61,0.2390091419,0.2178961188,0.1054985449,0.0000000000,0.0000000000,0.0955870301,0.0000000000,0.2388104498,0.2182042599,0.0186391510,0.0000000000,0.0000000000,0.0955905914,0.0000000000,0.2342479974,0.0000000000,0.0160356108,0.0202263612,0.0166549571,0.0394272320,0.1080280170,0.0000000000,0.0030964983,0.0000000000,0.0000000000,0.8130488396,0.8029024601,0.0271498188,0.0254721195,0.2734213471,0.2757194638,0.1665991396,0.0040697064,0.7459318042,0.6619870067,0.1458620876,0.1510109752,0.0293493140,0.0309974048,0.0578407869,0.0652738363,0.2969559431,0.2966274917,0.0340395086,0.0000000000,0.0000000000,0.0156959351,0.1566255987,0.1701362580,0.1756223440,0.2019720525,0.0000012163,0.0000000000,0.0000000000,0.0000000000,-0.0112850061,0.1333019435,-0.0015132539,0.0638745651,0.1333787739,0.0085643595
00:42:04:15.935,61,0.2392006963,0.2189599425,0.1062666252,0.0000000000,0.0000000000,0.0953196213,0.0000000000,0.2390027493,0.2192778438,0.0178579446,0.0000000000,0.0000000000,0.0953231305,0.0000000000,0.2342345417,0.0000000000,0.0161677152,0.0202562269,0.0167034734,0.0396094173,0.1079263762,0.0000000000,0.0031664090,0.0000000000,0.0000000000,0.8134579062,0.8033327460,0.0270006862,0.0253199097,0.2738171518,0.2762053609,0.1662722826,0.0040651951,0.7453904152,0.6601799726,0.1455936581,0.1506652832,0.0293875337,0.0310616978,0.0577444546,0.0651656687,0.2962592542,0.2959297001,0.0340719000,0.0000000000,0.0000000000,0.0156353526,0.1571625620,0.1708206236,0.1769114584,0.2033525407,0.0000008440,0.0000000000,0.0000000000,0.0000000000,-0.0108110746,0.1339571029,-0.0014569159,0.0643339828,0.1340339929,0.0086687505
00:42:04:16.937,61,0.2393040806,0.2207698673,0.1080996618,0.0000000000,0.0000000000,0.0950457901,0.0000000000,0.2391031533,0.2211102992,0.0158794466,0.0000000000,0.0000000000,0.0950491950,0.0000000000,0.2345843613,0.0000000000,0.0162849557,0.0203053039,0.0167836566,0.0398854502,0.1078509018,0.0000000000,0.0031360453,0.0000000000,0.0000000000,0.8135281801,0.8034412265,0.0268717892,0.0251874588,0.2741657794,0.2766275704,0.1661232710,0.0040755621,0.7441762090,0.6567040086,0.1454570293,0.1504496783,0.0294982549,0.0311850067,0.0577305667,0.0651233420,0.2957706451,0.2954354584,0.0341270976,0.0000000000,0.0000000000,0.0156022636,0.1580752134,0.1719024628,0.1801873296,0.2070431411,0.0000007515,0.0000000000,0.0000000000,0.0000000000,-0.0096118515,0.1350748837,-0.0013062529,0.0654338896,0.1351516545,0.0088911559
00:42:04:17.939,61,0.2390460372,0.2218140513,0.1094753593,0.0000000000,0.0000000000,0.0947107971,0.0000000000,0.2388412505,0.2221705765,0.0144898091,0.0000000000,0.0000000000,0.0947140753,0.0000000000,0.2351113558,0.0000000000,0.0164082218,0.0203310195,0.0168603715,0.0402359068,0.1078832746,0.0000000000,0.0031465341,0.0000000000,0.0000000000,0.8136212826,0.8035664558,0.0267281700,0.0250465758,0.2744656205,0.2770716548,0.1660003066,0.0040889052,0.7436105609,0.6554265618,0.1454274058,0.1503285170,0.0296187699,0.0313207917,0.0577830337,0.0651641563,0.2945278883,0.2941805720,0.0342389680,0.0000000000,0.0000000000,0.0155705353,0.1589185745,0.1737497002,0.1862454712,0.2141673863,0.0000006531,0.0000000000,0.0000000000,0.0000000000,-0.0087699285,0.1357215494,-0.0011976149,0.0662608221,0.1357983202,0.0090469634
00:42:04:18.940,61,0.2385940999,0.2225456238,0.1106624082,0.0000000000,0.0000000000,0.0944464803,0.0000000000,0.2383857667,0.2229157388,0.0132957809,0.0000000000,0.0000000000,0.0944496319,0.0000000000,0.2356107682,0.0000000000,0.0165125951,0.0203588568,0.0169433672,0.0406118594,0.1080799252,0.0000000000,0.0032046624,0.0000000000,0.0000000000,0.8133916855,0.8033139110,0.0266013555,0.0249276329,0.2745343745,0.2773013413,0.1658745855,0.0041108746,0.7426012754,0.6531161070,0.1454938352,0.1503187865,0.0297620576,0.0314829573,0.0577999465,0.0651733056,0.2939805984,0.2936281562,0.0343229659,0.0000000000,0.0000000000,0.0155851096,0.1596250087,0.1747955382,0.1885350496,0.2167671174,0.0000005791,0.0000000000,0.0000000000,0.0000000000,-0.0080467435,0.1361759007,-0.0011025842,0.0669751987,0.1362527609,0.0091753285
00:42:04:19.942,61,0.2382075042,0.2230128497,0.1117922440,0.0000000000,0.0000000000,0.0941686407,0.0000000000,0.2379975468,0.2233955860,0.0121357543,0.0000000000,0.0000000000,0.0941716954,0.0000000000,0.2359872162,0.0000000000,0.0166500695,0.0203906167,0.0170328338,0.0410119928,0.1082478464,0.0000000000,0.0033551364,0.0000000000,0.0000000000,0.8133073449,0.8031691909,0.0264868215,0.0248220973,0.2747153044,0.2776899934,0.1656639278,0.0041274778,0.7416567206,0.6514630914,0.1454856843,0.1502328068,0.0299118590,0.0316615477,0.0577861257,0.0651805252,0.2930016518,0.2926546633,0.0344063565,0.0000000000,0.0000000000,0.0155926757,0.1603189260,0.1759576201,0.1899177134,0.2183233052,0.0000006235,0.0000000000,0.0000000000,0.0000000000,-0.0073443898,0.1364683062,-0.0010085359,0.0676563010,0.1365451515,0.0092886304
00:42:04:20.943,61,0.2380246967,0.2234592140,0.1124845222,0.0000000000,0.0000000000,0.0939088762,0.0000000000,0.2378145903,0.2238500118,0.0114197824,0.0000000000,0.0000000000,0.0939118341,0.0000000000,0.2362636179,0.0000000000,0.0168197174,0.0204356071,0.0171322152,0.0413971581,0.1084417626,0.0000000000,0.0034987123,0.0000000000,0.0000000000,0.8133893609,0.8031888604,0.0263535138,0.0246953350,0.2749826312,0.2781445384,0.1653442532,0.0041400874,0.7400580645,0.6491919160,0.1453356892,0.1500124931,0.0300607756,0.0318406820,0.0577121824,0.0651216209,0.2901619971,0.2898306549,0.0344647281,0.0000000000,0.0000000000,0.0155922491,0.1609531492,0.1768020540,0.1906827092,0.2191603333,0.0000005482,0.0000000000,0.0000000000,0.0000000000,-0.0069108303,0.1367454976,-0.0009509518,0.0680727214,0.1368223578,0.0093649179
00:42:04:21.945,61,0.2376996726,0.2229339480,0.1136863083,0.0000000000,0.0000000000,0.0942679867,0.0000000000,0.2374870926,0.2233359665,0.0101852873,0.0000000000,0.0000000000,0.0942708552,0.0000000000,0.2366996557,0.0000000000,0.0170272347,0.0205083378,0.0172601491,0.0418359414,0.1084720343,0.0000000000,0.0036043387,0.0000000000,0.0000000000,0.8133305311,0.8031096458,0.0262350459,0.0245819241,0.2752856016,0.2786540091,0.1653022021,0.0041593681,0.7367807627,0.6443467140,0.1452335864,0.1498349607,0.0302364882,0.0320418030,0.0575836897,0.0649854466,0.2894489169,0.2891220152,0.0344778411,0.0000000000,0.0000000000,0.0155992564,0.1655563414,0.1819908321,0.1911204308,0.2195614725,0.0000004025,0.0000000000,0.0000000000,0.0000000000,-0.0061640246,0.1364308000,-0.0008462141,0.0688030198,0.1365076154,0.0094431778
00:42:04:22.946,61,0.2371499091,0.2210046351,0.1155487373,0.0000000000,0.0000000000,0.0960614011,0.0000000000,0.2369323373,0.2214212716,0.0082681645,0.0000000000,0.0000000000,0.0960639268,0.0000000000,0.2372530401,0.0000000000,0.0172179211,0.0205810424,0.0173986610,0.0422174335,0.1084344164,0.0000000000,0.0036829235,0.0000000000,0.0000000000,0.8131679893,0.8029505610,0.0260674227,0.0244265161,0.2758455575,0.2801226079,0.1652750075,0.0041781683,0.7317849994,0.6376667023,0.1450488269,0.1495819986,0.0304412730,0.0322650857,0.0574489050,0.0648327768,0.2934156954,0.2930864096,0.0344839692,0.0000000000,0.0000000000,0.0155953271,0.1722991019,0.1900470853,0.1916183829,0.2200269997,0.0000003953,0.0000000000,0.0000000000,0.0000000000,-0.0050046034,0.1352602988,-0.0006810797,0.0699413866,0.1353369951,0.0095158229
00:42:04:23.948,61,0.2347983569,0.2179450691,0.1167262048,0.0000000000,0.0000000000,0.0973964855,0.0000000000,0.2345668375,0.2183663994,0.0070522293,0.0000000000,0.0000000000,0.0973986462,0.0000000000,0.2384156436,0.0000000000,0.0174506288,0.0206521079,0.0175257083,0.0425908864,0.1082700342,0.0000000000,0.0037541778,0.0000000000,0.0000000000,0.8132795691,0.8030706048,0.0259149857,0.0242797863,0.2764845490,0.2815285623,0.1654109657,0.0041954010,0.7298603058,0.6352752447,0.1448296756,0.1492930651,0.0306353550,0.0324775651,0.0573044419,0.0646718964,0.2959218621,0.2956022322,0.0344367176,0.0000000000,0.0000000000,0.0155716054,0.1748038381,0.1929011047,0.1920448244,0.2203944921,0.0000003757,0.0000000000,0.0000000000,0.0000000000,-0.0042696916,0.1333936900,-0.0005729505,0.0706719309,0.1334702373,0.0094808321
00:42:04:24.950,61,0.2337330580,0.2168887854,0.1172903925,0.0000000000,0.0000000000,0.0981937274,0.0000000000,0.2334973663,0.2173131853,0.0065086763,0.0000000000,0.0000000000,0.0981956720,0.0000000000,0.2395577580,0.0000000000,0.0176924467,0.0207094960,0.0176302884,0.0429017805,0.1081777364,0.0000000000,0.0038319121,0.0000000000,0.0000000000,0.8135583401,0.8033663630,0.0257504936,0.0241208673,0.2769597769,0.2823415995,0.1655171663,0.0042080507,0.7287551761,0.6340794563,0.1446555406,0.1490536481,0.0307854507,0.0326425694,0.0571530163,0.0645086989,0.2974694967,0.2971506417,0.0343647897,0.0000000000,0.0000000000,0.0155553222,0.1760317683,0.1942068487,0.1922044605,0.2205086797,0.0000003519,0.0000000000,0.0000000000,0.0000000000,-0.0039409432,0.1327501237,-0.0005262542,0.0710196421,0.1328266263,0.0094809122
00:42:04:25.952,61,0.2329560518,0.2157097906,0.1176449135,0.0000000000,0.0000000000,0.0986581817,0.0000000000,0.2327189445,0.2161348313,0.0061663873,0.0000000000,0.0000000000,0.0986599550,0.0000000000,0.2404284179,0.0000000000,0.0179125406,0.0207606740,0.0177058764,0.0431335159,0.1081166565,0.0000000000,0.0038799783,0.0000000000,0.0000000000,0.8143009543,0.8040872216,0.0255824756,0.0239562970,0.2772473693,0.2828003466,0.1655614823,0.0042155106,0.7280766964,0.6335434318,0.1445156038,0.1488470882,0.0308748744,0.0327489488,0.0569260344,0.0642560869,0.2984079421,0.2980896831,0.0342494138,0.0000000000,0.0000000000,0.0155461971,0.1762746274,0.1940740496,0.1919329166,0.2201739401,0.0000003089,0.0000000000,0.0000000000,0.0000000000,-0.0037340478,0.1320302039,-0.0004958907,0.0712411255,0.1321067065,0.0094582764
00:42:04:26.952,61,0.2323750705,0.2141347975,0.1182514057,0.0000000000,0.0000000000,0.0990448818,0.0000000000,0.2321371287,0.2145619839,0.0055883746,0.0000000000,0.0000000000,0.0990464985,0.0000000000,0.2410523295,0.0000000000,0.0181327909,0.0208233278,0.0177689996,0.0433046184,0.1081343666,0.0000000000,0.0039154226,0.0000000000,0.0000000000,0.8149372339,0.8047126532,0.0254370384,0.0238124747,0.2772317529,0.2828666568,0.1655557901,0.0042243483,0.7267841697,0.6328267455,0.1443990320,0.1486611962,0.0309301820,0.0328229964,0.0565604270,0.0638418198,0.2989370823,0.2986160219,0.0341052227,0.0000000000,0.0000000000,0.0155728403,0.1758269668,0.1916440725,0.1877950132,0.2143868953,0.0000002265,0.0000000000,0.0000000000,0.0000000000,-0.0033844635,0.1310692132,-0.0004461559,0.0716174990,0.1311456412,0.0094381897
00:42:04:27.954,61,0.2319854498,0.2122709751,0.1193399355,0.0000000000,0.0000000000,0.0995963812,0.0000000000,0.2317431271,0.2127041221,0.0045279078,0.0000000000,0.0000000000,0.0995978639,0.0000000000,0.2417242974,0.0000000000,0.0183204114,0.0209059417,0.0178486723,0.0434628539,0.1081258953,0.0000000000,0.0038808039,0.0000000000,0.0000000000,0.8152449727,0.8050457835,0.0253040250,0.0236825030,0.2770990133,0.2827964425,0.1657245457,0.0042395145,0.7247347832,0.6312181950,0.1443027258,0.1484923810,0.0310055949,0.0329094455,0.0562168173,0.0634345412,0.2997494340,0.2994082570,0.0339729190,0.0000000000,0.0000000000,0.0156199560,0.1755685806,0.1907009780,0.1858783066,0.2117153108,0.0000001745,0.0000000000,0.0000000000,0.0000000000,-0.0027426260,0.1299340576,-0.0003583791,0.0722875297,0.1300104260,0.0094429338
00:42:04:28.956,61,0.2316169590,0.2106179893,0.1201654598,0.0000000000,0.0000000000,0.1008490473,0.0000000000,0.2313687950,0.2110549510,0.0037043695,0.0000000000,0.0000000000,0.1008502096,0.0000000000,0.2431557029,0.0000000000,0.0184705257,0.0209899116,0.0179234426,0.0436172076,0.1079867780,0.0000000000,0.0038457753,0.0000000000,0.0000000000,0.8152117133,0.8050341010,0.0252424479,0.0236245524,0.2769113481,0.2826382518,0.1661873013,0.0042589637,0.7236918807,0.6303164363,0.1442846209,0.1484118104,0.0310848728,0.0329978056,0.0559194647,0.0630751699,0.3064591587,0.3060688972,0.0338081643,0.0000000000,0.0000000000,0.0156690218,0.1756099910,0.1903315485,0.1844118834,0.2098934799,0.0000001343,0.0000000000,0.0000000000,0.0000000000,-0.0022440900,0.1289264560,-0.0002909361,0.0727971122,0.1290027946,0.0094348555
00:42:04:29.957,61,0.2312402874,0.2092997581,0.1207376495,0.0000000000,0.0000000000,0.1028560624,0.0000000000,0.2309866548,0.2097388655,0.0031580571,0.0000000000,0.0000000000,0.1028568670,0.0000000000,0.2467079014,0.0000000000,0.0186429266,0.0210756660,0.0179760884,0.0437904857,0.1077855304,0.0000000000,0.0037251918,0.0000000000,0.0000000000,0.8145453930,0.8046020269,0.0252989102,0.0236763731,0.2762998939,0.2819695473,0.1686054617,0.0042851563,0.7234724760,0.6302484274,0.1445459723,0.1486083567,0.0311374497,0.0330534577,0.0556764603,0.0627537817,0.3156136572,0.3151949346,0.0335822143,0.0000000000,0.0000000000,0.0157565847,0.1756459922,0.1899974495,0.1810653061,0.2058631778,0.0000001202,0.0000000000,0.0000000000,0.0000000000,-0.0019133351,0.1281224042,-0.0002464912,0.0731513426,0.1281986684,0.0094209351
00:42:04:30.959,61,0.2311944366,0.2092711180,0.1204996631,0.0000000000,0.0000000000,0.1040417403,0.0000000000,0.2309389561,0.2097078860,0.0033936787,0.0000000000,0.0000000000,0.1040423289,0.0000000000,0.2481119037,0.0000000000,0.0187657718,0.0211580265,0.0180134643,0.0438746661,0.1075432524,0.0000000000,0.0036806089,0.0000000000,0.0000000000,0.8140919805,0.8042213917,0.0253387298,0.0237220880,0.2756336629,0.2813168466,0.1696438640,0.0043067001,0.7232686877,0.6301933527,0.1447757781,0.1487874687,0.0311544836,0.0330732502,0.0554177761,0.0624331646,0.3195655048,0.3191491961,0.0333706699,0.0000000000,0.0000000000,0.0158368349,0.1753746867,0.1894366890,0.1781013906,0.2029851377,0.0000001179,0.0000000000,0.0000000000,0.0000000000,-0.0020560937,0.1281035542,-0.0002648430,0.0730073527,0.1281798035,0.0094010243
00:42:04:31.961,61,0.2310130000,0.2089438438,0.1201565713,0.0000000000,0.0000000000,0.1047119722,0.0000000000,0.2307591289,0.2093764544,0.0037625798,0.0000000000,0.0000000000,0.1047124714,0.0000000000,0.2491761446,0.0000000000,0.0188396592,0.0212314408,0.0180437639,0.0439336859,0.1072334200,0.0000000000,0.0037461608,0.0000000000,0.0000000000,0.8135643005,0.8036965132,0.0253787898,0.0237769634,0.2743139863,0.2803479731,0.1705423892,0.0043301205,0.7232371569,0.6303132772,0.1450611502,0.1490418613,0.0311632417,0.0330874063,0.0552557297,0.0622525290,0.3235310614,0.3231442869,0.0332280695,0.0000000000,0.0000000000,0.0159171335,0.1751007438,0.1890163720,0.1768589020,0.2018181384,0.0000001107,0.0000000000,0.0000000000,0.0000000000,-0.0022796553,0.1279011518,-0.0002931707,0.0728013515,0.1279773861,0.0093595805
00:42:04:32.962,61,0.2305568457,0.2085838169,0.1196503416,0.0000000000,0.0000000000,0.1053820252,0.0000000000,0.2303042859,0.2090106308,0.0042840382,0.0000000000,0.0000000000,0.1053825766,0.0000000000,0.2498466372,0.0000000000,0.0188269168,0.0213308930,0.0181107670,0.0440410413,0.1070273668,0.0000000000,0.0038518817,0.0000000000,0.0000000000,0.8070778847,0.7961966395,0.0254993699,0.0239177216,0.2735422850,0.2796978354,0.1713216305,0.0043665664,0.7229239941,0.6299366951,0.1452872008,0.1492744088,0.0312608257,0.0331865549,0.0551860482,0.0621954687,0.3254832327,0.3251073360,0.0331003182,0.0000000000,0.0000000000,0.0160267409,0.1753100008,0.1892124712,0.1762396097,0.2012989968,0.0000000987,0.0000000000,0.0000000000,0.0000000000,-0.0025956691,0.1276777536,-0.0003332214,0.0724966824,0.1277540177,0.0093040382
00:42:04:33.964,61,0.2299373150,0.2084878534,0.1195328981,0.0000000000,0.0000000000,0.1060103327,0.0000000000,0.2296843678,0.2089132667,0.0044297636,0.0000000000,0.0000000000,0.1060110107,0.0000000000,0.2501001060,0.0000000000,0.0187796578,0.0214096941,0.0181573015,0.0441056155,0.1067516506,0.0000000000,0.0038652138,0.0000000000,0.0000000000,0.8018839359,0.7912512422,0.0256846435,0.0241167508,0.2728995681,0.2791073322,0.1719664335,0.0044025769,0.7226271629,0.6295723915,0.1455286294,0.1495146900,0.0313586593,0.0332776755,0.0551589802,0.0621580221,0.3273253441,0.3269554079,0.0329929665,0.0000000000,0.0000000000,0.0161381438,0.1756156087,0.1894877702,0.1758644134,0.2009835392,0.0000001062,0.0000000000,0.0000000000,0.0000000000,-0.0026839834,0.1276183277,-0.0003443967,0.0724260807,0.1276945919,0.0092906225
00:42:04:34.966,61,0.2295719236,0.2085440457,0.1193947345,0.0000000000,0.0000000000,0.1065611988,0.0000000000,0.2293165177,0.2089682519,0.0045928806,0.0000000000,0.0000000000,0.1065619141,0.0000000000,0.2498656064,0.0000000000,0.0187746342,0.0215002876,0.0181932561,0.0441092402,0.1066147387,0.0000000000,0.0037590296,0.0000000000,0.0000000000,0.7930489182,0.7836087346,0.0259913057,0.0244273525,0.2713267803,0.2775670886,0.1724111438,0.0044471775,0.7222114801,0.6290927529,0.1460158974,0.1499814540,0.0314355232,0.0333415791,0.0550558977,0.0619983450,0.3283413947,0.3279699385,0.0328535140,0.0000000000,0.0000000000,0.0163145494,0.1755194217,0.1891324222,0.1742588580,0.1986385882,0.0000001009,0.0000000000,0.0000000000,0.0000000000,-0.0027828037,0.1276519299,-0.0003571720,0.0723420382,0.1277282089,0.0092823301
00:42:04:35.967,61,0.2292259037,0.2081300616,0.1196104437,0.0000000000,0.0000000000,0.1079180315,0.0000000000,0.2289675176,0.2085552663,0.0043984898,0.0000000000,0.0000000000,0.1079191491,0.0000000000,0.2492090762,0.0000000000,0.0186779778,0.0215904899,0.0182347763,0.0440873913,0.1064697653,0.0000000000,0.0036579655,0.0000000000,0.0000000000,0.7871448398,0.7773014307,0.0263296980,0.0247745831,0.2704452872,0.2766453624,0.1726664007,0.0044958210,0.7215658426,0.6275689602,0.1464009583,0.1503781974,0.0315386802,0.0334222317,0.0549193360,0.0618095808,0.3291933239,0.3288191259,0.0327385850,0.0000000000,0.0000000000,0.0164879188,0.1757682562,0.1891955882,0.1732988060,0.1974920630,0.0000000909,0.0000000000,0.0000000000,0.0000000000,-0.0026651099,0.1273996383,-0.0003413825,0.0724750906,0.1274759173,0.0092808036
00:42:04:36.969,61,0.2289318740,0.2075983137,0.1197486818,0.0000000000,0.0000000000,0.1099111363,0.0000000000,0.2286696136,0.2080234885,0.0042604571,0.0000000000,0.0000000000,0.1099129319,0.0000000000,0.2486732751,0.0000000000,0.0185286570,0.0216809437,0.0182873905,0.0440559164,0.1062201560,0.0000000000,0.0035726752,0.0000000000,0.0000000000,0.7824816108,0.7723808885,0.0266769733,0.0251303706,0.2699601948,0.2760798931,0.1729734391,0.0045416369,0.7210816741,0.6267765164,0.1466701925,0.1506695896,0.0316735953,0.0335309580,0.0548925623,0.0617493540,0.3314881027,0.3310984671,0.0326638818,0.0000000000,0.0000000000,0.0166278984,0.1783078760,0.1914274842,0.1728296280,0.1969858855,0.0000000759,0.0000000000,0.0000000000,0.0000000000,-0.0025815808,0.1270747483,-0.0003298306,0.0725618675,0.1271509826,0.0092679551
00:42:04:37.970,61,0.2287161797,0.2074384391,0.1197601706,0.0000000000,0.0000000000,0.1118321717,0.0000000000,0.2284497023,0.2078633010,0.0042620902,0.0000000000,0.0000000000,0.1118343994,0.0000000000,0.2481475621,0.0000000000,0.0183493495,0.0217779744,0.0183457136,0.0440086983,0.1059409007,0.0000000000,0.0035332392,0.0000000000,0.0000000000,0.7797837853,0.7692655921,0.0270342380,0.0254976973,0.2696171701,0.2756450474,0.1733758599,0.0045868685,0.7207239866,0.6262353659,0.1468578875,0.1508944184,0.0318046845,0.0336352438,0.0548961796,0.0617428944,0.3325352073,0.3321417868,0.0326130912,0.0000000000,0.0000000000,0.0167449135,0.1807905734,0.1938419640,0.1724864542,0.1966770142,0.0000000480,0.0000000000,0.0000000000,0.0000000000,-0.0025826027,0.1269769371,-0.0003297044,0.0725697279,0.1270531714,0.0092617506
00:42:04:38.972,61,0.2285053879,0.2073680609,0.1194484234,0.0000000000,0.0000000000,0.1133168489,0.0000000000,0.2282367498,0.2077897340,0.0046095564,0.0000000000,0.0000000000,0.1133191660,0.0000000000,0.2477833629,0.0000000000,0.0182255879,0.0218762197,0.0183977894,0.0439304970,0.1054683700,0.0000000000,0.0034770484,0.0000000000,0.0000000000,0.7783310413,0.7676965594,0.0273748264,0.0258483682,0.2692448795,0.2752352357,0.1739106327,0.0046336469,0.7202024460,0.6255875230,0.1469527185,0.1510153562,0.0319243670,0.0337220579,0.0549031235,0.0617232583,0.3343307078,0.3339360654,0.0325705558,0.0000000000,0.0000000000,0.0168348327,0.1820951402,0.1950169504,0.1722219139,0.1964617372,0.0000000228,0.0000000000,0.0000000000,0.0000000000,-0.0027931649,0.1269320101,-0.0003564580,0.0723812357,0.1270082891,0.0092344387
00:42:04:39.974,61,0.2284074277,0.2072689980,0.1190607622,0.0000000000,0.0000000000,0.1149023473,0.0000000000,0.2281389832,0.2076866627,0.0050239214,0.0000000000,0.0000000000,0.1149045229,0.0000000000,0.2477772534,0.0000000000,0.0181543864,0.0220015533,0.0184628125,0.0438713171,0.1050030515,0.0000000000,0.0033615623,0.0000000000,0.0000000000,0.7773726583,0.7667280436,0.0277043227,0.0261871610,0.2686652839,0.2746235132,0.1749462485,0.0046877000,0.7196362615,0.6249260306,0.1471486092,0.1512251198,0.0320387855,0.0338070095,0.0548636802,0.0616341718,0.3362902403,0.3358914852,0.0324954018,0.0000000000,0.0000000000,0.0169444904,0.1829071492,0.1955955923,0.1717558503,0.1959958971,0.0000000237,0.0000000000,0.0000000000,0.0000000000,-0.0030442737,0.1268691570,-0.0003883095,0.0721468776,0.1269454658,0.0091999909
00:42:04:40.975,61,0.2284200042,0.2069892287,0.1191128939,0.0000000000,0.0000000000,0.1165492758,0.0000000000,0.2281501144,0.2074066997,0.0049946564,0.0000000000,0.0000000000,0.1165513471,0.0000000000,0.2479342520,0.0000000000,0.0181001369,0.0221320149,0.0185481124,0.0438174531,0.1045669690,0.0000000000,0.0032320097,0.0000000000,0.0000000000,0.7759530544,0.7657098174,0.0279812049,0.0264769271,0.2681133449,0.2740843296,0.1759470701,0.0047462275,0.7181523442,0.6221349239,0.1472959071,0.1513872594,0.0321967416,0.0339260027,0.0548918620,0.0616111234,0.3395232558,0.3391139209,0.0324744731,0.0000000000,0.0000000000,0.0170548186,0.1847626269,0.1964338422,0.1716078818,0.1958688051,0.0000000279,0.0000000000,0.0000000000,0.0000000000,-0.0030266065,0.1266981065,-0.0003855299,0.0721800327,0.1267744005,0.0091916751
00:42:04:41.977,61,0.2284962982,0.2064435482,0.1194921136,0.0000000000,0.0000000000,0.1192678958,0.0000000000,0.2282232791,0.2068632394,0.0046215956,0.0000000000,0.0000000000,0.1192705333,0.0000000000,0.2477938980,0.0000000000,0.0179561563,0.0222635474,0.0186443999,0.0437762886,0.1042183861,0.0000000000,0.0031138195,0.0000000000,0.0000000000,0.7696542144,0.7592591047,0.0283147190,0.0268230103,0.2677156329,0.2736264467,0.1766750515,0.0048088226,0.7172225714,0.6202509999,0.1474717259,0.1515966654,0.0323864780,0.0340774693,0.0549377576,0.0616181865,0.3411122262,0.3406989872,0.0324784927,0.0000000000,0.0000000000,0.0171747245,0.1889912188,0.2003185153,0.1715491712,0.1958265156,0.0000000377,0.0000000000,0.0000000000,0.0000000000,-0.0028006614,0.1263660640,-0.0003558040,0.0724128932,0.1264422983,0.0091968626
00:42:04:42.978,61,0.2285095602,0.2062245011,0.1196825132,0.0000000000,0.0000000000,0.1212277710,0.0000000000,0.2282334715,0.2066453844,0.0044604577,0.0000000000,0.0000000000,0.1212307215,0.0000000000,0.2474695742,0.0000000000,0.0178032257,0.0223782081,0.0187267978,0.0436966792,0.1038135812,0.0000000000,0.0030577518,0.0000000000,0.0000000000,0.7667611241,0.7561845779,0.0286388211,0.0271622799,0.2674503028,0.2733237445,0.1772622615,0.0048642959,0.7164361477,0.6191100478,0.1475942135,0.1517605931,0.0325575173,0.0342144705,0.0550048053,0.0616639294,0.3436867893,0.3432812393,0.0325070061,0.0000000000,0.0000000000,0.0172769651,0.1913529783,0.2028486431,0.1716447920,0.1959650069,0.0000000500,0.0000000000,0.0000000000,0.0000000000,-0.0027030583,0.1262329519,-0.0003430387,0.0725295246,0.1263092309,0.0092018479
00:42:04:43.980,61,0.2285619080,0.2062306106,0.1195247620,0.0000000000,0.0000000000,0.1221341342,0.0000000000,0.2282836884,0.2066499889,0.0046388754,0.0000000000,0.0000000000,0.1221371815,0.0000000000,0.2471823543,0.0000000000,0.0176871736,0.0224498436,0.0187730417,0.0436125211,0.1034297273,0.0000000000,0.0030238358,0.0000000000,0.0000000000,0.7659394741,0.7553230524,0.0288252458,0.0273628943,0.2672022581,0.2730703950,0.1777333021,0.0048989970,0.7159751654,0.6185874939,0.1476863772,0.1518822312,0.0326540135,0.0342871174,0.0550449491,0.0616854504,0.3447272480,0.3443259299,0.0325456224,0.0000000000,0.0000000000,0.0173442680,0.1922097951,0.2037260085,0.1717139035,0.1960891187,0.0000000585,0.0000000000,0.0000000000,0.0000000000,-0.0028111800,0.1262358129,-0.0003567681,0.0724338889,0.1263120919,0.0091899466
00:42:04:44.981,61,0.2287648171,0.2059608698,0.1188724190,0.0000000000,0.0000000000,0.1224474013,0.0000000000,0.2284890413,0.2063733935,0.0052942727,0.0000000000,0.0000000000,0.1224504858,0.0000000000,0.2463803887,0.0000000000,0.0175726507,0.0224866923,0.0187929459,0.0434859693,0.1031205580,0.0000000000,0.0031388095,0.0000000000,0.0000000000,0.7699016333,0.7582581639,0.0288608409,0.0274189282,0.2670007646,0.2729063034,0.1778443158,0.0049127718,0.7155415416,0.6182621121,0.1476529390,0.1518906653,0.0326680653,0.0342915617,0.0550026633,0.0616580695,0.3449861407,0.3445917368,0.0326153748,0.0000000000,0.0000000000,0.0173782557,0.1922056824,0.2038277835,0.1717298776,0.1962099075,0.0000000717,0.0000000000,0.0000000000,0.0000000000,-0.0032084221,0.1260669976,-0.0004066319,0.0720400661,0.1261432469,0.0091277240
00:42:04:45.983,61,0.2290459871,0.2059239596,0.1185215190,0.0000000000,0.0000000000,0.1228219345,0.0000000000,0.2287725359,0.2063331157,0.0056438013,0.0000000000,0.0000000000,0.1228250414,0.0000000000,0.2460307777,0.0000000000,0.0174355786,0.0225407593,0.0188358780,0.0433622450,0.1027762815,0.0000000000,0.0032917417,0.0000000000,0.0000000000,0.7712823749,0.7593369484,0.0288381260,0.0274252109,0.2668437958,0.2728026807,0.1780869812,0.0049299975,0.7149036527,0.6176843047,0.1475206614,0.1518112868,0.0327024534,0.0343134850,0.0549609512,0.0616473667,0.3454093337,0.3450216949,0.0327064991,0.0000000000,0.0000000000,0.0173998624,0.1922299415,0.2040102780,0.1719084531,0.1965295523,0.0000001265,0.0000000000,0.0000000000,0.0000000000,-0.0034202535,0.1260424852,-0.0004333939,0.0718276203,0.1261187047,0.0090990653
00:42:04:46.985,61,0.2295071781,0.2065054178,0.1176412776,0.0000000000,0.0000000000,0.1233818233,0.0000000000,0.2292350382,0.2069076151,0.0065334551,0.0000000000,0.0000000000,0.1233848855,0.0000000000,0.2462048531,0.0000000000,0.0173209850,0.0226293653,0.0189179834,0.0433099456,0.1023425311,0.0000000000,0.0034492735,0.0000000000,0.0000000000,0.7716616392,0.7595778108,0.0288062338,0.0274279900,0.2665295899,0.2726154327,0.1791530401,0.0049640522,0.7129129767,0.6147450209,0.1474470943,0.1517811865,0.0327972323,0.0343894213,0.0550231375,0.0617410913,0.3498011231,0.3494555354,0.0327846520,0.0000000000,0.0000000000,0.0174384005,0.1924642920,0.2043647319,0.1726237535,0.1979669482,0.0000002218,0.0000000000,0.0000000000,0.0000000000,-0.0039592236,0.1263936758,-0.0005031014,0.0712909773,0.1264699548,0.0090566240
00:42:04:47.986,61,0.2304371744,0.2070934623,0.1163477600,0.0000000000,0.0000000000,0.1238983497,0.0000000000,0.2301817089,0.2074847072,0.0078435885,0.0000000000,0.0000000000,0.1239012927,0.0000000000,0.2459479123,0.0000000000,0.0172605999,0.0226930324,0.0189703982,0.0432532243,0.1020191759,0.0000000000,0.0036081667,0.0000000000,0.0000000000,0.7719196677,0.7597640753,0.0287588667,0.0274132807,0.2660552263,0.2722502351,0.1795341820,0.0049847849,0.7117573023,0.6134543419,0.1474567354,0.1518200189,0.0328443758,0.0344281271,0.0549891256,0.0617192984,0.3548149765,0.3544825315,0.0328199007,0.0000000000,0.0000000000,0.0175074711,0.1921831816,0.2041039467,0.1728661805,0.1984266788,0.0000003193,0.0000000000,0.0000000000,0.0000000000,-0.0047529419,0.1267466545,-0.0006056639,0.0705038980,0.1268229783,0.0089820772
00:42:04:48.988,61,0.2311839908,0.2075036466,0.1152359769,0.0000000000,0.0000000000,0.1242070422,0.0000000000,0.2309363931,0.2078852355,0.0089651085,0.0000000000,0.0000000000,0.1242098510,0.0000000000,0.2456274182,0.0000000000,0.0172436181,0.0227474384,0.0189989451,0.0431592353,0.1016045436,0.0000000000,0.0036965865,0.0000000000,0.0000000000,0.7731336355,0.7613139153,0.0286529455,0.0273352712,0.2654719353,0.2717794180,0.1797516793,0.0049972334,0.7102606297,0.6124576330,0.1473959535,0.1517619640,0.0328286961,0.0344074480,0.0548508428,0.0615617335,0.3567120135,0.3563859165,0.0328393839,0.0000000000,0.0000000000,0.0175480582,0.1901869178,0.2011689097,0.1728705913,0.1985037327,0.0000004427,0.0000000000,0.0000000000,0.0000000000,-0.0054323748,0.1269917637,-0.0006935958,0.0698279738,0.1270680875,0.0089134891
00:42:04:49.990,61,0.2317580432,0.2078763694,0.1144707426,0.0000000000,0.0000000000,0.1242175549,0.0000000000,0.2315167934,0.2082515061,0.0097379750,0.0000000000,0.0000000000,0.1242202520,0.0000000000,0.2453703284,0.0000000000,0.0171511602,0.0227980688,0.0190116856,0.0430152193,0.1011346579,0.0000000000,0.0038293372,0.0000000000,0.0000000000,0.7787219286,0.7663990259,0.0285084527,0.0272171479,0.2648971081,0.2712462544,0.1799096912,0.0050025135,0.7093288898,0.6117974520,0.1472415924,0.1516254246,0.0327542424,0.0343276896,0.0546651669,0.0613675937,0.3575749695,0.3572527468,0.0328730829,0.0000000000,0.0000000000,0.0175513159,0.1875526309,0.1985910088,0.1727816761,0.1985012591,0.0000005422,0.0000000000,0.0000000000,0.0000000000,-0.0059005222,0.1272158623,-0.0007547112,0.0693622753,0.1272922307,0.0088699283
00:42:04:50.991,61,0.2320906222,0.2075953186,0.1139942259,0.0000000000,0.0000000000,0.1242412403,0.0000000000,0.2318548858,0.2079652399,0.0102040209,0.0000000000,0.0000000000,0.1242440343,0.0000000000,0.2444846332,0.0000000000,0.0169516075,0.0228421632,0.0190253761,0.0428639241,0.1007803679,0.0000000000,0.0039703916,0.0000000000,0.0000000000,0.7808729410,0.7682930231,0.0283853803,0.0271174312,0.2645116746,0.2708381414,0.1797198802,0.0050050830,0.7075731158,0.6106953621,0.1470026821,0.1514219493,0.0326823629,0.0342518985,0.0544122644,0.0611107387,0.3567070961,0.3563849628,0.0328943171,0.0000000000,0.0000000000,0.0175472759,0.1862715036,0.1973502934,0.1725779623,0.1983436942,0.0000006263,0.0000000000,0.0000000000,0.0000000000,-0.0061830506,0.1270412058,-0.0007897502,0.0690750629,0.1271175593,0.0088210069
00:42:04:51.993,61,0.2324328870,0.2076678127,0.1130582318,0.0000000000,0.0000000000,0.1242151558,0.0000000000,0.2322032601,0.2080289871,0.0111404695,0.0000000000,0.0000000000,0.1242180020,0.0000000000,0.2429123521,0.0000000000,0.0167874880,0.0228621177,0.0190153550,0.0427032001,0.1004080176,0.0000000000,0.0041207313,0.0000000000,0.0000000000,0.7822904587,0.7695726156,0.0282856282,0.0270383880,0.2642371953,0.2705416083,0.1794242561,0.0050004576,0.7066946030,0.6101260185,0.1467841715,0.1512367427,0.0325948708,0.0341635235,0.0541645326,0.0608622059,0.3562595248,0.3559394181,0.0329087526,0.0000000000,0.0000000000,0.0175389294,0.1848504245,0.1963125765,0.1723174900,0.1981108785,0.0000006606,0.0000000000,0.0000000000,0.0000000000,-0.0067504495,0.1270805895,-0.0008624924,0.0685075149,0.1271569431,0.0087513905
00:42:04:52.994,61,0.2327368259,0.2078378648,0.1126346290,0.0000000000,0.0000000000,0.1241385639,0.0000000000,0.2325110286,0.2081953138,0.0115832267,0.0000000000,0.0000000000,0.1241413280,0.0000000000,0.2419848591,0.0000000000,0.0167354420,0.0228767842,0.0189836584,0.0425165296,0.1001327261,0.0000000000,0.0041195638,0.0000000000,0.0000000000,0.7829794288,0.7703026533,0.0282795578,0.0270375945,0.2638554871,0.2701410055,0.1791776121,0.0050006928,0.7062715292,0.6099635959,0.1468186229,0.1512849331,0.0324949622,0.0340538099,0.0539343245,0.0605859123,0.3559761643,0.3556535542,0.0328679159,0.0000000000,0.0000000000,0.0175644886,0.1828237474,0.1931325644,0.1718493104,0.1975852549,0.0000007209,0.0000000000,0.0000000000,0.0000000000,-0.0070186430,0.1271824390,-0.0008974848,0.0682499334,0.1272588074,0.0087255985
00:42:04:53.996,61,0.2329233885,0.2078820169,0.1124000698,0.0000000000,0.0000000000,0.1241068542,0.0000000000,0.2326982617,0.2082372606,0.0118472856,0.0000000000,0.0000000000,0.1241094917,0.0000000000,0.2414105386,0.0000000000,0.0167389940,0.0228899289,0.0189448446,0.0423318259,0.0999386460,0.0000000000,0.0040037823,0.0000000000,0.0000000000,0.7832571864,0.7707067132,0.0282957330,0.0270548724,0.2634391189,0.2697055936,0.1790204793,0.0050045103,0.7061225772,0.6100396514,0.1470001489,0.1514578611,0.0324075371,0.0339494199,0.0537426360,0.0603262633,0.3560582995,0.3557296991,0.0327849425,0.0000000000,0.0000000000,0.0176140517,0.1808954328,0.1896359175,0.1713605374,0.1969979852,0.0000007094,0.0000000000,0.0000000000,0.0000000000,-0.0071786204,0.1272082031,-0.0009181291,0.0681075826,0.1272845864,0.0087092100
00:42:04:54.998,61,0.2329841256,0.2076743692,0.1123410389,0.0000000000,0.0000000000,0.1238258034,0.0000000000,0.2327599078,0.2080285698,0.0119450698,0.0000000000,0.0000000000,0.1238282844,0.0000000000,0.2398303747,0.0000000000,0.0167503171,0.0228816643,0.0188904405,0.0421474427,0.0998765826,0.0000000000,0.0038202470,0.0000000000,0.0000000000,0.7834835052,0.7710734606,0.0283422321,0.0270915870,0.2631620765,0.2693455517,0.1785903722,0.0050042998,0.7059370279,0.6100562811,0.1471874267,0.1516357809,0.0323146023,0.0338376313,0.0535140410,0.0600140393,0.3556637466,0.3553270102,0.0326743349,0.0000000000,0.0000000000,0.0176743828,0.1777680367,0.1852287948,0.1706600636,0.1954837143,0.0000006297,0.0000000000,0.0000000000,0.0000000000,-0.0072379890,0.1270807534,-0.0009247845,0.0680729151,0.1271571666,0.0086959759
00:42:04:55.999,61,0.2329214662,0.2075337917,0.1119818687,0.0000000000,0.0000000000,0.1234609112,0.0000000000,0.2326983213,0.2078841329,0.0123413047,0.0000000000,0.0000000000,0.1234632432,0.0000000000,0.2381775081,0.0000000000,0.0167623032,0.0228704046,0.0188339967,0.0419608057,0.0998657644,0.0000000000,0.0036121830,0.0000000000,0.0000000000,0.7835665941,0.7713189721,0.0283859205,0.0271232966,0.2627705634,0.2688669860,0.1781132370,0.0050033801,0.7056574821,0.6099796295,0.1473616511,0.1517987549,0.0322166458,0.0337203629,0.0532904603,0.0596947409,0.3551003933,0.3547550440,0.0325705968,0.0000000000,0.0000000000,0.0177364051,0.1753449738,0.1820497960,0.1697464138,0.1937229931,0.0000007062,0.0000000000,0.0000000000,0.0000000000,-0.0074781687,0.1269927770,-0.0009548026,0.0678560212,0.1270692050,0.0086622499
00:42:04:57.001,61,0.2326040417,0.2069247663,0.1116773188,0.0000000000,0.0000000000,0.1229573265,0.0000000000,0.2323831767,0.2072708756,0.0126803759,0.0000000000,0.0000000000,0.1229595318,0.0000000000,0.2371787578,0.0000000000,0.0167269483,0.0228575263,0.0187665727,0.0417460278,0.0997476056,0.0000000000,0.0034206947,0.0000000000,0.0000000000,0.7836896777,0.7715696096,0.0284267217,0.0271593258,0.2623225749,0.2683304548,0.1777861118,0.0050031152,0.7054400444,0.6100198627,0.1475278288,0.1519532651,0.0321046412,0.0335889421,0.0531058833,0.0594225749,0.3547298610,0.3543776274,0.0324621759,0.0000000000,0.0000000000,0.0177810993,0.1722778082,0.1786693633,0.1691244841,0.1928063631,0.0000008800,0.0000000000,0.0000000000,0.0000000000,-0.0076839929,0.1266183108,-0.0009781574,0.0676746890,0.1266947389,0.0086134067
00:42:04:58.002,61,0.2322581708,0.2064629346,0.1115443558,0.0000000000,0.0000000000,0.1223166957,0.0000000000,0.2320397347,0.2068066895,0.0128336772,0.0000000000,0.0000000000,0.1223187894,0.0000000000,0.2356036752,0.0000000000,0.0166715514,0.0228335578,0.0186857749,0.0415276065,0.0995976403,0.0000000000,0.0032082386,0.0000000000,0.0000000000,0.7838967443,0.7719149590,0.0284735542,0.0271974187,0.2618964612,0.2677810788,0.1773514599,0.0050000320,0.7051367760,0.6099915504,0.1477025300,0.1521042585,0.0319857262,0.0334481224,0.0529024228,0.0591228679,0.3543925285,0.3540332317,0.0323548205,0.0000000000,0.0000000000,0.0178232156,0.1682306826,0.1741788983,0.1685216576,0.1920232624,0.0000009900,0.0000000000,0.0000000000,0.0000000000,-0.0077771712,0.1263348758,-0.0009877784,0.0675965399,0.1264112890,0.0085840225
00:42:04:59.004,61,0.2317909747,0.2061946392,0.1116284654,0.0000000000,0.0000000000,0.1215967312,0.0000000000,0.2315740585,0.2065385878,0.0127846841,0.0000000000,0.0000000000,0.1215985641,0.0000000000,0.2308390886,0.0000000000,0.0166126285,0.0227865670,0.0185915157,0.0413137302,0.0995372683,0.0000000000,0.0029762553,0.0000000000,0.0000000000,0.7838503122,0.7720096707,0.0285361242,0.0272502992,0.2614548504,0.2672130167,0.1761002541,0.0049916687,0.7046917677,0.6098229289,0.1478888243,0.1522653699,0.0318700597,0.0333080143,0.0527116172,0.0588238537,0.3542546928,0.3538849354,0.0322439447,0.0000000000,0.0000000000,0.0178810954,0.1648849845,0.1701847613,0.1678821594,0.1912409365,0.0000013068,0.0000000000,0.0000000000,0.0000000000,-0.0077476413,0.1261710525,-0.0009827384,0.0676489174,0.1262474358,0.0085794106
00:42:05:00.006,61,0.2314070165,0.2059826851,0.1120588034,0.0000000000,0.0000000000,0.1206737980,0.0000000000,0.2311884612,0.2063301504,0.0123888785,0.0000000000,0.0000000000,0.1206753105,0.0000000000,0.2270294726,0.0000000000,0.0165629163,0.0227375887,0.0184909683,0.0410964862,0.0996400714,0.0000000000,0.0026368571,0.0000000000,0.0000000000,0.7834801674,0.7718442678,0.0287006274,0.0273892041,0.2610875070,0.2666477561,0.1747637391,0.0049860463,0.7044291496,0.6098172665,0.1482136250,0.1525682360,0.0317516550,0.0331623256,0.0524957553,0.0584834926,0.3530917764,0.3526586592,0.0321116559,0.0000000000,0.0000000000,0.0179686323,0.1621565968,0.1664122790,0.1659589261,0.1881666183,0.0000012889,0.0000000000,0.0000000000,0.0000000000,-0.0075079021,0.1260434836,-0.0009513564,0.0679108053,0.1261199415,0.0086037796
00:42:05:01.007,61,0.2308648676,0.2060083449,0.1127003282,0.0000000000,0.0000000000,0.1189417541,0.0000000000,0.2306442410,0.2063618600,0.0118235778,0.0000000000,0.0000000000,0.1189428866,0.0000000000,0.2239123136,0.0000000000,0.0165408477,0.0226742383,0.0183732025,0.0408465825,0.0997738168,0.0000000000,0.0022326079,0.0000000000,0.0000000000,0.7831690311,0.7717877030,0.0288831126,0.0275405385,0.2605794966,0.2659600675,0.1731043011,0.0049771988,0.7042245865,0.6099438667,0.1485444903,0.1528655738,0.0316044986,0.0329814143,0.0522713847,0.0581150241,0.3497822881,0.3492523730,0.0319891162,0.0000000000,0.0000000000,0.0180489812,0.1593425125,0.1623758227,0.1631481647,0.1842307746,0.0000011549,0.0000000000,0.0000000000,0.0000000000,-0.0071653007,0.1260625422,-0.0009080836,0.0682994500,0.1261390001,0.0086542619
00:42:05:02.008,61,0.2302583158,0.2061351687,0.1130578443,0.0000000000,0.0000000000,0.1179505214,0.0000000000,0.2300363630,0.2064922154,0.0115164556,0.0000000000,0.0000000000,0.1179514751,0.0000000000,0.2211176604,0.0000000000,0.0165217463,0.0226309597,0.0182563886,0.0405625142,0.0997354612,0.0000000000,0.0018478360,0.0000000000,0.0000000000,0.7816050053,0.7712774277,0.0291500036,0.0277797654,0.2587467730,0.2632435262,0.1721913368,0.0049826289,0.7036989331,0.6097295284,0.1489264518,0.1532076448,0.0314658843,0.0328004733,0.0520273335,0.0577210747,0.3488063812,0.3482427299,0.0318707936,0.0000000000,0.0000000000,0.0181329977,0.1575202346,0.1594001651,0.1612601429,0.1815639287,0.0000013030,0.0000000000,0.0000000000,0.0000000000,-0.0069791088,0.1261420101,-0.0008850507,0.0685154423,0.1262185425,0.0086871181
00:42:05:03.010,61,0.2295983285,0.2059847265,0.1132291853,0.0000000000,0.0000000000,0.1171309948,0.0000000000,0.2293767035,0.2063430250,0.0113863852,0.0000000000,0.0000000000,0.1171318293,0.0000000000,0.2184260488,0.0000000000,0.0164772123,0.0226043742,0.0181475990,0.0402820967,0.0995843112,0.0000000000,0.0014486467,0.0000000000,0.0000000000,0.7804806828,0.7707030773,0.0294272490,0.0280280001,0.2562646866,0.2598878741,0.1714957356,0.0049951440,0.7016636729,0.6091952324,0.1492982954,0.1535262167,0.0313259922,0.0326204523,0.0517358407,0.0572659783,0.3481503129,0.3475683928,0.0317596793,0.0000000000,0.0000000000,0.0182230435,0.1551377326,0.1559173316,0.1594849676,0.1791166067,0.0000014567,0.0000000000,0.0000000000,0.0000000000,-0.0069003641,0.1260507852,-0.0008744254,0.0686200783,0.1261273175,0.0086940089
00:42:05:04.012,61,0.2291256338,0.2058977187,0.1131454557,0.0000000000,0.0000000000,0.1164992228,0.0000000000,0.2289047688,0.2062549889,0.0114870947,0.0000000000,0.0000000000,0.1164999753,0.0000000000,0.2154279500,0.0000000000,0.0163801182,0.0225863773,0.0180491954,0.0400000848,0.0993607566,0.0000000000,0.0010853808,0.0000000000,0.0000000000,0.7795966268,0.7700618505,0.0297087245,0.0282841399,0.2550119162,0.2581430674,0.1707822084,0.0050056158,0.6989094019,0.6077060103,0.1495204121,0.1537105888,0.0311900340,0.0324461721,0.0514192246,0.0567974001,0.3476345837,0.3470418751,0.0316591151,0.0000000000,0.0000000000,0.0182901230,0.1538457721,0.1542221606,0.1578554809,0.1770426631,0.0000017194,0.0000000000,0.0000000000,0.0000000000,-0.0069614439,0.1259970814,-0.0008817855,0.0685697868,0.1260736138,0.0086839097
00:42:05:05.013,61,0.2286543995,0.2060015351,0.1133459061,0.0000000000,0.0000000000,0.1160032675,0.0000000000,0.2284327894,0.2063608766,0.0113090025,0.0000000000,0.0000000000,0.1160039678,0.0000000000,0.2137567550,0.0000000000,0.0163356476,0.0225791708,0.0179718025,0.0397624597,0.0991462767,0.0000000000,0.0007080716,0.0000000000,0.0000000000,0.7788032889,0.7694760561,0.0299669020,0.0285137948,0.2540878356,0.2570429444,0.1700846702,0.0050217989,0.6940737367,0.6026662588,0.1496511549,0.1537883133,0.0310986023,0.0323109031,0.0511088371,0.0563303493,0.3470939994,0.3464920223,0.0315899961,0.0000000000,0.0000000000,0.0183486436,0.1531441808,0.1532877833,0.1568850875,0.1758536547,0.0000021840,0.0000000000,0.0000000000,0.0000000000,-0.0068534594,0.1260616779,-0.0008685574,0.0686907321,0.1261382550,0.0087037059
00:42:05:06.015,61,0.2281045616,0.2059093267,0.1136132702,0.0000000000,0.0000000000,0.1154111549,0.0000000000,0.2278819978,0.2062710077,0.0110593410,0.0000000000,0.0000000000,0.1154117957,0.0000000000,0.2115464211,0.0000000000,0.0162896607,0.0225672852,0.0178878997,0.0395197049,0.0990579948,0.0000000000,0.0002593234,0.0000000000,0.0000000000,0.7780891061,0.7689462900,0.0302292574,0.0287413429,0.2530467808,0.2557525635,0.1686285734,0.0050376044,0.6908403039,0.5998724103,0.1498753577,0.1539486647,0.0309945382,0.0321662351,0.0507223867,0.0557659566,0.3448598087,0.3442180455,0.0315096229,0.0000000000,0.0000000000,0.0184397250,0.1516347677,0.1508669853,0.1540177464,0.1718488932,0.0000021439,0.0000000000,0.0000000000,0.0000000000,-0.0067022066,0.1260066479,-0.0008490143,0.0688532367,0.1260832101,0.0087204184
00:42:05:07.017,61,0.2275868505,0.2060358822,0.1140616387,0.0000000000,0.0000000000,0.1147079840,0.0000000000,0.2273607999,0.2064020336,0.0106427921,0.0000000000,0.0000000000,0.1147085652,0.0000000000,0.2078525871,0.0000000000,0.0162350293,0.0225408804,0.0177921057,0.0392396934,0.0989262536,0.0002288182,0.0000000000,0.0000000000,0.0000000000,0.7777932882,0.7688409090,0.0304376800,0.0289144013,0.2517867386,0.2541286647,0.1661540866,0.0050419378,0.6882775426,0.5982950330,0.1499836147,0.1539780647,0.0308483616,0.0319809094,0.0502859876,0.0551434979,0.3420325816,0.3413435221,0.0314677507,0.0000000000,0.0000000000,0.0185017325,0.1494485736,0.1475926042,0.1506081223,0.1674177945,0.0000019970,0.0000000000,0.0000000000,0.0000000000,-0.0064497036,0.1260864586,-0.0008175516,0.0691242740,0.1261630505,0.0087602930
00:42:05:08.019,61,0.2270294279,0.2058793455,0.1145240888,0.0000000000,0.0000000000,0.1137766391,0.0000000000,0.2267981470,0.2062495202,0.0101935882,0.0000000000,0.0000000000,0.1137770787,0.0000000000,0.2050188929,0.0000000000,0.0162044074,0.0225163922,0.0177013390,0.0389615558,0.0988066941,0.0007683290,0.0000000000,0.0000000000,0.0000000000,0.7779852152,0.7692210078,0.0305887442,0.0290219225,0.2509517074,0.2531367540,0.1635868251,0.0050423280,0.6844754219,0.5955368876,0.1499622911,0.1538693905,0.0306936223,0.0317837894,0.0497928187,0.0544542037,0.3320432305,0.3312654197,0.0314373113,0.0000000000,0.0000000000,0.0185318012,0.1477246881,0.1449922770,0.1480814368,0.1640196443,0.0000018799,0.0000000000,0.0000000000,0.0000000000,-0.0061775520,0.1259931028,-0.0007824685,0.0694053620,0.1260696799,0.0087892786
00:42:05:09.020,61,0.2264128476,0.2056045532,0.1149849668,0.0000000000,0.0000000000,0.1127225682,0.0000000000,0.2261753231,0.2059784383,0.0097514465,0.0000000000,0.0000000000,0.1127228737,0.0000000000,0.2030681819,0.0000000000,0.0161663182,0.0224821046,0.0176092368,0.0387022011,0.0987297893,0.0012079757,0.0000000000,0.0000000000,0.0000000000,0.7783163786,0.7697105408,0.0307056233,0.0291043166,0.2502766550,0.2523931265,0.1616851836,0.0050381157,0.6828136444,0.5942512155,0.1498790234,0.1537057310,0.0305282809,0.0315827578,0.0493179969,0.0538116321,0.3248851895,0.3240786791,0.0314165875,0.0000000000,0.0000000000,0.0185493343,0.1463344842,0.1434704959,0.1465604603,0.1622698456,0.0000013931,0.0000000000,0.0000000000,0.0000000000,-0.0059097284,0.1258272827,-0.0007475499,0.0696861446,0.1259038895,0.0088130478
00:42:05:10.021,61,0.2257865518,0.2051712126,0.1152413562,0.0000000000,0.0000000000,0.1114456877,0.0000000000,0.2255439460,0.2055464834,0.0095141688,0.0000000000,0.0000000000,0.1114458740,0.0000000000,0.2016564161,0.0000000000,0.0161102712,0.0224617962,0.0175278820,0.0384532772,0.0985820964,0.0016281772,0.0000000000,0.0000000000,0.0000000000,0.7787974477,0.7703369856,0.0307976790,0.0291656423,0.2496086657,0.2516836524,0.1604905427,0.0050344723,0.6800813079,0.5919487476,0.1497010738,0.1534449011,0.0303700436,0.0313893929,0.0488424338,0.0531729758,0.3196245134,0.3188100159,0.0314095467,0.0000000000,0.0000000000,0.0185533948,0.1448065937,0.1417717785,0.1454212517,0.1609677225,0.0000012759,0.0000000000,0.0000000000,0.0000000000,-0.0057661217,0.1255633086,-0.0007278382,0.0698438734,0.1256399006,0.0088142445
00:42:05:11.023,61,0.2252489626,0.2048620135,0.1155794635,0.0000000000,0.0000000000,0.1105043218,0.0000000000,0.2250009924,0.2052398324,0.0091766156,0.0000000000,0.0000000000,0.1105043665,0.0000000000,0.2005941421,0.0000000000,0.0161268618,0.0224581268,0.0174692739,0.0382304937,0.0983848795,0.0020314176,0.0000000000,0.0000000000,0.0000000000,0.7793475389,0.7711530924,0.0308548175,0.0291934293,0.2490819097,0.2511785328,0.1595467180,0.0050317142,0.6765151024,0.5883264542,0.1493566930,0.1530191600,0.0302367434,0.0312180184,0.0483944193,0.0525687337,0.3145121932,0.3136819303,0.0314131603,0.0000000000,0.0000000000,0.0185280461,0.1439843029,0.1408290863,0.1445947886,0.1600587070,0.0000013041,0.0000000000,0.0000000000,0.0000000000,-0.0055616768,0.1253758371,-0.0007009730,0.0700504407,0.1254523993,0.0088269375
00:42:05:12.025,61,0.2247782052,0.2044920474,0.1160068735,0.0000000000,0.0000000000,0.1098580658,0.0000000000,0.2245265096,0.2048730403,0.0087353932,0.0000000000,0.0000000000,0.1098580435,0.0000000000,0.1985781640,0.0000000000,0.0161105227,0.0224616136,0.0174198709,0.0380095132,0.0981563032,0.0023596471,0.0000000000,0.0000000000,0.0000000000,0.7798457146,0.7717795372,0.0309248790,0.0292374529,0.2486299723,0.2507395446,0.1586374640,0.0050273063,0.6743966937,0.5863394737,0.1489928216,0.1525845826,0.0301109981,0.0310609583,0.0479356535,0.0519744083,0.3111498058,0.3103234768,0.0314413682,0.0000000000,0.0000000000,0.0184972193,0.1433688998,0.1401563436,0.1438038945,0.1592315733,0.0000014121,0.0000000000,0.0000000000,0.0000000000,-0.0052944133,0.1251515895,-0.0006660823,0.0703114867,0.1252281368,0.0088437721
00:42:05:13.027,61,0.2243440747,0.2040434629,0.1165326983,0.0000000000,0.0000000000,0.1094441563,0.0000000000,0.2240888625,0.2044283599,0.0081959842,0.0000000000,0.0000000000,0.1094441116,0.0000000000,0.1976529211,0.0000000000,0.0160778798,0.0224831309,0.0173998699,0.0378253981,0.0979105234,0.0026115542,0.0000000000,0.0000000000,0.0000000000,0.7802956700,0.7723049521,0.0309501942,0.0292470567,0.2483376414,0.2504813671,0.1580291837,0.0050266390,0.6726427674,0.5840732455,0.1484982818,0.1520415395,0.0300280228,0.0309475884,0.0475630537,0.0514909849,0.3093652427,0.3085407317,0.0314842910,0.0000000000,0.0000000000,0.0184455719,0.1432242543,0.1400193870,0.1433653086,0.1588112265,0.0000016726,0.0000000000,0.0000000000,0.0000000000,-0.0049676541,0.1248797327,-0.0006236018,0.0706326067,0.1249562725,0.0088646049
00:42:05:14.028,61,0.2240687013,0.2036983967,0.1169455498,0.0000000000,0.0000000000,0.1093201488,0.0000000000,0.2238088250,0.2040863633,0.0077652233,0.0000000000,0.0000000000,0.1093200818,0.0000000000,0.1968327761,0.0000000000,0.0160498787,0.0225022566,0.0173891205,0.0376771167,0.0977371112,0.0028615394,0.0000000000,0.0000000000,0.0000000000,0.7805215716,0.7725964189,0.0309750717,0.0292535797,0.2481792718,0.2503436506,0.1573912203,0.0050268308,0.6706286669,0.5810559392,0.1480333805,0.1515314132,0.0299802143,0.0308718849,0.0472098328,0.0510303043,0.3083433807,0.3075185418,0.0315183997,0.0000000000,0.0000000000,0.0184110031,0.1432214677,0.1400336325,0.1430281252,0.1584827155,0.0000017471,0.0000000000,0.0000000000,0.0000000000,-0.0047066896,0.1246706620,-0.0005898430,0.0708847046,0.1247471943,0.0088811489
00:42:05:15.029,61,0.2239136100,0.2032048255,0.1173170656,0.0000000000,0.0000000000,0.1094792932,0.0000000000,0.2236496061,0.2035951465,0.0073617520,0.0000000000,0.0000000000,0.1094792262,0.0000000000,0.1961807609,0.0000000000,0.0159788877,0.0225168578,0.0173900221,0.0375750065,0.0975629240,0.0030095389,0.0000000000,0.0000000000,0.0000000000,0.7806205153,0.7726892829,0.0309810676,0.0292486101,0.2481012344,0.2502836287,0.1568872184,0.0050284206,0.6694325805,0.5789633393,0.1475895047,0.1510591060,0.0299634077,0.0308325682,0.0469128750,0.0506529622,0.3082053661,0.3073826134,0.0315591209,0.0000000000,0.0000000000,0.0183825344,0.1434738636,0.1403805465,0.1429424435,0.1584573686,0.0000017434,0.0000000000,0.0000000000,0.0000000000,-0.0044623036,0.1243704408,-0.0005578561,0.0711125731,0.1244469285,0.0088879820
00:42:05:16.031,61,0.2237600535,0.2030912489,0.1178011075,0.0000000000,0.0000000000,0.1095826998,0.0000000000,0.2234938890,0.2034859061,0.0068473420,0.0000000000,0.0000000000,0.1095826328,0.0000000000,0.1955641210,0.0000000000,0.0159031022,0.0225233380,0.0173749588,0.0374311693,0.0973176807,0.0031293877,0.0000000000,0.0000000000,0.0000000000,0.7809322476,0.7729846835,0.0309813488,0.0292430762,0.2479496300,0.2501382232,0.1564263254,0.0050235945,0.6687488556,0.5780772567,0.1471903175,0.1506319344,0.0299049523,0.0307587925,0.0466229208,0.0502924696,0.3082261980,0.3074069917,0.0316144787,0.0000000000,0.0000000000,0.0183354001,0.1435932368,0.1406123638,0.1427987367,0.1583973765,0.0000016749,0.0000000000,0.0000000000,0.0000000000,-0.0041505299,0.1243035495,-0.0005185978,0.0714065880,0.1243800074,0.0089198155
00:42:05:17.033,61,0.2236224264,0.2028311044,0.1181794703,0.0000000000,0.0000000000,0.1096100435,0.0000000000,0.2233541161,0.2032287270,0.0064507839,0.0000000000,0.0000000000,0.1096099690,0.0000000000,0.1949510872,0.0000000000,0.0158054382,0.0225101709,0.0173414871,0.0372614190,0.0970516354,0.0032011159,0.0000000000,0.0000000000,0.0000000000,0.7827450633,0.7744615674,0.0309157334,0.0291745234,0.2477504462,0.2499323934,0.1558840871,0.0050072405,0.6683632135,0.5777581334,0.1467756629,0.1501972228,0.0297985952,0.0306417327,0.0463094898,0.0499219894,0.3081535399,0.3073379993,0.0316926166,0.0000000000,0.0000000000,0.0182665065,0.1435036510,0.1406292766,0.1425090432,0.1581936777,0.0000014863,0.0000000000,0.0000000000,0.0000000000,-0.0039102319,0.1241463348,-0.0004879491,0.0716373473,0.1242227331,0.0089371596
00:42:05:18.035,61,0.2235011905,0.2025169134,0.1188868582,0.0000000000,0.0000000000,0.1095255539,0.0000000000,0.2232313603,0.2029203922,0.0057381550,0.0000000000,0.0000000000,0.1095254570,0.0000000000,0.1943240911,0.0000000000,0.0157138705,0.0224880110,0.0172947925,0.0370724164,0.0967729688,0.0032667757,0.0000000000,0.0000000000,0.0000000000,0.7868316770,0.7783479095,0.0308280364,0.0290804170,0.2476556003,0.2498004436,0.1552435309,0.0049839434,0.6681215763,0.5777254701,0.1463455558,0.1497436613,0.0296652559,0.0305021461,0.0459489226,0.0495076738,0.3079152107,0.3071022332,0.0317611285,0.0000000000,0.0000000000,0.0181880593,0.1431194246,0.1403495222,0.1420609951,0.1578352600,0.0000014723,0.0000000000,0.0000000000,0.0000000000,-0.0034783441,0.1239577755,-0.0004333889,0.0720678791,0.1240341738,0.0089769866
00:42:05:19.036,61,0.2234406769,0.2025090754,0.1191538349,0.0000000000,0.0000000000,0.1094747856,0.0000000000,0.2231708765,0.2029150426,0.0054668500,0.0000000000,0.0000000000,0.1094746888,0.0000000000,0.1936089396,0.0000000000,0.0156152844,0.0224739481,0.0172489975,0.0368762799,0.0964370891,0.0032774936,0.0000000000,0.0000000000,0.0000000000,0.7881523371,0.7795553803,0.0308448505,0.0290923975,0.2475784123,0.2497067899,0.1546867043,0.0049665770,0.6679584384,0.5777795911,0.1459744573,0.1493629068,0.0295522790,0.0303854439,0.0456325598,0.0491574742,0.3081999421,0.3073945940,0.0317920372,0.0000000000,0.0000000000,0.0181227587,0.1427600682,0.1401287168,0.1416734606,0.1575625241,0.0000012359,0.0000000000,0.0000000000,0.0000000000,-0.0033138867,0.1239544377,-0.0004128870,0.0722297356,0.1240308136,0.0089968685
00:42:05:20.037,61,0.2234080881,0.2026254684,0.1193909645,0.0000000000,0.0000000000,0.1092723757,0.0000000000,0.2231395543,0.2030339241,0.0052333232,0.0000000000,0.0000000000,0.1092722639,0.0000000000,0.1929074377,0.0000000000,0.0155168045,0.0224405248,0.0171855353,0.0366702974,0.0961598307,0.0032662349,0.0000000000,0.0000000000,0.0000000000,0.7890057564,0.7803113461,0.0308631770,0.0291103255,0.2473974824,0.2494943291,0.1540669054,0.0049471962,0.6678996086,0.5779901147,0.1457189918,0.1491032392,0.0294313412,0.0302642621,0.0453200825,0.0488168225,0.3087542355,0.3079640865,0.0318059474,0.0000000000,0.0000000000,0.0180797540,0.1419209391,0.1395992041,0.1411647797,0.1571732759,0.0000010367,0.0000000000,0.0000000000,0.0000000000,-0.0031722994,0.1240270138,-0.0003954800,0.0723728389,0.1241034046,0.0090199905
00:42:05:21.039,61,0.2233880460,0.2025315166,0.1196224242,0.0000000000,0.0000000000,0.1091593057,0.0000000000,0.2231217772,0.2029418945,0.0050066984,0.0000000000,0.0000000000,0.1091591865,0.0000000000,0.1922166497,0.0000000000,0.0153694218,0.0224169027,0.0171269216,0.0364744850,0.0959068462,0.0031897908,0.0000000000,0.0000000000,0.0000000000,0.7895328403,0.7806976438,0.0309018288,0.0291517861,0.2473293841,0.2493665069,0.1534417272,0.0049294117,0.6678626537,0.5782013535,0.1454365999,0.1488419771,0.0293230712,0.0301571209,0.0450068004,0.0484947525,0.3092349172,0.3084546328,0.0317975655,0.0000000000,0.0000000000,0.0180381890,0.1412369311,0.1391018629,0.1406466663,0.1567960232,0.0000009264,0.0000000000,0.0000000000,0.0000000000,-0.0030349463,0.1239707246,-0.0003781833,0.0725136697,0.1240471527,0.0090333708
00:42:05:22.040,61,0.2232647538,0.2024972886,0.1196317524,0.0000000000,0.0000000000,0.1092360914,0.0000000000,0.2230009884,0.2029076219,0.0050112195,0.0000000000,0.0000000000,0.1092359424,0.0000000000,0.1915112883,0.0000000000,0.0152778933,0.0223809928,0.0170680918,0.0362901017,0.0956669599,0.0030826807,0.0000000000,0.0000000000,0.0000000000,0.7896686196,0.7807204723,0.0309511889,0.0292045958,0.2472230345,0.2492500991,0.1528494358,0.0049110074,0.6680148840,0.5786088109,0.1452117115,0.1486449093,0.0292203221,0.0300559960,0.0447604246,0.0482411496,0.3111370206,0.3103887439,0.0318124592,0.0000000000,0.0000000000,0.0180040076,0.1408568323,0.1388739198,0.1402529329,0.1565413922,0.0000008599,0.0000000000,0.0000000000,0.0000000000,-0.0030376946,0.1239497885,-0.0003784612,0.0725195035,0.1240262091,0.0090325568
00:42:05:23.042,61,0.2231502086,0.2024978101,0.1200495511,0.0000000000,0.0000000000,0.1091966629,0.0000000000,0.2228879631,0.2029120773,0.0046083941,0.0000000000,0.0000000000,0.1091964692,0.0000000000,0.1906487644,0.0000000000,0.0152717195,0.0223193932,0.0169874132,0.0360799953,0.0954445377,0.0030364881,0.0000000000,0.0000000000,0.0000000000,0.7899205089,0.7809371352,0.0309994537,0.0292482469,0.2472727895,0.2493198216,0.1521490067,0.0048827808,0.6684567332,0.5801464319,0.1449828297,0.1484269351,0.0291036796,0.0299405474,0.0445469357,0.0480101779,0.3119681776,0.3112291992,0.0318274386,0.0000000000,0.0000000000,0.0179504678,0.1404567659,0.1385825276,0.1398554444,0.1562652141,0.0000008287,0.0000000000,0.0000000000,0.0000000000,-0.0027935097,0.1239524111,-0.0003480462,0.0727727711,0.1240288466,0.0090642376
00:42:05:24.043,61,0.2228956223,0.2024896592,0.1207501814,0.0000000000,0.0000000000,0.1090870649,0.0000000000,0.2226330638,0.2029104084,0.0039300784,0.0000000000,0.0000000000,0.1090868637,0.0000000000,0.1887400448,0.0000000000,0.0151916062,0.0222396422,0.0168993045,0.0358561166,0.0952802524,0.0030101284,0.0000000000,0.0000000000,0.0000000000,0.7898040414,0.7807751298,0.0311289262,0.0293697231,0.2476148754,0.2496090084,0.1514527947,0.0048526619,0.6703552604,0.5838267803,0.1446911097,0.1481829882,0.0289978664,0.0298252590,0.0444166027,0.0478829555,0.3120453954,0.3113119900,0.0318426937,0.0000000000,0.0000000000,0.0178791042,0.1402479410,0.1385260671,0.1395529509,0.1561004668,0.0000008891,0.0000000000,0.0000000000,0.0000000000,-0.0023823299,0.1239512786,-0.0002968142,0.0731975138,0.1240277141,0.0091169607
00:42:05:25.046,61,0.2228097618,0.2025484145,0.1213428751,0.0000000000,0.0000000000,0.1091321558,0.0000000000,0.2225464731,0.2029748559,0.0033615467,0.0000000000,0.0000000000,0.1091319397,0.0000000000,0.1877819300,0.0000000000,0.0151236691,0.0221738331,0.0168214925,0.0356231220,0.0950822681,0.0029503102,0.0000000000,0.0000000000,0.0000000000,0.7895449400,0.7804538012,0.0313038491,0.0295309667,0.2481701970,0.2500990629,0.1509305984,0.0048238179,0.6732743382,0.5874297619,0.1443286836,0.1478964239,0.0289045386,0.0297177136,0.0443574376,0.0478434637,0.3121420145,0.3114122152,0.0318484567,0.0000000000,0.0000000000,0.0177772082,0.1404343694,0.1388772279,0.1394123733,0.1561200768,0.0000011360,0.0000000000,0.0000000000,0.0000000000,-0.0020376877,0.1239905432,-0.0002539565,0.0735564604,0.1240670010,0.0091645177
00:42:05:26.047,61,0.2229970247,0.2026981860,0.1217199042,0.0000000000,0.0000000000,0.1092899665,0.0000000000,0.2227359712,0.2031284720,0.0030390366,0.0000000000,0.0000000000,0.1092896685,0.0000000000,0.1868851632,0.0000000000,0.0151192639,0.0220868401,0.0167311337,0.0353768319,0.0948654339,0.0027904094,0.0000000000,0.0000000000,0.0000000000,0.7894073725,0.7802026868,0.0314484909,0.0296659842,0.2491506636,0.2509943247,0.1502600014,0.0047846055,0.6764954329,0.5915862322,0.1438931972,0.1475519985,0.0288089160,0.0296118800,0.0443249010,0.0478528328,0.3126664162,0.3119421899,0.0318486728,0.0000000000,0.0000000000,0.0176590532,0.1405713856,0.1392051280,0.1392960548,0.1562043726,0.0000010699,0.0000000000,0.0000000000,0.0000000000,-0.0018421685,0.1240843460,-0.0002297646,0.0737841651,0.1241608411,0.0091998596
00:42:05:27.049,61,0.2232880145,0.2030891329,0.1221036091,0.0000000000,0.0000000000,0.1096686795,0.0000000000,0.2230302989,0.2035239935,0.0026969647,0.0000000000,0.0000000000,0.1096682698,0.0000000000,0.1854979843,0.0000000000,0.0150990384,0.0219974499,0.0166366883,0.0351325944,0.0945807919,0.0024863656,0.0000000000,0.0000000000,0.0000000000,0.7856320143,0.7742576003,0.0317637511,0.0299791358,0.2499389350,0.2517817914,0.1496744901,0.0047523454,0.6794012189,0.5943723321,0.1435493678,0.1473277956,0.0287395865,0.0295366030,0.0443610251,0.0479636826,0.3206501603,0.3200089633,0.0318559706,0.0000000000,0.0000000000,0.0175783020,0.1408626288,0.1397109032,0.1392093748,0.1563661546,0.0000010753,0.0000000000,0.0000000000,0.0000000000,-0.0016347660,0.1243259087,-0.0002042974,0.0740145445,0.1244024560,0.0092466725
00:42:05:28.050,61,0.2236901224,0.2042172998,0.1225272194,0.0000000000,0.0000000000,0.1105897203,0.0000000000,0.2234373987,0.2046590596,0.0023283423,0.0000000000,0.0000000000,0.1105890051,0.0000000000,0.1796109527,0.0000000000,0.0150750168,0.0219227355,0.0165572260,0.0348878987,0.0943814591,0.0020178873,0.0000000000,0.0000000000,0.0000000000,0.7355607152,0.7215724587,0.0337271728,0.0319514461,0.2547386885,0.2566932440,0.1491026878,0.0047332174,0.6836884022,0.5966069698,0.1432099193,0.1471885145,0.0287456475,0.0295256861,0.0446181744,0.0483624749,0.3286561370,0.3280765712,0.0318671688,0.0000000000,0.0000000000,0.0175555013,0.1475210041,0.1494592577,0.1392799616,0.1567179114,0.0000009266,0.0000000000,0.0000000000,0.0000000000,-0.0014112028,0.1250192523,-0.0001773524,0.0742648989,0.1250958741,0.0093301451
00:42:05:29.052,61,0.2251495272,0.2062736005,0.1228646263,0.0000000000,0.0000000000,0.1120128259,0.0000000000,0.2249154747,0.2067239732,0.0020490927,0.0000000000,0.0000000000,0.1120118797,0.0000000000,0.1705750525,0.0000000000,0.0150169749,0.0218548980,0.0164671242,0.0345644020,0.0940156356,0.0015331898,0.0000000000,0.0000000000,0.0000000000,0.7097479105,0.6958315372,0.0417417064,0.0396451466,0.2686916292,0.2695705295,0.1485665590,0.0047115209,0.6951853633,0.6050633788,0.1427881718,0.1470229030,0.0287800506,0.0295190886,0.0454756133,0.0504261255,0.3405374587,0.3399829865,0.0318912454,0.0000000000,0.0000000000,0.0175433066,0.1700959802,0.1729269326,0.1397333145,0.1583898664,0.0000005200,0.0000000000,0.0000000000,0.0000000000,-0.0012417522,0.1262806058,-0.0001576481,0.0744575858,0.1263573468,0.0094496375
00:42:05:30.053,61,0.2273192853,0.2096903324,0.1229259148,0.0000000000,0.0000000000,0.1138715073,0.0000000000,0.2270876914,0.2101502419,0.0020628760,0.0000000000,0.0000000000,0.1138702556,0.0000000000,0.1629638225,0.0000000000,0.0149703836,0.0217909478,0.0163738839,0.0342262648,0.0937509313,0.0011503745,0.0000000000,0.0000000000,0.0000000000,0.6676936746,0.6576563716,0.0496876873,0.0473245420,0.2757207453,0.2764870822,0.1478058100,0.0046929237,0.6994910240,0.6079574227,0.1424498856,0.1469452381,0.0288589336,0.0295382719,0.0475531518,0.0533471033,0.3546428382,0.3540363908,0.0319298692,0.0000000000,0.0000000000,0.0176085997,0.1828641891,0.1835311353,0.1407242417,0.1604937464,0.0000003411,0.0000000000,0.0000000000,0.0000000000,-0.0012497702,0.1283735633,-0.0001613246,0.0744748339,0.1284505725,0.0096101118
00:42:05:31.055,61,0.2321764976,0.2136911154,0.1228261143,0.0000000000,0.0000000000,0.1168296412,0.0000000000,0.2319706082,0.2141606361,0.0022261292,0.0000000000,0.0000000000,0.1168279499,0.0000000000,0.1568300873,0.0000000000,0.0148859043,0.0217541605,0.0162928868,0.0338656120,0.0934347734,0.0007634293,0.0000000000,0.0000000000,0.0000000000,0.6449488997,0.6322076917,0.0583585538,0.0556936190,0.2840325832,0.2838460505,0.1470633745,0.0046804948,0.7030343413,0.6101132035,0.1420918405,0.1468749642,0.0289681591,0.0295728687,0.0501462184,0.0565812103,0.3619315326,0.3613175452,0.0319989473,0.0000000000,0.0000000000,0.0176788382,0.2023898959,0.2011080980,0.1429622471,0.1638563573,0.0000001440,0.0000000000,0.0000000000,0.0000000000,-0.0013482448,0.1308234334,-0.0001773951,0.0743906796,0.1309005618,0.0097844433
00:42:05:32.056,61,0.2380303591,0.2195454091,0.1218503937,0.0000000000,0.0000000000,0.1207470894,0.0000000000,0.2378611267,0.2200204581,0.0032686554,0.0000000000,0.0000000000,0.1207452193,0.0000000000,0.1473131031,0.0000000000,0.0147655774,0.0217407923,0.0162215941,0.0335124396,0.0931336880,0.0003047929,0.0000000000,0.0000000000,0.0000000000,0.5868454576,0.5734432340,0.0695858821,0.0668703616,0.2890277803,0.2885440588,0.1456962824,0.0046767327,0.7048199773,0.6112203598,0.1418735087,0.1469570100,0.0290888678,0.0296172835,0.0530635230,0.0598374233,0.3693360686,0.3687427342,0.0321207419,0.0000000000,0.0000000000,0.0178247988,0.2211313695,0.2184811682,0.1455555856,0.1669787467,0.0000000383,0.0000000000,0.0000000000,0.0000000000,-0.0019787010,0.1344031245,-0.0002675564,0.0737645477,0.1344805807,0.0099707581
00:42:05:33.059,61,0.2444304675,0.2255634218,0.1206651032,0.0000000000,0.0000000000,0.1248669699,0.0000000000,0.2442604750,0.2260417193,0.0045002867,0.0000000000,0.0000000000,0.1248653233,0.0000000000,0.1386945695,0.0000000000,0.0145919975,0.0217482578,0.0161569566,0.0331305005,0.0928570703,0.0000000000,0.0000993889,0.0000000000,0.0000000000,0.5536245108,0.5391252041,0.0779397115,0.0750854164,0.2914899588,0.2908082306,0.1442603916,0.0046803560,0.7061178684,0.6120562553,0.1418008953,0.1471677572,0.0291976612,0.0296519808,0.0554128848,0.0622250363,0.3732791245,0.3726924062,0.0322775505,0.0000000000,0.0000000000,0.0180092342,0.2308161259,0.2276151627,0.1468189806,0.1684329212,0.0000000130,0.0000000000,0.0000000000,0.0000000000,-0.0027229027,0.1380815506,-0.0003783901,0.0730102584,0.1381592900,0.0101423534
00:42:05:34.059,61,0.2491991371,0.2312348187,0.1201061979,0.0000000000,0.0000000000,0.1287511289,0.0000000000,0.2490219176,0.2317214459,0.0051193554,0.0000000000,0.0000000000,0.1287496984,0.0000000000,0.1302919984,0.0000000000,0.0144049712,0.0217966288,0.0161099453,0.0327445455,0.0927790850,0.0000000000,0.0005760833,0.0000000000,0.0000000000,0.4883580804,0.4705422223,0.0853123516,0.0826003104,0.2927312851,0.2919782102,0.1428838670,0.0046977294,0.7070336342,0.6124995351,0.1418664455,0.1474852711,0.0293053500,0.0297036171,0.0569534339,0.0638245344,0.3776049316,0.3770374358,0.0324786156,0.0000000000,0.0000000000,0.0182963926,0.2355077118,0.2321182042,0.1476045102,0.1692859083,0.0000000072,0.0000000000,0.0000000000,0.0000000000,-0.0030959593,0.1415512413,-0.0004411868,0.0726366863,0.1416292638,0.0103473468
00:42:05:35.061,61,0.2533513010,0.2343792468,0.1210724562,0.0000000000,0.0000000000,0.1328556240,0.0000000000,0.2531503737,0.2348841876,0.0041813497,0.0000000000,0.0000000000,0.1328536570,0.0000000000,0.1254850030,0.0000000000,0.0141675808,0.0218372811,0.0160553437,0.0323592424,0.0927970037,0.0000000000,0.0010112488,0.0000000000,0.0000000000,0.4693758488,0.4501364827,0.0897878632,0.0870455652,0.2936998904,0.2928271294,0.1405413002,0.0047105793,0.7086766362,0.6131505370,0.1420105249,0.1478746831,0.0293925796,0.0297421403,0.0580135584,0.0649228841,0.3798778355,0.3793200254,0.0326410085,0.0000000000,0.0000000000,0.0185918566,0.2379068136,0.2344127893,0.1479915977,0.1696775854,0.0000000045,0.0000000000,0.0000000000,0.0000000000,-0.0025279941,0.1434830725,-0.0003652338,0.0732008666,0.1435612589,0.0105717629
00:42:05:36.063,61,0.2560281456,0.2344094664,0.1221911013,0.0000000000,0.0000000000,0.1364176869,0.0000000000,0.2558171749,0.2349267006,0.0030437422,0.0000000000,0.0000000000,0.1364136636,0.0000000000,0.1231552958,0.0000000000,0.0140223075,0.0218707025,0.0160058532,0.0319847949,0.0926870257,0.0000000000,0.0013692412,0.0000000000,0.0000000000,0.5168747306,0.4987254739,0.0920179412,0.0892484561,0.2959682345,0.2941880524,0.1386927515,0.0047189631,0.7095124722,0.6136488914,0.1420585811,0.1481522322,0.0294992253,0.0297966190,0.0587364584,0.0656611845,0.3809382319,0.3803845644,0.0327764675,0.0000000000,0.0000000000,0.0188073646,0.2390310466,0.2354368269,0.1480645537,0.1697000414,0.0000000035,0.0000000000,0.0000000000,0.0000000000,-0.0018402031,0.1435088068,-0.0002659132,0.0738769621,0.1435869485,0.0106711574
00:42:05:37.064,61,0.2577680051,0.2339641601,0.1225109920,0.0000000000,0.0000000000,0.1414119601,0.0000000000,0.2575630248,0.2344836891,0.0026948636,0.0000000000,0.0000000000,0.1414055824,0.0000000000,0.1217356101,0.0000000000,0.0139631461,0.0218925141,0.0159540344,0.0316394307,0.0927243084,0.0000000000,0.0016444655,0.0000000000,0.0000000000,0.5253092051,0.5073570013,0.0934431702,0.0906144679,0.2978892326,0.2952833474,0.1374544799,0.0047239540,0.7126048803,0.6167798638,0.1422814429,0.1486107856,0.0296010468,0.0298546180,0.0593060143,0.0662317798,0.3814427257,0.3808935881,0.0328970030,0.0000000000,0.0000000000,0.0190151632,0.2399290651,0.2362686992,0.1479455382,0.1694896817,0.0000000023,0.0000000000,0.0000000000,0.0000000000,-0.0016293398,0.1432381421,-0.0002349928,0.0740732774,0.1433162838,0.0106790122
00:42:05:38.066,61,0.2589147389,0.2338159680,0.1225852221,0.0000000000,0.0000000000,0.1501992494,0.0000000000,0.2587135434,0.2343360186,0.0025673863,0.0000000000,0.0000000000,0.1501942128,0.0000000000,0.1201217249,0.0000000000,0.0139082810,0.0219595358,0.0159284323,0.0313009322,0.0929165632,0.0000000000,0.0018107704,0.0000000000,0.0000000000,0.4480171204,0.4275911748,0.0968879238,0.0932541713,0.2989499271,0.2959625125,0.1365986317,0.0047467905,0.7166102529,0.6194394827,0.1426301748,0.1491628736,0.0297239758,0.0299407039,0.0598292723,0.0667228773,0.3820033967,0.3814603090,0.0330154337,0.0000000000,0.0000000000,0.0192802157,0.2470291704,0.2431419641,0.1477492005,0.1691433787,0.0000000013,0.0000000000,0.0000000000,0.0000000000,-0.0015522861,0.1431479007,-0.0002237367,0.0741191283,0.1432259828,0.0106787859
00:42:05:39.068,61,0.2596277595,0.2336647958,0.1224264354,0.0000000000,0.0000000000,0.1573511809,0.0000000000,0.2594309151,0.2341827452,0.0026877453,0.0000000000,0.0000000000,0.1573479474,0.0000000000,0.1168412268,0.0000000000,0.0138464496,0.0220715068,0.0159135330,0.0309753418,0.0931880474,0.0000000000,0.0019562435,0.0000000000,0.0000000000,0.4078421593,0.3856500387,0.1053344235,0.1005950868,0.2994320989,0.2961968482,0.1359448582,0.0047848546,0.7198056579,0.6215840578,0.1432838589,0.1505273581,0.0298223067,0.0300180893,0.0602549165,0.0671110973,0.3856922984,0.3852139711,0.0331619903,0.0000000000,0.0000000000,0.0196637213,0.2494575828,0.2455545217,0.1473034024,0.1684149951,0.0000000005,0.0000000000,0.0000000000,0.0000000000,-0.0016250788,0.1430542618,-0.0002340733,0.0740241110,0.1431323737,0.0106580555
00:42:05:40.069,61,0.2599498332,0.2327990085,0.1228890792,0.0000000000,0.0000000000,0.1607754976,0.0000000000,0.2597578466,0.2333196998,0.0022091623,0.0000000000,0.0000000000,0.1607728451,0.0000000000,0.1154554337,0.0000000000,0.0138356956,0.0221448448,0.0158856008,0.0306856912,0.0933838040,0.0000000000,0.0021279298,0.0000000000,0.0000000000,0.4631032348,0.4436686039,0.1078280509,0.1027876213,0.2994822860,0.2961433828,0.1352126449,0.0048105852,0.7209680080,0.6224954128,0.1438834518,0.1514015049,0.0298820063,0.0300594606,0.0604660250,0.0672805682,0.3870560527,0.3865980804,0.0333175808,0.0000000000,0.0000000000,0.0199744254,0.2502162755,0.2463271916,0.1462808400,0.1663809270,0.0000000001,0.0000000000,0.0000000000,0.0000000000,-0.0013358169,0.1425270289,-0.0001916897,0.0743094534,0.1426050365,0.0106591070
00:42:05:41.070,61,0.2601042688,0.2311808020,0.1221682429,0.0000000000,0.0000000000,0.1625092179,0.0000000000,0.2599185407,0.2316895425,0.0029039821,0.0000000000,0.0000000000,0.1625069529,0.0000000000,0.1149829701,0.0000000000,0.0137305846,0.0221933722,0.0158811491,0.0304979105,0.0934922099,0.0000000000,0.0024163523,0.0000000000,0.0000000000,0.5321425796,0.5116301775,0.1059185565,0.1018434763,0.2993772030,0.2959755361,0.1346174330,0.0048235562,0.7210065722,0.6225880384,0.1442142874,0.1519635320,0.0299687069,0.0301276147,0.0606224313,0.0674468726,0.3880984485,0.3876547515,0.0335062742,0.0000000000,0.0000000000,0.0201839618,0.2498176694,0.2464513481,0.1457411498,0.1655872166,0.0000000002,0.0000000000,0.0000000000,0.0000000000,-0.0017562044,0.1415313184,-0.0002502309,0.0738840476,0.1416092515,0.0105231982
00:42:05:42.072,61,0.2603777945,0.2294017673,0.1209287569,0.0000000000,0.0000000000,0.1636731476,0.0000000000,0.2601994276,0.2298927605,0.0041263252,0.0000000000,0.0000000000,0.1636711508,0.0000000000,0.1150439680,0.0000000000,0.0134841418,0.0222104602,0.0158852339,0.0303804632,0.0935212150,0.0000000000,0.0029456627,0.0000000000,0.0000000000,0.5553179383,0.5325741768,0.1000299230,0.0977197513,0.2992440164,0.2958411276,0.1340537667,0.0048275692,0.7184258103,0.6210700274,0.1443073153,0.1522689909,0.0300667677,0.0302203484,0.0606800430,0.0675877258,0.3892063200,0.3887928724,0.0336980894,0.0000000000,0.0000000000,0.0203224644,0.2450452447,0.2455600351,0.1453175843,0.1651544124,0.0000000052,0.0000000000,0.0000000000,0.0000000000,-0.0024958141,0.1404339671,-0.0003528191,0.0731457397,0.1405117810,0.0103364252
00:42:05:43.074,61,0.2607947886,0.2282733619,0.1205999330,0.0000000000,0.0000000000,0.1643638462,0.0000000000,0.2606222630,0.2287580222,0.0044219745,0.0000000000,0.0000000000,0.1643620431,0.0000000000,0.1154849976,0.0000000000,0.0131989745,0.0222212076,0.0159081239,0.0303131398,0.0936061069,0.0000000000,0.0035395112,0.0000000000,0.0000000000,0.5668115616,0.5432904959,0.0957801268,0.0942133889,0.2994233966,0.2960233390,0.1335349977,0.0048273108,0.7162467837,0.6185470223,0.1441777945,0.1523391604,0.0302180424,0.0303640682,0.0607588552,0.0677805021,0.3898063004,0.3894032538,0.0338564329,0.0000000000,0.0000000000,0.0204092134,0.2434051931,0.2450424433,0.1451254338,0.1650767326,0.0000000121,0.0000000000,0.0000000000,0.0000000000,-0.0026749000,0.1397408545,-0.0003762445,0.0729539394,0.1398186088,0.0102578476
00:42:05:44.076,61,0.2610984445,0.2268001437,0.1200279891,0.0000000000,0.0000000000,0.1646570861,0.0000000000,0.2609304190,0.2272751331,0.0049586957,0.0000000000,0.0000000000,0.1646553725,0.0000000000,0.1159681901,0.0000000000,0.0130134365,0.0222230945,0.0159229375,0.0302397329,0.0937190279,0.0000000000,0.0040343236,0.0000000000,0.0000000000,0.5706816912,0.5470603108,0.0938974023,0.0926184580,0.2996740043,0.2963035703,0.1331285387,0.0048242724,0.7153401971,0.6176212430,0.1441112310,0.1524448693,0.0303666703,0.0304997209,0.0609339364,0.0680576861,0.3901921213,0.3897938132,0.0339661948,0.0000000000,0.0000000000,0.0204988774,0.2424242646,0.2445480078,0.1450306177,0.1651006788,0.0000000166,0.0000000000,0.0000000000,0.0000000000,-0.0029999488,0.1388351172,-0.0004191945,0.0726171285,0.1389128119,0.0101435697
00:42:05:45.078,61,0.2610732019,0.2253966182,0.1191340908,0.0000000000,0.0000000000,0.1646238565,0.0000000000,0.2609087229,0.2258587778,0.0058282898,0.0000000000,0.0000000000,0.1646220982,0.0000000000,0.1166808531,0.0000000000,0.0129766986,0.0222153142,0.0159241781,0.0302043352,0.0940148905,0.0000000000,0.0043364316,0.0000000000,0.0000000000,0.5682967305,0.5477169752,0.0927611142,0.0915582404,0.2997368574,0.2964550257,0.1329124123,0.0048248842,0.7150658369,0.6173305511,0.1443366110,0.1528033167,0.0305169802,0.0306272991,0.0611642078,0.0683378652,0.3902805150,0.3898827136,0.0340207070,0.0000000000,0.0000000000,0.0206431877,0.2416598946,0.2437885702,0.1450189501,0.1651401967,0.0000000204,0.0000000000,0.0000000000,0.0000000000,-0.0035264674,0.1379701346,-0.0004896571,0.0720849633,0.1380477548,0.0100058606
00:42:05:46.079,61,0.2609398663,0.2241602540,0.1175157726,0.0000000000,0.0000000000,0.1645656675,0.0000000000,0.2607813478,0.2246026546,0.0074121892,0.0000000000,0.0000000000,0.1645639539,0.0000000000,0.1173074692,0.0000000000,0.0129422769,0.0221963152,0.0159188304,0.0301780924,0.0942569003,0.0000000000,0.0046455013,0.0000000000,0.0000000000,0.5680193901,0.5481868982,0.0919044688,0.0906989574,0.2997033298,0.2965326309,0.1327176392,0.0048232502,0.7149664164,0.6172419190,0.1444864571,0.1530862004,0.0306396689,0.0307288244,0.0613731481,0.0685978010,0.3902162015,0.3898203373,0.0340682454,0.0000000000,0.0000000000,0.0207605157,0.2409988046,0.2431418002,0.1450514197,0.1652439088,0.0000000477,0.0000000000,0.0000000000,0.0000000000,-0.0044852989,0.1372033507,-0.0006192868,0.0711132139,0.1372808665,0.0098156836
00:42:05:47.080,61,0.2607580721,0.2227807045,0.1159873009,0.0000000000,0.0000000000,0.1646886170,0.0000000000,0.2606078386,0.2232041657,0.0088743754,0.0000000000,0.0000000000,0.1646870524,0.0000000000,0.1188576892,0.0000000000,0.0126867518,0.0221978817,0.0159484725,0.0302248001,0.0945548192,0.0000000000,0.0052329889,0.0000000000,0.0000000000,0.5681729913,0.5482568145,0.0903295428,0.0893524811,0.2995921671,0.2965421677,0.1326471120,0.0048317672,0.7145041227,0.6164366007,0.1444355547,0.1532109231,0.0307988152,0.0308734775,0.0614791848,0.0688415170,0.3898110092,0.3894219100,0.0341039784,0.0000000000,0.0000000000,0.0208601188,0.2402720004,0.2427242845,0.1451500952,0.1655689478,0.0000000820,0.0000000000,0.0000000000,0.0000000000,-0.0053707347,0.1363496631,-0.0007368663,0.0701964349,0.1364270896,0.0096283462
00:42:05:48.082,61,0.2611058354,0.2233862430,0.1148262993,0.0000000000,0.0000000000,0.1661496460,0.0000000000,0.2609649897,0.2237992734,0.0099765128,0.0000000000,0.0000000000,0.1661504656,0.0000000000,0.1197064221,0.0000000000,0.0124100437,0.0222715344,0.0160608850,0.0303426310,0.0949300155,0.0000000000,0.0059245382,0.0000000000,0.0000000000,0.5258734226,0.4939013720,0.0893912092,0.0885157138,0.2993722260,0.2965131104,0.1327404380,0.0048688413,0.7092263103,0.6027404070,0.1442192048,0.1531446576,0.0310731139,0.0311353579,0.0616820417,0.0692071840,0.3896530271,0.3892727196,0.0341694802,0.0000000000,0.0000000000,0.0209813733,0.2457010746,0.2537117898,0.1460523605,0.1683336347,0.0000001305,0.0000000000,0.0000000000,0.0000000000,-0.0060374425,0.1367137134,-0.0008305771,0.0694902912,0.1367911100,0.0095574018
00:42:05:49.084,61,0.2616565824,0.2246121913,0.1140346453,0.0000000000,0.0000000000,0.1696502417,0.0000000000,0.2615247071,0.2250198573,0.0107316887,0.0000000000,0.0000000000,0.1696564555,0.0000000000,0.1199624613,0.0000000000,0.0121602621,0.0224300139,0.0162546150,0.0304497462,0.0956436843,0.0000000000,0.0064525101,0.0000000000,0.0000000000,0.4137205780,0.3798353374,0.0889531448,0.0881230757,0.2991598248,0.2964853346,0.1329245120,0.0049375673,0.7060700059,0.5938238502,0.1438490748,0.1528632343,0.0314911380,0.0315387249,0.0621238202,0.0697482079,0.3900283575,0.3896537721,0.0342645571,0.0000000000,0.0000000000,0.0211739093,0.2868545353,0.2894087732,0.1524972320,0.1756374389,0.0000001458,0.0000000000,0.0000000000,0.0000000000,-0.0064937803,0.1374597549,-0.0008982918,0.0690040961,0.1375371814,0.0095430603
00:42:05:50.085,61,0.2621943951,0.2257056385,0.1138046533,0.0000000000,0.0000000000,0.1723010540,0.0000000000,0.2620697916,0.2261134237,0.0109570501,0.0000000000,0.0000000000,0.1723080277,0.0000000000,0.1197898909,0.0000000000,0.0121040531,0.0226159319,0.0164425243,0.0304639246,0.0963097364,0.0000000000,0.0066532628,0.0000000000,0.0000000000,0.3706163764,0.3420653343,0.0892096534,0.0883062929,0.2992017567,0.2966442108,0.1330887824,0.0050138142,0.7049729824,0.5906778574,0.1435684711,0.1526206136,0.0319208726,0.0319472291,0.0626703352,0.0702918693,0.3902069926,0.3898326159,0.0343337655,0.0000000000,0.0000000000,0.0213731136,0.2983305156,0.2997061014,0.1553905457,0.1781638116,0.0000001324,0.0000000000,0.0000000000,0.0000000000,-0.0066295317,0.1381278783,-0.0009215848,0.0688585341,0.1382053643,0.0095698172
00:42:05:51.088,61,0.2623327672,0.2265170366,0.1139389351,0.0000000000,0.0000000000,0.1734171808,0.0000000000,0.2622118294,0.2269278914,0.0108518219,0.0000000000,0.0000000000,0.1734243780,0.0000000000,0.1193966866,0.0000000000,0.0121663110,0.0227845218,0.0165769011,0.0304049477,0.0969630629,0.0000000000,0.0065883459,0.0000000000,0.0000000000,0.3508624732,0.3236699402,0.0923031569,0.0898783430,0.2993744910,0.2968401611,0.1333006173,0.0050813477,0.7074817419,0.5949855447,0.1435737610,0.1526273340,0.0322840400,0.0322821587,0.0633028448,0.0708571300,0.3907151818,0.3903364837,0.0343888514,0.0000000000,0.0000000000,0.0216321778,0.3041509092,0.3046656847,0.1569528580,0.1795419604,0.0000001054,0.0000000000,0.0000000000,0.0000000000,-0.0065654106,0.1386253685,-0.0009160008,0.0689350367,0.1387029588,0.0096153673
00:42:05:52.088,61,0.2621427774,0.2264995426,0.1137233377,0.0000000000,0.0000000000,0.1736464202,0.0000000000,0.2620245218,0.2269081771,0.0110736229,0.0000000000,0.0000000000,0.1736534536,0.0000000000,0.1190770119,0.0000000000,0.0122621572,0.0229158197,0.0166757181,0.0302898139,0.0974116772,0.0000000000,0.0066230069,0.0000000000,0.0000000000,0.3870357275,0.3629266918,0.0934879482,0.0906494558,0.2996071875,0.2971601486,0.1334688514,0.0051321830,0.7083958983,0.5967693925,0.1434177160,0.1524788737,0.0325789750,0.0325551704,0.0638775751,0.0714030191,0.3908273578,0.3904457092,0.0344137363,0.0000000000,0.0000000000,0.0218086783,0.3036769927,0.3023836911,0.1578250676,0.1802546978,0.0000000779,0.0000000000,0.0000000000,0.0000000000,-0.0066996133,0.1386134624,-0.0009346430,0.0688046962,0.1386909932,0.0095963776
00:42:05:53.090,61,0.2623900473,0.2280638069,0.1117656827,0.0000000000,0.0000000000,0.1743164212,0.0000000000,0.2622785270,0.2284555137,0.0129435128,0.0000000000,0.0000000000,0.1743252724,0.0000000000,0.1186783612,0.0000000000,0.0120927095,0.0231322348,0.0168573614,0.0302264113,0.0977784917,0.0000000000,0.0068772784,0.0000000000,0.0000000000,0.3265875876,0.2914983332,0.0943122655,0.0913458467,0.2996192276,0.2972286642,0.1338825524,0.0052146656,0.7084297538,0.5961387753,0.1429982036,0.1520996690,0.0329640470,0.0329230651,0.0644824728,0.0720620751,0.3912930787,0.3909166753,0.0344815589,0.0000000000,0.0000000000,0.0219829455,0.3048124909,0.3076773584,0.1594310105,0.1820139736,0.0000000902,0.0000000000,0.0000000000,0.0000000000,-0.0078298701,0.1395598501,-0.0010998739,0.0676112622,0.1396373808,0.0094953822
00:42:05:54.092,61,0.2631412148,0.2302439809,0.1093412787,0.0000000000,0.0000000000,0.1782553643,0.0000000000,0.2630634904,0.2306149304,0.0152512258,0.0000000000,0.0000000000,0.1783156097,0.0000000000,0.1174953505,0.0000000000,0.0116645871,0.0234021414,0.0171210505,0.0302456096,0.0981383994,0.0000000000,0.0071386355,0.0000000000,0.0000000000,0.1898574829,0.1464877427,0.0951414779,0.0926315561,0.2995323241,0.2970786393,0.1343400031,0.0053228820,0.7076830268,0.5872606039,0.1425869018,0.1517499238,0.0335266292,0.0334659070,0.0652480498,0.0733012185,0.3945804238,0.3942663670,0.0346190482,0.0000000000,0.0000000000,0.0222289730,0.3407787383,0.3604807854,0.1666915119,0.1902419925,0.0000001287,0.0000000000,0.0000000000,0.0000000000,-0.0092241475,0.1408806592,-0.0013081511,0.0661322698,0.1409582347,0.0093770083
00:42:05:55.094,61,0.2638072073,0.2321881354,0.1067314446,0.0000000000,0.0000000000,0.1814467311,0.0000000000,0.2637421787,0.2325353771,0.0177688859,0.0000000000,0.0000000000,0.1815472990,0.0000000000,0.1124837622,0.0000000000,0.0112212263,0.0237079076,0.0174227320,0.0301564094,0.0980886370,0.0000000000,0.0070934556,0.0000000000,0.0000000000,0.0498197190,0.0121471817,0.0991943255,0.0964986011,0.2993723154,0.2966720462,0.1349373907,0.0054284576,0.7074854374,0.5847617984,0.1417526305,0.1510700732,0.0341248997,0.0340178572,0.0676158294,0.0755635202,0.4019209743,0.4016532004,0.0348039530,0.0000000000,0.0000000000,0.0223578867,0.3728903234,0.3870081604,0.1744377017,0.1968645900,0.0000003059,0.0000000000,0.0000000000,0.0000000000,-0.0107450653,0.1420560777,-0.0015367222,0.0645428970,0.1421336085,0.0092293210
00:42:05:56.096,61,0.2640827894,0.2333624661,0.1052659377,0.0000000000,0.0000000000,0.1827778965,0.0000000000,0.2640262842,0.2336962223,0.0192389563,0.0000000000,0.0000000000,0.1828922182,0.0000000000,0.1064391881,0.0000000000,0.0109381983,0.0240145251,0.0176945999,0.0299642142,0.0977730155,0.0000000000,0.0067853653,0.0000000000,0.0460694730,0.0014479134,0.0000000000,0.1082540974,0.1034561247,0.2990657985,0.2958714664,0.1354033351,0.0055262768,0.7074572444,0.5835313201,0.1408522427,0.1501878053,0.0346600898,0.0344847515,0.0691353828,0.0767135695,0.4048891366,0.4046236575,0.0349647999,0.0000000000,0.0000000000,0.0224359520,0.3840136230,0.3976809680,0.1774550676,0.1995176226,0.0000006313,0.0000000000,0.0000000000,0.0000000000,-0.0116328532,0.1427666098,-0.0016721203,0.0636501461,0.1428442746,0.0091479728
00:42:05:57.096,61,0.2642584145,0.2355510592,0.1036038399,0.0000000000,0.0000000000,0.1831248850,0.0000000000,0.2642081082,0.2358707637,0.0209485423,0.0000000000,0.0000000000,0.1832447350,0.0000000000,0.1019447595,0.0000000000,0.0107135642,0.0243174881,0.0179376584,0.0297482982,0.0974873528,0.0000000000,0.0065387376,0.0405472890,0.0700094625,0.0000000000,0.0000000000,0.1147065163,0.1093402803,0.2975482047,0.2923672199,0.1356839091,0.0056189690,0.7074345350,0.5828222632,0.1401796341,0.1495395899,0.0351016670,0.0348705128,0.0701311529,0.0775847211,0.4066385329,0.4063759446,0.0351264477,0.0000000000,0.0000000000,0.0225586053,0.3892988265,0.4025114179,0.1790848225,0.2009012848,0.0000008475,0.0000000000,0.0000000000,0.0000000000,-0.0126641262,0.1440969110,-0.0018375464,0.0626330897,0.1441746652,0.0090870010
00:42:05:58.098,61,0.2644844651,0.2377592623,0.1006353647,0.0000000000,0.0000000000,0.1833159178,0.0000000000,0.2644391954,0.2380504608,0.0239158627,0.0000000000,0.0000000000,0.1834386438,0.0000000000,0.0986854061,0.0000000000,0.0103995567,0.0246133748,0.0181645937,0.0295472387,0.0970605686,0.0000000000,0.0065299207,0.0506913885,0.0864816383,0.0000000000,0.0000000000,0.1187906489,0.1139518023,0.2960453033,0.2898805141,0.1359340400,0.0057146139,0.7071095109,0.5820174813,0.1395402998,0.1489330828,0.0354917757,0.0352198854,0.0708582997,0.0783073753,0.4102303088,0.4099890292,0.0353008509,0.0000000000,0.0000000000,0.0227139685,0.3893529773,0.4039325118,0.1800879687,0.2018264234,0.0000008749,0.0000000000,0.0000000000,0.0000000000,-0.0144551657,0.1454320699,-0.0021171153,0.0608265996,0.1455098689,0.0089081414
00:42:05:59.100,61,0.2646250129,0.2398050874,0.0972954854,0.0000000000,0.0000000000,0.1830501705,0.0000000000,0.2645844519,0.2400629371,0.0272296965,0.0000000000,0.0000000000,0.1831765324,0.0000000000,0.0959205031,0.0000000000,0.0099455845,0.0248873960,0.0183841493,0.0293308273,0.0964731202,0.0000000000,0.0067291134,0.0884789526,0.1357810944,0.0000000000,0.0000000000,0.1208203509,0.1161632091,0.2939477861,0.2875305414,0.1360928267,0.0058031054,0.7062850595,0.5794426799,0.1384627670,0.1480174214,0.0358467847,0.0355475359,0.0714703426,0.0790108368,0.4135366678,0.4133259356,0.0354944691,0.0000000000,0.0000000000,0.0228132904,0.3896394670,0.4049352705,0.1809427589,0.2027848363,0.0000007782,0.0000000000,0.0000000000,0.0000000000,-0.0164551251,0.1466661096,-0.0024307501,0.0587971322,0.1467440128,0.0086853728
00:42:06:00.102,61,0.2646808028,0.2418315411,0.0943745300,0.0000000000,0.0000000000,0.1822990030,0.0000000000,0.2646443248,0.2420600057,0.0301554557,0.0000000000,0.0000000000,0.1824332625,0.0000000000,0.0934987292,0.0000000000,0.0094443960,0.0251579825,0.0186428465,0.0291367043,0.0956727192,0.0000000000,0.0069377911,0.1565570682,0.1983076781,0.0000000000,0.0000000000,0.1218641475,0.1173792407,0.2918299735,0.2854364514,0.1361984462,0.0058881552,0.7015054226,0.5685280561,0.1360654980,0.1454702467,0.0362698697,0.0359323174,0.0721018687,0.0797430128,0.4218046963,0.4216067195,0.0357199982,0.0000000000,0.0000000000,0.0228672773,0.3909733593,0.4105672538,0.1855766773,0.2091872692,0.0000004997,0.0000000000,0.0000000000,0.0000000000,-0.0182198826,0.1478907615,-0.0027142141,0.0570215248,0.1479687542,0.0084947180
00:42:06:01.103,61,0.2645030916,0.2421779186,0.0928893685,0.0000000000,0.0000000000,0.1807696819,0.0000000000,0.2644700110,0.2423902899,0.0316641703,0.0000000000,0.0000000000,0.1809054911,0.0000000000,0.0917960778,0.0000000000,0.0090805171,0.0253885984,0.0188723560,0.0289240126,0.0943754688,0.0000000000,0.0070692720,0.1480366588,0.1787732542,0.0000000000,0.0000000000,0.1223956794,0.1180319637,0.2903324962,0.2842126787,0.1361015141,0.0059584193,0.6950630546,0.5613626838,0.1334073544,0.1425228417,0.0366655365,0.0362790152,0.0726140663,0.0802996531,0.4256875515,0.4254861474,0.0359399095,0.0000000000,0.0000000000,0.0228547417,0.3915091157,0.4122287929,0.1874798387,0.2113931179,0.0000003131,0.0000000000,0.0000000000,0.0000000000,-0.0191308651,0.1480951160,-0.0028539021,0.0561224371,0.1481730938,0.0083726412
00:42:06:02.104,61,0.2642700076,0.2420064658,0.0932632238,0.0000000000,0.0000000000,0.1785085499,0.0000000000,0.2642398179,0.2422227412,0.0312987566,0.0000000000,0.0000000000,0.1786337197,0.0000000000,0.0908584893,0.0000000000,0.0087924059,0.0255528167,0.0190253351,0.0287462454,0.0935290679,0.0000000000,0.0072759488,0.0344856828,0.0701802820,0.0000000000,0.0000000000,0.1225153953,0.1182823330,0.2894331217,0.2835094929,0.1358924210,0.0060109277,0.6917034388,0.5583140850,0.1320652813,0.1410926282,0.0369395018,0.0365131125,0.0729577467,0.0807018578,0.4284991622,0.4282877445,0.0361281820,0.0000000000,0.0000000000,0.0228571594,0.3798599243,0.3963665962,0.1884511858,0.2125411928,0.0000002538,0.0000000000,0.0000000000,0.0000000000,-0.0189103819,0.1479921043,-0.0028190238,0.0563491955,0.1480700821,0.0084005017
00:42:06:03.106,61,0.2641431093,0.2427427620,0.0929257646,0.0000000000,0.0000000000,0.1761892140,0.0000000000,0.2641158104,0.2429561317,0.0316540748,0.0000000000,0.0000000000,0.1763074100,0.0000000000,0.0903674066,0.0000000000,0.0084084971,0.0256744139,0.0191331487,0.0286030062,0.0928380787,0.0000000000,0.0077347225,0.0000000000,0.0234030597,0.0455947183,0.0000000000,0.1222343817,0.1182270423,0.2888070345,0.2831488550,0.1356911510,0.0060503897,0.6898561716,0.5566450357,0.1310847104,0.1400874555,0.0370997414,0.0366630927,0.0732003674,0.0810955241,0.4302273095,0.4300172925,0.0362887606,0.0000000000,0.0000000000,0.0228623115,0.3625053167,0.3837299645,0.1889328212,0.2132419646,0.0000001719,0.0000000000,0.0000000000,0.0000000000,-0.0191237833,0.1484408081,-0.0028596036,0.0561415330,0.1485188603,0.0083953198
00:42:06:04.108,61,0.2639724910,0.2430253774,0.0924006775,0.0000000000,0.0000000000,0.1745655984,0.0000000000,0.2639480829,0.2432332337,0.0321903452,0.0000000000,0.0000000000,0.1746845245,0.0000000000,0.0901699737,0.0000000000,0.0079506282,0.0257770382,0.0192424860,0.0285086967,0.0922164097,0.0000000000,0.0083112596,0.0000000000,0.0000000000,0.0703449920,0.0043083574,0.1202409118,0.1177573502,0.2882478833,0.2828901708,0.1355759054,0.0060908189,0.6861963272,0.5545273423,0.1302370131,0.1392418593,0.0372630507,0.0368202701,0.0733659938,0.0814393982,0.4314141572,0.4312058389,0.0364577100,0.0000000000,0.0000000000,0.0228372496,0.3568875194,0.3792174757,0.1893922985,0.2139420211,0.0000001075,0.0000000000,0.0000000000,0.0000000000,-0.0194472745,0.1486110240,-0.0029113537,0.0558228642,0.1486891210,0.0083574308
00:42:06:05.109,61,0.2635143697,0.2430657744,0.0921235755,0.0000000000,0.0000000000,0.1718224883,0.0000000000,0.2634921372,0.2432704568,0.0325007774,0.0000000000,0.0000000000,0.1719352752,0.0000000000,0.0901482925,0.0000000000,0.0076586176,0.0258207470,0.0192946307,0.0284103658,0.0918129012,0.0000000000,0.0086449664,0.0000000000,0.0000000000,0.0959414914,0.0634102151,0.1191088781,0.1171503365,0.2880417705,0.2829472125,0.1353387237,0.0061121187,0.6848540306,0.5538126826,0.1295748204,0.1385823339,0.0373841263,0.0369174369,0.0735352561,0.0817120448,0.4318882823,0.4316787422,0.0365539119,0.0000000000,0.0000000000,0.0228103437,0.3536564708,0.3754495382,0.1896854639,0.2143483609,0.0000000616,0.0000000000,0.0000000000,0.0000000000,-0.0196347535,0.1486343145,-0.0029398841,0.0556552559,0.1487124264,0.0083336895
00:42:06:06.111,61,0.2626639903,0.2427561283,0.0922185555,0.0000000000,0.0000000000,0.1684728563,0.0000000000,0.2626480460,0.2429614216,0.0324172489,0.0000000000,0.0000000000,0.1685743332,0.0000000000,0.0902669653,0.0000000000,0.0074913511,0.0258356873,0.0193068869,0.0283094663,0.0915391073,0.0000000000,0.0087451525,0.0000000000,0.0000000000,0.1287369281,0.0940397978,0.1182391867,0.1164773703,0.2880805135,0.2831945717,0.1350659579,0.0061190273,0.6842803359,0.5538104773,0.1290372610,0.1380412430,0.0374506600,0.0369480252,0.0737031400,0.0819192231,0.4321328402,0.4319183230,0.0366168544,0.0000000000,0.0000000000,0.0227888562,0.3508583009,0.3680110574,0.1897794902,0.2144655138,0.0000000577,0.0000000000,0.0000000000,0.0000000000,-0.0195848420,0.1484453976,-0.0029286286,0.0557142124,0.1485234499,0.0083317505
00:42:06:07.112,61,0.2619466186,0.2418923974,0.0928463191,0.0000000000,0.0000000000,0.1646731198,0.0000000000,0.2619329691,0.2421034724,0.0318216905,0.0000000000,0.0000000000,0.1647524238,0.0000000000,0.0906610042,0.0000000000,0.0075202486,0.0257857125,0.0192428622,0.0282111466,0.0913669616,0.0000000000,0.0088810278,0.0000000000,0.0000000000,0.2493461072,0.2201636285,0.1167543009,0.1148419231,0.2884614170,0.2847143710,0.1347250044,0.0061035762,0.6842457652,0.5568984747,0.1286166012,0.1376192421,0.0373833142,0.0368587673,0.0737995282,0.0820420459,0.4319287837,0.4317082465,0.0366361290,0.0000000000,0.0000000000,0.0227541998,0.3280131817,0.3335428834,0.1894580573,0.2141107619,0.0000000787,0.0000000000,0.0000000000,0.0000000000,-0.0192265436,0.1479201466,-0.0028647343,0.0560978837,0.1479981840,0.0083589572
00:42:06:08.114,61,0.2616270781,0.2416083813,0.0932443514,0.0000000000,0.0000000000,0.1627747416,0.0000000000,0.2616151273,0.2418234348,0.0314404778,0.0000000000,0.0000000000,0.1628433913,0.0000000000,0.0911951363,0.0000000000,0.0074648149,0.0257382151,0.0191562735,0.0281261280,0.0911456198,0.0000000000,0.0091788927,0.0000000000,0.0000000000,0.2827498019,0.2545529604,0.1158678681,0.1139859334,0.2887928486,0.2855178416,0.1345083863,0.0060866238,0.6846151948,0.5618445873,0.1283599585,0.1373851150,0.0372098312,0.0366873667,0.0737863630,0.0821100995,0.4316233397,0.4314002395,0.0366334952,0.0000000000,0.0000000000,0.0227246080,0.3161170781,0.3234024942,0.1880857497,0.2128603905,0.0000001404,0.0000000000,0.0000000000,0.0000000000,-0.0189966969,0.1477483958,-0.0028271575,0.0563398302,0.1478264332,0.0083850836
00:42:06:09.116,61,0.2617175281,0.2417647988,0.0936981589,0.0000000000,0.0000000000,0.1617835164,0.0000000000,0.2617069483,0.2419850975,0.0309935305,0.0000000000,0.0000000000,0.1618483365,0.0000000000,0.0917757452,0.0000000000,0.0072517120,0.0257373564,0.0191243645,0.0281040780,0.0909094065,0.0000000000,0.0096091758,0.0000000000,0.0000000000,0.2317393571,0.1910579205,0.1151304320,0.1133571714,0.2890423238,0.2861099541,0.1345498115,0.0060894615,0.6848030090,0.5633723140,0.1281888485,0.1372542232,0.0371117890,0.0366002880,0.0738355070,0.0822969005,0.4317682087,0.4315447509,0.0366425812,0.0000000000,0.0000000000,0.0227382611,0.3116739392,0.3209183216,0.1876164973,0.2125195265,0.0000002071,0.0000000000,0.0000000000,0.0000000000,-0.0187263750,0.1478464007,-0.0027888073,0.0566132218,0.1479244530,0.0084313946
00:42:06:10.117,61,0.2619470954,0.2415686399,0.0943968520,0.0000000000,0.0000000000,0.1613969952,0.0000000000,0.2619375885,0.2417963892,0.0302976128,0.0000000000,0.0000000000,0.1614612341,0.0000000000,0.0922922269,0.0000000000,0.0069696954,0.0257693622,0.0191211067,0.0281130075,0.0907358155,0.0000000000,0.0099992566,0.0000000000,0.0000000000,0.2119817436,0.1685391665,0.1146194860,0.1129534170,0.2890422046,0.2863013446,0.1346592754,0.0061088321,0.6848769784,0.5639894605,0.1281586736,0.1372686625,0.0370588154,0.0365579613,0.0738423839,0.0824378058,0.4316636026,0.4314403236,0.0366517529,0.0000000000,0.0000000000,0.0227843355,0.3097901046,0.3230018616,0.1872224212,0.2122391015,0.0000002624,0.0000000000,0.0000000000,0.0000000000,-0.0183062144,0.1477299780,-0.0027240643,0.0570363849,0.1478080153,0.0084875626
00:42:06:11.119,61,0.2622039318,0.2415996045,0.0952644125,0.0000000000,0.0000000000,0.1610327065,0.0000000000,0.2621952593,0.2418369800,0.0294541847,0.0000000000,0.0000000000,0.1610959768,0.0000000000,0.0926792920,0.0000000000,0.0067830831,0.0258080382,0.0190914329,0.0281038880,0.0905379504,0.0000000000,0.0102515314,0.0000000000,0.0000000000,0.2042558044,0.1596287191,0.1146429852,0.1130226105,0.2889464498,0.2863051891,0.1347177923,0.0061261924,0.6852115393,0.5646089315,0.1283287555,0.1374697685,0.0369407758,0.0364582688,0.0738005564,0.0824772492,0.4315426350,0.4313174486,0.0366468467,0.0000000000,0.0000000000,0.0228754953,0.3085482717,0.3228153288,0.1866081208,0.2116365880,0.0000003380,0.0000000000,0.0000000000,0.0000000000,-0.0177965388,0.1477533579,-0.0026486563,0.0575603954,0.1478314400,0.0085668284
00:42:06:12.121,61,0.2623302937,0.2416947186,0.0964644700,0.0000000000,0.0000000000,0.1597815305,0.0000000000,0.2623217404,0.2419453263,0.0283074975,0.0000000000,0.0000000000,0.1598360240,0.0000000000,0.0933102146,0.0000000000,0.0067766807,0.0258023459,0.0190038625,0.0280391984,0.0903242454,0.0000000000,0.0103240255,0.0000000000,0.0000000000,0.2982381582,0.2676481605,0.1146340221,0.1130059361,0.2890103757,0.2864615917,0.1347299963,0.0061243735,0.6857730746,0.5675259829,0.1285453588,0.1376950890,0.0367383473,0.0362632684,0.0736424103,0.0823220089,0.4296207726,0.4293562472,0.0366081074,0.0000000000,0.0000000000,0.0229104254,0.2976593971,0.3022629023,0.1822850406,0.2058880478,0.0000004394,0.0000000000,0.0000000000,0.0000000000,-0.0171035286,0.1478178054,-0.0025466522,0.0582849756,0.1478959024,0.0086783785
00:42:06:13.122,61,0.2626005709,0.2426207215,0.0971077755,0.0000000000,0.0000000000,0.1537399888,0.0000000000,0.2625912130,0.2428795546,0.0277553461,0.0000000000,0.0000000000,0.1537713110,0.0000000000,0.0957622156,0.0000000000,0.0069725658,0.0256937221,0.0188282840,0.0279434323,0.0901559070,0.0000000000,0.0102143977,0.0000000000,0.0000000000,0.4259958267,0.4056688249,0.1142416522,0.1125506982,0.2890446484,0.2866328657,0.1345216632,0.0060852529,0.6868649721,0.5767178535,0.1289023310,0.1380312890,0.0363967791,0.0359282158,0.0733396709,0.0819390714,0.4162102342,0.4158122540,0.0365654640,0.0000000000,0.0000000000,0.0228629373,0.2489614487,0.2492233813,0.1723815352,0.1933313906,0.0000004217,0.0000000000,0.0000000000,0.0000000000,-0.0167684909,0.1483876854,-0.0025065404,0.0586687028,0.1484658867,0.0087696100
00:42:06:14.123,61,0.2628862262,0.2437863797,0.0982342735,0.0000000000,0.0000000000,0.1476995349,0.0000000000,0.2628752589,0.2440592200,0.0267204754,0.0000000000,0.0000000000,0.1477165967,0.0000000000,0.0969159380,0.0000000000,0.0071825660,0.0255694129,0.0186146460,0.0278113093,0.0899824575,0.0000000000,0.0099864267,0.0000000000,0.0000000000,0.4631687701,0.4460238516,0.1141181588,0.1123318523,0.2888424695,0.2865245044,0.1341236383,0.0060398094,0.6876873374,0.5816000104,0.1297134459,0.1386455745,0.0359768681,0.0355200320,0.0728557110,0.0813023150,0.4073523581,0.4069075286,0.0365283825,0.0000000000,0.0000000000,0.0228327457,0.2345712930,0.2331894934,0.1633113325,0.1828304380,0.0000004750,0.0000000000,0.0000000000,0.0000000000,-0.0161415301,0.1491068900,-0.0024247000,0.0593429357,0.1491852105,0.0089138867
00:42:06:15.125,61,0.2630268335,0.2453704476,0.0991277546,0.0000000000,0.0000000000,0.1428506374,0.0000000000,0.2630145848,0.2456556112,0.0258849636,0.0000000000,0.0000000000,0.1428625137,0.0000000000,0.0974624008,0.0000000000,0.0073227701,0.0254934002,0.0184513386,0.0276962351,0.0897413716,0.0000000000,0.0096740164,0.0000000000,0.0000000000,0.3730410933,0.3538201749,0.1141239181,0.1122323796,0.2855901420,0.2837443352,0.1336784512,0.0060118209,0.6877095699,0.5830547810,0.1304419488,0.1392622143,0.0356447920,0.0351992995,0.0724061579,0.0806724355,0.4024240673,0.4019713104,0.0365983732,0.0000000000,0.0000000000,0.0228371248,0.2278420329,0.2259044051,0.1600549221,0.1789582372,0.0000004495,0.0000000000,0.0000000000,0.0000000000,-0.0156345107,0.1500809789,-0.0023641195,0.0598739386,0.1501594186,0.0090531651
00:42:06:16.127,61,0.2630708814,0.2473021746,0.0998030007,0.0000000000,0.0000000000,0.1390870363,0.0000000000,0.2630571425,0.2475978434,0.0252824724,0.0000000000,0.0000000000,0.1390967369,0.0000000000,0.0974594653,0.0000000000,0.0074015344,0.0254278481,0.0182917379,0.0275855344,0.0893743709,0.0000000000,0.0093453154,0.0000000000,0.0000000000,0.3333342075,0.3129213750,0.1145622432,0.1125655398,0.2752504647,0.2738972902,0.1330880970,0.0059986617,0.6873246431,0.5818498135,0.1328512728,0.1410572529,0.0352985747,0.0348702818,0.0719067752,0.0799833536,0.4000003636,0.3995434344,0.0367275514,0.0000000000,0.0000000000,0.0229197126,0.2243744284,0.2221980691,0.1582479179,0.1767891943,0.0000004522,0.0000000000,0.0000000000,0.0000000000,-0.0152678555,0.1512667090,-0.0023272014,0.0602709837,0.1513452381,0.0091861933
00:42:06:17.128,61,0.2629041374,0.2492491901,0.1005547345,0.0000000000,0.0000000000,0.1351518631,0.0000000000,0.2628888488,0.2495564967,0.0245494228,0.0000000000,0.0000000000,0.1351620704,0.0000000000,0.0952936783,0.0000000000,0.0074989037,0.0254357550,0.0181720145,0.0275248531,0.0884248316,0.0000000000,0.0089241527,0.0000000000,0.0000000000,0.2269790024,0.2119267583,0.1223130003,0.1187489405,0.2400935143,0.2413835526,0.1324577630,0.0060379761,0.6787571311,0.5662313104,0.1416191459,0.1482801884,0.0349435881,0.0345332623,0.0713770017,0.0790908933,0.3992961645,0.3988392055,0.0369536541,0.0000000000,0.0000000000,0.0232182145,0.2220480144,0.2198302299,0.1573870480,0.1756473929,0.0000005908,0.0000000000,0.0000000000,0.0000000000,-0.0148224588,0.1524622738,-0.0022774527,0.0607139021,0.1525409520,0.0093278596
00:42:06:18.130,61,0.2607839406,0.2511275411,0.1017975360,0.0000000000,0.0000000000,0.1281801164,0.0000000000,0.2607584894,0.2514521778,0.0233335365,0.0000000000,0.0000000000,0.1281922609,0.0000000000,0.0850479230,0.0000000000,0.0076175723,0.0255495980,0.0181089099,0.0275566317,0.0864838138,0.0000000000,0.0083264010,0.0000000000,0.0000000000,0.1085617021,0.1008502766,0.1457134336,0.1394808292,0.2084991485,0.2083536685,0.1310689598,0.0061520319,0.6605632901,0.5432594419,0.1590731591,0.1647238582,0.0345475152,0.0341634788,0.0707868561,0.0777034461,0.4038967788,0.4034852982,0.0372595452,0.0000000000,0.0000000000,0.0241776612,0.1831801087,0.1841319799,0.1569808275,0.1749778539,0.0000006553,0.0000000000,0.0000000000,0.0000000000,-0.0140858153,0.1536187530,-0.0021809537,0.0614533909,0.1536975056,0.0095140394
00:42:06:19.132,61,0.2503681481,0.2523104846,0.1036690697,0.0000000000,0.0000000000,0.1194466949,0.0000000000,0.2503324747,0.2526589036,0.0214658491,0.0000000000,0.0000000000,0.1194556952,0.0000000000,0.0702982470,0.0000000000,0.0078133214,0.0257101301,0.0180690754,0.0275647584,0.0854133070,0.0000000000,0.0073874989,0.0000000000,0.0000000000,0.0118290391,0.0167628061,0.1583585441,0.1502048224,0.1625377536,0.1623403728,0.1274982840,0.0063733789,0.6423079967,0.5190607309,0.1720131189,0.1784470230,0.0341550149,0.0337761268,0.0700427443,0.0752944350,0.4370409548,0.4367033541,0.0374192744,0.0000000000,0.0000000000,0.0258643068,0.1438024193,0.1392098367,0.1568218023,0.1744344682,0.0000007784,0.0000000000,0.0000000000,0.0000000000,-0.0129568651,0.1543536037,-0.0020159152,0.0625761524,0.1544323862,0.0097346855
00:42:06:20.134,61,0.2254013568,0.2527178824,0.1054567620,0.0000000000,0.0000000000,0.1118030995,0.0000000000,0.2253401130,0.2530878186,0.0196587872,0.0000000000,0.0000000000,0.1118080765,0.0000000000,0.0601351894,0.0000000000,0.0079231178,0.0258582979,0.0181216840,0.0274842978,0.0848427340,0.0000000000,0.0034750192,0.1277038753,0.1089987308,0.0000000000,0.0000000000,0.1634725630,0.1545235962,0.1272930950,0.1255619377,0.1211992130,0.0067936643,0.5939984918,0.4615982473,0.1805869490,0.1881922930,0.0341216177,0.0336884931,0.0691079646,0.0722353831,0.4774711728,0.4772373438,0.0373392254,0.0000000000,0.0000000000,0.0268674754,0.1164866462,0.1139995456,0.1568735838,0.1738809049,0.0000008574,0.0000000000,0.0000000000,0.0000000000,-0.0118656326,0.1546135396,-0.0018493020,0.0636527240,0.1546923816,0.0099188648
00:42:06:21.135,61,0.2059881687,0.2532269359,0.1073152870,0.0000000000,0.0000000000,0.1038007811,0.0000000000,0.2059154212,0.2536195517,0.0177949127,0.0000000000,0.0000000000,0.1038024202,0.0000000000,0.0518565588,0.0000000000,0.0079813907,0.0258946326,0.0182120558,0.0273143649,0.0848039314,0.0025035776,0.0000000000,0.1387444139,0.1093174294,0.0000000000,0.0000000000,0.1484737992,0.1392048746,0.0976225734,0.0972837731,0.1143633202,0.0073272912,0.5640087128,0.4353693426,0.1843839586,0.1922601014,0.0342647135,0.0337302536,0.0671872422,0.0676126778,0.4889934659,0.4887994826,0.0370231867,0.0000000000,0.0000000000,0.0274621882,0.0948791578,0.0915428773,0.1564885974,0.1681625694,0.0000008023,0.0000000000,0.0000000000,0.0000000000,-0.0107400930,0.1549363732,-0.0016774414,0.0647713318,0.1550152302,0.0101143271
00:42:06:22.136,61,0.1923094839,0.2536026239,0.1097445562,0.0000000000,0.0000000000,0.0962171182,0.0000000000,0.1922429204,0.2540243864,0.0153637938,0.0000000000,0.0000000000,0.0962159038,0.0000000000,0.0458224043,0.0000000000,0.0079962928,0.0258059110,0.0183043778,0.0270441249,0.0851495937,0.0064720209,0.0000000000,0.1053256840,0.0886154696,0.0000000000,0.0000000000,0.1214438081,0.1149927452,0.0829435736,0.0826172233,0.1068873331,0.0078683672,0.5327877998,0.4091698527,0.1856813580,0.1929283738,0.0344669260,0.0338238515,0.0642283335,0.0628644675,0.4670232534,0.4668479562,0.0365728959,0.0000000000,0.0000000000,0.0277086534,0.0818079785,0.0785571933,0.1531900615,0.1588925123,0.0000007000,0.0000000000,0.0000000000,0.0000000000,-0.0092724375,0.1551814079,-0.0014505507,0.0662351251,0.1552602500,0.0103591671
00:42:06:23.138,61,0.1839062274,0.2539203763,0.1113858595,0.0000000000,0.0000000000,0.0889980346,0.0000000000,0.1838469505,0.2543618977,0.0137572316,0.0000000000,0.0000000000,0.0889953524,0.0000000000,0.0414252579,0.0000000000,0.0079622203,0.0256548114,0.0184098817,0.0267254002,0.0862045884,0.0087420121,0.0000000000,0.0973523110,0.0811795518,0.0000000000,0.0000000000,0.1084871441,0.1025906876,0.0746202841,0.0742810741,0.1001611799,0.0083924532,0.5111234188,0.3897714317,0.1816322207,0.1876377016,0.0346590430,0.0339185968,0.0612073168,0.0592736676,0.4376114011,0.4374505877,0.0360647254,0.0000000000,0.0000000000,0.0277671814,0.0738693923,0.0710815936,0.1479339898,0.1519251019,0.0000006580,0.0000000000,0.0000000000,0.0000000000,-0.0083025675,0.1553862393,-0.0013005736,0.0672236308,0.1554651409,0.0105276285
00:42:06:24.140,61,0.1740131527,0.2537860870,0.1137819290,0.0000000000,0.0000000000,0.0816933736,0.0000000000,0.1739571542,0.2542552054,0.0114083476,0.0000000000,0.0000000000,0.0816895589,0.0000000000,0.0363416970,0.0000000000,0.0078967251,0.0253298935,0.0184153505,0.0261860918,0.0866840109,0.0103145819,0.0000000000,0.0901448429,0.0746870786,0.0000000000,0.0000000000,0.0893149301,0.0852579474,0.0666485429,0.0663446262,0.0858951658,0.0088162106,0.4510473311,0.3396659493,0.1532780081,0.1579674035,0.0345899649,0.0337826125,0.0556036569,0.0539882854,0.4084147513,0.4082626700,0.0354100689,0.0000000000,0.0000000000,0.0276075210,0.0652412251,0.0632304922,0.1338634789,0.1375777125,0.0000006140,0.0000000000,0.0000000000,0.0000000000,-0.0068850759,0.1553193927,-0.0010780600,0.0686705261,0.1553983390,0.0107491547
00:42:06:25.141,61,0.1659923494,0.2536483705,0.1155959889,0.0000000000,0.0000000000,0.0750644132,0.0000000000,0.1659401506,0.2541382313,0.0096807126,0.0000000000,0.0000000000,0.0750597045,0.0000000000,0.0317934602,0.0000000000,0.0077871499,0.0248719417,0.0183374733,0.0252213739,0.0866671652,0.0113974968,0.0000000000,0.0815556198,0.0692076907,0.0000000000,0.0000000000,0.0731915757,0.0702535436,0.0589707829,0.0586544871,0.0740113556,0.0091514206,0.3960855007,0.3004368246,0.1324126571,0.1371362507,0.0343030393,0.0334520340,0.0492448919,0.0483069569,0.3884654343,0.3883174062,0.0344617367,0.0000000000,0.0000000000,0.0272642393,0.0574479550,0.0562335066,0.1212557480,0.1249452382,0.0000007207,0.0000000000,0.0000000000,0.0000000000,-0.0058424915,0.1552469134,-0.0009143812,0.0697662458,0.1553258896,0.0109152086
00:42:06:26.142,61,0.1583161950,0.2528954744,0.1173822582,0.0000000000,0.0000000000,0.0697421208,0.0000000000,0.1582734585,0.2534042895,0.0080147004,0.0000000000,0.0000000000,0.0697369799,0.0000000000,0.0284961760,0.0000000000,0.0075958809,0.0243184976,0.0181693397,0.0238254368,0.0864039809,0.0120834187,0.0000000000,0.0653919280,0.0594884418,0.0000000000,0.0000000000,0.0619988143,0.0597970337,0.0524489470,0.0521905869,0.0660997704,0.0094040940,0.3761286736,0.2844504118,0.1203511208,0.1250276119,0.0337451175,0.0328780189,0.0440123715,0.0436457880,0.3736900687,0.3735552728,0.0330545902,0.0000000000,0.0000000000,0.0268318765,0.0511245988,0.0505055077,0.1096157357,0.1133145764,0.0000007898,0.0000000000,0.0000000000,0.0000000000,-0.0048373626,0.1547977030,-0.0007548485,0.0708493516,0.1548767239,0.0110518001
00:42:06:27.145,61,0.1517623663,0.2512947023,0.1182547882,0.0000000000,0.0000000000,0.0657133460,0.0000000000,0.1517313272,0.2518095970,0.0072968900,0.0000000000,0.0000000000,0.0657079741,0.0000000000,0.0263038110,0.0000000000,0.0073305508,0.0237140991,0.0179347806,0.0224472005,0.0861433446,0.0124442633,0.0000000000,0.0470412634,0.0456736833,0.0000000000,0.0000000000,0.0544800647,0.0527479872,0.0475564152,0.0473360009,0.0610881746,0.0096052168,0.3657024801,0.2763070464,0.1139154658,0.1186696589,0.0324787050,0.0317187123,0.0399927683,0.0400793739,0.3668258786,0.3667011857,0.0314540081,0.0000000000,0.0000000000,0.0264102574,0.0463621318,0.0461504906,0.1007680222,0.1045012176,0.0000007498,0.0000000000,0.0000000000,0.0000000000,-0.0044047870,0.1538232416,-0.0006829514,0.0713868439,0.1539023072,0.0110643161
00:42:06:28.146,61,0.1468532979,0.2497837842,0.1187869310,0.0000000000,0.0000000000,0.0626093969,0.0000000000,0.1468269080,0.2503008842,0.0069092754,0.0000000000,0.0000000000,0.0626040474,0.0000000000,0.0249076486,0.0000000000,0.0070148013,0.0230915658,0.0176635236,0.0213011615,0.0859377384,0.0126259569,0.0000000000,0.0327182747,0.0324994028,0.0000000000,0.0000000000,0.0499268696,0.0484653488,0.0445153601,0.0442928262,0.0581635982,0.0097588440,0.3603278995,0.2721598744,0.1104246229,0.1152171493,0.0310314894,0.0303889867,0.0374086201,0.0377641879,0.3620384634,0.3619251549,0.0300036222,0.0000000000,0.0000000000,0.0260023531,0.0431798361,0.0432152450,0.0953581482,0.0991195291,0.0000006083,0.0000000000,0.0000000000,0.0000000000,-0.0041713957,0.1529014856,-0.0006428280,0.0717182904,0.1529805809,0.0110479761
00:42:06:29.148,61,0.1434111744,0.2485660315,0.1188233122,0.0000000000,0.0000000000,0.0599146150,0.0000000000,0.1433872432,0.2490804195,0.0069934768,0.0000000000,0.0000000000,0.0599095002,0.0000000000,0.0238246601,0.0000000000,0.0066404021,0.0224785097,0.0173879191,0.0204022694,0.0858021975,0.0127293738,0.0000000000,0.0231489912,0.0240810979,0.0000000000,0.0000000000,0.0467757098,0.0454423055,0.0426966697,0.0424192809,0.0560280792,0.0098646386,0.3571283221,0.2697217166,0.1069927290,0.1118708923,0.0296694245,0.0291277263,0.0356279127,0.0361458957,0.3508893847,0.3507869244,0.0288490374,0.0000000000,0.0000000000,0.0256123021,0.0409628339,0.0411692932,0.0912699550,0.0949193165,0.0000004565,0.0000000000,0.0000000000,0.0000000000,-0.0042227157,0.1521559060,-0.0006475139,0.0717484504,0.1522350758,0.0109979147
00:42:06:30.149,61,0.1408581138,0.2477886528,0.1188245565,0.0000000000,0.0000000000,0.0576392040,0.0000000000,0.1408331692,0.2483009249,0.0071220687,0.0000000000,0.0000000000,0.0576343313,0.0000000000,0.0228940640,0.0000000000,0.0062287981,0.0218788181,0.0171157587,0.0196068641,0.0856849700,0.0127557395,0.0000000000,0.0176608022,0.0193732642,0.0000000000,0.0000000000,0.0440373980,0.0428354330,0.0413977392,0.0411034115,0.0539478213,0.0099246660,0.3499558568,0.2659352422,0.1026760191,0.1074798331,0.0285079181,0.0280457567,0.0343282036,0.0349508263,0.3405121267,0.3404092193,0.0279248785,0.0000000000,0.0000000000,0.0252227932,0.0393798463,0.0397219509,0.0883366764,0.0919315517,0.0000004083,0.0000000000,0.0000000000,0.0000000000,-0.0043006735,0.1516798139,-0.0006573725,0.0717544183,0.1517590284,0.0109639028
00:42:06:31.151,61,0.1380957365,0.2467861772,0.1186528280,0.0000000000,0.0000000000,0.0557408258,0.0000000000,0.1380698532,0.2472937852,0.0074300896,0.0000000000,0.0000000000,0.0557361543,0.0000000000,0.0220690519,0.0000000000,0.0057656192,0.0212957058,0.0168410484,0.0188709032,0.0855304897,0.0127147790,0.0000000000,0.0098409122,0.0146066342,0.0000000000,0.0000000000,0.0417550504,0.0406678244,0.0403702371,0.0400567949,0.0521212742,0.0099544805,0.3407137692,0.2605700195,0.0981172398,0.1029187441,0.0274847746,0.0270604435,0.0331616364,0.0338825397,0.3292311132,0.3291272819,0.0271007456,0.0000000000,0.0000000000,0.0248385984,0.0380035602,0.0384705365,0.0851172507,0.0887198225,0.0000003857,0.0000000000,0.0000000000,0.0000000000,-0.0044870940,0.1510647237,-0.0006830430,0.0716574267,0.1511439532,0.0109040495
00:42:06:32.152,61,0.1359087825,0.2451870888,0.1179899573,0.0000000000,0.0000000000,0.0542228930,0.0000000000,0.1358862370,0.2456829995,0.0082419012,0.0000000000,0.0000000000,0.0542184338,0.0000000000,0.0213212166,0.0000000000,0.0052825208,0.0207439344,0.0165793281,0.0181979369,0.0854069814,0.0126029346,0.0000000000,0.0000000000,0.0046493914,0.0038536848,0.0000000000,0.0396304838,0.0386552028,0.0394751504,0.0391423777,0.0505341068,0.0099674975,0.3318364620,0.2540133297,0.0945591554,0.0993765369,0.0266228020,0.0262231287,0.0321406573,0.0329412855,0.3250452578,0.3249420226,0.0263215583,0.0000000000,0.0000000000,0.0244849585,0.0369522758,0.0375037119,0.0828769580,0.0865236446,0.0000004015,0.0000000000,0.0000000000,0.0000000000,-0.0049780966,0.1500810981,-0.0007527755,0.0712676644,0.1501603574,0.0107732024
00:42:06:33.154,61,0.1340110898,0.2440441698,0.1174037457,0.0000000000,0.0000000000,0.0528521538,0.0000000000,0.1339917183,0.2445304096,0.0089473035,0.0000000000,0.0000000000,0.0528479367,0.0000000000,0.0206053834,0.0000000000,0.0047968808,0.0202125572,0.0163311176,0.0175400209,0.0850044489,0.0124893785,0.0000000000,0.0000000000,0.0000000000,0.0116356574,0.0020663328,0.0372990891,0.0364471972,0.0386252999,0.0382016152,0.0487547517,0.0099520627,0.3041434586,0.2341634184,0.0873773769,0.0917192027,0.0258424748,0.0254536960,0.0311119817,0.0319769233,0.3189707696,0.3188734055,0.0255809892,0.0000000000,0.0000000000,0.0240623504,0.0360468850,0.0366492532,0.0807389840,0.0843355358,0.0000003358,0.0000000000,0.0000000000,0.0000000000,-0.0054047331,0.1493773460,-0.0008133996,0.0709210709,0.1494566351,0.0106699029
00:42:06:34.156,61,0.1328302473,0.2430767566,0.1170457378,0.0000000000,0.0000000000,0.0518734902,0.0000000000,0.1328121424,0.2435565293,0.0093951514,0.0000000000,0.0000000000,0.0518693663,0.0000000000,0.0199295897,0.0000000000,0.0043058186,0.0197124388,0.0160994250,0.0169282462,0.0845618919,0.0123356450,0.0000000000,0.0000000000,0.0000000000,0.0202584341,0.0097256340,0.0354802161,0.0347075574,0.0378396064,0.0373806618,0.0472259298,0.0099230548,0.2954190075,0.2269556522,0.0831511244,0.0873128101,0.0251216590,0.0247416720,0.0302103776,0.0311095864,0.3156576455,0.3155645132,0.0248928238,0.0000000000,0.0000000000,0.0236512683,0.0352512747,0.0358933285,0.0790878236,0.0826723650,0.0000002509,0.0000000000,0.0000000000,0.0000000000,-0.0056757680,0.1487826556,-0.0008507377,0.0707110763,0.1488619000,0.0105954027
00:42:06:35.158,61,0.1318110079,0.2422307432,0.1168982908,0.0000000000,0.0000000000,0.0510148443,0.0000000000,0.1317942739,0.2427067012,0.0096014487,0.0000000000,0.0000000000,0.0510107614,0.0000000000,0.0192811489,0.0000000000,0.0038417764,0.0192522686,0.0158922281,0.0163552612,0.0840028152,0.0121749463,0.0000000000,0.0000000000,0.0000000000,0.0240387022,0.0131264385,0.0341218710,0.0333979055,0.0370973833,0.0366092399,0.0458532237,0.0098935151,0.2850222588,0.2176269442,0.0793770924,0.0834276974,0.0244667307,0.0240899622,0.0293493867,0.0302882679,0.3095923066,0.3095018566,0.0242559593,0.0000000000,0.0000000000,0.0232491028,0.0345091894,0.0351847336,0.0774357542,0.0810678080,0.0000001721,0.0000000000,0.0000000000,0.0000000000,-0.0058008465,0.1482636184,-0.0008664072,0.0706274584,0.1483428925,0.0105454540
00:42:06:36.159,61,0.1310203522,0.2416858077,0.1166694164,0.0000000000,0.0000000000,0.0502601042,0.0000000000,0.1310042292,0.2421578020,0.0098877931,0.0000000000,0.0000000000,0.0502560660,0.0000000000,0.0186710469,0.0000000000,0.0033898780,0.0188328102,0.0157132614,0.0158296879,0.0835191756,0.0120496005,0.0000000000,0.0000000000,0.0000000000,0.0265015624,0.0154563095,0.0330597349,0.0323559530,0.0364062935,0.0358943418,0.0448509566,0.0098602045,0.2790927589,0.2121568024,0.0767400712,0.0806727037,0.0238733776,0.0234944690,0.0285787266,0.0295287240,0.3050149679,0.3049246073,0.0236711949,0.0000000000,0.0000000000,0.0228619706,0.0338336974,0.0345356651,0.0763484314,0.0799724758,0.0000001346,0.0000000000,0.0000000000,0.0000000000,-0.0059741437,0.1479284316,-0.0008902435,0.0704926997,0.1480077505,0.0105012376
00:42:06:37.160,61,0.1307295710,0.2412893474,0.1168014854,0.0000000000,0.0000000000,0.0497407205,0.0000000000,0.1307134777,0.2417618483,0.0098075755,0.0000000000,0.0000000000,0.0497367084,0.0000000000,0.0181215610,0.0000000000,0.0029689602,0.0184722506,0.0155818406,0.0153928595,0.0832259804,0.0119830109,0.0000000000,0.0000000000,0.0000000000,0.0288818944,0.0189842321,0.0321704298,0.0314750411,0.0357992947,0.0352662317,0.0440358557,0.0098345578,0.2761364579,0.2093162090,0.0752772912,0.0791546255,0.0233675260,0.0229838248,0.0279084630,0.0288510583,0.3035896719,0.3034987450,0.0231361650,0.0000000000,0.0000000000,0.0225357655,0.0332965888,0.0340131894,0.0756390244,0.0792524591,0.0000001664,0.0000000000,0.0000000000,0.0000000000,-0.0059258905,0.1476865560,-0.0008815879,0.0705750212,0.1477658153,0.0104960427
00:42:06:38.162,61,0.1304863095,0.2410772890,0.1168979704,0.0000000000,0.0000000000,0.0493118577,0.0000000000,0.1304700077,0.2415502369,0.0097795315,0.0000000000,0.0000000000,0.0493078455,0.0000000000,0.0175822023,0.0000000000,0.0025130578,0.0181256570,0.0154546266,0.0149619449,0.0827841163,0.0119403591,0.0000000000,0.0000000000,0.0000000000,0.0325308517,0.0230976455,0.0312085822,0.0305310264,0.0352070890,0.0346458927,0.0431548245,0.0097918147,0.2652502656,0.2018005252,0.0729051828,0.0765349045,0.0228672549,0.0224759448,0.0272243284,0.0281546265,0.3018158972,0.3017197549,0.0226446055,0.0000000000,0.0000000000,0.0221839007,0.0327847898,0.0335158408,0.0748975277,0.0784952044,0.0000001888,0.0000000000,0.0000000000,0.0000000000,-0.0059090597,0.1475572288,-0.0008783029,0.0706346855,0.1476365924,0.0104955789
00:42:06:39.164,61,0.1305949092,0.2411251962,0.1169262305,0.0000000000,0.0000000000,0.0489808097,0.0000000000,0.1305788308,0.2415983528,0.0098515237,0.0000000000,0.0000000000,0.0489767529,0.0000000000,0.0170900226,0.0000000000,0.0021064291,0.0178099182,0.0153493155,0.0145861283,0.0824597254,0.0118585015,0.0000000000,0.0000000000,0.0000000000,0.0365766883,0.0272428151,0.0303945355,0.0297223590,0.0346600004,0.0340730958,0.0423985720,0.0097563481,0.2615480423,0.1986268759,0.0716604739,0.0752186105,0.0224134587,0.0220135450,0.0265956633,0.0275139082,0.3009538651,0.3008565307,0.0221861694,0.0000000000,0.0000000000,0.0218875706,0.0323436037,0.0330883153,0.0743113607,0.0779027715,0.0000002167,0.0000000000,0.0000000000,0.0000000000,-0.0059525319,0.1475866884,-0.0008849438,0.0706514418,0.1476660967,0.0105001936
00:42:06:40.165,61,0.1318587661,0.2419023514,0.1165430844,0.0000000000,0.0000000000,0.0487417988,0.0000000000,0.1318449229,0.2423728257,0.0103345178,0.0000000000,0.0000000000,0.0487376638,0.0000000000,0.0166229028,0.0000000000,0.0017413044,0.0175196640,0.0152669139,0.0142309405,0.0819594115,0.0118160509,0.0000000000,0.0000000000,0.0000000000,0.0379169434,0.0286603775,0.0296659302,0.0289957784,0.0341647826,0.0335533544,0.0416893288,0.0097127380,0.2592818737,0.1962567568,0.0706490278,0.0741674826,0.0220398977,0.0216300059,0.0260451641,0.0269505177,0.3010305464,0.3009330034,0.0217790473,0.0000000000,0.0000000000,0.0215489063,0.0319939367,0.0327582769,0.0739388019,0.0775327533,0.0000002031,0.0000000000,0.0000000000,0.0000000000,-0.0062439297,0.1480600238,-0.0009312853,0.0704149753,0.1481395811,0.0104991579
00:42:06:41.167,61,0.1454274505,0.2460355461,0.1167122126,0.0000000000,0.0000000000,0.0485251434,0.0000000000,0.1454145312,0.2465173155,0.0103289774,0.0000000000,0.0000000000,0.0485208780,0.0000000000,0.0162106920,0.0000000000,0.0013863986,0.0172692742,0.0152100250,0.0139205232,0.0815285668,0.0117919948,0.0000000000,0.0000000000,0.0000000000,0.0385577828,0.0292559713,0.0290525425,0.0283833239,0.0337407030,0.0330974050,0.0411160663,0.0096784271,0.2583295405,0.1951381266,0.0699353516,0.0734389201,0.0217526276,0.0213350020,0.0255840700,0.0264822952,0.3023591638,0.3022603989,0.0214450769,0.0000000000,0.0000000000,0.0212234519,0.0316764899,0.0324603580,0.0736945644,0.0773025677,0.0000001639,0.0000000000,0.0000000000,0.0000000000,-0.0062382058,0.1505918205,-0.0009465828,0.0704903826,0.1506716013,0.0106927408
00:42:06:42.169,61,0.1571991891,0.2536709607,0.1173934788,0.0000000000,0.0000000000,0.0482777022,0.0000000000,0.1571810693,0.2541783154,0.0098125357,0.0000000000,0.0000000000,0.0482733138,0.0000000000,0.0158418491,0.0000000000,0.0010329880,0.0170462970,0.0151698627,0.0136533519,0.0812101960,0.0118024144,0.0000000000,0.0000000000,0.0000000000,0.0393338278,0.0299626105,0.0284785796,0.0278103855,0.0333706588,0.0326922908,0.0406467989,0.0096405102,0.2581470907,0.1946974695,0.0693620667,0.0728556588,0.0214961842,0.0210684370,0.0252020527,0.0260917395,0.3027958274,0.3026952147,0.0211849306,0.0000000000,0.0000000000,0.0209256876,0.0313848183,0.0321818665,0.0734912902,0.0771152005,0.0000001494,0.0000000000,0.0000000000,0.0000000000,-0.0059220269,0.1552714407,-0.0009269777,0.0708509013,0.1553516984,0.0110864816
00:42:06:43.170,61,0.1624675095,0.2596398890,0.1181332469,0.0000000000,0.0000000000,0.0479843430,0.0000000000,0.1624494344,0.2601701617,0.0091962805,0.0000000000,0.0000000000,0.0479798689,0.0000000000,0.0154929040,0.0000000000,0.0007090542,0.0168415625,0.0151351010,0.0134326573,0.0811314359,0.0117542371,0.0000000000,0.0000000000,0.0000000000,0.0399386398,0.0304777380,0.0279629454,0.0272952635,0.0330269933,0.0323171504,0.0402298830,0.0096094236,0.2583513856,0.1945844293,0.0689739734,0.0724667460,0.0212583020,0.0208224524,0.0248638503,0.0257495493,0.3029133677,0.3028116822,0.0209742785,0.0000000000,0.0000000000,0.0207069870,0.0310968757,0.0319097228,0.0733337924,0.0769885108,0.0000001247,0.0000000000,0.0000000000,0.0000000000,-0.0055468893,0.1589313895,-0.0008890685,0.0712562054,0.1590119153,0.0114168953
00:42:06:44.172,61,0.1647569835,0.2619718909,0.1183257848,0.0000000000,0.0000000000,0.0475827232,0.0000000000,0.1647387594,0.2625098228,0.0091300933,0.0000000000,0.0000000000,0.0475782268,0.0000000000,0.0151297441,0.0000000000,0.0004208927,0.0166267268,0.0150881484,0.0131908376,0.0809362754,0.0117584718,0.0000000000,0.0000000000,0.0000000000,0.0402074605,0.0306542795,0.0274509545,0.0267828405,0.0326711088,0.0319334120,0.0397578441,0.0095656002,0.2580033243,0.1940765977,0.0684122592,0.0718946606,0.0210248232,0.0205820929,0.0245127995,0.0253959410,0.3013174832,0.3012152314,0.0207907427,0.0000000000,0.0000000000,0.0204702970,0.0307855438,0.0316201225,0.0730858222,0.0767677054,0.0000001128,0.0000000000,0.0000000000,0.0000000000,-0.0055057006,0.1603605896,-0.0008905394,0.0713559538,0.1604413092,0.0115373908
00:42:06:45.173,61,0.1656918079,0.2618517876,0.1175853536,0.0000000000,0.0000000000,0.0472743064,0.0000000000,0.1656730622,0.2623802423,0.0099473828,0.0000000000,0.0000000000,0.0472696982,0.0000000000,0.0147835081,0.0000000000,0.0001995396,0.0164219737,0.0150440913,0.0129219703,0.0804735646,0.0118421391,0.0000000000,0.0000000000,0.0000000000,0.0329344571,0.0230019260,0.0269993301,0.0263276044,0.0323169604,0.0315493122,0.0393111408,0.0095299855,0.2574273348,0.1930791885,0.0678075701,0.0712821409,0.0208510123,0.0203991197,0.0241982900,0.0250722095,0.3013475239,0.3012437820,0.0206046551,0.0000000000,0.0000000000,0.0201660786,0.0305501428,0.0313985199,0.0729609355,0.0766550004,0.0000001034,0.0000000000,0.0000000000,0.0000000000,-0.0059986259,0.1602818817,-0.0009697840,0.0709103197,0.1603626609,0.0114597427
00:42:06:46.175,61,0.1661276668,0.2604343891,0.1170974821,0.0000000000,0.0000000000,0.0472499579,0.0000000000,0.1661067158,0.2609535158,0.0104364576,0.0000000000,0.0000000000,0.0472450368,0.0000000000,0.0145099731,0.0000410773,0.0000000000,0.0162406024,0.0149968080,0.0126706045,0.0799585506,0.0119845578,0.0000000000,0.0000000000,0.0000000000,0.0270722210,0.0169194974,0.0266734231,0.0259945486,0.0320185646,0.0312051196,0.0390271507,0.0095266085,0.2579539418,0.1930442452,0.0675446689,0.0710356086,0.0207255371,0.0202619471,0.0239530578,0.0248182565,0.3087368608,0.3085806370,0.0204162300,0.0000000000,0.0000000000,0.0198951941,0.0303955562,0.0312458351,0.0729538575,0.0766669363,0.0000000765,0.0000000000,0.0000000000,0.0000000000,-0.0062944395,0.1594106406,-0.0010119803,0.0706259757,0.1594913453,0.0113507947
00:42:06:47.176,61,0.1665212661,0.2592059076,0.1169332713,0.0000000000,0.0000000000,0.0476781987,0.0000000000,0.1664965898,0.2597200572,0.0106697502,0.0000000000,0.0000000000,0.0476727486,0.0000000000,0.0143329315,0.0002537743,0.0000000000,0.0161225777,0.0149909640,0.0125280293,0.0798180103,0.0121415835,0.0000000000,0.0000000000,0.0000000000,0.0247058533,0.0145794693,0.0265144631,0.0258167777,0.0318473652,0.0309815016,0.0389011316,0.0095747812,0.2696696818,0.1961969584,0.0678382218,0.0713538155,0.0207124501,0.0202321950,0.0237898957,0.0246372353,0.3401136696,0.3399088383,0.0202286225,0.0000000000,0.0000000000,0.0197743811,0.0304148067,0.0312426090,0.0732589662,0.0769968703,0.0000000675,0.0000000000,0.0000000000,0.0000000000,-0.0064359210,0.1586572826,-0.0010297532,0.0705354139,0.1587379426,0.0112818079
00:42:06:48.178,61,0.1668938696,0.2575931847,0.1162007526,0.0000000000,0.0000000000,0.0481036194,0.0000000000,0.1668651700,0.2580946684,0.0114298509,0.0000000000,0.0000000000,0.0480976067,0.0000000000,0.0141859781,0.0004309665,0.0000000000,0.0160394348,0.0150161451,0.0124543235,0.0799005926,0.0122561175,0.0000000000,0.0000000000,0.0000000000,0.0232220981,0.0131993964,0.0264211148,0.0257045031,0.0317430422,0.0308291577,0.0388382711,0.0096353889,0.2737784982,0.1976385415,0.0682953447,0.0718245730,0.0207566619,0.0202623885,0.0236752629,0.0245036911,0.3492932022,0.3490673304,0.0200820677,0.0000000000,0.0000000000,0.0197410602,0.0304852687,0.0312818252,0.0736996457,0.0774431005,0.0000000829,0.0000000000,0.0000000000,0.0000000000,-0.0068954998,0.1576648206,-0.0010962677,0.0701045841,0.1577454358,0.0111417351
00:42:06:49.180,61,0.1671668738,0.2584623992,0.1157325357,0.0000000000,0.0000000000,0.0482547544,0.0000000000,0.1671358198,0.2589600086,0.0119502973,0.0000000000,0.0000000000,0.0482484028,0.0000000000,0.0140160788,0.0006005834,0.0000000000,0.0159445163,0.0150237596,0.0123292441,0.0797611251,0.0123559842,0.0000000000,0.0000000000,0.0000000000,0.0221208893,0.0119570261,0.0262939967,0.0255655684,0.0315890349,0.0306310132,0.0387530252,0.0096778730,0.2754325867,0.1982417107,0.0684939101,0.0720402375,0.0207739156,0.0202699490,0.0235506278,0.0243680608,0.3529583812,0.3527344763,0.0199512281,0.0000000000,0.0000000000,0.0196347032,0.0304663870,0.0312483814,0.0739758760,0.0777336583,0.0000001045,0.0000000000,0.0000000000,0.0000000000,-0.0072088726,0.1581938267,-0.0011499978,0.0698162094,0.1582745314,0.0111338226
00:42:06:50.181,61,0.1671361178,0.2574067414,0.1153579131,0.0000000000,0.0000000000,0.0483591221,0.0000000000,0.1671045423,0.2578972280,0.0123818740,0.0000000000,0.0000000000,0.0483525656,0.0000000000,0.0138173159,0.0007594087,0.0000000000,0.0158519894,0.0150264259,0.0121760545,0.0794504359,0.0123890564,0.0000000000,0.0000000000,0.0000000000,0.0215393007,0.0111946929,0.0261240266,0.0253896881,0.0314038843,0.0304092094,0.0385736711,0.0097097186,0.2646350265,0.1953798085,0.0682896152,0.0718410611,0.0207715761,0.0202581175,0.0233435743,0.0241593979,0.3387129307,0.3385665417,0.0198477395,0.0000000000,0.0000000000,0.0194865074,0.0303721074,0.0311587304,0.0739446506,0.0777315795,0.0000001200,0.0000000000,0.0000000000,0.0000000000,-0.0074699880,0.1575449109,-0.0011866813,0.0695973635,0.1576256156,0.0110527175
00:42:06:51.183,61,0.1673412472,0.2565366030,0.1155923158,0.0000000000,0.0000000000,0.0484983213,0.0000000000,0.1673097908,0.2570279837,0.0121584497,0.0000000000,0.0000000000,0.0484915860,0.0000000000,0.0136252409,0.0008988100,0.0000000000,0.0157996006,0.0150718894,0.0120969545,0.0793959871,0.0123384595,0.0000000000,0.0000000000,0.0000000000,0.0214144960,0.0109256711,0.0259540714,0.0252180975,0.0313091092,0.0302886292,0.0384077094,0.0097328005,0.2615782022,0.1939883381,0.0680432245,0.0715874285,0.0207942892,0.0202732459,0.0231666714,0.0239832941,0.3274815381,0.3273421824,0.0197964292,0.0000000000,0.0000000000,0.0194000844,0.0303208809,0.0311107393,0.0739374086,0.0777407140,0.0000001249,0.0000000000,0.0000000000,0.0000000000,-0.0073358137,0.1570137292,-0.0011613723,0.0697446689,0.1570944339,0.0110381236
00:42:06:52.184,61,0.1673801392,0.2542820871,0.1152035594,0.0000000000,0.0000000000,0.0486368574,0.0000000000,0.1673486680,0.2547636330,0.0125581650,0.0000000000,0.0000000000,0.0486299656,0.0000000000,0.0134424530,0.0010277478,0.0000000000,0.0157365315,0.0150893247,0.0119866841,0.0792875290,0.0123360809,0.0000000000,0.0000000000,0.0000000000,0.0212106723,0.0105988616,0.0258219857,0.0250827931,0.0311735682,0.0301237348,0.0382646136,0.0097594569,0.2601251602,0.1933117211,0.0678470358,0.0713905841,0.0207848512,0.0202581566,0.0229909196,0.0238092113,0.3234506845,0.3233168423,0.0197295565,0.0000000000,0.0000000000,0.0192964971,0.0302517507,0.0310450718,0.0738556981,0.0776763782,0.0000001178,0.0000000000,0.0000000000,0.0000000000,-0.0075786351,0.1556307822,-0.0011890726,0.0695252046,0.1557113528,0.0109049911
00:42:06:53.185,61,0.1671362221,0.2518247664,0.1146435440,0.0000000000,0.0000000000,0.0487547517,0.0000000000,0.1671047658,0.2522940338,0.0131471371,0.0000000000,0.0000000000,0.0487477295,0.0000000000,0.0132775614,0.0011507398,0.0000000000,0.0156737231,0.0150871370,0.0118430080,0.0790528357,0.0123555511,0.0000000000,0.0000000000,0.0000000000,0.0212463625,0.0104967244,0.0257074386,0.0249628667,0.0310068857,0.0299254898,0.0381301939,0.0097927433,0.2591693401,0.1927272677,0.0675685927,0.0711073950,0.0207478907,0.0202189069,0.0227799714,0.0236005876,0.3210080862,0.3208759129,0.0196428318,0.0000000000,0.0000000000,0.0191697534,0.0301363971,0.0309348125,0.0735954642,0.0774373338,0.0000000974,0.0000000000,0.0000000000,0.0000000000,-0.0079359384,0.1541225463,-0.0012328709,0.0692034513,0.1542030573,0.0107477820
00:42:06:54.187,61,0.1669335365,0.2499556541,0.1145026460,0.0000000000,0.0000000000,0.0489416420,0.0000000000,0.1669024080,0.2504190207,0.0132987751,0.0000000000,0.0000000000,0.0489345081,0.0000000000,0.0131237013,0.0012425546,0.0000000000,0.0156285837,0.0151024004,0.0117409723,0.0789935887,0.0123300785,0.0000000000,0.0000000000,0.0000000000,0.0213357918,0.0105145257,0.0256145280,0.0248662811,0.0308782179,0.0297776684,0.0380024761,0.0098280078,0.2584734559,0.1921449602,0.0673253536,0.0708485320,0.0207334794,0.0202044770,0.0225845836,0.0234042574,0.3191844225,0.3190465569,0.0195770226,0.0000000000,0.0000000000,0.0190914683,0.0300527923,0.0308548380,0.0733617693,0.0772146657,0.0000001017,0.0000000000,0.0000000000,0.0000000000,-0.0080288919,0.1529772878,-0.0012378958,0.0691306144,0.1530576944,0.0106554851
00:42:06:55.190,61,0.1669385433,0.2488879710,0.1146411300,0.0000000000,0.0000000000,0.0491685830,0.0000000000,0.1669081897,0.2493506223,0.0131413741,0.0000000000,0.0000000000,0.0491613410,0.0000000000,0.0129707055,0.0012829175,0.0000000000,0.0156107936,0.0151497731,0.0116904266,0.0790442452,0.0122855026,0.0000000000,0.0000000000,0.0000000000,0.0214568451,0.0106290719,0.0255031269,0.0247548316,0.0307855476,0.0296742283,0.0378802568,0.0098584639,0.2577506900,0.1914363950,0.0670627058,0.0705604106,0.0207491219,0.0202183221,0.0224221088,0.0232389309,0.3166587353,0.3165111244,0.0195533633,0.0000000000,0.0000000000,0.0190488882,0.0300228950,0.0308235660,0.0731977671,0.0770485327,0.0000001157,0.0000000000,0.0000000000,0.0000000000,-0.0079346625,0.1523244828,-0.0012180655,0.0692211688,0.1524048746,0.0106231989
00:42:06:56.191,61,0.1670928597,0.2470597327,0.1147175580,0.0000000000,0.0000000000,0.0495508313,0.0000000000,0.1670627147,0.2475191802,0.0130688949,0.0000000000,0.0000000000,0.0495433062,0.0000000000,0.0128507288,0.0012980342,0.0000000000,0.0156047679,0.0152003374,0.0116396956,0.0789651200,0.0122589236,0.0000000000,0.0000000000,0.0000000000,0.0211321060,0.0102349836,0.0254872870,0.0247371979,0.0307368170,0.0296086911,0.0378466547,0.0099065695,0.2574633062,0.1909872144,0.0669158176,0.0703972280,0.0208304115,0.0202961750,0.0223042984,0.0231187679,0.3159232736,0.3157711327,0.0195441507,0.0000000000,0.0000000000,0.0189967472,0.0300376471,0.0308304876,0.0731295422,0.0769778863,0.0000001264,0.0000000000,0.0000000000,0.0000000000,-0.0078922492,0.1512055844,-0.0012025178,0.0692791343,0.1512858868,0.0105528180
00:42:06:57.193,61,0.1671526432,0.2455981970,0.1145017445,0.0000000000,0.0000000000,0.0499250405,0.0000000000,0.1671221107,0.2460518181,0.0133071532,0.0000000000,0.0000000000,0.0499172583,0.0000000000,0.0127542317,0.0013355254,0.0000000000,0.0156069966,0.0152453035,0.0115700932,0.0787845328,0.0122454148,0.0000000000,0.0000000000,0.0000000000,0.0207086895,0.0096892621,0.0255149286,0.0247623771,0.0306755025,0.0295264740,0.0378658734,0.0099667227,0.2572308183,0.1905806363,0.0667619854,0.0702274069,0.0209006518,0.0203653723,0.0221815389,0.0229969695,0.3149140775,0.3147492409,0.0195437893,0.0000000000,0.0000000000,0.0189321209,0.0300263390,0.0308089964,0.0729751065,0.0768145025,0.0000001326,0.0000000000,0.0000000000,0.0000000000,-0.0080372281,0.1503093839,-0.0012172379,0.0691581890,0.1503896117,0.0104710655
00:42:06:58.194,61,0.1669998616,0.2437098324,0.1142358705,0.0000000000,0.0000000000,0.0502135158,0.0000000000,0.1669694334,0.2441560477,0.0136146834,0.0000000000,0.0000000000,0.0502056479,0.0000000000,0.0126592759,0.0013580164,0.0000000000,0.0156094106,0.0152813802,0.0115003008,0.0786859319,0.0121865058,0.0000000000,0.0000000000,0.0000000000,0.0202039983,0.0089463191,0.0255703814,0.0248149130,0.0306035671,0.0294394996,0.0378634520,0.0100320959,0.2568868101,0.1900799125,0.0666094273,0.0700595379,0.0209487528,0.0204174519,0.0220301282,0.0228517801,0.3133769035,0.3132067621,0.0195360929,0.0000000000,0.0000000000,0.0188941546,0.0299739540,0.0307563432,0.0727318227,0.0765766576,0.0000001266,0.0000000000,0.0000000000,0.0000000000,-0.0082244053,0.1491515338,-0.0012358462,0.0690096095,0.1492317170,0.0103669539
00:42:06:59.196,61,0.1660722047,0.2358690500,0.1137442887,0.0000000000,0.0000000000,0.0513490401,0.0000000000,0.1660465002,0.2362922728,0.0141237853,0.0000000000,0.0000000000,0.0513407737,0.0000000000,0.0125692906,0.0013165527,0.0000000000,0.0156278089,0.0153193548,0.0114309536,0.0785349607,0.0120536136,0.0000000000,0.0000000000,0.0000000000,0.0200614091,0.0087240692,0.0255870894,0.0248348005,0.0305104125,0.0293501355,0.0377908871,0.0101028858,0.2557171285,0.1887764335,0.0663670823,0.0697862804,0.0209956765,0.0204714034,0.0218422618,0.0226657484,0.3188887835,0.3187309802,0.0194580480,0.0000000000,0.0000000000,0.0188375562,0.0300365835,0.0308212563,0.0725193694,0.0763547570,0.0000001039,0.0000000000,0.0000000000,0.0000000000,-0.0085380040,0.1443480402,-0.0012410603,0.0687613040,0.1444278806,0.0099924719
00:42:07:00.197,61,0.1601112932,0.2206245363,0.1141407788,0.0000000000,0.0000000000,0.0566073693,0.0000000000,0.1600902975,0.2210182399,0.0136530530,0.0000000000,0.0000000000,0.0565960519,0.0000000000,0.0124901235,0.0012293672,0.0000000000,0.0156618264,0.0153613826,0.0113752363,0.0782662779,0.0118836183,0.0000000000,0.0000000000,0.0000000000,0.0198691860,0.0085157212,0.0256308820,0.0248821862,0.0304411612,0.0292940550,0.0376807190,0.0101937903,0.2536365986,0.1868784428,0.0661324784,0.0695253089,0.0210678726,0.0205425788,0.0216187444,0.0224381350,0.3410142958,0.3408625424,0.0193143319,0.0000000000,0.0000000000,0.0187807046,0.0302581079,0.0310463589,0.0723248720,0.0761620700,0.0000000779,0.0000000000,0.0000000000,0.0000000000,-0.0082642762,0.1350170076,-0.0011226347,0.0690913722,0.1350961924,0.0093834363
00:42:07:01.199,61,0.1536991149,0.2093784809,0.1155862808,0.0000000000,0.0000000000,0.0614838228,0.0000000000,0.1536861360,0.2097614408,0.0121419756,0.0000000000,0.0000000000,0.0614704303,0.0000000000,0.0124502564,0.0011493086,0.0000000000,0.0157021936,0.0153931500,0.0113277091,0.0780607313,0.0116175609,0.0000000000,0.0000000000,0.0000000000,0.0195140745,0.0080238720,0.0257839691,0.0250390787,0.0303995665,0.0292652193,0.0376523845,0.0103151053,0.2530441582,0.1861820072,0.0661635771,0.0695495754,0.0211528875,0.0206288137,0.0214037858,0.0222292319,0.3560002446,0.3558634520,0.0191409327,0.0000000000,0.0000000000,0.0187737904,0.0305110868,0.0313132107,0.0721895620,0.0760667920,0.0000000605,0.0000000000,0.0000000000,0.0000000000,-0.0073563042,0.1281394660,-0.0009478174,0.0700299591,0.1282180697,0.0090210130
00:42:07:02.200,61,0.1470059305,0.1994939893,0.1168688461,0.0000000000,0.0000000000,0.0655776858,0.0000000000,0.1469954848,0.1998661608,0.0108146453,0.0000000000,0.0000000000,0.0655634105,0.0000000000,0.0124205211,0.0010862406,0.0000000000,0.0157465171,0.0154210515,0.0112649286,0.0777054653,0.0113629345,0.0000000000,0.0000000000,0.0000000000,0.0184464306,0.0070961365,0.0259930994,0.0252538621,0.0303623024,0.0292328466,0.0376527235,0.0104510002,0.2525186241,0.1855395138,0.0661716238,0.0695710927,0.0212773420,0.0207472257,0.0211862102,0.0220244564,0.3625158668,0.3623830974,0.0189635213,0.0000000000,0.0000000000,0.0187488198,0.0307454318,0.0315659530,0.0719940364,0.0759209394,0.0000000449,0.0000000000,0.0000000000,0.0000000000,-0.0065571144,0.1220939308,-0.0008045799,0.0708607733,0.1221720874,0.0086930413
00:42:07:03.201,61,0.1400888264,0.1905910522,0.1176712960,0.0000000000,0.0000000000,0.0680138692,0.0000000000,0.1400809735,0.1909494251,0.0099352021,0.0000000000,0.0000000000,0.0679993331,0.0000000000,0.0123631898,0.0010509018,0.0000000000,0.0157903358,0.0154612735,0.0111962771,0.0772615448,0.0110774552,0.0000000000,0.0000000000,0.0000000000,0.0177386403,0.0061288793,0.0261374749,0.0254108999,0.0303471666,0.0292255599,0.0375977904,0.0105492035,0.2501149476,0.1837797165,0.0659218132,0.0693263039,0.0213781800,0.0208455399,0.0209628362,0.0218163952,0.3601361215,0.3600011468,0.0188199896,0.0000000000,0.0000000000,0.0186857600,0.0309402067,0.0317855813,0.0716494247,0.0756063908,0.0000000394,0.0000000000,0.0000000000,0.0000000000,-0.0060278280,0.1166465059,-0.0007063272,0.0713938475,0.1167241484,0.0083641345
00:42:07:04.204,61,0.1345639229,0.1826931685,0.1177930310,0.0000000000,0.0000000000,0.0695114285,0.0000000000,0.1345551312,0.1830334514,0.0097656967,0.0000000000,0.0000000000,0.0694967806,0.0000000000,0.0122879343,0.0009850343,0.0000000000,0.0158322826,0.0155083034,0.0111470409,0.0769066885,0.0108646629,0.0000000000,0.0000000000,0.0000000000,0.0174596235,0.0057397243,0.0262075774,0.0254909880,0.0303333141,0.0292279609,0.0374906585,0.0106193377,0.2471907437,0.1817854047,0.0655517206,0.0689394400,0.0214412566,0.0209052991,0.0207368676,0.0215964112,0.3500241935,0.3498704135,0.0186875705,0.0000000000,0.0000000000,0.0186332185,0.0311062764,0.0319673717,0.0712106973,0.0751634166,0.0000000374,0.0000000000,0.0000000000,0.0000000000,-0.0059282752,0.1118107438,-0.0006656171,0.0715072826,0.1118880436,0.0080273459
00:42:07:05.205,61,0.1291997880,0.1777184755,0.1172112226,0.0000000000,0.0000000000,0.0702220947,0.0000000000,0.1291940212,0.1780416071,0.0104275187,0.0000000000,0.0000000000,0.0702074915,0.0000000000,0.0122237438,0.0009020761,0.0000000000,0.0158654992,0.0155522432,0.0110902535,0.0765835047,0.0106903641,0.0000000000,0.0000000000,0.0000000000,0.0176454708,0.0058113295,0.0262607466,0.0255532991,0.0303249545,0.0292343255,0.0374209918,0.0106792171,0.2455373853,0.1805023402,0.0651547834,0.0685268342,0.0215101317,0.0209725201,0.0205297638,0.0213934183,0.3420462906,0.3418926001,0.0185696855,0.0000000000,0.0000000000,0.0186043084,0.0311904661,0.0320690535,0.0707783103,0.0747122988,0.0000000495,0.0000000000,0.0000000000,0.0000000000,-0.0063321730,0.1087616459,-0.0006914213,0.0711780414,0.1088387221,0.0077709393
00:42:07:06.206,61,0.1231221706,0.1738226116,0.1169948950,0.0000000000,0.0000000000,0.0705751851,0.0000000000,0.1231174320,0.1741344780,0.0106895752,0.0000000000,0.0000000000,0.0705606565,0.0000000000,0.0121617690,0.0007867297,0.0000000000,0.0158824380,0.0155724762,0.0110063218,0.0762484893,0.0105703576,0.0000000000,0.0000000000,0.0000000000,0.0179574806,0.0060895053,0.0263118148,0.0256125722,0.0302876513,0.0292148236,0.0373565368,0.0107334480,0.2444401532,0.1795952171,0.0647483692,0.0680981204,0.0215553530,0.0210170131,0.0203253198,0.0211895294,0.3379085064,0.3377507329,0.0184525978,0.0000000000,0.0000000000,0.0185669381,0.0312211085,0.0321123749,0.0703013837,0.0742209256,0.0000000596,0.0000000000,0.0000000000,0.0000000000,-0.0064929817,0.1063749567,-0.0006933027,0.0710649341,0.1064519063,0.0075871670
00:42:07:07.209,61,0.1187925264,0.1696388870,0.1170049831,0.0000000000,0.0000000000,0.0707262084,0.0000000000,0.1187847257,0.1699408293,0.0106544262,0.0000000000,0.0000000000,0.0707118511,0.0000000000,0.0120971762,0.0007157772,0.0000000000,0.0158970132,0.0155918645,0.0109047927,0.0757577717,0.0105640134,0.0000000000,0.0000000000,0.0000000000,0.0182469655,0.0063616736,0.0263573173,0.0256605912,0.0302511957,0.0291849971,0.0372705609,0.0107801370,0.2400502115,0.1767996252,0.0641797706,0.0674980655,0.0215921793,0.0210473556,0.0200992860,0.0209613405,0.3223251402,0.3221311271,0.0183559898,0.0000000000,0.0000000000,0.0184885040,0.0311962496,0.0320943035,0.0696865767,0.0735720396,0.0000000612,0.0000000000,0.0000000000,0.0000000000,-0.0064733801,0.1038131341,-0.0006744416,0.0710902140,0.1038898602,0.0074058613
00:42:07:08.210,61,0.1168060154,0.1695749164,0.1163334772,0.0000000000,0.0000000000,0.0708580166,0.0000000000,0.1167970747,0.1698713303,0.0113149546,0.0000000000,0.0000000000,0.0708439052,0.0000000000,0.0120441774,0.0006972922,0.0000000000,0.0159372874,0.0156394746,0.0108152414,0.0751485974,0.0106727444,0.0000000000,0.0000000000,0.0000000000,0.0186889861,0.0068325712,0.0263907574,0.0256926678,0.0302842353,0.0292080771,0.0371910632,0.0108176051,0.2339877784,0.1721942723,0.0634445846,0.0666271597,0.0216926336,0.0211318228,0.0198863186,0.0207387470,0.3161835074,0.3159774244,0.0182897877,0.0000000000,0.0000000000,0.0183744431,0.0312007405,0.0321018249,0.0691103414,0.0729429051,0.0000000581,0.0000000000,0.0000000000,0.0000000000,-0.0068747322,0.1037709564,-0.0007159636,0.0706825182,0.1038476676,0.0073604505
00:42:07:09.211,61,0.1155209839,0.1700104475,0.1159911305,0.0000000000,0.0000000000,0.0708774999,0.0000000000,0.1155111417,0.1703051180,0.0116502102,0.0000000000,0.0000000000,0.0708636716,0.0000000000,0.0120054958,0.0006689173,0.0000000000,0.0159975048,0.0157135595,0.0107391290,0.0744646266,0.0107971383,0.0000000000,0.0000000000,0.0000000000,0.0190665331,0.0072376020,0.0264215376,0.0257232189,0.0303560942,0.0292704925,0.0371538140,0.0108502693,0.2299670875,0.1687932760,0.0627063364,0.0657376200,0.0218366366,0.0212567747,0.0197061207,0.0205498524,0.3119025528,0.3116881847,0.0182616375,0.0000000000,0.0000000000,0.0182451066,0.0312312879,0.0321314447,0.0686084926,0.0723809376,0.0000000440,0.0000000000,0.0000000000,0.0000000000,-0.0070782313,0.1040361002,-0.0007390536,0.0704725608,0.1041128486,0.0073574972
00:42:07:10.213,61,0.1145931259,0.1687285602,0.1153822914,0.0000000000,0.0000000000,0.0708229244,0.0000000000,0.1145827845,0.1690153480,0.0122593902,0.0000000000,0.0000000000,0.0708093867,0.0000000000,0.0119820451,0.0006575636,0.0000000000,0.0160611458,0.0157921463,0.0106860353,0.0738584995,0.0109435627,0.0000000000,0.0000000000,0.0000000000,0.0212977398,0.0092045143,0.0264415983,0.0257431902,0.0304745361,0.0293745529,0.0371534340,0.0108750472,0.2280701995,0.1671435088,0.0620404556,0.0650119931,0.0219856966,0.0213885717,0.0195572078,0.0203893352,0.3095012009,0.3092842102,0.0182624385,0.0000000000,0.0000000000,0.0181444678,0.0312824510,0.0321839005,0.0681847334,0.0718982592,0.0000000411,0.0000000000,0.0000000000,0.0000000000,-0.0074489564,0.1032484770,-0.0007718307,0.0701083615,0.1033251584,0.0072637643
00:42:07:11.214,61,0.1138659790,0.1677887291,0.1149757355,0.0000000000,0.0000000000,0.0707341656,0.0000000000,0.1138551906,0.1680700928,0.0126660224,0.0000000000,0.0000000000,0.0707209408,0.0000000000,0.0119555583,0.0006479215,0.0000000000,0.0161339138,0.0158896763,0.0106501700,0.0732581690,0.0111216921,0.0000000000,0.0000000000,0.0000000000,0.0221639629,0.0100354869,0.0264728703,0.0257715136,0.0306360926,0.0295166131,0.0371508412,0.0108961398,0.2262463421,0.1654767841,0.0613576658,0.0642891228,0.0221670605,0.0215479210,0.0194256697,0.0202441905,0.3057075441,0.3054856062,0.0183040611,0.0000000000,0.0000000000,0.0180444214,0.0313501395,0.0322533585,0.0678061321,0.0714570582,0.0000000509,0.0000000000,0.0000000000,0.0000000000,-0.0076964893,0.1026712209,-0.0007929885,0.0698654875,0.1027478576,0.0071979132
00:42:07:12.216,61,0.1131516621,0.1657637656,0.1145668253,0.0000000000,0.0000000000,0.0707172900,0.0000000000,0.1131405830,0.1660372168,0.0130760409,0.0000000000,0.0000000000,0.0707043037,0.0000000000,0.0119197750,0.0006354076,0.0000000000,0.0161993988,0.0159746949,0.0106141027,0.0726923272,0.0112655619,0.0000000000,0.0000000000,0.0000000000,0.0229508895,0.0108106211,0.0264792107,0.0257750452,0.0307670832,0.0296289586,0.0371231250,0.0109146368,0.2248077989,0.1642753184,0.0606744736,0.0635812581,0.0223093126,0.0216695406,0.0192803759,0.0200860668,0.3022026718,0.3019745052,0.0183381103,0.0000000000,0.0000000000,0.0179509055,0.0313990451,0.0323035195,0.0673550740,0.0709468052,0.0000000613,0.0000000000,0.0000000000,0.0000000000,-0.0079466468,0.1014295965,-0.0008087920,0.0696258321,0.1015060991,0.0070859739
00:42:07:13.218,61,0.1123728082,0.1646017283,0.1145773306,0.0000000000,0.0000000000,0.0707633495,0.0000000000,0.1123616025,0.1648725867,0.0130702639,0.0000000000,0.0000000000,0.0707505792,0.0000000000,0.0118836239,0.0005736380,0.0000000000,0.0162540711,0.0160473119,0.0105813341,0.0722558424,0.0113853626,0.0000000000,0.0000000000,0.0000000000,0.0236581974,0.0116413394,0.0264621451,0.0257556420,0.0308485683,0.0297084749,0.0371050946,0.0109333200,0.2239816487,0.1635329872,0.0601086244,0.0629920810,0.0224057753,0.0217518713,0.0191508327,0.0199429616,0.3006052077,0.3003747463,0.0183540378,0.0000000000,0.0000000000,0.0178903453,0.0314575545,0.0323573165,0.0669471696,0.0704847127,0.0000000733,0.0000000000,0.0000000000,0.0000000000,-0.0079437122,0.1007181257,-0.0008027835,0.0696372315,0.1007946134,0.0070371176
00:42:07:14.220,61,0.1115211248,0.1635096520,0.1145967096,0.0000000000,0.0000000000,0.0708038434,0.0000000000,0.1115102172,0.1637781858,0.0130397892,0.0000000000,0.0000000000,0.0707911998,0.0000000000,0.0118398778,0.0004882543,0.0000000000,0.0162998475,0.0161095858,0.0105396975,0.0718082860,0.0114974603,0.0000000000,0.0000000000,0.0000000000,0.0238974169,0.0120300269,0.0264511555,0.0257421713,0.0309098344,0.0297720190,0.0370545126,0.0109486952,0.2231851071,0.1628106833,0.0595359020,0.0623962209,0.0224864781,0.0218164027,0.0190177895,0.0197981186,0.2982328236,0.2980019748,0.0183668435,0.0000000000,0.0000000000,0.0178151727,0.0315025635,0.0323929712,0.0665272549,0.0700071082,0.0000000838,0.0000000000,0.0000000000,0.0000000000,-0.0079257209,0.1000495628,-0.0007956129,0.0696536750,0.1001259685,0.0069917701
00:42:07:15.221,61,0.1108264998,0.1626358032,0.1147157848,0.0000000000,0.0000000000,0.0708852112,0.0000000000,0.1108157709,0.1629032940,0.0128992256,0.0000000000,0.0000000000,0.0708726123,0.0000000000,0.0117919529,0.0003821373,0.0000000000,0.0163501073,0.0161750205,0.0104982704,0.0713651404,0.0115841059,0.0000000000,0.0000000000,0.0000000000,0.0236384701,0.0119019877,0.0264554303,0.0257436577,0.0309537072,0.0298174806,0.0370055214,0.0109689059,0.2223939300,0.1620920449,0.0589927360,0.0618364997,0.0225692578,0.0218854081,0.0188947748,0.0196626708,0.2968180180,0.2965888679,0.0183789507,0.0000000000,0.0000000000,0.0177327469,0.0315575860,0.0324379131,0.0661441386,0.0695693940,0.0000000895,0.0000000000,0.0000000000,0.0000000000,-0.0078407070,0.0995150432,-0.0007828460,0.0697297901,0.0995913818,0.0069617806
00:42:07:16.223,61,0.1102316827,0.1620384604,0.1147507057,0.0000000000,0.0000000000,0.0710830688,0.0000000000,0.1102213040,0.1623048335,0.0128604006,0.0000000000,0.0000000000,0.0710704178,0.0000000000,0.0117405737,0.0002635915,0.0000000000,0.0164246727,0.0162669104,0.0104721645,0.0708460212,0.0116213998,0.0000000000,0.0000000000,0.0000000000,0.0231231991,0.0114337662,0.0264886804,0.0257734824,0.0310492814,0.0299128741,0.0369301848,0.0109956237,0.2171663344,0.1582573652,0.0583573505,0.0611858256,0.0227134414,0.0220101867,0.0187572651,0.0195158757,0.2956661284,0.2954395711,0.0184241291,0.0000000000,0.0000000000,0.0176364575,0.0316642411,0.0325355828,0.0658059493,0.0691865981,0.0000001032,0.0000000000,0.0000000000,0.0000000000,-0.0078173894,0.0991494358,-0.0007776316,0.0697535500,0.0992257446,0.0069384119
00:42:07:17.224,61,0.1095548198,0.1611896604,0.1146994829,0.0000000000,0.0000000000,0.0714014024,0.0000000000,0.1095450222,0.1614553034,0.0128958058,0.0000000000,0.0000000000,0.0713886023,0.0000000000,0.0116991289,0.0001505619,0.0000000000,0.0165151265,0.0163846146,0.0104712201,0.0703348443,0.0116553726,0.0000000000,0.0000000000,0.0000000000,0.0243450943,0.0127192913,0.0264458768,0.0257318653,0.0312169250,0.0300808530,0.0368416123,0.0110034244,0.2134870738,0.1556218863,0.0576466843,0.0603967719,0.0228651818,0.0221376996,0.0186269693,0.0193742532,0.2950503528,0.2948250771,0.0184787083,0.0000000000,0.0000000000,0.0175378807,0.0318493657,0.0327172019,0.0655093789,0.0688507780,0.0000001143,0.0000000000,0.0000000000,0.0000000000,-0.0078393156,0.0986304805,-0.0007757045,0.0697259754,0.0987057984,0.0068990942
00:42:07:18.225,61,0.1090195030,0.1606308073,0.1148453429,0.0000000000,0.0000000000,0.0717689767,0.0000000000,0.1090103239,0.1608962864,0.0127510177,0.0000000000,0.0000000000,0.0717560500,0.0000000000,0.0116728386,0.0000669002,0.0000000000,0.0166099612,0.0165079422,0.0104878610,0.0698290169,0.0116934925,0.0000000000,0.0000000000,0.0000000000,0.0367697701,0.0252066441,0.0263363253,0.0256258752,0.0314160697,0.0302797314,0.0367457233,0.0109940683,0.2109275162,0.1537750214,0.0568656586,0.0594877712,0.0230126567,0.0222584829,0.0185042061,0.0192370471,0.2948685586,0.2946441770,0.0185294207,0.0000000000,0.0000000000,0.0174426399,0.0320644267,0.0329307020,0.0652413517,0.0685474649,0.0000001137,0.0000000000,0.0000000000,0.0000000000,-0.0077515608,0.0982889161,-0.0007643477,0.0698170140,0.0983641818,0.0068840245
00:42:07:19.227,61,0.1085594222,0.1598242372,0.1152690426,0.0000000000,0.0000000000,0.0722447708,0.0000000000,0.1085508391,0.1600910872,0.0123267230,0.0000000000,0.0000000000,0.0722317994,0.0000000000,0.0116701266,0.0000000000,0.0000106688,0.0167233329,0.0166532286,0.0105290655,0.0693900511,0.0118089030,0.0000000000,0.0000000000,0.0000000000,0.0403643399,0.0289175399,0.0262492876,0.0255374536,0.0316740982,0.0305291414,0.0367161147,0.0109861288,0.2096654922,0.1527486145,0.0561912134,0.0587650053,0.0231940448,0.0224094037,0.0184298716,0.0191458520,0.2947952449,0.2945708930,0.0185944419,0.0000000000,0.0000000000,0.0173557028,0.0323424824,0.0332025774,0.0650780424,0.0683434680,0.0000001052,0.0000000000,0.0000000000,0.0000000000,-0.0074939877,0.0977968350,-0.0007352268,0.0700779781,0.0978720635,0.0068749213
00:42:07:20.229,61,0.1082140431,0.1594443619,0.1157754138,0.0000000000,0.0000000000,0.0726626068,0.0000000000,0.1082060039,0.1597141325,0.0118191047,0.0000000000,0.0000000000,0.0726495534,0.0000000000,0.0116676604,0.0000000000,0.0000867012,0.0168154743,0.0167729035,0.0105651077,0.0690430328,0.0119253444,0.0000000000,0.0000000000,0.0000000000,0.0424639061,0.0311438069,0.0261524655,0.0254387427,0.0318781622,0.0307281427,0.0367035046,0.0109754642,0.2090564966,0.1522056460,0.0556251965,0.0581662543,0.0233268850,0.0225142855,0.0183717310,0.0190708768,0.2946349084,0.2944103181,0.0186504945,0.0000000000,0.0000000000,0.0172879174,0.0325850509,0.0334307328,0.0649223775,0.0681410432,0.0000001058,0.0000000000,0.0000000000,0.0000000000,-0.0071855462,0.0975663587,-0.0007032944,0.0703874230,0.0976415649,0.0068888618
00:42:07:21.230,61,0.1078124195,0.1588523835,0.1164925992,0.0000000000,0.0000000000,0.0730854124,0.0000000000,0.1078049690,0.1591261178,0.0111293374,0.0000000000,0.0000000000,0.0730722323,0.0000000000,0.0116649196,0.0000000000,0.0001954427,0.0168889184,0.0168613009,0.0105710179,0.0686810613,0.0120194051,0.0000000000,0.0000000000,0.0000000000,0.0421048515,0.0310558043,0.0261539873,0.0254352838,0.0320377797,0.0308841541,0.0366962813,0.0109857013,0.2087580413,0.1518510878,0.0551751293,0.0577052496,0.0234622825,0.0226271413,0.0183034074,0.0189892594,0.2948283553,0.2946053147,0.0186914261,0.0000000000,0.0000000000,0.0172287952,0.0327785499,0.0336177573,0.0647722259,0.0679683164,0.0000000921,0.0000000000,0.0000000000,0.0000000000,-0.0067664310,0.0972068384,-0.0006598180,0.0708259493,0.0972820669,0.0069060256
00:42:07:22.232,61,0.1075348333,0.1590929627,0.1169292033,0.0000000000,0.0000000000,0.0734413713,0.0000000000,0.1075279415,0.1593705565,0.0107159289,0.0000000000,0.0000000000,0.0734280422,0.0000000000,0.0116582513,0.0000000000,0.0002916006,0.0169497002,0.0169363637,0.0105920834,0.0685275123,0.0119993212,0.0000000000,0.0000000000,0.0000000000,0.0415153466,0.0299874879,0.0261764936,0.0254572239,0.0321667269,0.0310165565,0.0367171951,0.0109981643,0.2090536803,0.1519320607,0.0549190640,0.0574578568,0.0235747620,0.0227270201,0.0182650518,0.0189452693,0.2981027365,0.2979010642,0.0187117383,0.0000000000,0.0000000000,0.0172086097,0.0329690948,0.0338107497,0.0647387505,0.0679298714,0.0000000860,0.0000000000,0.0000000000,0.0000000000,-0.0065149926,0.0973560140,-0.0006362806,0.0710903779,0.0974312499,0.0069424617
00:42:07:23.234,61,0.1074724570,0.1592146754,0.1172952950,0.0000000000,0.0000000000,0.0738120824,0.0000000000,0.1074659973,0.1594953239,0.0103581883,0.0000000000,0.0000000000,0.0737985894,0.0000000000,0.0116488300,0.0000000000,0.0003944441,0.0169928093,0.0169885848,0.0106118508,0.0684586838,0.0119624846,0.0000000000,0.0000000000,0.0000000000,0.0341284163,0.0220451783,0.0262557138,0.0255355798,0.0322562829,0.0311119221,0.0367659815,0.0110227438,0.2107937932,0.1523164064,0.0548436567,0.0573975705,0.0236897264,0.0228369236,0.0182532426,0.0189308412,0.3011220098,0.3009331822,0.0187303219,0.0000000000,0.0000000000,0.0172132719,0.0331229195,0.0339654982,0.0647605211,0.0679475442,0.0000001110,0.0000000000,0.0000000000,0.0000000000,-0.0062974482,0.0974320918,-0.0006155184,0.0713124126,0.0975073278,0.0069695814
00:42:07:24.235,61,0.1076260656,0.1595848203,0.1177744269,0.0000000000,0.0000000000,0.0741811097,0.0000000000,0.1076199785,0.1598699689,0.0099014230,0.0000000000,0.0000000000,0.0741674826,0.0000000000,0.0116434395,0.0000000000,0.0005167777,0.0170382857,0.0170378387,0.0106328931,0.0684590042,0.0119394418,0.0000000000,0.0000000000,0.0000000000,0.0290017501,0.0174085181,0.0263637304,0.0256399345,0.0323132947,0.0311789848,0.0368425436,0.0110584376,0.2122257501,0.1527969986,0.0548519306,0.0574245304,0.0237979647,0.0229406301,0.0182504337,0.0189268291,0.3024022281,0.3022180200,0.0187477767,0.0000000000,0.0000000000,0.0172332861,0.0332426354,0.0340793580,0.0647549480,0.0679438189,0.0000001173,0.0000000000,0.0000000000,0.0000000000,-0.0060196151,0.0976607874,-0.0005897529,0.0716021508,0.0977360532,0.0070143673
00:42:07:25.237,61,0.1077670231,0.1597980261,0.1180432811,0.0000000000,0.0000000000,0.0745738000,0.0000000000,0.1077613235,0.1600857079,0.0096499575,0.0000000000,0.0000000000,0.0745600313,0.0000000000,0.0116390781,0.0000000000,0.0006335707,0.0170739144,0.0170753449,0.0106532387,0.0685295314,0.0118855014,0.0000000000,0.0000000000,0.0000000000,0.0261141304,0.0146706617,0.0264884923,0.0257628821,0.0323500186,0.0312297475,0.0369244255,0.0110982237,0.2143975943,0.1534244120,0.0549425632,0.0575423762,0.0238941126,0.0230334420,0.0182539206,0.0189317465,0.3046759367,0.3044954538,0.0187509358,0.0000000000,0.0000000000,0.0172651689,0.0333682112,0.0342015885,0.0647900328,0.0679845139,0.0000001257,0.0000000000,0.0000000000,0.0000000000,-0.0058666603,0.0977924913,-0.0005755478,0.0717646778,0.0978677943,0.0070397975
00:42:07:26.238,61,0.1078221872,0.1598476022,0.1184668615,0.0000000000,0.0000000000,0.0749562681,0.0000000000,0.1078168973,0.1601385623,0.0092493054,0.0000000000,0.0000000000,0.0749423429,0.0000000000,0.0116421394,0.0000000000,0.0007357218,0.0170984473,0.0170941297,0.0106662055,0.0686911717,0.0117782969,0.0000000000,0.0000000000,0.0000000000,0.0244826209,0.0130464975,0.0266302731,0.0259054564,0.0323708393,0.0312654004,0.0370238423,0.0111402217,0.2190438062,0.1555512697,0.0551378652,0.0577700175,0.0239772312,0.0231186412,0.0182705503,0.0189528186,0.3119079769,0.3117378354,0.0187289584,0.0000000000,0.0000000000,0.0173119735,0.0334795304,0.0343131423,0.0648690984,0.0680846721,0.0000001249,0.0000000000,0.0000000000,0.0000000000,-0.0056230673,0.0978246555,-0.0005518330,0.0720219687,0.0978999510,0.0070673293
00:42:07:27.240,61,0.1078286320,0.1600963026,0.1187806353,0.0000000000,0.0000000000,0.0752442256,0.0000000000,0.1078237370,0.1603902429,0.0089554265,0.0000000000,0.0000000000,0.0752301291,0.0000000000,0.0116492612,0.0000000000,0.0008333478,0.0171183348,0.0171097443,0.0106746079,0.0688733980,0.0116457464,0.0000000000,0.0000000000,0.0000000000,0.0228767786,0.0109805781,0.0267955717,0.0260743350,0.0323907994,0.0313028172,0.0371453092,0.0111811701,0.2225931138,0.1575562656,0.0553838499,0.0580499768,0.0240663849,0.0232131183,0.0183046386,0.0189964268,0.3159784675,0.3158155978,0.0187079534,0.0000000000,0.0000000000,0.0173595529,0.0335748643,0.0344128273,0.0649878755,0.0682291836,0.0000000961,0.0000000000,0.0000000000,0.0000000000,-0.0054443227,0.0979782864,-0.0005351363,0.0722116530,0.0980536342,0.0070971032
00:42:07:28.242,61,0.1078318581,0.1602645218,0.1191369817,0.0000000000,0.0000000000,0.0754768476,0.0000000000,0.1078272909,0.1605615616,0.0086352164,0.0000000000,0.0000000000,0.0754625648,0.0000000000,0.0116575314,0.0000000000,0.0009347224,0.0171418656,0.0171290059,0.0106872488,0.0690980926,0.0115249418,0.0000000000,0.0000000000,0.0000000000,0.0214611348,0.0095631033,0.0269627161,0.0262456927,0.0323926732,0.0313194804,0.0372748077,0.0112291779,0.2244203091,0.1587159187,0.0556495525,0.0583436899,0.0241563059,0.0233068001,0.0183387324,0.0190390274,0.3181129992,0.3179501295,0.0186758544,0.0000000000,0.0000000000,0.0174183529,0.0336442478,0.0344805531,0.0650896877,0.0683564544,0.0000000850,0.0000000000,0.0000000000,0.0000000000,-0.0052496009,0.0980828479,-0.0005165508,0.0724275410,0.0981581956,0.0071259239
00:42:07:29.244,61,0.1077136770,0.1605238616,0.1193950400,0.0000000000,0.0000000000,0.0756224170,0.0000000000,0.1077094525,0.1608234495,0.0084262183,0.0000000000,0.0000000000,0.0756079629,0.0000000000,0.0116729205,0.0000000000,0.0010283678,0.0171513017,0.0171311125,0.0106853936,0.0693515241,0.0113921240,0.0000000000,0.0000000000,0.0000000000,0.0203135759,0.0084036458,0.0271405075,0.0264275037,0.0323956572,0.0313388743,0.0374199413,0.0112696951,0.2274619639,0.1609234810,0.0559671856,0.0586950928,0.0242300574,0.0233867262,0.0183833707,0.0190942436,0.3208422959,0.3206809163,0.0186404679,0.0000000000,0.0000000000,0.0174738634,0.0336960331,0.0345327668,0.0652099326,0.0685090050,0.0000000788,0.0000000000,0.0000000000,0.0000000000,-0.0051224651,0.0982427448,-0.0005048681,0.0725832954,0.0983181745,0.0071529336
00:42:07:30.244,61,0.1074901968,0.1605848372,0.1196983978,0.0000000000,0.0000000000,0.0756519884,0.0000000000,0.1074863225,0.1608867794,0.0081836013,0.0000000000,0.0000000000,0.0756374002,0.0000000000,0.0117081469,0.0000000000,0.0011269730,0.0171701796,0.0171355419,0.0106905364,0.0696827844,0.0112497052,0.0000000000,0.0000000000,0.0000000000,0.0193861146,0.0073380554,0.0273752548,0.0266619176,0.0324190632,0.0313745886,0.0376225524,0.0113228587,0.2325118333,0.1640232652,0.0563970096,0.0591696240,0.0243349262,0.0234992858,0.0184489768,0.0191732831,0.3285536766,0.3284012377,0.0186000131,0.0000000000,0.0000000000,0.0175584797,0.0337421298,0.0345828682,0.0654085428,0.0687508211,0.0000000947,0.0000000000,0.0000000000,0.0000000000,-0.0049749548,0.0982813686,-0.0004905236,0.0727674589,0.0983568281,0.0071738875
00:42:07:31.246,61,0.1074309647,0.1617187262,0.1204997450,0.0000000000,0.0000000000,0.0754496157,0.0000000000,0.1074273959,0.1620295495,0.0074949497,0.0000000000,0.0000000000,0.0754349753,0.0000000000,0.0117736282,0.0000000000,0.0012114840,0.0171962827,0.0171425529,0.0107196532,0.0704849288,0.0111196851,0.0000000000,0.0000000000,0.0000000000,0.0191312451,0.0070199850,0.0275958050,0.0268814992,0.0324616469,0.0314305536,0.0378881879,0.0113737965,0.2423296124,0.1704123020,0.0569832623,0.0597961694,0.0244314168,0.0236038771,0.0185532030,0.0192887466,0.3384422958,0.3382842541,0.0185530130,0.0000000000,0.0000000000,0.0176997166,0.0337604284,0.0345922969,0.0656930953,0.0690769106,0.0000001059,0.0000000000,0.0000000000,0.0000000000,-0.0045559956,0.0989792719,-0.0004524259,0.0732495785,0.0990548432,0.0072729136
00:42:07:32.248,61,0.1072720513,0.1625083536,0.1210432723,0.0000000000,0.0000000000,0.0750641078,0.0000000000,0.1072687656,0.1628253311,0.0070127696,0.0000000000,0.0000000000,0.0750494823,0.0000000000,0.0118252048,0.0000000000,0.0012766679,0.0172131769,0.0171431229,0.0107363276,0.0711524561,0.0110090934,0.0000000000,0.0000000000,0.0000000000,0.0189732183,0.0067829913,0.0277913921,0.0270760711,0.0324832052,0.0314654745,0.0381367728,0.0114154415,0.2457381785,0.1730529070,0.0574926026,0.0603512526,0.0244866870,0.0236703772,0.0186479650,0.0193951987,0.3414584398,0.3412994444,0.0185201690,0.0000000000,0.0000000000,0.0178308543,0.0337292217,0.0345521607,0.0658958182,0.0693211704,0.0000000960,0.0000000000,0.0000000000,0.0000000000,-0.0042626844,0.0994652435,-0.0004253914,0.0735764354,0.0995409116,0.0073413909
00:42:07:33.250,61,0.1071469858,0.1631065458,0.1212452874,0.0000000000,0.0000000000,0.0746540427,0.0000000000,0.1071439683,0.1634265631,0.0068724710,0.0000000000,0.0000000000,0.0746395066,0.0000000000,0.0118611958,0.0000000000,0.0013211577,0.0172275174,0.0171389319,0.0107423309,0.0716792941,0.0108914655,0.0000000000,0.0000000000,0.0000000000,0.0190704539,0.0067662485,0.0279513504,0.0272381566,0.0324877612,0.0314800516,0.0383507498,0.0114504723,0.2474354059,0.1744835973,0.0578609221,0.0607587881,0.0245008245,0.0236989968,0.0187122934,0.0194733720,0.3384899795,0.3383304179,0.0184989292,0.0000000000,0.0000000000,0.0179440640,0.0336576216,0.0344801322,0.0659773573,0.0694306940,0.0000000908,0.0000000000,0.0000000000,0.0000000000,-0.0041772504,0.0998324901,-0.0004184151,0.0736965388,0.0999082178,0.0073806671
00:42:07:34.252,61,0.1070292518,0.1636931747,0.1215177774,0.0000000000,0.0000000000,0.0741522834,0.0000000000,0.1070264801,0.1640167534,0.0066668554,0.0000000000,0.0000000000,0.0741379112,0.0000000000,0.0118796043,0.0000000000,0.0013736566,0.0172367413,0.0171366781,0.0107429521,0.0721100569,0.0108167641,0.0000000000,0.0000000000,0.0000000000,0.0192252826,0.0068569705,0.0280706529,0.0273607094,0.0324656591,0.0314672254,0.0385229401,0.0114815403,0.2480429262,0.1751582026,0.0581185035,0.0610436983,0.0245061126,0.0237144157,0.0187550131,0.0195254292,0.3320755959,0.3319129646,0.0184876621,0.0000000000,0.0000000000,0.0180457737,0.0335486419,0.0343688503,0.0659795776,0.0694477558,0.0000000693,0.0000000000,0.0000000000,0.0000000000,-0.0040521272,0.1001929715,-0.0004073575,0.0738595054,0.1002687588,0.0074238288
00:42:07:35.253,61,0.1068810374,0.1642773449,0.1218100712,0.0000000000,0.0000000000,0.0735837296,0.0000000000,0.1068784893,0.1646046489,0.0064320718,0.0000000000,0.0000000000,0.0735695288,0.0000000000,0.0118963243,0.0000000000,0.0014222788,0.0172340535,0.0171215739,0.0107231559,0.0724384859,0.0107890852,0.0000000000,0.0000000000,0.0000000000,0.0194869973,0.0070838276,0.0281602647,0.0274514332,0.0324157402,0.0314233899,0.0386778526,0.0115095060,0.2481233329,0.1754677445,0.0582989119,0.0612454601,0.0245056413,0.0237227622,0.0187828988,0.0195609722,0.3285374045,0.3283725679,0.0184715576,0.0000000000,0.0000000000,0.0181239285,0.0333936810,0.0342107974,0.0659238696,0.0694005489,0.0000000670,0.0000000000,0.0000000000,0.0000000000,-0.0039092829,0.1005520374,-0.0003944155,0.0740345046,0.1006279066,0.0074682194
00:42:07:36.254,61,0.1066625491,0.1648839414,0.1219241992,0.0000000000,0.0000000000,0.0729545578,0.0000000000,0.1066601947,0.1652136743,0.0063851830,0.0000000000,0.0000000000,0.0729405135,0.0000000000,0.0119034545,0.0000000000,0.0014691120,0.0172281675,0.0171073191,0.0106908502,0.0726491287,0.0107912002,0.0000000000,0.0000000000,0.0000000000,0.0195537712,0.0071100323,0.0282541513,0.0275455136,0.0323624052,0.0313719586,0.0388062149,0.0115349069,0.2478075176,0.1754585356,0.0583819784,0.0613548681,0.0245116949,0.0237364005,0.0187966172,0.0195828658,0.3242983818,0.3241299093,0.0184612144,0.0000000000,0.0000000000,0.0181769915,0.0332142897,0.0340278633,0.0658199787,0.0693067834,0.0000000703,0.0000000000,0.0000000000,0.0000000000,-0.0038806391,0.1009240746,-0.0003929840,0.0741010979,0.1009999737,0.0075027500
00:42:07:37.257,61,0.1064902619,0.1651516408,0.1221956834,0.0000000000,0.0000000000,0.0723713413,0.0000000000,0.1064880714,0.1654841751,0.0061493688,0.0000000000,0.0000000000,0.0723574311,0.0000000000,0.0119260736,0.0000000000,0.0015163670,0.0172308367,0.0170964245,0.0106655583,0.0728384256,0.0107970070,0.0000000000,0.0000000000,0.0000000000,0.0194304362,0.0069271093,0.0283897165,0.0276826043,0.0323205926,0.0313274115,0.0389691964,0.0115766414,0.2474702299,0.1754038930,0.0585223995,0.0615258440,0.0245395899,0.0237704758,0.0188156143,0.0196100865,0.3204328418,0.3202566803,0.0184633546,0.0000000000,0.0000000000,0.0182484388,0.0330398865,0.0338470861,0.0657332167,0.0692308992,0.0000000787,0.0000000000,0.0000000000,0.0000000000,-0.0037372585,0.1010892540,-0.0003790880,0.0742648542,0.1011651978,0.0075316844
00:42:07:38.258,61,0.1065216288,0.1658734381,0.1224851236,0.0000000000,0.0000000000,0.0718319416,0.0000000000,0.1065195128,0.1662101001,0.0059129293,0.0000000000,0.0000000000,0.0718181655,0.0000000000,0.0119482763,0.0000000000,0.0015669116,0.0172383767,0.0170867443,0.0106361071,0.0729628801,0.0108265141,0.0000000000,0.0000000000,0.0000000000,0.0193128176,0.0067725494,0.0285254605,0.0278172996,0.0322589763,0.0312624983,0.0391380787,0.0116271675,0.2469863892,0.1752322167,0.0586396903,0.0616721995,0.0245716963,0.0238079913,0.0188227985,0.0196264703,0.3166899383,0.3165090680,0.0184670296,0.0000000000,0.0000000000,0.0183114540,0.0328496993,0.0336437188,0.0655977428,0.0690970048,0.0000000821,0.0000000000,0.0000000000,0.0000000000,-0.0035934015,0.1015326381,-0.0003661056,0.0744374320,0.1016086563,0.0075824722
00:42:07:39.259,61,0.1066907123,0.1665918231,0.1228014380,0.0000000000,0.0000000000,0.0713947043,0.0000000000,0.1066886187,0.1669328660,0.0056344238,0.0000000000,0.0000000000,0.0713811070,0.0000000000,0.0119748060,0.0000000000,0.0016126692,0.0172538701,0.0170878600,0.0106233414,0.0731765702,0.0108491546,0.0000000000,0.0000000000,0.0000000000,0.0192220621,0.0066934922,0.0286598783,0.0279500801,0.0322020352,0.0312074870,0.0393016078,0.0116783129,0.2466213256,0.1751339734,0.0588081181,0.0618596040,0.0246023033,0.0238411836,0.0188339651,0.0196450613,0.3149640858,0.3147811890,0.0184629373,0.0000000000,0.0000000000,0.0183883030,0.0326850638,0.0334680416,0.0654861629,0.0689861402,0.0000000921,0.0000000000,0.0000000000,0.0000000000,-0.0034239939,0.1019740924,-0.0003503733,0.0746263042,0.1020501778,0.0076349354
00:42:07:40.261,61,0.1066905409,0.1669478118,0.1227034256,0.0000000000,0.0000000000,0.0709422603,0.0000000000,0.1066885367,0.1672890335,0.0057579731,0.0000000000,0.0000000000,0.0709287226,0.0000000000,0.0120084351,0.0000000000,0.0016761463,0.0172642767,0.0170851294,0.0106130568,0.0733689740,0.0108512864,0.0000000000,0.0000000000,0.0000000000,0.0189696737,0.0064248643,0.0288434494,0.0281275976,0.0321719684,0.0311767869,0.0394876078,0.0117350491,0.2463901788,0.1751117408,0.0590248369,0.0621000417,0.0246484224,0.0238908324,0.0188502707,0.0196702126,0.3137231171,0.3135400712,0.0184645373,0.0000000000,0.0000000000,0.0184812248,0.0325280391,0.0333004519,0.0654182956,0.0689261556,0.0000000925,0.0000000000,0.0000000000,0.0000000000,-0.0034989957,0.1021916792,-0.0003588175,0.0745650828,0.1022677869,0.0076450645
00:42:07:41.262,61,0.1064436063,0.1666884273,0.1223675758,0.0000000000,0.0000000000,0.0705110505,0.0000000000,0.1064416990,0.1670262069,0.0061285933,0.0000000000,0.0000000000,0.0704973936,0.0000000000,0.0120521570,0.0000000000,0.0017493351,0.0172668826,0.0170725491,0.0105869006,0.0735372305,0.0108189099,0.0000000000,0.0000000000,0.0000000000,0.0148559324,0.0041380785,0.0290906150,0.0283693243,0.0321319923,0.0311335307,0.0396854542,0.0118051842,0.2464531064,0.1752249002,0.0593378656,0.0624530874,0.0247427374,0.0239896867,0.0188874099,0.0197209027,0.3163567781,0.3161801398,0.0184459966,0.0000000000,0.0000000000,0.0185610931,0.0323879085,0.0331505276,0.0654675066,0.0689961463,0.0000000874,0.0000000000,0.0000000000,0.0000000000,-0.0037242752,0.1020312309,-0.0003813156,0.0743622035,0.1021073312,0.0076122577
00:42:07:42.264,61,0.1060515270,0.1664099544,0.1221892461,0.0000000000,0.0000000000,0.0701495633,0.0000000000,0.1060496792,0.1667455286,0.0063301446,0.0000000000,0.0000000000,0.0701357126,0.0000000000,0.0120991636,0.0000000000,0.0018154560,0.0172672719,0.0170548838,0.0105566001,0.0736977085,0.0107733896,0.0000000000,0.0000000000,0.0000000000,0.0119127780,0.0014234581,0.0293504279,0.0286266990,0.0320992842,0.0310996789,0.0398698412,0.0118730776,0.2466407567,0.1754140258,0.0596980713,0.0628511384,0.0248452164,0.0240967348,0.0189319067,0.0197777227,0.3209394217,0.3207641840,0.0184288956,0.0000000000,0.0000000000,0.0186331160,0.0322803110,0.0330342650,0.0655766949,0.0691303015,0.0000001004,0.0000000000,0.0000000000,0.0000000000,-0.0038468232,0.1018598229,-0.0003931965,0.0742551312,0.1019359231,0.0075884690
00:42:07:43.266,61,0.1057237312,0.1663004756,0.1220012829,0.0000000000,0.0000000000,0.0697206929,0.0000000000,0.1057219431,0.1666342020,0.0065428861,0.0000000000,0.0000000000,0.0697067007,0.0000000000,0.0121503379,0.0000000000,0.0019071812,0.0172798969,0.0170426760,0.0105239339,0.0738262311,0.0107358135,0.0000000000,0.0000000000,0.0006534522,0.0099709108,0.0000000000,0.0296239220,0.0288920607,0.0320430249,0.0310406312,0.0400705487,0.0119604515,0.2466977388,0.1754659861,0.0600413717,0.0632423908,0.0249504205,0.0242038537,0.0189588480,0.0198173914,0.3226169050,0.3224429786,0.0183979347,0.0000000000,0.0000000000,0.0187084507,0.0321379900,0.0328772143,0.0656485036,0.0692248419,0.0000000879,0.0000000000,0.0000000000,0.0000000000,-0.0039761337,0.1017918438,-0.0004061407,0.0741414130,0.1018679962,0.0075717852
00:42:07:44.268,61,0.1055003554,0.1664616615,0.1216613576,0.0000000000,0.0000000000,0.0692455471,0.0000000000,0.1054986343,0.1667931229,0.0068931286,0.0000000000,0.0000000000,0.0692315698,0.0000000000,0.0121857282,0.0000000000,0.0019862929,0.0172912683,0.0170351826,0.0105096856,0.0740287676,0.0107196420,0.0000000000,0.0000000000,0.0020546783,0.0086815162,0.0000000000,0.0298459195,0.0291091818,0.0319871493,0.0309845563,0.0402408764,0.0120283570,0.2468150556,0.1755883098,0.0603858754,0.0636298433,0.0250154193,0.0242757928,0.0189920515,0.0198594611,0.3232183754,0.3230456412,0.0183700547,0.0000000000,0.0000000000,0.0187915489,0.0320110209,0.0327409655,0.0657256171,0.0693241581,0.0000000889,0.0000000000,0.0000000000,0.0000000000,-0.0041889353,0.1018890440,-0.0004282884,0.0739340931,0.1019651592,0.0075579043
00:42:07:45.269,61,0.1053053141,0.1666108221,0.1213686466,0.0000000000,0.0000000000,0.0688019916,0.0000000000,0.1053036600,0.1669403464,0.0071819988,0.0000000000,0.0000000000,0.0687882006,0.0000000000,0.0122038685,0.0000000000,0.0020450437,0.0173024703,0.0170294475,0.0104963817,0.0741683319,0.0107134832,0.0000000000,0.0000000000,0.0028387713,0.0080256509,0.0000000000,0.0299915224,0.0292519089,0.0319151171,0.0309134331,0.0403454155,0.0120868860,0.2465485334,0.1754544824,0.0605918095,0.0638634413,0.0250365529,0.0243030209,0.0189931188,0.0198684223,0.3218667209,0.3216983676,0.0183416586,0.0000000000,0.0000000000,0.0188648719,0.0318753533,0.0326029547,0.0657093152,0.0693177283,0.0000001002,0.0000000000,0.0000000000,0.0000000000,-0.0043644407,0.1019790471,-0.0004466294,0.0737555325,0.1020552069,0.0075463867
00:42:07:46.271,61,0.1052832603,0.1672195345,0.1214296073,0.0000000000,0.0000000000,0.0683552623,0.0000000000,0.1052815244,0.1675511748,0.0070872460,0.0000000000,0.0000000000,0.0683417842,0.0000000000,0.0122065321,0.0000000000,0.0020878164,0.0173369180,0.0170512702,0.0105013596,0.0743169263,0.0107294302,0.0000000000,0.0000000000,0.0035251295,0.0074218502,0.0000000000,0.0301022138,0.0293606240,0.0318452939,0.0308476463,0.0404114574,0.0121441921,0.2450428307,0.1749718338,0.0607081726,0.0639938787,0.0250577237,0.0243273471,0.0189756379,0.0198555533,0.3143384755,0.3141613603,0.0183425248,0.0000000000,0.0000000000,0.0189383067,0.0317448936,0.0324663892,0.0656355694,0.0692422763,0.0000000959,0.0000000000,0.0000000000,0.0000000000,-0.0043066959,0.1023521572,-0.0004423439,0.0737897754,0.1024283096,0.0075776791
00:42:07:47.272,61,0.1055243462,0.1677584052,0.1214216501,0.0000000000,0.0000000000,0.0679281354,0.0000000000,0.1055219620,0.1680914462,0.0070724445,0.0000000000,0.0000000000,0.0679150224,0.0000000000,0.0122062517,0.0000000000,0.0020895428,0.0173788276,0.0170823596,0.0105298571,0.0745196491,0.0107441554,0.0000000000,0.0000000000,0.0038578552,0.0071906764,0.0000000000,0.0301901996,0.0294471812,0.0317931101,0.0307940133,0.0404831506,0.0121950274,0.2442133874,0.1745137870,0.0608217306,0.0641181767,0.0250720158,0.0243463274,0.0189631991,0.0198489707,0.3061080873,0.3059102893,0.0183540694,0.0000000000,0.0000000000,0.0190306455,0.0316076204,0.0323197171,0.0655278787,0.0691284314,0.0000001066,0.0000000000,0.0000000000,0.0000000000,-0.0042975550,0.1026821807,-0.0004428384,0.0737824440,0.1027583554,0.0076015126
