Timecode,BlendshapeCount,EyeBlinkLeft,EyeLookDownLeft,EyeLookInLeft,EyeLookOutLeft,EyeLookUpLeft,EyeSquintLeft,EyeWideLeft,EyeBlinkRight,EyeLookDownRight,EyeLookInRight,EyeLookOutRight,EyeLookUpRight,EyeSquintRight,EyeWideRight,JawForward,JawRight,JawLeft,JawOpen,MouthClose,MouthFunnel,MouthPucker,MouthRight,MouthLeft,MouthSmileLeft,MouthSmileRight,MouthFrownLeft,MouthFrownRight,MouthDimpleLeft,MouthDimpleRight,MouthStretchLeft,MouthStretchRight,MouthRollLower,MouthRollUpper,MouthShrugLower,MouthShrugUpper,MouthPressLeft,MouthPressRight,MouthLowerDownLeft,MouthLowerDownRight,MouthUpperUpLeft,MouthUpperUpRight,BrowDownLeft,BrowDownRight,BrowInnerUp,BrowOuterUpLeft,BrowOuterUpRight,CheekPuff,CheekSquintLeft,CheekSquintRight,NoseSneerLeft,NoseSneerRight,TongueOut,HeadYaw,HeadPitch,HeadRoll,LeftEyeYaw,LeftEyePitch,LeftEyeRoll,RightEyeYaw,RightEyePitch,RightEyeRoll
15:11:27:10.478,61,0.0678362548,0.1884392947,0.1232831106,0.0000000000,0.0000000000,0.0654886216,0.0000000000,0.0676675588,0.1888135672,0.0013910397,0.0000000000,0.0000000000,0.0654779747,0.0000000000,0.0158870537,0.0062981197,0.0000000000,0.0143131381,0.0136830918,0.0131648760,0.0759328008,0.0080941459,0.0000000000,0.0454363972,0.0560946614,0.0000000000,0.0000000000,0.0559495166,0.0546688326,0.0417393781,0.0404734015,0.0473366231,0.0138060041,0.3710398674,0.2591638565,0.1200358123,0.1297200322,0.0335158408,0.0318534747,0.0282586422,0.0293435548,0.6065956354,0.6065405607,0.0152397631,0.0000000000,0.0000000000,0.0257825796,0.0361913145,0.0374622941,0.1298593879,0.1388361305,0.0000000897,0.0000000000,0.0000000000,0.0000000000,-0.0008440921,0.1153397039,-0.0000977913,0.0748100430,0.1154353172,0.0086659789
15:11:27:11.480,61,0.0674414113,0.1868617237,0.1224563867,0.0000000000,0.0000000000,0.0655346736,0.0000000000,0.0672738627,0.1872246116,0.0022172169,0.0000000000,0.0000000000,0.0655242279,0.0000000000,0.0158655178,0.0062564774,0.0000000000,0.0143235456,0.0136856474,0.0131455651,0.0759207681,0.0081650577,0.0000000000,0.0455720834,0.0560762547,0.0000000000,0.0000000000,0.0559372567,0.0546362698,0.0417470001,0.0404800922,0.0472551882,0.0137955528,0.3690678775,0.2580877542,0.1197295114,0.1293969601,0.0334810503,0.0318162367,0.0282025021,0.0292818472,0.6058123112,0.6057581306,0.0152039872,0.0000000000,0.0000000000,0.0257195644,0.0361589268,0.0374375917,0.1296326518,0.1385811567,0.0000000675,0.0000000000,0.0000000000,0.0000000000,-0.0013455722,0.1143691018,-0.0001545664,0.0743166357,0.1144646704,0.0085359076
15:11:27:12.482,61,0.0670600235,0.1859258264,0.1220977679,0.0000000000,0.0000000000,0.0655900836,0.0000000000,0.0668923855,0.1862831563,0.0025768364,0.0000000000,0.0000000000,0.0655798391,0.0000000000,0.0158203822,0.0062211840,0.0000000000,0.0143215135,0.0136784976,0.0131130731,0.0758988485,0.0082720453,0.0000000000,0.0458983891,0.0562125221,0.0000000000,0.0000000000,0.0560078248,0.0546736680,0.0417449623,0.0404724628,0.0471257493,0.0137845259,0.3672968745,0.2568987906,0.1193931177,0.1290387809,0.0334656909,0.0317891389,0.0281137861,0.0291846357,0.6052523255,0.6051989794,0.0151589699,0.0000000000,0.0000000000,0.0256710853,0.0361135304,0.0374023430,0.1293427050,0.1382715255,0.0000000501,0.0000000000,0.0000000000,0.0000000000,-0.0015639192,0.1137940586,-0.0001787368,0.0741038546,0.1138895452,0.0084683774
15:11:27:13.486,61,0.0670949891,0.1861144751,0.1218039393,0.0000000000,0.0000000000,0.0655869618,0.0000000000,0.0669278577,0.1864697784,0.0028824864,0.0000000000,0.0000000000,0.0655768365,0.0000000000,0.0158440508,0.0062129567,0.0000000000,0.0143392636,0.0136827156,0.0131408023,0.0759591237,0.0083569558,0.0000000000,0.0461324304,0.0563129187,0.0000000000,0.0000000000,0.0562885143,0.0549285188,0.0418675244,0.0405842327,0.0472044051,0.0137949632,0.3685888648,0.2571739256,0.1196377352,0.1292957366,0.0334866829,0.0318065323,0.0281247366,0.0291897580,0.6046298146,0.6045767069,0.0151675185,0.0000000000,0.0000000000,0.0257194471,0.0361365378,0.0374274962,0.1293565631,0.1382793039,0.0000000507,0.0000000000,0.0000000000,0.0000000000,-0.0017493999,0.1139080748,-0.0002001370,0.0739245564,0.1140035912,0.0084564583
15:11:27:14.488,61,0.0672154874,0.1862030476,0.1218854934,0.0000000000,0.0000000000,0.0655179247,0.0000000000,0.0670497343,0.1865591854,0.0028476270,0.0000000000,0.0000000000,0.0655078366,0.0000000000,0.0158842802,0.0061899829,0.0000000000,0.0143380826,0.0136706103,0.0131367650,0.0759603381,0.0083309710,0.0000000000,0.0458419695,0.0560324639,0.0000000000,0.0000000000,0.0563435480,0.0549865924,0.0418660045,0.0405829772,0.0472927578,0.0138100553,0.3704526126,0.2589800954,0.1199013293,0.1295719147,0.0334175713,0.0317457952,0.0281475633,0.0292183235,0.6032860875,0.6032302976,0.0151584381,0.0000000000,0.0000000000,0.0257049147,0.0360991433,0.0373843983,0.1295244098,0.1384675503,0.0000000532,0.0000000000,0.0000000000,0.0000000000,-0.0017282329,0.1139627099,-0.0001978111,0.0739736110,0.1140582636,0.0084661506
15:11:27:15.489,61,0.0673280433,0.1865201294,0.1217363775,0.0000000000,0.0000000000,0.0654707924,0.0000000000,0.0671640635,0.1868758202,0.0029834236,0.0000000000,0.0000000000,0.0654607266,0.0000000000,0.0159335453,0.0061539304,0.0000000000,0.0143388864,0.0136634782,0.0131515078,0.0760071278,0.0082297940,0.0000000000,0.0455942117,0.0558088459,0.0000000000,0.0000000000,0.0564388484,0.0550904535,0.0418845862,0.0406182557,0.0474690571,0.0138323177,0.3762399256,0.2632455230,0.1204010025,0.1300938278,0.0333723538,0.0317159519,0.0282385368,0.0293201823,0.6030305624,0.6029744148,0.0151573587,0.0000000000,0.0000000000,0.0257283561,0.0360863581,0.0373718366,0.1299267709,0.1388954669,0.0000000722,0.0000000000,0.0000000000,0.0000000000,-0.0018106080,0.1141561419,-0.0002075945,0.0738814548,0.1142517105,0.0084700910
15:11:27:16.487,61,0.0671975762,0.1865665466,0.1215284020,0.0000000000,0.0000000000,0.0654170364,0.0000000000,0.0670358092,0.1869205683,0.0032124722,0.0000000000,0.0000000000,0.0654070303,0.0000000000,0.0159910321,0.0061086868,0.0000000000,0.0143364584,0.0136518218,0.0131690195,0.0761513710,0.0080561033,0.0000000000,0.0450324006,0.0553215593,0.0000000000,0.0000000000,0.0564143434,0.0550844930,0.0418545194,0.0406134613,0.0476712398,0.0138531551,0.3835302889,0.2695747018,0.1210043430,0.1307251602,0.0332783349,0.0316470265,0.0283524040,0.0294527002,0.6030870676,0.6030312181,0.0151464026,0.0000000000,0.0000000000,0.0257625654,0.0360505283,0.0373395756,0.1303925067,0.1393893212,0.0000000786,0.0000000000,0.0000000000,0.0000000000,-0.0019496091,0.1141835079,-0.0002235856,0.0737550035,0.1142790616,0.0084576625
15:11:27:17.491,61,0.0673224851,0.1873571873,0.1214562282,0.0000000000,0.0000000000,0.0653734133,0.0000000000,0.0671613514,0.1877125502,0.0033205515,0.0000000000,0.0000000000,0.0653634518,0.0000000000,0.0160617642,0.0060739145,0.0000000000,0.0143415388,0.0136449346,0.0131924422,0.0763146803,0.0079886382,0.0000000000,0.0448388048,0.0551228896,0.0000000000,0.0000000000,0.0565400980,0.0552174747,0.0418723077,0.0406496823,0.0479282811,0.0138705103,0.3865502477,0.2720122039,0.1216815859,0.1314292401,0.0332572795,0.0316437930,0.0284969453,0.0296065118,0.6038573384,0.6038014889,0.0151753677,0.0000000000,0.0000000000,0.0258298684,0.0360590369,0.0373400971,0.1307716370,0.1397850364,0.0000000743,0.0000000000,0.0000000000,0.0000000000,-0.0020150889,0.1146673113,-0.0002320828,0.0737071186,0.1147629693,0.0084882844
15:11:27:18.491,61,0.0675479993,0.1878522635,0.1215154082,0.0000000000,0.0000000000,0.0655229315,0.0000000000,0.0673863813,0.1882092953,0.0033515876,0.0000000000,0.0000000000,0.0655129254,0.0000000000,0.0161766354,0.0060254582,0.0000000000,0.0143563701,0.0136525100,0.0132458489,0.0765815526,0.0079413056,0.0000000000,0.0446417294,0.0548538230,0.0000000000,0.0000000000,0.0567655675,0.0554517470,0.0419417918,0.0407348424,0.0482766591,0.0139110060,0.3965408206,0.2776254416,0.1238282099,0.1337689310,0.0333361290,0.0317351334,0.0287337750,0.0298537891,0.6134878397,0.6134299636,0.0151912374,0.0000000000,0.0000000000,0.0259263199,0.0361009352,0.0373725370,0.1354185194,0.1447961777,0.0000000801,0.0000000000,0.0000000000,0.0000000000,-0.0020338520,0.1149707660,-0.0002348691,0.0737404600,0.1150665060,0.0085147768
15:11:27:19.492,61,0.0676494613,0.1877291054,0.1219494715,0.0000000000,0.0000000000,0.0658543110,0.0000000000,0.0674863756,0.1880893856,0.0030661642,0.0000000000,0.0000000000,0.0658439770,0.0000000000,0.0163309313,0.0059749768,0.0000000000,0.0143676745,0.0136502944,0.0132883284,0.0768635646,0.0078171752,0.0000000000,0.0442765690,0.0545338802,0.0000000000,0.0000000000,0.0570397601,0.0557446592,0.0420066789,0.0408101864,0.0486542732,0.0139806289,0.3998906016,0.2796759903,0.1252277493,0.1353413612,0.0335171409,0.0319199637,0.0289389361,0.0300856587,0.6413943768,0.6413414478,0.0151680196,0.0000000000,0.0000000000,0.0260805190,0.0360933542,0.0373567082,0.1397234946,0.1500217468,0.0000000933,0.0000000000,0.0000000000,0.0000000000,-0.0018606634,0.1148974746,-0.0002147312,0.0740044937,0.1149933264,0.0085397260
15:11:27:20.494,61,0.0674664080,0.1872118860,0.1219366342,0.0000000000,0.0000000000,0.0661941096,0.0000000000,0.0673022643,0.1875705421,0.0031889824,0.0000000000,0.0000000000,0.0661834031,0.0000000000,0.0164885353,0.0059188972,0.0000000000,0.0143838814,0.0136546586,0.0133253802,0.0771065354,0.0076852390,0.0000000000,0.0438926853,0.0541617125,0.0000000000,0.0000000000,0.0572377816,0.0559641495,0.0420630723,0.0408790857,0.0489926450,0.0140553685,0.4016609788,0.2807877660,0.1261220574,0.1362973899,0.0336841159,0.0320863873,0.0291237272,0.0302962586,0.6496552825,0.6496030092,0.0151305208,0.0000000000,0.0000000000,0.0262143388,0.0360868722,0.0373392515,0.1423074454,0.1528654993,0.0000001004,0.0000000000,0.0000000000,0.0000000000,-0.0019352650,0.1145805568,-0.0002227191,0.0739994124,0.1146764457,0.0085154027
15:11:27:21.495,61,0.0672780201,0.1871482283,0.1218432561,0.0000000000,0.0000000000,0.0664455816,0.0000000000,0.0671123937,0.1875057369,0.0033727062,0.0000000000,0.0000000000,0.0664344057,0.0000000000,0.0166213010,0.0058791791,0.0000000000,0.0143892830,0.0136547806,0.0133485654,0.0773091391,0.0075392555,0.0000000000,0.0435473137,0.0538663939,0.0000000000,0.0000000000,0.0573637486,0.0561125651,0.0421112739,0.0409393758,0.0492788479,0.0141042052,0.4025093615,0.2813648582,0.1267179698,0.1369251013,0.0338208899,0.0322284698,0.0292850975,0.0304825399,0.6537305117,0.6536780000,0.0151000805,0.0000000000,0.0000000000,0.0263171811,0.0360684209,0.0373094119,0.1436034441,0.1542764157,0.0000001115,0.0000000000,0.0000000000,0.0000000000,-0.0020467690,0.1145409942,-0.0002354694,0.0739430711,0.1146369725,0.0085059768
15:11:27:22.500,61,0.0671514124,0.1870543808,0.1216612458,0.0000000000,0.0000000000,0.0667547286,0.0000000000,0.0669835508,0.1874100417,0.0035958954,0.0000000000,0.0000000000,0.0667432696,0.0000000000,0.0167796090,0.0058892821,0.0000000000,0.0144117111,0.0136647653,0.0134209618,0.0776797384,0.0074668494,0.0000000000,0.0432798639,0.0535914004,0.0000000000,0.0000000000,0.0575824752,0.0563403927,0.0422400013,0.0410654545,0.0496806428,0.0141423279,0.4064454138,0.2843618691,0.1283912808,0.1387849748,0.0339480117,0.0323582925,0.0295126569,0.0307246652,0.6559649706,0.6559120417,0.0151090967,0.0000000000,0.0000000000,0.0265038610,0.0361405276,0.0373695195,0.1445318907,0.1552333534,0.0000000965,0.0000000000,0.0000000000,0.0000000000,-0.0021822290,0.1144825667,-0.0002509241,0.0738331154,0.1145785525,0.0084889848
15:11:27:23.502,61,0.0672781616,0.1871154755,0.1216865405,0.0000000000,0.0000000000,0.0669970959,0.0000000000,0.0671089217,0.1874715090,0.0035674938,0.0000000000,0.0000000000,0.0669855028,0.0000000000,0.0168873891,0.0059445030,0.0000000000,0.0144423116,0.0136899566,0.0135122091,0.0780776069,0.0073923687,0.0000000000,0.0430403873,0.0534409359,0.0000000000,0.0000000000,0.0576980487,0.0564688183,0.0423732437,0.0411927663,0.0499622487,0.0141606601,0.4072082937,0.2850040495,0.1290823072,0.1395287067,0.0340714902,0.0324868783,0.0296589397,0.0308819916,0.6555290222,0.6554734111,0.0151485428,0.0000000000,0.0000000000,0.0266777668,0.0362198465,0.0374405421,0.1447414458,0.1554241031,0.0000000723,0.0000000000,0.0000000000,0.0000000000,-0.0021649834,0.1145201027,-0.0002490235,0.0738481358,0.1146160960,0.0084935166
15:11:27:24.503,61,0.0675277114,0.1867323816,0.1215055063,0.0000000000,0.0000000000,0.0672640577,0.0000000000,0.0673580244,0.1870858669,0.0037181184,0.0000000000,0.0000000000,0.0672524124,0.0000000000,0.0169482157,0.0059981458,0.0000000000,0.0144714611,0.0137182157,0.0135894818,0.0784350559,0.0073796227,0.0000000000,0.0428266674,0.0533157326,0.0000000000,0.0000000000,0.0576603599,0.0564354882,0.0424569547,0.0412587263,0.0501152910,0.0141612748,0.4017584622,0.2833385468,0.1293038130,0.1397652179,0.0341438539,0.0325600915,0.0297268145,0.0309506804,0.6515650749,0.6515087485,0.0151899504,0.0000000000,0.0000000000,0.0268121623,0.0363166332,0.0375270769,0.1441775262,0.1544293612,0.0000000615,0.0000000000,0.0000000000,0.0000000000,-0.0022564530,0.1142845452,-0.0002590061,0.0737402439,0.1143805236,0.0084635466
15:11:27:25.502,61,0.0678289160,0.1871134341,0.1218279749,0.0000000000,0.0000000000,0.0674469769,0.0000000000,0.0676599741,0.1874707788,0.0033728376,0.0000000000,0.0000000000,0.0674353689,0.0000000000,0.0169718340,0.0060711787,0.0000000000,0.0144742886,0.0137255173,0.0136340074,0.0786955133,0.0073753269,0.0000000000,0.0425097458,0.0531582907,0.0000000000,0.0000000000,0.0575454496,0.0563233942,0.0424818881,0.0412610807,0.0501808152,0.0141452486,0.3998654485,0.2826230824,0.1293790042,0.1398526430,0.0341479480,0.0325694047,0.0297649316,0.0309894886,0.6470888853,0.6470351219,0.0152233178,0.0000000000,0.0000000000,0.0268961415,0.0363692828,0.0375827476,0.1434569508,0.1534617692,0.0000000466,0.0000000000,0.0000000000,0.0000000000,-0.0020468533,0.1145196185,-0.0002354349,0.0739339739,0.1146155670,0.0085033318
15:11:27:26.503,61,0.0683185235,0.1877250969,0.1222057715,0.0000000000,0.0000000000,0.0676383376,0.0000000000,0.0681501031,0.1880873889,0.0029700079,0.0000000000,0.0000000000,0.0676268190,0.0000000000,0.0169878807,0.0061588003,0.0000000000,0.0144901769,0.0137410900,0.0136841666,0.0789248943,0.0073992717,0.0000000000,0.0422619022,0.0530533157,0.0000000000,0.0000000000,0.0575258099,0.0563030504,0.0425404049,0.0412942581,0.0502350964,0.0141378082,0.3985637724,0.2819273770,0.1293504834,0.1398237050,0.0341701619,0.0325926580,0.0297848880,0.0310092028,0.6422554851,0.6422032714,0.0152568426,0.0000000000,0.0000000000,0.0269584805,0.0364239253,0.0376403406,0.1428594291,0.1527588218,0.0000000481,0.0000000000,0.0000000000,0.0000000000,-0.0018023127,0.1148962528,-0.0002079949,0.0741600543,0.1149921939,0.0085575581
15:11:27:27.505,61,0.0688428804,0.1880047172,0.1223000064,0.0000000000,0.0000000000,0.0677790940,0.0000000000,0.0686743259,0.1883685738,0.0028579216,0.0000000000,0.0000000000,0.0677676946,0.0000000000,0.0169784985,0.0062497724,0.0000000000,0.0144983800,0.0137460399,0.0137282694,0.0791578740,0.0074370913,0.0000000000,0.0419826657,0.0528802127,0.0000000000,0.0000000000,0.0575227849,0.0562930517,0.0426038541,0.0413322784,0.0502108820,0.0141153308,0.3976154923,0.2813639045,0.1292558461,0.1397112757,0.0341298729,0.0325582437,0.0297596008,0.0309789646,0.6325407624,0.6324843168,0.0152884237,0.0000000000,0.0000000000,0.0269981269,0.0364635028,0.0376867726,0.1419594586,0.1515398324,0.0000000474,0.0000000000,0.0000000000,0.0000000000,-0.0017342602,0.1150680035,-0.0002004432,0.0742157623,0.1151639596,0.0085768793
15:11:27:28.510,61,0.0693830252,0.1875843257,0.1221090034,0.0000000000,0.0000000000,0.0679466128,0.0000000000,0.0692141503,0.1879454702,0.0029945588,0.0000000000,0.0000000000,0.0679353848,0.0000000000,0.0169683937,0.0063226894,0.0000000000,0.0145131387,0.0137483403,0.0137630105,0.0792603642,0.0075740181,0.0000000000,0.0420567691,0.0529592112,0.0000000000,0.0000000000,0.0577196255,0.0564606898,0.0427155606,0.0414057896,0.0502072535,0.0141065083,0.3963639140,0.2806283236,0.1291540712,0.1395940930,0.0341366194,0.0325596593,0.0297196172,0.0309271980,0.6269984245,0.6269432306,0.0153208943,0.0000000000,0.0000000000,0.0270382259,0.0365142934,0.0377422422,0.1409094781,0.1502134949,0.0000000427,0.0000000000,0.0000000000,0.0000000000,-0.0018172296,0.1148095578,-0.0002095567,0.0741020590,0.1149054840,0.0085443733
15:11:27:29.508,61,0.0697124004,0.1873043180,0.1213340834,0.0000000000,0.0000000000,0.0681211799,0.0000000000,0.0695430487,0.1876581013,0.0036989080,0.0000000000,0.0000000000,0.0681102127,0.0000000000,0.0169631131,0.0063644163,0.0000000000,0.0145312296,0.0137492502,0.0137932682,0.0794043168,0.0077589601,0.0000000000,0.0421763808,0.0529695675,0.0000000000,0.0000000000,0.0579354763,0.0566325858,0.0428424440,0.0414968207,0.0502311885,0.0140951779,0.3956858218,0.2801250815,0.1291248351,0.1395428479,0.0341376327,0.0325537249,0.0296939854,0.0308803879,0.6243126392,0.6242578030,0.0153578864,0.0000000000,0.0000000000,0.0271087047,0.0365782566,0.0378108807,0.1399593055,0.1489682794,0.0000000447,0.0000000000,0.0000000000,0.0000000000,-0.0022447046,0.1146341264,-0.0002584526,0.0736332685,0.1147299409,0.0084773349
15:11:27:30.510,61,0.0697814599,0.1868510395,0.1205748171,0.0000000000,0.0000000000,0.0682260320,0.0000000000,0.0696118847,0.1871972382,0.0043523135,0.0000000000,0.0000000000,0.0682153851,0.0000000000,0.0169587266,0.0064121475,0.0000000000,0.0145438863,0.0137467990,0.0138120865,0.0794418976,0.0079459464,0.0000000000,0.0422427431,0.0529061556,0.0000000000,0.0000000000,0.0581085049,0.0567655601,0.0429741144,0.0415900089,0.0502464734,0.0140790762,0.3951390386,0.2796811759,0.1290524155,0.1394495070,0.0341167226,0.0325262435,0.0296713449,0.0308376607,0.6222578883,0.6222049594,0.0153880948,0.0000000000,0.0000000000,0.0271535274,0.0366286635,0.0378688164,0.1392284334,0.1481207609,0.0000000456,0.0000000000,0.0000000000,0.0000000000,-0.0026413132,0.1143526956,-0.0003033644,0.0731748343,0.1144484207,0.0084038004
15:11:27:31.511,61,0.0698361173,0.1863891929,0.1200010255,0.0000000000,0.0000000000,0.0682935715,0.0000000000,0.0696665421,0.1867293566,0.0048653195,0.0000000000,0.0000000000,0.0682832301,0.0000000000,0.0169356763,0.0064269686,0.0000000000,0.0145548666,0.0137461098,0.0138239926,0.0795164034,0.0081285080,0.0000000000,0.0423470326,0.0528364182,0.0000000000,0.0000000000,0.0582123213,0.0568325184,0.0430731885,0.0416569300,0.0502096377,0.0140520204,0.3944485784,0.2791170478,0.1288634092,0.1392271221,0.0340632014,0.0324706472,0.0296206456,0.0307636950,0.6194995642,0.6194487214,0.0154154152,0.0000000000,0.0000000000,0.0271759667,0.0366811715,0.0379294083,0.1378687173,0.1464069635,0.0000000459,0.0000000000,0.0000000000,0.0000000000,-0.0029527403,0.1140669733,-0.0003382781,0.0728289708,0.1141626313,0.0083430838
15:11:27:32.516,61,0.0697810650,0.1859836578,0.1197540388,0.0000000000,0.0000000000,0.0683227777,0.0000000000,0.0696114972,0.1863207370,0.0050624483,0.0000000000,0.0000000000,0.0683126748,0.0000000000,0.0169124603,0.0064479988,0.0000000000,0.0145561928,0.0137351220,0.0138194878,0.0794613957,0.0082354760,0.0000000000,0.0422593243,0.0526770353,0.0000000000,0.0000000000,0.0582815520,0.0568677373,0.0431518368,0.0417106673,0.0501525439,0.0140339052,0.3937196136,0.2785199881,0.1286159754,0.1389480531,0.0340029597,0.0324094966,0.0295549855,0.0306831133,0.6169160604,0.6168658137,0.0154253300,0.0000000000,0.0000000000,0.0271700285,0.0366996229,0.0379547626,0.1370920539,0.1455288529,0.0000000539,0.0000000000,0.0000000000,0.0000000000,-0.0030724651,0.1138174087,-0.0003512174,0.0726811439,0.1139129996,0.0083078155
15:11:27:33.517,61,0.0695334524,0.1854056120,0.1193787083,0.0000000000,0.0000000000,0.0682184473,0.0000000000,0.0693648905,0.1857380122,0.0054190848,0.0000000000,0.0000000000,0.0682085678,0.0000000000,0.0168734137,0.0064837560,0.0000000000,0.0145493355,0.0137195894,0.0138157774,0.0794343725,0.0082445517,0.0000000000,0.0418778993,0.0523390099,0.0000000000,0.0000000000,0.0582382381,0.0568059534,0.0431992225,0.0417411998,0.0500312224,0.0140101621,0.3929898143,0.2779484689,0.1283107400,0.1386148185,0.0338983797,0.0323124528,0.0294576697,0.0305807143,0.6127833724,0.6127337217,0.0154213374,0.0000000000,0.0000000000,0.0271531139,0.0366745293,0.0379453748,0.1364836544,0.1448810995,0.0000000673,0.0000000000,0.0000000000,0.0000000000,-0.0032890458,0.1134615317,-0.0003747891,0.0724562779,0.1135570854,0.0082560573
15:11:27:34.516,61,0.0690754279,0.1841472685,0.1190957054,0.0000000000,0.0000000000,0.0679531842,0.0000000000,0.0689072385,0.1844741404,0.0056961630,0.0000000000,0.0000000000,0.0679435357,0.0000000000,0.0168074630,0.0065631461,0.0000000000,0.0145346215,0.0136978934,0.0137801766,0.0793160349,0.0083440281,0.0000000000,0.0415076911,0.0520088337,0.0000000000,0.0000000000,0.0581139959,0.0566545427,0.0432064645,0.0417128392,0.0498318635,0.0139787225,0.3874123693,0.2748304904,0.1277403831,0.1380226761,0.0337658226,0.0321758464,0.0293038227,0.0304175559,0.6064887643,0.6064344645,0.0154041881,0.0000000000,0.0000000000,0.0270869732,0.0365843140,0.0378700159,0.1355700344,0.1440087855,0.0000000694,0.0000000000,0.0000000000,0.0000000000,-0.0034575185,0.1126895249,-0.0003912830,0.0722908229,0.1127850115,0.0081807561
15:11:27:35.521,61,0.0684720427,0.1827115566,0.1189866215,0.0000000000,0.0000000000,0.0675245821,0.0000000000,0.0683042631,0.1830338985,0.0058202883,0.0000000000,0.0000000000,0.0675151199,0.0000000000,0.0167220607,0.0066113048,0.0000000000,0.0145235350,0.0136856958,0.0137306917,0.0790912956,0.0084529147,0.0000000000,0.0410196185,0.0515409745,0.0000000000,0.0000000000,0.0578174926,0.0563357957,0.0431651436,0.0416391455,0.0495331176,0.0139493085,0.3703822494,0.2631615996,0.1246991158,0.1344612241,0.0336359330,0.0320366547,0.0290885847,0.0301912986,0.5959700942,0.5959042311,0.0153863654,0.0000000000,0.0000000000,0.0269623399,0.0364498198,0.0377420485,0.1344094723,0.1428396702,0.0000000691,0.0000000000,0.0000000000,0.0000000000,-0.0035332118,0.1118097380,-0.0003967011,0.0722317621,0.1119051725,0.0081097828
15:11:27:36.522,61,0.0677451789,0.1815171838,0.1190105379,0.0000000000,0.0000000000,0.0669684410,0.0000000000,0.0675783455,0.1818340272,0.0057928055,0.0000000000,0.0000000000,0.0669591576,0.0000000000,0.0166223180,0.0066184350,0.0000000000,0.0144940764,0.0136604095,0.0136464415,0.0787248686,0.0085792886,0.0000000000,0.0406713374,0.0511526130,0.0000000000,0.0000000000,0.0575008169,0.0559937097,0.0430676863,0.0415163003,0.0491852909,0.0139160901,0.3636907637,0.2577626407,0.1226832494,0.1322400123,0.0334925652,0.0318807028,0.0288500562,0.0299412776,0.5877873898,0.5877227783,0.0153537020,0.0000000000,0.0000000000,0.0268025249,0.0362676643,0.0375692919,0.1333195567,0.1417282224,0.0000000670,0.0000000000,0.0000000000,0.0000000000,-0.0035168163,0.1110767797,-0.0003922503,0.0722521544,0.1111737937,0.0080586141
15:11:27:37.524,61,0.0659428462,0.1801835150,0.1190870553,0.0000000000,0.0000000000,0.0663650259,0.0000000000,0.0657827854,0.1804976612,0.0057098130,0.0000000000,0.0000000000,0.0663559586,0.0000000000,0.0165281575,0.0066730198,0.0000000000,0.0144643225,0.0136362007,0.0135781970,0.0784475282,0.0086377300,0.0000000000,0.0396698192,0.0504677780,0.0000000000,0.0000000000,0.0570572987,0.0555386990,0.0429846384,0.0414096378,0.0488101169,0.0138656376,0.3606030345,0.2553454638,0.1214480922,0.1309157610,0.0332851969,0.0316719562,0.0286054108,0.0296877194,0.5767801404,0.5767122507,0.0153158261,0.0000000000,0.0000000000,0.0266467575,0.0360755771,0.0373961106,0.1324127614,0.1408268809,0.0000000582,0.0000000000,0.0000000000,0.0000000000,-0.0034667461,0.1102604046,-0.0003838007,0.0723051727,0.1103573814,0.0080048107
15:11:27:38.522,61,0.0626649186,0.1780070513,0.1194187701,0.0000000000,0.0000000000,0.0658005476,0.0000000000,0.0625091344,0.1783185303,0.0053638802,0.0000000000,0.0000000000,0.0657917261,0.0000000000,0.0164446384,0.0067351554,0.0000000000,0.0144348247,0.0136127546,0.0135001084,0.0781006813,0.0086986460,0.0000000000,0.0389144234,0.0498259924,0.0000000000,0.0000000000,0.0565860495,0.0550602302,0.0429007709,0.0413043685,0.0484540835,0.0138132153,0.3587718606,0.2538482547,0.1202576309,0.1296541095,0.0330657214,0.0314511731,0.0283614509,0.0294380952,0.5720591545,0.5719919801,0.0152662285,0.0000000000,0.0000000000,0.0264869686,0.0358928740,0.0372340567,0.1313862056,0.1397846639,0.0000000579,0.0000000000,0.0000000000,0.0000000000,-0.0032571882,0.1089291722,-0.0003562122,0.0725171566,0.1090260148,0.0079306113
15:11:27:39.524,61,0.0572310053,0.1758718342,0.1200023890,0.0000000000,0.0000000000,0.0651198179,0.0000000000,0.0570822544,0.1761827469,0.0047630803,0.0000000000,0.0000000000,0.0651112571,0.0000000000,0.0163473506,0.0068078497,0.0000000000,0.0143931331,0.0135778347,0.0133933211,0.0776648894,0.0087486105,0.0000000000,0.0371454358,0.0485373549,0.0000000000,0.0000000000,0.0559725873,0.0544505119,0.0427588485,0.0411454961,0.0480286591,0.0137492390,0.3569681048,0.2526626885,0.1180053726,0.1273911297,0.0327855684,0.0311685894,0.0280814227,0.0291541722,0.5648574829,0.5647897124,0.0151908277,0.0000000000,0.0000000000,0.0262922775,0.0356483795,0.0370164849,0.1300249100,0.1384036243,0.0000000567,0.0000000000,0.0000000000,0.0000000000,-0.0028927659,0.1076243743,-0.0003125394,0.0728818923,0.1077210680,0.0078742849
15:11:27:40.526,61,0.0513850264,0.1734254509,0.1204161048,0.0000000000,0.0000000000,0.0642932430,0.0000000000,0.0512508117,0.1737334728,0.0043232245,0.0000000000,0.0000000000,0.0642853379,0.0000000000,0.0162265599,0.0068889703,0.0000000000,0.0143399080,0.0135393385,0.0132640004,0.0770976096,0.0087330043,0.0000000000,0.0325322226,0.0455181710,0.0000000000,0.0000000000,0.0544418208,0.0530110039,0.0425681546,0.0409489051,0.0475262552,0.0136608398,0.3489041030,0.2486118227,0.1136047989,0.1225999817,0.0324409194,0.0308299158,0.0277651548,0.0288402066,0.5525677204,0.5525085926,0.0151092345,0.0000000000,0.0000000000,0.0260518715,0.0353949703,0.0367997624,0.1283358634,0.1366134137,0.0000000564,0.0000000000,0.0000000000,0.0000000000,-0.0026260498,0.1061281189,-0.0002797485,0.0731448904,0.1062247008,0.0077920388
15:11:27:41.528,61,0.0478823036,0.1715353578,0.1207010597,0.0000000000,0.0000000000,0.0635430887,0.0000000000,0.0477549173,0.1718408614,0.0040122424,0.0000000000,0.0000000000,0.0635355338,0.0000000000,0.0161137711,0.0069862306,0.0000000000,0.0142883295,0.0134986537,0.0131336236,0.0765765831,0.0087003419,0.0000000000,0.0292322338,0.0431839228,0.0000000000,0.0000000000,0.0532996394,0.0519520454,0.0423452929,0.0407174379,0.0470564030,0.0135772033,0.3463858366,0.2471464425,0.1118109152,0.1207064092,0.0320724100,0.0304726642,0.0274692308,0.0285489298,0.5471321940,0.5470757484,0.0150096770,0.0000000000,0.0000000000,0.0258207787,0.0351360403,0.0365778543,0.1273128688,0.1355593055,0.0000000607,0.0000000000,0.0000000000,0.0000000000,-0.0024374481,0.1049719304,-0.0002568073,0.0733269453,0.1050683782,0.0077257380
15:11:27:42.528,61,0.0460147969,0.1697052866,0.1207680032,0.0000000000,0.0000000000,0.0627807230,0.0000000000,0.0458904617,0.1700066030,0.0039224527,0.0000000000,0.0000000000,0.0627734661,0.0000000000,0.0159845762,0.0070990226,0.0000000000,0.0142387934,0.0134691251,0.0130075552,0.0760009363,0.0086824354,0.0000000000,0.0265851542,0.0410635062,0.0000000000,0.0000000000,0.0519767702,0.0506870598,0.0421512537,0.0405105129,0.0465137847,0.0134781050,0.3391934037,0.2419539243,0.1084593609,0.1170886382,0.0317189805,0.0301264375,0.0271411370,0.0282216500,0.5381712914,0.5381128788,0.0149230510,0.0000000000,0.0000000000,0.0255676415,0.0348751135,0.0363553911,0.1256152391,0.1337404698,0.0000000695,0.0000000000,0.0000000000,0.0000000000,-0.0023831811,0.1038514227,-0.0002483901,0.0733762011,0.1039477661,0.0076478678
15:11:27:43.531,61,0.0434935391,0.1680094600,0.1212215796,0.0000000000,0.0000000000,0.0617212579,0.0000000000,0.0433750153,0.1683099270,0.0034652390,0.0000000000,0.0000000000,0.0617145300,0.0000000000,0.0158308949,0.0071425755,0.0000000000,0.0141816679,0.0134334946,0.0128395436,0.0751537308,0.0086984774,0.0000000000,0.0250923168,0.0393980555,0.0000000000,0.0000000000,0.0501782894,0.0489541888,0.0418652929,0.0402261503,0.0459155180,0.0133660939,0.3248067498,0.2331096977,0.1038012579,0.1119124591,0.0313057043,0.0297237169,0.0267855171,0.0278622396,0.5206864476,0.5206229091,0.0148214679,0.0000000000,0.0000000000,0.0252674073,0.0345963463,0.0361088440,0.1225843355,0.1302599311,0.0000000719,0.0000000000,0.0000000000,0.0000000000,-0.0021056158,0.1028149128,-0.0002172546,0.0736596957,0.1029111966,0.0076002586
15:11:27:44.532,61,0.0409975946,0.1663107723,0.1215471178,0.0000000000,0.0000000000,0.0605034195,0.0000000000,0.0408888087,0.1666093320,0.0031343424,0.0000000000,0.0000000000,0.0604972020,0.0000000000,0.0156673286,0.0071754572,0.0000000000,0.0141282175,0.0134063354,0.0126656890,0.0741919354,0.0087296870,0.0000000000,0.0230724514,0.0371003039,0.0000000000,0.0000000000,0.0483772904,0.0472101010,0.0415508524,0.0399207361,0.0452691317,0.0132531887,0.3111073375,0.2226146013,0.0990339965,0.1068000048,0.0308887828,0.0293134414,0.0263974443,0.0274674334,0.5079596043,0.5078917146,0.0147165740,0.0000000000,0.0000000000,0.0249630325,0.0343150981,0.0358530469,0.1191843078,0.1265934110,0.0000000717,0.0000000000,0.0000000000,0.0000000000,-0.0019047529,0.1017760411,-0.0001945303,0.0738653764,0.1018722281,0.0075439620
15:11:27:45.533,61,0.0387134962,0.1648261249,0.1219009385,0.0000000000,0.0000000000,0.0589609705,0.0000000000,0.0386174172,0.1651235074,0.0027705468,0.0000000000,0.0000000000,0.0589552708,0.0000000000,0.0154871326,0.0071904487,0.0000000000,0.0140701355,0.0133849336,0.0124924351,0.0731705576,0.0087310011,0.0000000000,0.0154761700,0.0296433307,0.0000000000,0.0000000000,0.0463678651,0.0452852473,0.0412081927,0.0395938270,0.0445704274,0.0131288543,0.2997927368,0.2144140452,0.0945926905,0.1019659340,0.0304615051,0.0288977325,0.0259963349,0.0270599741,0.4912398160,0.4911745787,0.0146101387,0.0000000000,0.0000000000,0.0246534571,0.0340029560,0.0355666280,0.1168583781,0.1240666732,0.0000000690,0.0000000000,0.0000000000,0.0000000000,-0.0016838284,0.1008683667,-0.0001704233,0.0740872249,0.1009644791,0.0074986932
15:11:27:46.535,61,0.0361952819,0.1631882787,0.1218662411,0.0000000000,0.0000000000,0.0568248369,0.0000000000,0.0361204185,0.1634811014,0.0028032770,0.0000000000,0.0000000000,0.0568197295,0.0000000000,0.0152643882,0.0071607823,0.0000000000,0.0139862681,0.0133489659,0.0122739263,0.0710279495,0.0087134801,0.0000000000,0.0121594165,0.0266628638,0.0000000000,0.0000000000,0.0441147462,0.0431410037,0.0407946669,0.0392099991,0.0434779115,0.0129772937,0.2821060717,0.2031000704,0.0887242779,0.0956336707,0.0299844090,0.0284341574,0.0255568381,0.0266178232,0.4602618515,0.4602158964,0.0144880619,0.0000000000,0.0000000000,0.0242841039,0.0336263515,0.0352211557,0.1124314517,0.1193700880,0.0000000700,0.0000000000,0.0000000000,0.0000000000,-0.0017038927,0.0998650864,-0.0001707272,0.0740735903,0.0999610797,0.0074223084
15:11:27:47.540,61,0.0316784978,0.1610450596,0.1214551553,0.0000000000,0.0000000000,0.0535869412,0.0000000000,0.0316304155,0.1613291353,0.0032146310,0.0000000000,0.0000000000,0.0535827465,0.0000000000,0.0150044365,0.0071032248,0.0000000000,0.0138734477,0.0132922232,0.0120057408,0.0680840239,0.0087597240,0.0000000000,0.0098130871,0.0227439087,0.0000000000,0.0000000000,0.0416564830,0.0407602862,0.0402818955,0.0387295038,0.0419140682,0.0128051229,0.2508643866,0.1834013760,0.0809681565,0.0871764049,0.0293996334,0.0278676990,0.0250257235,0.0260779206,0.4089660347,0.4089155793,0.0143705131,0.0000000000,0.0000000000,0.0239104964,0.0331264436,0.0347435214,0.0998362750,0.1058719009,0.0000000661,0.0000000000,0.0000000000,0.0000000000,-0.0019541779,0.0985505581,-0.0001932111,0.0738333538,0.0986464694,0.0073003499
15:11:27:48.541,61,0.0197264049,0.1586568952,0.1208882630,0.0000000000,0.0000000000,0.0495608337,0.0000000000,0.0197104942,0.1589305252,0.0038084849,0.0000000000,0.0000000000,0.0495576337,0.0000000000,0.0147171803,0.0070631979,0.0000000000,0.0137457270,0.0132300053,0.0117078731,0.0642199889,0.0088105258,0.0000000000,0.0000000000,0.0144592281,0.0020313254,0.0000000000,0.0388189666,0.0380683094,0.0397371724,0.0382180251,0.0400450490,0.0126126967,0.2180342525,0.1603773087,0.0707952380,0.0759404823,0.0287392326,0.0272286460,0.0244020540,0.0254431237,0.3406961560,0.3406349719,0.0142921004,0.0000000000,0.0000000000,0.0235341638,0.0325028971,0.0341387093,0.0893193260,0.0948986933,0.0000000689,0.0000000000,0.0000000000,0.0000000000,-0.0023155157,0.0970854014,-0.0002255115,0.0734992623,0.0971811935,0.0071587446
15:11:27:49.540,61,0.0133292945,0.1564666182,0.1198122427,0.0000000000,0.0000000000,0.0445583202,0.0000000000,0.0133267324,0.1567267179,0.0049104397,0.0000000000,0.0000000000,0.0445560813,0.0000000000,0.0143728210,0.0070249587,0.0000000000,0.0135759618,0.0131422821,0.0113607217,0.0595371202,0.0089005679,0.0000000000,0.0000000000,0.0101699466,0.0062520946,0.0000000000,0.0357064866,0.0351013131,0.0391171686,0.0376302674,0.0375395678,0.0123820752,0.1786543429,0.1340827644,0.0603980981,0.0645664036,0.0277562980,0.0263486020,0.0234693401,0.0244514197,0.2450113446,0.2449213415,0.0142760193,0.0000000000,0.0000000000,0.0231357832,0.0312105175,0.0328869261,0.0741249695,0.0785327032,0.0000000732,0.0000000000,0.0000000000,0.0000000000,-0.0029858802,0.0957393423,-0.0002867424,0.0728544891,0.0958350301,0.0069971574
15:11:27:50.544,61,0.0100613087,0.1572595984,0.1194259673,0.0000000000,0.0000000000,0.0377052873,0.0015990390,0.0100638932,0.1575188339,0.0053269709,0.0000000000,0.0000000000,0.0377040729,0.0015993565,0.0139470417,0.0070680892,0.0000000000,0.0133795701,0.0130705237,0.0109701538,0.0518706851,0.0091880932,0.0000000000,0.0000000000,0.0000000000,0.0197913647,0.0070512667,0.0308309104,0.0304490384,0.0384258963,0.0369616263,0.0342861265,0.0120980125,0.1186105758,0.0939871073,0.0454665832,0.0479380190,0.0262555759,0.0248524994,0.0219794884,0.0227991883,0.0991511419,0.0990803614,0.0147260940,0.0000000000,0.0000000000,0.0225993507,0.0289401617,0.0304926094,0.0584089495,0.0622959435,0.0000000740,0.0000000000,0.0000000000,0.0000000000,-0.0032390091,0.0962232947,-0.0003126331,0.0726162195,0.0963190421,0.0070097568
15:11:27:51.543,61,0.0081239007,0.1609505862,0.1158029661,0.0000000000,0.0000000000,0.0321531259,0.0256326459,0.0081291506,0.1611915976,0.0092347600,0.0000000000,0.0000000000,0.0321525522,0.0256291181,0.0135946153,0.0071342909,0.0000000000,0.0133331399,0.0132284574,0.0106772240,0.0487216674,0.0096705984,0.0000000000,0.0000000000,0.0000000000,0.0342978872,0.0288051274,0.0273823142,0.0271783862,0.0380635150,0.0366377309,0.0327694938,0.0118518174,0.0993506387,0.0794438645,0.0381494612,0.0400673151,0.0255226605,0.0240742732,0.0210028961,0.0216775741,0.0000000000,0.0000000000,0.0304492489,0.0271694157,0.0273959115,0.0220629126,0.0277800988,0.0292965788,0.0525395647,0.0562624373,0.0000001194,0.0000000000,0.0000000000,0.0000000000,-0.0056138686,0.0984679088,-0.0005545765,0.0703978091,0.0985640585,0.0069553908
15:11:27:52.544,61,0.0068686628,0.1691589504,0.1112882420,0.0000000000,0.0000000000,0.0284736771,0.0530573502,0.0068750312,0.1693831682,0.0140570775,0.0000000000,0.0000000000,0.0284734387,0.0530498885,0.0134127792,0.0073202634,0.0000000000,0.0134750502,0.0136741437,0.0105414893,0.0470906422,0.0102719581,0.0000000000,0.0000000000,0.0000000000,0.0413925759,0.0380216129,0.0251275338,0.0250506699,0.0381738208,0.0367712229,0.0319064781,0.0116609829,0.0895649791,0.0719375759,0.0342982672,0.0359594785,0.0253061298,0.0237407070,0.0202368051,0.0208380539,0.0000000000,0.0000000000,0.0771585479,0.1600384563,0.1603313982,0.0216634721,0.0270309541,0.0285290703,0.0494701192,0.0531364903,0.0000001409,0.0000000000,0.0000000000,0.0000000000,-0.0085410541,0.1034740806,-0.0008869345,0.0676189363,0.1035708711,0.0070230309
15:11:27:53.546,61,0.0059959469,0.1788613498,0.1068423837,0.0000000000,0.0000000000,0.0260801744,0.0762903169,0.0060026306,0.1790687740,0.0187428463,0.0000000000,0.0000000000,0.0260801204,0.0762807578,0.0134224445,0.0077295108,0.0000000000,0.0137926787,0.0147100333,0.0105827106,0.0463833325,0.0109349508,0.0000000000,0.0000000000,0.0000000000,0.0458433516,0.0434570052,0.0237716436,0.0237547792,0.0395233929,0.0379953161,0.0315214396,0.0115418658,0.0849038512,0.0678708106,0.0320828147,0.0336029381,0.0256189201,0.0238607489,0.0196288340,0.0201697201,0.0000000000,0.0000000000,0.1405839026,0.2766641378,0.2769689262,0.0214000680,0.0265478082,0.0280383695,0.0479812436,0.0516589023,0.0000001443,0.0000000000,0.0000000000,0.0000000000,-0.0113809211,0.1093939990,-0.0012499670,0.0648765638,0.1094914600,0.0071268301
15:11:27:54.548,61,0.0053439816,0.1887025833,0.1035704315,0.0000000000,0.0000000000,0.0244625118,0.1071930826,0.0053505730,0.1888997406,0.0222168844,0.0000000000,0.0000000000,0.0244625602,0.1071840227,0.0136384377,0.0081927301,0.0000000000,0.0142879998,0.0168880690,0.0108192647,0.0463495739,0.0122576505,0.0000000000,0.0000000000,0.0000000000,0.0553214028,0.0572069883,0.0228333436,0.0228505861,0.0440563783,0.0425434783,0.0315200873,0.0114864046,0.0843827128,0.0656910315,0.0307148043,0.0321473032,0.0278500449,0.0246172398,0.0191613324,0.0196384136,0.0000000000,0.0000000000,0.2158277333,0.3641906381,0.3645036817,0.0212503802,0.0262628794,0.0277426783,0.0474309511,0.0511166640,0.0000001395,0.0000000000,0.0000000000,0.0000000000,-0.0134812621,0.1154028252,-0.0015626708,0.0628471524,0.1155008972,0.0072864266
15:11:27:55.549,61,0.0048249029,0.1988209039,0.1015974730,0.0000000000,0.0000000000,0.0233277958,0.1478462964,0.0048312051,0.1990172565,0.0243650097,0.0000000000,0.0000000000,0.0233278982,0.1478392184,0.0140675427,0.0086686192,0.0000000000,0.0149365775,0.0200179368,0.0112968413,0.0476090014,0.0138464021,0.0000000000,0.0000000000,0.0000000000,0.0683750659,0.0713690519,0.0221513268,0.0221863277,0.0520933382,0.0505267605,0.0317991748,0.0114865685,0.0857478678,0.0644683391,0.0298248455,0.0311943572,0.0328880474,0.0276673604,0.0188196674,0.0192244388,0.0000000000,0.0000000000,0.3147304356,0.4341247082,0.4344373643,0.0212430805,0.0261637904,0.0276228823,0.0474598929,0.0511379614,0.0000000982,0.0000000000,0.0000000000,0.0000000000,-0.0147738736,0.1215860471,-0.0018051337,0.0616046228,0.1216847673,0.0075286571
15:11:27:56.551,61,0.0043905084,0.2092990577,0.0991991460,0.0000000000,0.0000000000,0.0224414598,0.1861563176,0.0043964349,0.2094889134,0.0269762781,0.0000000000,0.0000000000,0.0224415939,0.1861521453,0.0146579482,0.0092249736,0.0000000000,0.0160030928,0.0231930483,0.0119266920,0.0492277667,0.0151118422,0.0000000000,0.0000000000,0.0000000000,0.0787553564,0.0814856067,0.0216078553,0.0216558706,0.0581010431,0.0563930385,0.0322768278,0.0115319658,0.0867745876,0.0637067929,0.0291516446,0.0304708555,0.0377933495,0.0313537568,0.0185604766,0.0188910235,0.0000000000,0.0000000000,0.4028942585,0.4802165627,0.4805220664,0.0212834142,0.0261453465,0.0275881775,0.0477792285,0.0514289364,0.0000000668,0.0000000000,0.0000000000,0.0000000000,-0.0163441114,0.1279866695,-0.0021032288,0.0601021126,0.1280860752,0.0077358070
15:11:27:57.555,61,0.0040139174,0.2192225605,0.0958380997,0.0000000000,0.0000000000,0.0216982551,0.2117573768,0.0040194392,0.2193925381,0.0306329876,0.0000000000,0.0000000000,0.0216984060,0.2117544711,0.0153292930,0.0097692683,0.0000000000,0.0174133759,0.0261586942,0.0128355576,0.0509979613,0.0160054993,0.0000000000,0.0000000000,0.0000000000,0.0848394111,0.0866599157,0.0211672615,0.0212247446,0.0626737177,0.0608607642,0.0328450240,0.0116208829,0.0874092504,0.0630607307,0.0285847541,0.0298614986,0.0420747064,0.0349591747,0.0183521863,0.0186140779,0.0000000000,0.0000000000,0.4515779614,0.4988986254,0.4991914630,0.0213559121,0.0261826850,0.0276167970,0.0482656211,0.0518797785,0.0000000458,0.0000000000,0.0000000000,0.0000000000,-0.0185448080,0.1340424865,-0.0025006393,0.0580194108,0.1341425329,0.0078253392
15:11:27:58.556,61,0.0036797477,0.2247733325,0.0936976224,0.0000000000,0.0000000000,0.0210719761,0.2228401899,0.0036848660,0.2249281108,0.0329175927,0.0000000000,0.0000000000,0.0210721381,0.2228381634,0.0160933156,0.0103380634,0.0000000000,0.0191278793,0.0290505700,0.0143433139,0.0537240468,0.0168121327,0.0000000000,0.0000000000,0.0000000000,0.0880423561,0.0896182731,0.0207968280,0.0208584275,0.0660895854,0.0639889836,0.0334774144,0.0117381942,0.0880124271,0.0625362843,0.0281121340,0.0293525960,0.0455187820,0.0379642062,0.0182070564,0.0184006374,0.0000000000,0.0000000000,0.4777703285,0.5086952448,0.5089727640,0.0214827955,0.0262675937,0.0276966915,0.0488672219,0.0524364933,0.0000000281,0.0000000000,0.0000000000,0.0000000000,-0.0199186709,0.1374281943,-0.0027545630,0.0566973463,0.1375286132,0.0078426804
15:11:27:59.558,61,0.0033788511,0.2298204005,0.0926837623,0.0000000000,0.0000000000,0.0205099713,0.2288705558,0.0033835811,0.2299699634,0.0341578163,0.0000000000,0.0000000000,0.0205101408,0.2288692296,0.0168318693,0.0107929129,0.0000000000,0.0208478775,0.0314927809,0.0154203633,0.0554052182,0.0175557416,0.0000000000,0.0000000000,0.0000000000,0.0896775573,0.0912254304,0.0204961151,0.0205599703,0.0680271909,0.0658346713,0.0341049097,0.0118896719,0.0883330107,0.0619264394,0.0276764072,0.0288840011,0.0483371094,0.0404802002,0.0180803947,0.0182067212,0.0000000000,0.0000000000,0.4897114038,0.5132068396,0.5134781003,0.0215893798,0.0263792686,0.0278000999,0.0495243035,0.0530271642,0.0000000160,0.0000000000,0.0000000000,0.0000000000,-0.0206602402,0.1405108720,-0.0029220288,0.0560596809,0.1406116635,0.0079306895
15:11:28:00.560,61,0.0031054891,0.2313728780,0.0917925611,0.0000000000,0.0000000000,0.0200303178,0.2321914881,0.0031098526,0.2315144688,0.0351095572,0.0000000000,0.0000000000,0.0200304892,0.2321908772,0.0177374799,0.0110705607,0.0000000000,0.0232378114,0.0349312089,0.0170605183,0.0573757589,0.0182683542,0.0000000000,0.0000000000,0.0000000000,0.0870519131,0.0903127566,0.0202918723,0.0203500465,0.0711956695,0.0690330043,0.0347908586,0.0120866066,0.0885141641,0.0612462685,0.0273098946,0.0284841675,0.0533883087,0.0448861979,0.0180129912,0.0180707946,0.0000000000,0.0000000000,0.4959718287,0.5150655508,0.5153344274,0.0216966178,0.0265956875,0.0279979017,0.0510521568,0.0541003570,0.0000000142,0.0000000000,0.0000000000,0.0000000000,-0.0212330539,0.1414562464,-0.0030235068,0.0555131845,0.1415572017,0.0079069762
15:11:28:01.562,61,0.0028558148,0.2306696475,0.0907311440,0.0000000000,0.0000000000,0.0196326561,0.2314657569,0.0028598360,0.2307989746,0.0361597016,0.0000000000,0.0000000000,0.0196328294,0.2314648330,0.0185111742,0.0110927727,0.0000000000,0.0254079308,0.0378423184,0.0189536009,0.0606765412,0.0189326927,0.0000000000,0.0000000000,0.0000000000,0.0809287131,0.0870001167,0.0201332979,0.0201749876,0.0735903829,0.0716189891,0.0354259759,0.0122849401,0.0887447819,0.0606445782,0.0270198360,0.0281638876,0.0561880581,0.0475105010,0.0179988835,0.0179849043,0.0000000000,0.0000000000,0.4881401360,0.5097470880,0.5099779367,0.0218095370,0.0268820636,0.0282566641,0.0528463423,0.0554951690,0.0000000175,0.0000000000,0.0000000000,0.0000000000,-0.0218695011,0.1410210282,-0.0031044104,0.0548746325,0.1411219239,0.0077917655
15:11:28:02.563,61,0.0026270561,0.2307951003,0.0901481211,0.0000000000,0.0000000000,0.0192530919,0.2187254280,0.0026307597,0.2309185266,0.0366846211,0.0000000000,0.0000000000,0.0192532670,0.2187225074,0.0191384889,0.0110054594,0.0000000000,0.0269548707,0.0397457704,0.0203199293,0.0643430799,0.0195053630,0.0000000000,0.0000000000,0.0000000000,0.0781286284,0.0849225447,0.0199857205,0.0200069938,0.0749143958,0.0729992017,0.0359110795,0.0124520892,0.0889701992,0.0601072088,0.0267642066,0.0278849676,0.0576973893,0.0489499457,0.0180048179,0.0179300923,0.0000000000,0.0000000000,0.4422540069,0.4810151756,0.4811646342,0.0218811147,0.0271467622,0.0285031907,0.0541698374,0.0566124469,0.0000000224,0.0000000000,0.0000000000,0.0000000000,-0.0221867412,0.1410950720,-0.0031511115,0.0545214266,0.1411958933,0.0077457787
15:11:28:03.565,61,0.0024170729,0.2311649472,0.0899176374,0.0000000000,0.0000000000,0.0188983399,0.2032580227,0.0024204829,0.2312862873,0.0369224027,0.0000000000,0.0000000000,0.0188985169,0.2032547891,0.0196470059,0.0108189937,0.0000000000,0.0288972668,0.0423301719,0.0225051250,0.0731490701,0.0200051963,0.0000000000,0.0000000000,0.0000000000,0.0671763271,0.0742412582,0.0198799595,0.0198796317,0.0758342817,0.0739528984,0.0362911299,0.0126238167,0.0891744718,0.0595619157,0.0265733562,0.0276728086,0.0588787273,0.0501355566,0.0180649403,0.0179314110,0.0000000000,0.0000000000,0.4037089348,0.4577895403,0.4579637647,0.0219697598,0.0274372064,0.0287762973,0.0555353537,0.0579189137,0.0000000238,0.0000000000,0.0000000000,0.0000000000,-0.0223298352,0.1413201988,-0.0031765595,0.0543802902,0.1414210796,0.0077382331
15:11:28:04.567,61,0.0022241157,0.2328066379,0.0888402313,0.0000000000,0.0000000000,0.0185864512,0.1970800459,0.0022272547,0.2329180241,0.0380205773,0.0000000000,0.0000000000,0.0185866412,0.1970768124,0.0202088058,0.0106667476,0.0000000000,0.0328351595,0.0485584363,0.0290521719,0.0893647522,0.0205413438,0.0000000000,0.0000000000,0.0000000000,0.0638283268,0.0709771588,0.0198381320,0.0198102370,0.0781017616,0.0757789984,0.0367516577,0.0128211603,0.0896124169,0.0591364913,0.0264845714,0.0275698118,0.0643323064,0.0549999215,0.0182672925,0.0180695746,0.0000000000,0.0000000000,0.3920045495,0.4489643574,0.4491383433,0.0221306626,0.0278139021,0.0291436948,0.0581784025,0.0605836734,0.0000000226,0.0000000000,0.0000000000,0.0000000000,-0.0229907148,0.1423193961,-0.0032939946,0.0537210181,0.1424203813,0.0076992633
15:11:28:05.565,61,0.0020466915,0.2365247756,0.0870092213,0.0000000000,0.0000000000,0.0182805751,0.1937624365,0.0020495809,0.2366195172,0.0399287194,0.0000000000,0.0000000000,0.0182807893,0.1937593520,0.0213242248,0.0102345953,0.0000000000,0.0433493294,0.0677316189,0.0813712254,0.1213610545,0.0210364070,0.0000000000,0.0000000000,0.0000000000,0.0625390410,0.0696037561,0.0200169589,0.0199571494,0.0949080363,0.0909301788,0.0371996425,0.0131057044,0.0902312919,0.0589181781,0.0265474338,0.0276197474,0.1134346426,0.1016468033,0.0212416779,0.0204963535,0.0000000000,0.0000000000,0.4180784225,0.4447576404,0.4449309707,0.0222716369,0.0286628082,0.0299253836,0.0649090558,0.0668456033,0.0000000159,0.0000000000,0.0000000000,0.0000000000,-0.0241366643,0.1445850581,-0.0035139683,0.0525965802,0.1446862668,0.0076598721
15:11:28:06.567,61,0.0018834902,0.2397398651,0.0847899467,0.0000000000,0.0000000000,0.0179565586,0.1895769238,0.0018861496,0.2398125827,0.0422250070,0.0000000000,0.0000000000,0.0179568026,0.1895739883,0.0236238111,0.0094015682,0.0000000000,0.0579965860,0.0733963475,0.1016803905,0.1312747896,0.0214126166,0.0000000000,0.0000000000,0.0000000000,0.0642907321,0.0707209855,0.0203379672,0.0202516727,0.1026190817,0.0988980010,0.0373586006,0.0134293912,0.0902209878,0.0586242639,0.0266281813,0.0276773311,0.1420762539,0.1277612597,0.0301608797,0.0285527557,0.0000000000,0.0000000000,0.4267234802,0.4430134892,0.4431782663,0.0222734381,0.0297931414,0.0310801808,0.0678893775,0.0695777461,0.0000000097,0.0000000000,0.0000000000,0.0000000000,-0.0255174581,0.1465412527,-0.0037659323,0.0512403026,0.1466426253,0.0075648841
15:11:28:07.571,61,0.0017333396,0.2415990680,0.0833592117,0.0000000000,0.0000000000,0.0176332984,0.1821607798,0.0017357871,0.2416572422,0.0436567925,0.0000000000,0.0000000000,0.0176335610,0.1821574122,0.0263694022,0.0075879144,0.0000000000,0.0699404255,0.0758041292,0.1192399561,0.1320926696,0.0215651952,0.0000000000,0.0000000000,0.0000000000,0.0649916381,0.0711766630,0.0208025929,0.0207141228,0.1079904363,0.1059237197,0.0372994132,0.0137423025,0.0881016999,0.0582420863,0.0266868025,0.0276922882,0.1982008070,0.1833498478,0.0448795147,0.0426763222,0.0000000000,0.0000000000,0.4323332310,0.4422432482,0.4423986971,0.0220682453,0.0307552405,0.0320286714,0.0695102289,0.0711129680,0.0000000062,0.0000000000,0.0000000000,0.0000000000,-0.0263783038,0.1476717740,-0.0039234203,0.0503672138,0.1477732509,0.0074942717
15:11:28:08.570,61,0.0015951789,0.2417965382,0.0828157067,0.0000000000,0.0000000000,0.0173189677,0.1721711904,0.0015974313,0.2418490499,0.0441439189,0.0000000000,0.0000000000,0.0173192453,0.1721665859,0.0295650065,0.0042633256,0.0000000000,0.0811945274,0.0739185587,0.1380857229,0.1199573204,0.0215232987,0.0000000000,0.0000000000,0.0000000000,0.0704861432,0.0744336620,0.0213739686,0.0213095360,0.1128637865,0.1129239649,0.0371418446,0.0140175773,0.0848436803,0.0579257645,0.0267360304,0.0276864935,0.2248129249,0.2100865096,0.0614196733,0.0586692542,0.0000000000,0.0000000000,0.4359070361,0.4426322877,0.4427759945,0.0217007473,0.0316321701,0.0329190195,0.0705351382,0.0721027926,0.0000000037,0.0000000000,0.0000000000,0.0000000000,-0.0266721677,0.1477901340,-0.0039703441,0.0500379317,0.1478915960,0.0074513685
15:11:28:09.572,61,0.0014680412,0.2416361719,0.0819157809,0.0000000000,0.0000000000,0.0170173179,0.1655145139,0.0014701141,0.2416788340,0.0449546836,0.0000000000,0.0000000000,0.0170176085,0.1655085385,0.0325507298,0.0016569044,0.0000000000,0.0903813317,0.0722668096,0.1499406099,0.1151025668,0.0213612262,0.0000000000,0.0000000000,0.0000000000,0.0794870406,0.0807063207,0.0220154449,0.0219857506,0.1168765351,0.1179325357,0.0369395949,0.0143037820,0.0815133378,0.0575908385,0.0267775673,0.0276714824,0.2420696616,0.2271317840,0.0691538528,0.0663678646,0.0000000000,0.0000000000,0.4380393326,0.4438629448,0.4439902008,0.0212782603,0.0324278660,0.0337320752,0.0711912811,0.0727492273,0.0000000027,0.0000000000,0.0000000000,0.0000000000,-0.0271624587,0.1476880610,-0.0040404755,0.0494949222,0.1477894634,0.0073654121
15:11:28:10.573,61,0.0013510422,0.2421794385,0.0805617794,0.0000000000,0.0000000000,0.0167206712,0.1611307859,0.0013529500,0.2422077507,0.0462181754,0.0000000000,0.0000000000,0.0167209823,0.1611251086,0.0350767262,0.0000000000,0.0000398248,0.0990867913,0.0714642331,0.1582328528,0.1128928289,0.0212486871,0.0000000000,0.0000000000,0.0000000000,0.0840330720,0.0852561295,0.0226933639,0.0226990599,0.1203118488,0.1214622185,0.0367094278,0.0146162976,0.0791267008,0.0572218262,0.0268041417,0.0276402198,0.2501375079,0.2349395603,0.0730258450,0.0701559559,0.0000000000,0.0000000000,0.4394155741,0.4461663365,0.4462867975,0.0208430998,0.0332084410,0.0345888138,0.0717202798,0.0732550696,0.0000000017,0.0000000000,0.0000000000,0.0000000000,-0.0279245358,0.1480144262,-0.0041631199,0.0486744232,0.1481157392,0.0072596399
15:11:28:11.575,61,0.0012433708,0.2425262183,0.0790852755,0.0000000000,0.0000000000,0.0164324585,0.1582825929,0.0012451266,0.2425385863,0.0475988910,0.0000000000,0.0000000000,0.0164327975,0.1582775712,0.0367776044,0.0000000000,0.0013329894,0.1046091616,0.0709505454,0.1625240296,0.1117226109,0.0212144237,0.0000000000,0.0000000000,0.0000000000,0.0861918405,0.0873322412,0.0233714245,0.0234062895,0.1224882826,0.1234329939,0.0364530198,0.0149451271,0.0773136765,0.0568000227,0.0268122591,0.0275926441,0.2546086013,0.2392095178,0.0751949549,0.0722558349,0.0000000000,0.0000000000,0.4417888224,0.4501686096,0.4502905905,0.0204135124,0.0339513756,0.0353725366,0.0721908510,0.0736831203,0.0000000014,0.0000000000,0.0000000000,0.0000000000,-0.0287578758,0.1482201517,-0.0042933696,0.0477808341,0.1483213753,0.0071365116
15:11:28:12.579,61,0.0011442819,0.2431580573,0.0765895024,0.0000000000,0.0000000000,0.0161601286,0.1524030715,0.0011458977,0.2431428283,0.0500486270,0.0000000000,0.0000000000,0.0161604993,0.1523980498,0.0379396118,0.0000000000,0.0024761176,0.1103245616,0.0706039071,0.1723084003,0.1113194600,0.0210540183,0.0000000000,0.0000000000,0.0000000000,0.0877150074,0.0888318568,0.0240227953,0.0240964796,0.1237747967,0.1247333363,0.0360881276,0.0152761703,0.0758986920,0.0564078167,0.0268092174,0.0275268871,0.2585384250,0.2429756224,0.0766746700,0.0736924261,0.0000000000,0.0000000000,0.4422096908,0.4511532784,0.4512744844,0.0199812409,0.0346612073,0.0361295678,0.0726604164,0.0741080642,0.0000000011,0.0000000000,0.0000000000,0.0000000000,-0.0302362572,0.1485959440,-0.0045256293,0.0462703183,0.1486971676,0.0069288439
15:11:28:13.580,61,0.0010530907,0.2434249520,0.0740407035,0.0000000000,0.0000000000,0.0159404371,0.1490589827,0.0010545775,0.2433813065,0.0525303818,0.0000000000,0.0000000000,0.0159408394,0.1490533203,0.0389379039,0.0000000000,0.0035663610,0.1183516309,0.0702208206,0.1804780513,0.1109764799,0.0207039602,0.0000000000,0.0000000000,0.0000000000,0.0888480172,0.0897990465,0.0246634968,0.0247923303,0.1246881038,0.1257608533,0.0357151590,0.0155526139,0.0749159828,0.0562010482,0.0267819855,0.0274385102,0.2654929757,0.2512101233,0.0816520005,0.0785448253,0.0000000000,0.0000000000,0.4383520186,0.4507828653,0.4508966506,0.0195024926,0.0353690423,0.0369384959,0.0731046349,0.0745153353,0.0000000011,0.0000000000,0.0000000000,0.0000000000,-0.0317348763,0.1487486660,-0.0047548134,0.0447294414,0.1488498449,0.0067052450
15:11:28:14.579,61,0.0009691672,0.2438171655,0.0711606517,0.0000000000,0.0000000000,0.0157592837,0.1469757855,0.0009705354,0.2437411845,0.0553753562,0.0000000000,0.0000000000,0.0157597251,0.1469696611,0.0405367576,0.0000000000,0.0044995914,0.1320770085,0.0700754523,0.1910462826,0.1108712107,0.0202679820,0.0000000000,0.0000000000,0.0000000000,0.0907097310,0.0906508565,0.0253084712,0.0255018398,0.1260552704,0.1282653958,0.0353747942,0.0158076808,0.0741762221,0.0561385825,0.0267218780,0.0273179412,0.2702969611,0.2567741573,0.0860062242,0.0828846917,0.0000000000,0.0000000000,0.4330602884,0.4501977861,0.4503081441,0.0189962648,0.0361005440,0.0379465520,0.0735251456,0.0748879984,0.0000000013,0.0000000000,0.0000000000,0.0000000000,-0.0334524773,0.1489769965,-0.0050198711,0.0429880172,0.1490782052,0.0064543998
15:11:28:15.581,61,0.0008919320,0.2437149584,0.0680133775,0.0000000000,0.0000000000,0.0155929243,0.1459299773,0.0008931912,0.2436037213,0.0584603772,0.0000000000,0.0000000000,0.0155934226,0.1459237337,0.0421035141,0.0000000000,0.0053178361,0.1446959376,0.0701338947,0.2049500644,0.1108545661,0.0198283084,0.0000000000,0.0000000000,0.0000000000,0.0933417007,0.0918690041,0.0259593073,0.0262186788,0.1284026355,0.1320586354,0.0349705108,0.0160594918,0.0734318569,0.0560394116,0.0266115442,0.0271435268,0.2829194069,0.2694956362,0.0898968577,0.0864161104,0.0000000000,0.0000000000,0.4310443103,0.4496633112,0.4497708082,0.0184636731,0.0367961973,0.0387731753,0.0740166157,0.0752962306,0.0000000012,0.0000000000,0.0000000000,0.0000000000,-0.0353165828,0.1489026099,-0.0052967928,0.0410871692,0.1490036994,0.0061660414
15:11:28:16.585,61,0.0008208519,0.2435959429,0.0642144755,0.0000000000,0.0000000000,0.0154559352,0.1455012262,0.0008220109,0.2434420735,0.0621993504,0.0000000000,0.0000000000,0.0154565163,0.1454947889,0.0435003154,0.0000000000,0.0059592230,0.1522844285,0.0703755841,0.2227659523,0.1109700799,0.0194261875,0.0000000000,0.0000000000,0.0000000000,0.0972708464,0.0943533629,0.0266179983,0.0269358028,0.1304953396,0.1346895397,0.0345443487,0.0163367465,0.0727785826,0.0559996180,0.0265108515,0.0269832760,0.2899735570,0.2765783668,0.0931267291,0.0892432481,0.0000000000,0.0000000000,0.4288267493,0.4488956928,0.4489998519,0.0179531891,0.0375049263,0.0397385471,0.0749827027,0.0758896694,0.0000000012,0.0000000000,0.0000000000,0.0000000000,-0.0375758670,0.1488161534,-0.0056321598,0.0387926847,0.1489171684,0.0058184573
15:11:28:17.586,61,0.0007554365,0.2434771061,0.0605224520,0.0000000000,0.0000000000,0.0153462188,0.1459829062,0.0007565031,0.2432817072,0.0658527762,0.0000000000,0.0000000000,0.0153469061,0.1459762752,0.0451472290,0.0000000000,0.0064202379,0.1585229039,0.0707495734,0.2291719019,0.1111138016,0.0191183332,0.0000000000,0.0000000000,0.0000000000,0.0996371433,0.0962236375,0.0272858758,0.0276553091,0.1321171522,0.1362535805,0.0341194235,0.0166484155,0.0720518529,0.0558610409,0.0264065098,0.0268233139,0.2963843048,0.2827618420,0.0949659050,0.0907981247,0.0000000000,0.0000000000,0.4279685318,0.4483752847,0.4484765828,0.0174713302,0.0382229835,0.0407136977,0.0762140155,0.0765614510,0.0000000008,0.0000000000,0.0000000000,0.0000000000,-0.0397835337,0.1487308890,-0.0059594181,0.0365627185,0.1488319337,0.0054809619
15:11:28:18.589,61,0.0006952342,0.2439646572,0.0570174083,0.0000000000,0.0000000000,0.0152563052,0.1460690796,0.0006962158,0.2437293828,0.0693629086,0.0000000000,0.0000000000,0.0152570950,0.1460625976,0.0468412340,0.0000000000,0.0068199742,0.1651100665,0.0711605027,0.2326752990,0.1110847741,0.0188233573,0.0000000000,0.0000000000,0.0000000000,0.1008689404,0.0972358435,0.0279880520,0.0284403190,0.1334182471,0.1374043077,0.0337082371,0.0169805288,0.0712617338,0.0556844175,0.0263108816,0.0266736299,0.3027466834,0.2895104289,0.0970750749,0.0925472900,0.0000000000,0.0000000000,0.4270414412,0.4473900497,0.4474904835,0.0169948563,0.0389609858,0.0416613556,0.0783936754,0.0780078024,0.0000000005,0.0000000000,0.0000000000,0.0000000000,-0.0419023558,0.1490175724,-0.0062888986,0.0344437361,0.1491186321,0.0051735458
15:11:28:19.587,61,0.0006398296,0.2439039201,0.0539838113,0.0000000000,0.0000000000,0.0152093824,0.1463909149,0.0006407329,0.2436344326,0.0723792836,0.0000000000,0.0000000000,0.0152102876,0.1463845223,0.0489710122,0.0000000000,0.0071202731,0.1746867001,0.0716991425,0.2360967845,0.1111641154,0.0184997581,0.0000000000,0.0000000000,0.0000000000,0.1036145240,0.0990809426,0.0286299102,0.0291364398,0.1347918957,0.1384862214,0.0333479419,0.0173118059,0.0705589131,0.0555615388,0.0262099206,0.0265268479,0.3054670095,0.2923357189,0.0989503786,0.0942886546,0.0000000000,0.0000000000,0.4268314242,0.4467180073,0.4468168020,0.0165455695,0.0398415551,0.0428688303,0.0802160501,0.0793726295,0.0000000008,0.0000000000,0.0000000000,0.0000000000,-0.0437249169,0.1489712596,-0.0065601887,0.0326113626,0.1490722597,0.0048968773
15:11:28:20.592,61,0.0005888403,0.2442867458,0.0493678264,0.0000000000,0.0000000000,0.0151730962,0.1466476023,0.0005896717,0.2439648956,0.0769765750,0.0000000000,0.0000000000,0.0151741197,0.1466408670,0.0520325527,0.0000000000,0.0074277767,0.1879737824,0.0722195059,0.2378054559,0.1111595333,0.0180722214,0.0000000000,0.0000000000,0.0000000000,0.1066889539,0.1006732881,0.0292581320,0.0298190136,0.1357744783,0.1394599825,0.0330412909,0.0176448077,0.0698457807,0.0554442294,0.0261036996,0.0263770390,0.3109895289,0.2994683981,0.1019136533,0.0973943248,0.0000000000,0.0000000000,0.4270802140,0.4462150335,0.4463106096,0.0161071774,0.0405814536,0.0437553637,0.0816927552,0.0806847587,0.0000000013,0.0000000000,0.0000000000,0.0000000000,-0.0465007275,0.1491921395,-0.0069868467,0.0298218336,0.1492931843,0.0044848765
15:11:28:21.593,61,0.0005419144,0.2445791960,0.0463555828,0.0000000000,0.0000000000,0.0151549857,0.1470143795,0.0005426796,0.2442232072,0.0799507275,0.0000000000,0.0000000000,0.0151561424,0.1470066607,0.0560189076,0.0000000000,0.0077266414,0.2067490220,0.0727260560,0.2383939177,0.1108387411,0.0175797828,0.0000000000,0.0000000000,0.0000000000,0.1081616208,0.1015251279,0.0299442261,0.0305676963,0.1372183114,0.1409044266,0.0327722616,0.0180066042,0.0682723224,0.0551763624,0.0259664040,0.0261997804,0.3209654689,0.3116348088,0.1037333608,0.0994975120,0.0000000000,0.0000000000,0.4286665320,0.4459645450,0.4460555911,0.0156728346,0.0412591882,0.0445495620,0.0828619972,0.0818437338,0.0000000017,0.0000000000,0.0000000000,0.0000000000,-0.0482962094,0.1493629515,-0.0072648376,0.0280014761,0.1494639665,0.0042160824
15:11:28:22.595,61,0.0004987282,0.2446098924,0.0441194400,0.0000000000,0.0000000000,0.0151450830,0.1475172937,0.0004994323,0.2442291975,0.0821032599,0.0000000000,0.0000000000,0.0151463645,0.1475087702,0.0599682070,0.0000000000,0.0080719404,0.2173860520,0.0732840002,0.2386393249,0.1103972271,0.0171031486,0.0000000000,0.0000000000,0.0000000000,0.1090675294,0.1021155119,0.0306452718,0.0313299820,0.1380564123,0.1417793930,0.0325761400,0.0184175503,0.0668781176,0.0548623130,0.0258417595,0.0260313563,0.3289509416,0.3208178282,0.1052627414,0.1010565832,0.0000000000,0.0000000000,0.4313863814,0.4459443688,0.4460310638,0.0152524859,0.0419317819,0.0453097448,0.0849950463,0.0836947039,0.0000000019,0.0000000000,0.0000000000,0.0000000000,-0.0495964363,0.1493761837,-0.0074609285,0.0266506504,0.1494771689,0.0040131044
15:11:28:23.594,61,0.0004589836,0.2443882674,0.0423757695,0.0000000000,0.0000000000,0.0151408492,0.1460479051,0.0004596316,0.2439882904,0.0838176012,0.0000000000,0.0000000000,0.0151422555,0.1460388750,0.0661377385,0.0000000000,0.0083806692,0.2321051359,0.0739656761,0.2386904061,0.1098457426,0.0166612603,0.0000000000,0.0000000000,0.0000000000,0.1096634716,0.1024906114,0.0313969478,0.0322939903,0.1386959851,0.1423864216,0.0324826799,0.0189386811,0.0653299913,0.0544558614,0.0257454161,0.0258855298,0.3457207680,0.3397183120,0.1063109264,0.1021360457,0.0000000000,0.0000000000,0.4325577915,0.4457752407,0.4458592832,0.0148571720,0.0425824560,0.0460335203,0.0883367062,0.0868526697,0.0000000020,0.0000000000,0.0000000000,0.0000000000,-0.0506331325,0.1492366642,-0.0076095215,0.0255979002,0.1493376046,0.0038509630
15:11:28:24.595,61,0.0004224062,0.2429183722,0.0404514670,0.0000000000,0.0000000000,0.0151827335,0.1436466873,0.0004230026,0.2424984574,0.0857099444,0.0000000000,0.0000000000,0.0151842814,0.1436346620,0.0753151774,0.0000000000,0.0087382197,0.2598656416,0.0748129189,0.2350994498,0.1082842723,0.0161934271,0.0000000000,0.0000000000,0.0000000000,0.1098430827,0.1023990810,0.0324302316,0.0335696451,0.1394232661,0.1430913359,0.0324740969,0.0195626281,0.0624767616,0.0537872240,0.0256470609,0.0257320497,0.3808982074,0.3797379136,0.1069397405,0.1028173268,0.0000000000,0.0000000000,0.4333490431,0.4453823566,0.4454633296,0.0144752515,0.0432074703,0.0467326567,0.0903690383,0.0888636410,0.0000000018,0.0000000000,0.0000000000,0.0000000000,-0.0517833084,0.1483341604,-0.0077344589,0.0244387835,0.1484350413,0.0036540714
15:11:28:25.597,61,0.0003887439,0.2409995943,0.0379929319,0.0000000000,0.0000000000,0.0152874077,0.1421662569,0.0003892927,0.2405545861,0.0881389678,0.0000000000,0.0000000000,0.0152891371,0.1421472579,0.0898475125,0.0000000000,0.0090600606,0.2986707687,0.0763015151,0.2281055301,0.1063753441,0.0156085016,0.0000000000,0.0000000000,0.0000000000,0.1103879213,0.1023299471,0.0336732827,0.0350710861,0.1411831528,0.1445259601,0.0324854814,0.0204527825,0.0591832027,0.0524660833,0.0255296230,0.0255522318,0.4196279049,0.4230808914,0.1073370352,0.1033334136,0.0000000000,0.0000000000,0.4307999313,0.4429895580,0.4430480897,0.0141062401,0.0437743068,0.0474230200,0.0928974152,0.0916300490,0.0000000015,0.0000000000,0.0000000000,0.0000000000,-0.0532602258,0.1471566260,-0.0078907683,0.0229574684,0.1472573429,0.0034049940
15:11:28:26.602,61,0.0003577641,0.2386864573,0.0358780175,0.0000000000,0.0000000000,0.0154039515,0.1420209557,0.0003582692,0.2382212877,0.0902056992,0.0000000000,0.0000000000,0.0154058728,0.1419996917,0.0975212008,0.0000000000,0.0093055451,0.3151071668,0.0777738467,0.2251112461,0.1051988527,0.0150930481,0.0000000000,0.0000000000,0.0000000000,0.1137987748,0.1027504578,0.0345424600,0.0360398963,0.1459436417,0.1490715742,0.0325369574,0.0211219508,0.0575879142,0.0516386107,0.0253710784,0.0253229700,0.4326628745,0.4376455843,0.1078239977,0.1038888842,0.0000000000,0.0000000000,0.4299122393,0.4422032833,0.4422549009,0.0137400506,0.0442546755,0.0480333082,0.0942407325,0.0930087268,0.0000000013,0.0000000000,0.0000000000,0.0000000000,-0.0545205250,0.1457391977,-0.0079983827,0.0216840487,0.1458397955,0.0031847500
15:11:28:27.600,61,0.0003292532,0.2357237637,0.0344077460,0.0000000000,0.0000000000,0.0155339856,0.1420317143,0.0003297180,0.2352462858,0.0916827545,0.0000000000,0.0000000000,0.0155360671,0.1420097053,0.1018891856,0.0000000000,0.0095706237,0.3294907510,0.0787701085,0.2220006585,0.1042491049,0.0146047007,0.0000000000,0.0000000000,0.0000000000,0.1155175418,0.1032085344,0.0352742746,0.0368245021,0.1480897516,0.1509418041,0.0325613916,0.0217090435,0.0560795628,0.0508400537,0.0251616891,0.0250396933,0.4417613745,0.4477232993,0.1082744971,0.1043967009,0.0000000000,0.0000000000,0.4261258543,0.4406028986,0.4406609535,0.0133851552,0.0446580425,0.0485518239,0.0950892791,0.0938538238,0.0000000007,0.0000000000,0.0000000000,0.0000000000,-0.0554279275,0.1439263225,-0.0080287978,0.0208009351,0.1440268457,0.0030165554
15:11:28:28.601,61,0.0003030144,0.2326344699,0.0334746726,0.0000000000,0.0000000000,0.0156426076,0.1421778202,0.0003034421,0.2321513593,0.0925974846,0.0000000000,0.0000000000,0.0156448372,0.1421553940,0.1058547124,0.0000000000,0.0097895693,0.3617826104,0.0803932250,0.2170839757,0.1035925001,0.0141712343,0.0000000000,0.0000000000,0.0000000000,0.1165782809,0.1035435125,0.0359085351,0.0374833792,0.1508866400,0.1530816406,0.0326220654,0.0222188495,0.0547061712,0.0499056093,0.0248976666,0.0247025248,0.4521984458,0.4587423503,0.1084611639,0.1046481729,0.0000000000,0.0000000000,0.4231213033,0.4382394850,0.4383039474,0.0130548030,0.0449044630,0.0489179939,0.0953602418,0.0941175520,0.0000000005,0.0000000000,0.0000000000,0.0000000000,-0.0559961572,0.1420373172,-0.0080031129,0.0202423539,0.1421376467,0.0028965287
15:11:28:29.603,61,0.0002788666,0.2306935042,0.0333715305,0.0000000000,0.0000000000,0.0157322418,0.1455084682,0.0002792602,0.2302127033,0.0926225483,0.0000000000,0.0000000000,0.0157346018,0.1454806328,0.1087530553,0.0000000000,0.0097766817,0.3981211483,0.0812862664,0.1974073946,0.1019582525,0.0138542708,0.0000000000,0.0000000000,0.0000000000,0.1171537936,0.1036150232,0.0364853367,0.0380757265,0.1646057367,0.1640553921,0.0327005088,0.0225242916,0.0535873286,0.0490908697,0.0245532934,0.0242941473,0.4879978895,0.4906513095,0.1086281762,0.1048201993,0.0000000000,0.0000000000,0.4219149351,0.4375203848,0.4375865161,0.0127007924,0.0449051522,0.0490163602,0.0952303484,0.0939702615,0.0000000005,0.0000000000,0.0000000000,0.0000000000,-0.0560207553,0.1408513784,-0.0079388786,0.0201833919,0.1409515291,0.0028636688
15:11:28:30.605,61,0.0002566431,0.2282662690,0.0340295099,0.0000000000,0.0000000000,0.0157872494,0.1546899229,0.0002570054,0.2277966738,0.0918749794,0.0000000000,0.0000000000,0.0157896858,0.1546723396,0.1134686247,0.0000000000,0.0094838794,0.4340753257,0.0817949623,0.1806136668,0.0965307802,0.0136229675,0.0000000000,0.0000000000,0.0000000000,0.1173520014,0.1033620536,0.0370745324,0.0386723131,0.1792039573,0.1753645241,0.0327280499,0.0227064043,0.0517599173,0.0476159863,0.0241328478,0.0238235183,0.5362914205,0.5345880389,0.1087073684,0.1048640385,0.0000000000,0.0000000000,0.4247954190,0.4393276572,0.4394057691,0.0123181762,0.0446897857,0.0488636121,0.0949983299,0.0936309993,0.0000000004,0.0000000000,0.0000000000,0.0000000000,-0.0555801764,0.1393696815,-0.0077925669,0.0205856562,0.1394696832,0.0028896243
15:11:28:31.606,61,0.0002361907,0.2262840718,0.0339323580,0.0000000000,0.0000000000,0.0158022642,0.1585162282,0.0002365241,0.2258172333,0.0918545201,0.0000000000,0.0000000000,0.0158047583,0.1585028917,0.1160933673,0.0000000000,0.0090571139,0.4521567523,0.0820114613,0.1724146158,0.0934625268,0.0134683009,0.0000000000,0.0000000000,0.0000000000,0.1171635091,0.1029238403,0.0376023725,0.0392112248,0.1861543357,0.1819100678,0.0326915383,0.0227469709,0.0505257808,0.0466287620,0.0236507151,0.0233002361,0.5517464280,0.5486627817,0.1089087203,0.1050029844,0.0000000000,0.0000000000,0.4253142178,0.4400044382,0.4400873482,0.0119244140,0.0443034917,0.0485384390,0.0946187899,0.0931601524,0.0000000005,0.0000000000,0.0000000000,0.0000000000,-0.0555771850,0.1381585896,-0.0077235647,0.0205303580,0.1382584125,0.0028565121
15:11:28:32.608,61,0.0002173682,0.2245747447,0.0341175571,0.0000000000,0.0000000000,0.0157592259,0.1609638333,0.0002176750,0.2241134197,0.0915324688,0.0000000000,0.0000000000,0.0157617666,0.1609532386,0.1182357818,0.0000000000,0.0084373597,0.4627338052,0.0820814967,0.1682306677,0.0918577164,0.0133544067,0.0000000000,0.0000000000,0.0000000000,0.1169496402,0.1024183407,0.0380474478,0.0396653004,0.1915010959,0.1866227388,0.0326352566,0.0226916447,0.0495942570,0.0457901321,0.0231547337,0.0227722265,0.5596764684,0.5558459759,0.1090649664,0.1051105112,0.0000000000,0.0000000000,0.4258989394,0.4410958588,0.4411807656,0.0115441540,0.0437989719,0.0480910614,0.0940021425,0.0923490897,0.0000000004,0.0000000000,0.0000000000,0.0000000000,-0.0553903095,0.1371147484,-0.0076387259,0.0206453968,0.1372143477,0.0028505481
15:11:28:33.612,61,0.0002000457,0.2234082222,0.0355753377,0.0000000000,0.0000000000,0.0156732518,0.1643901765,0.0002003281,0.2229641229,0.0900131986,0.0000000000,0.0000000000,0.0156758297,0.1643833518,0.1214470044,0.0000000000,0.0074633104,0.4736939073,0.0818710253,0.1612857729,0.0906192586,0.0133874640,0.0000000000,0.0000000000,0.0000000000,0.1164861619,0.1011946797,0.0384739861,0.0401178710,0.1983220279,0.1918204427,0.0325691067,0.0225658324,0.0487999283,0.0450436994,0.0226713009,0.0222740062,0.5662513971,0.5600270033,0.1091890261,0.1051620170,0.0000000000,0.0000000000,0.4263474047,0.4419299662,0.4420184195,0.0111692743,0.0431846566,0.0475248918,0.0930874050,0.0913163945,0.0000000003,0.0000000000,0.0000000000,0.0000000000,-0.0544762053,0.1364046633,-0.0074734027,0.0215296485,0.1365041584,0.0029570404
15:11:28:34.611,61,0.0001841037,0.2224224508,0.0383434817,0.0000000000,0.0000000000,0.0155496299,0.1666010767,0.0001843635,0.2220086157,0.0871822163,0.0000000000,0.0000000000,0.0155522311,0.1665974259,0.1280554682,0.0000000000,0.0063080499,0.4936723411,0.0815235153,0.1558429152,0.0893607885,0.0135235228,0.0000000000,0.0000000000,0.0000000000,0.1159196496,0.1004155502,0.0389720313,0.0406583063,0.2075486034,0.1999060214,0.0324864425,0.0224392973,0.0480866283,0.0443548746,0.0222257320,0.0218190979,0.5864613056,0.5719748139,0.1093168408,0.1051868051,0.0000000000,0.0000000000,0.4264735281,0.4428507388,0.4429460764,0.0108061694,0.0425015390,0.0468730517,0.0924160779,0.0905849114,0.0000000003,0.0000000000,0.0000000000,0.0000000000,-0.0527671315,0.1358075440,-0.0072070891,0.0232067928,0.1359069794,0.0031732328
15:11:28:35.612,61,0.0001694321,0.2217045575,0.0415900201,0.0000000000,0.0000000000,0.0154208234,0.1673898995,0.0001696712,0.2213250697,0.0839128569,0.0000000000,0.0000000000,0.0154234152,0.1673879325,0.1338000745,0.0000000000,0.0051601231,0.5035857558,0.0811374485,0.1531202644,0.0883716121,0.0137054501,0.0000000000,0.0000000000,0.0000000000,0.1154972464,0.0999060348,0.0395027697,0.0412274450,0.2135570049,0.2048819810,0.0323848799,0.0223400705,0.0474370383,0.0437312946,0.0218250994,0.0214151293,0.5957422853,0.5805393457,0.1094851047,0.1052367762,0.0000000000,0.0000000000,0.4262004495,0.4433157146,0.4434152544,0.0104596624,0.0418445952,0.0462363027,0.0919220448,0.0900486931,0.0000000005,0.0000000000,0.0000000000,0.0000000000,-0.0507912710,0.1353754401,-0.0069151204,0.0251732059,0.1354747862,0.0034309777
15:11:28:36.617,61,0.0001559297,0.2220238745,0.0448570028,0.0000000000,0.0000000000,0.0152894426,0.1678894162,0.0001561498,0.2216774523,0.0806617290,0.0000000000,0.0000000000,0.0152920028,0.1678891331,0.1362333894,0.0000000000,0.0040536523,0.5133580565,0.0807741061,0.1515171230,0.0876871645,0.0139408298,0.0000000000,0.0000000000,0.0000000000,0.1150296032,0.0994528681,0.0399845429,0.0417356007,0.2163338512,0.2072484791,0.0322418474,0.0222069267,0.0468675122,0.0431854427,0.0214384012,0.0210278686,0.5999314189,0.5840045214,0.1096739620,0.1052969992,0.0000000000,0.0000000000,0.4248210490,0.4431755543,0.4432793558,0.0101379063,0.0412104353,0.0456196852,0.0913904756,0.0894737467,0.0000000006,0.0000000000,0.0000000000,0.0000000000,-0.0488220192,0.1355776191,-0.0066572847,0.0271498933,0.1356769800,0.0037059139
15:11:28:37.616,61,0.0001435034,0.2229067385,0.0479553491,0.0000000000,0.0000000000,0.0151395723,0.1728626043,0.0001437059,0.2225975245,0.0775800347,0.0000000000,0.0000000000,0.0151420888,0.1728897989,0.1377100199,0.0000000000,0.0025340035,0.5258333087,0.0805895925,0.1506648213,0.0873349234,0.0142859137,0.0000000000,0.0000000000,0.0000000000,0.1148125008,0.0993386880,0.0403660797,0.0421408415,0.2182927132,0.2088178992,0.0321230181,0.0220238995,0.0463987216,0.0427163877,0.0210431162,0.0206340756,0.6018611789,0.5854956508,0.1097739637,0.1052474901,0.0000000000,0.0000000000,0.4246902764,0.4441653788,0.4442953467,0.0098433476,0.0405727960,0.0449881963,0.0907259285,0.0885590911,0.0000000007,0.0000000000,0.0000000000,0.0000000000,-0.0469531789,0.1361280531,-0.0064289686,0.0290230270,0.1362237036,0.0039776838
15:11:28:38.620,61,0.0001320673,0.2240981907,0.0519694239,0.0000000000,0.0000000000,0.0149710765,0.1876937002,0.0001322537,0.2238291800,0.0736348033,0.0000000000,0.0000000000,0.0149735417,0.1878192127,0.1388677508,0.0000000000,0.0003039627,0.5324651003,0.0804796740,0.1498524845,0.0870459527,0.0148316324,0.0000000000,0.0000000000,0.0000000000,0.1145401448,0.0993409753,0.0407474972,0.0425365828,0.2221066803,0.2110494375,0.0320632681,0.0218508616,0.0459849648,0.0422646031,0.0206672791,0.0202665757,0.6029042602,0.5861744285,0.1096880063,0.1049600691,0.0000000000,0.0000000000,0.4249563813,0.4461880922,0.4463748634,0.0095746377,0.0399430580,0.0443407558,0.0900703594,0.0876426697,0.0000000007,0.0000000000,0.0000000000,0.0000000000,-0.0445608646,0.1368661821,-0.0061351373,0.0314492173,0.1369619370,0.0043337415
15:11:28:39.622,61,0.0001215426,0.2248374373,0.0559408963,0.0000000000,0.0000000000,0.0148120727,0.1923452169,0.0001217141,0.2246088237,0.0697345883,0.0000000000,0.0000000000,0.0148144756,0.1925003529,0.1398104578,0.0016340432,0.0000000000,0.5366880298,0.0804847181,0.1491344124,0.0869217813,0.0154511938,0.0000000000,0.0000000000,0.0000000000,0.1141236648,0.0992900804,0.0411028117,0.0429072194,0.2254515439,0.2130547166,0.0320612937,0.0216758978,0.0456607230,0.0418813303,0.0203211736,0.0199271217,0.6032774448,0.5862107873,0.1095928922,0.1046568006,0.0000000000,0.0000000000,0.4247869253,0.4471336603,0.4473464191,0.0093279630,0.0393560641,0.0437108688,0.0893977880,0.0868061930,0.0000000005,0.0000000000,0.0000000000,0.0000000000,-0.0421978645,0.1373287588,-0.0058298903,0.0338504240,0.1374246180,0.0046804608
15:11:28:40.624,61,0.0001118567,0.2263959944,0.0597952902,0.0000000000,0.0000000000,0.0146478312,0.1930212379,0.0001120145,0.2262065560,0.0659731105,0.0000000000,0.0000000000,0.0146501530,0.1931985319,0.1405105144,0.0029779887,0.0000000000,0.5404929519,0.0804963782,0.1478729844,0.0869415104,0.0160538536,0.0000000000,0.0000000000,0.0000000000,0.1122168303,0.0989520103,0.0414069146,0.0432200432,0.2269947529,0.2141168118,0.0320592746,0.0214776658,0.0453764163,0.0415369049,0.0199885014,0.0195950568,0.6032252312,0.5858834386,0.1095342934,0.1043920964,0.0000000000,0.0000000000,0.4244731665,0.4476923645,0.4479308724,0.0090913605,0.0387942456,0.0430819988,0.0883592740,0.0855406150,0.0000000003,0.0000000000,0.0000000000,0.0000000000,-0.0399163365,0.1382926106,-0.0055540632,0.0361779593,0.1383886039,0.0050376835
15:11:28:41.622,61,0.0001029426,0.2273198068,0.0660981834,0.0000000000,0.0000000000,0.0144829676,0.1861365885,0.0001030878,0.2271955609,0.0598320514,0.0000000000,0.0000000000,0.0144851897,0.1863439381,0.1412869245,0.0042131152,0.0000000000,0.5495622158,0.0805549026,0.1463710070,0.0869542882,0.0167085808,0.0000000000,0.0000000000,0.0000000000,0.1112126783,0.0986389220,0.0417062491,0.0435313135,0.2281593680,0.2149250656,0.0320469365,0.0213109143,0.0450303517,0.0411310643,0.0196687989,0.0192776714,0.6033820510,0.5856753588,0.1093060821,0.1039611548,0.0000000000,0.0000000000,0.4244648218,0.4480124712,0.4482792616,0.0088662086,0.0382544883,0.0424559116,0.0873122439,0.0843847394,0.0000000002,0.0000000000,0.0000000000,0.0000000000,-0.0361977369,0.1388774365,-0.0050584711,0.0399882235,0.1389736235,0.0055918144
15:11:28:42.624,61,0.0000947389,0.2312424779,0.0709307194,0.0000000000,0.0000000000,0.0143010113,0.1845462024,0.0000948726,0.2311693728,0.0551640913,0.0000000000,0.0000000000,0.0143031236,0.1847666651,0.1422580183,0.0053227027,0.0000000000,0.5537799597,0.0806838647,0.1452671289,0.0869929865,0.0172789656,0.0000000000,0.0000000000,0.0000000000,0.1106129363,0.0983505026,0.0419983156,0.0438179672,0.2290556431,0.2154834419,0.0320369042,0.0211793836,0.0447098315,0.0407409482,0.0193758197,0.0189898070,0.6033898592,0.5853679180,0.1089937985,0.1035032868,0.0000000000,0.0000000000,0.4247515500,0.4482853711,0.4485776126,0.0086611379,0.0377345420,0.0418457836,0.0865894854,0.0835944712,0.0000000002,0.0000000000,0.0000000000,0.0000000000,-0.0333622731,0.1412925124,-0.0047445437,0.0428972766,0.1413889676,0.0061039953
15:11:28:43.625,61,0.0000871889,0.2433772981,0.0773092061,0.0000000000,0.0000000000,0.0140474169,0.1964550763,0.0000873120,0.2433777452,0.0491142683,0.0000000000,0.0000000000,0.0140494136,0.1967804283,0.1435486525,0.0064935475,0.0000000000,0.5563178658,0.0809098110,0.1443331987,0.0870860964,0.0178768802,0.0000000000,0.0000000000,0.0000000000,0.1102053151,0.0980249941,0.0422940031,0.0440962203,0.2308652103,0.2160797715,0.0320488587,0.0210704263,0.0444513336,0.0403951146,0.0190991592,0.0187218096,0.6034757495,0.5851017833,0.1086568162,0.1030256450,0.0000000000,0.0000000000,0.4484374821,0.4571692646,0.4576684833,0.0084710792,0.0371718444,0.0411755741,0.0860481933,0.0830032825,0.0000000002,0.0000000000,0.0000000000,0.0000000000,-0.0296711419,0.1487369686,-0.0044453484,0.0467041768,0.1488342434,0.0070003071
15:11:28:44.627,61,0.0000802407,0.2622576654,0.0863464177,0.0000000000,0.0000000000,0.0137557555,0.2118015140,0.0000803539,0.2623771131,0.0403838865,0.0000000000,0.0000000000,0.0137576414,0.2122048587,0.1453469247,0.0074261604,0.0000000000,0.5577034950,0.0811841264,0.1435119957,0.0872220024,0.0184342768,0.0000000000,0.0000000000,0.0000000000,0.1098000407,0.0976499021,0.0426488779,0.0444236696,0.2341426164,0.2174058408,0.0320996530,0.0210061520,0.0443013944,0.0401475318,0.0188702513,0.0185017679,0.6036956310,0.5850032568,0.1084421203,0.1026748344,0.0000000000,0.0000000000,0.4832919836,0.4791464806,0.4796977043,0.0082933474,0.0366200432,0.0404947102,0.0857832879,0.0827291757,0.0000000002,0.0000000000,0.0000000000,0.0000000000,-0.0243528709,0.1603250206,-0.0039377655,0.0520699881,0.1604234129,0.0084216436
15:11:28:45.628,61,0.0000738461,0.2704396248,0.0957611054,0.0000000000,0.0000000000,0.0134535665,0.2119099200,0.0000739503,0.2706846595,0.0311268400,0.0000000000,0.0000000000,0.0134553341,0.2123224884,0.1482353210,0.0080459137,0.0000000000,0.5587435365,0.0812488720,0.1397204846,0.0871635303,0.0188499596,0.0000000000,0.0000000000,0.0000000000,0.1094337255,0.0973699316,0.0430406332,0.0447823331,0.2400703132,0.2221364230,0.0321871899,0.0209196135,0.0441858470,0.0399536826,0.0186724402,0.0183032807,0.6069819927,0.5864865184,0.1083394065,0.1024849191,0.0000000000,0.0000000000,0.4962860346,0.4917088747,0.4923225045,0.0081182262,0.0360245258,0.0395770185,0.0854087621,0.0824281871,0.0000000002,0.0000000000,0.0000000000,0.0000000000,-0.0187549312,0.1653812081,-0.0031301104,0.0576998107,0.1654800922,0.0096306456
15:11:28:46.630,61,0.0000679612,0.2767339349,0.1085846946,0.0000000000,0.0000000000,0.0131374635,0.2077337652,0.0000680571,0.2771526277,0.0183759723,0.0000000000,0.0000000000,0.0131391101,0.2081366926,0.1498354226,0.0084739355,0.0000000000,0.5594277382,0.0810792372,0.1331651360,0.0870486945,0.0191106796,0.0000000000,0.0000000000,0.0000000000,0.1082375124,0.0956838131,0.0434436686,0.0451520719,0.2451042682,0.2263889313,0.0322917849,0.0207854398,0.0441047065,0.0397933647,0.0184988156,0.0181360282,0.6110632420,0.5886157751,0.1083045527,0.1024412885,0.0000000000,0.0000000000,0.5036056042,0.4989849627,0.4996086657,0.0079536438,0.0354188047,0.0386236571,0.0848566815,0.0820344090,0.0000000003,0.0000000000,0.0000000000,0.0000000000,-0.0110647427,0.1693133712,-0.0018914775,0.0653837472,0.1694126278,0.0111756027
15:11:28:47.632,61,0.0000625452,0.2863848209,0.1285077482,0.0000000000,0.0000000000,0.0127988141,0.2080557644,0.0000626335,0.2870879173,0.0000000000,0.0013890335,0.0000000000,0.0128003405,0.2084926516,0.1522510350,0.0086755659,0.0000000000,0.5607944131,0.0812103897,0.1309917569,0.0872931182,0.0191259533,0.0000000000,0.0000000000,0.0000000000,0.1080807596,0.0952290222,0.0438012592,0.0454583801,0.2495628595,0.2309097946,0.0324176624,0.0206493121,0.0440771990,0.0396545753,0.0183269251,0.0179685019,0.6124460101,0.5894401670,0.1081569344,0.1023851633,0.0000000000,0.0000000000,0.5267102718,0.5096549392,0.5103999972,0.0078195836,0.0348016173,0.0375583097,0.0842940882,0.0816979557,0.0000000003,0.0000000000,0.0000000000,0.0000000000,0.0008354976,0.1753720939,0.0001480438,0.0773003101,0.1754719764,0.0136904893
15:11:28:48.636,61,0.0000575609,0.2940838039,0.1560288966,0.0000000000,0.0000000000,0.0124775777,0.2139644623,0.0000576421,0.2951864600,0.0000000000,0.0289120059,0.0000000000,0.0124789886,0.2145409584,0.1543882340,0.0086258585,0.0000000000,0.5634356141,0.0816785395,0.1299237013,0.0879046544,0.0190569349,0.0000000000,0.0000000000,0.0000000000,0.1088041887,0.0954226851,0.0441135913,0.0456946492,0.2515352070,0.2328997701,0.0325476043,0.0205607116,0.0441008061,0.0395459309,0.0181789510,0.0178149473,0.6127411127,0.5895088315,0.1078676432,0.1022437587,0.0000000000,0.0000000000,0.5333915949,0.5135585070,0.5143476725,0.0077118902,0.0342475697,0.0367199108,0.0839151889,0.0816179588,0.0000000004,0.0000000000,0.0000000000,0.0000000000,0.0173749588,0.1803466827,0.0031677668,0.0937742367,0.1804470867,0.0170806460
15:11:28:49.638,61,0.0000529737,0.2996274531,0.1869804859,0.0000000000,0.0000000000,0.0121475505,0.2154649794,0.0000530485,0.3011848032,0.0000000000,0.0601875484,0.0000000000,0.0121488515,0.2160905898,0.1555630863,0.0084376074,0.0000000000,0.5658203363,0.0822127908,0.1294360161,0.0889230669,0.0189829860,0.0000000000,0.0000000000,0.0000000000,0.1142269596,0.0985284671,0.0442841649,0.0457846634,0.2526742518,0.2341112643,0.0326514468,0.0204074271,0.0442383066,0.0395485684,0.0180449709,0.0176670291,0.6109864712,0.5878928900,0.1077640727,0.1023332179,0.0000000000,0.0000000000,0.5274237990,0.5153546333,0.5161765218,0.0076144016,0.0336813293,0.0358422883,0.0835322961,0.0816223621,0.0000000006,0.0000000000,0.0000000000,0.0000000000,0.0361456908,0.1841049790,0.0067292526,0.1123038530,0.1842055619,0.0208772067
15:11:28:50.639,61,0.0000487522,0.3073705733,0.2155373394,0.0000000000,0.0000000000,0.0118018445,0.2094933987,0.0000488209,0.3093780279,0.0000000000,0.0890410468,0.0000000000,0.0118030431,0.2103142291,0.1560090035,0.0084347688,0.0000000000,0.5757766962,0.0827459320,0.1290898621,0.0905867144,0.0189744551,0.0000000000,0.0000000000,0.0000000000,0.1179860458,0.1003810093,0.0443616994,0.0457780808,0.2536638975,0.2350044250,0.0327572003,0.0202128123,0.0444276482,0.0395847857,0.0179071222,0.0175168198,0.6084529161,0.5831244588,0.1077103317,0.1025162563,0.0000000000,0.0000000000,0.5110756755,0.5159258842,0.5167775750,0.0075290906,0.0330869853,0.0348463729,0.0831358880,0.0816940814,0.0000000007,0.0000000000,0.0000000000,0.0000000000,0.0534226857,0.1892615557,0.0102281179,0.1293371022,0.1893625557,0.0247145202
15:11:28:51.638,61,0.0000448670,0.3123088479,0.2399372607,0.0000000000,0.0000000000,0.0114699518,0.1970366091,0.0000449303,0.3147009015,0.0000000000,0.1138896421,0.0000000000,0.0114710554,0.1981917769,0.1560940295,0.0083913440,0.0000000000,0.5831071734,0.0832868814,0.1286888272,0.0915694460,0.0188795719,0.0000000000,0.0000000000,0.0000000000,0.1197004765,0.1014869884,0.0444697663,0.0458179861,0.2558135688,0.2373537272,0.0328534544,0.0200484525,0.0445252135,0.0395137295,0.0178018548,0.0173863284,0.6068903208,0.5808286071,0.1073345244,0.1024207696,0.0000000000,0.0000000000,0.5001311302,0.5160064697,0.5168966055,0.0074626650,0.0325132012,0.0339739099,0.0827514753,0.0818410814,0.0000000010,0.0000000000,0.0000000000,0.0000000000,0.0682876185,0.1926945895,0.0133128390,0.1438914239,0.1927957684,0.0279864222
15:11:28:52.643,61,0.0000412915,0.3190256059,0.2514944673,0.0000000000,0.0000000000,0.0111333430,0.1732512414,0.0000413497,0.3216365874,0.0000000000,0.1258402765,0.0000000000,0.0111343563,0.1745687872,0.1557916254,0.0080381017,0.0000000000,0.5865815282,0.0838698819,0.1286028922,0.0924117640,0.0186582990,0.0000000000,0.0000000000,0.0000000000,0.1208618954,0.1035936102,0.0445166044,0.0458113402,0.2565660775,0.2384473532,0.0328731835,0.0198228564,0.0446998700,0.0395454504,0.0176972263,0.0172401834,0.6000307798,0.5771331787,0.1072781086,0.1026605517,0.0000000000,0.0000000000,0.4785733819,0.5149018168,0.5159952641,0.0073936456,0.0319355018,0.0331442915,0.0825465098,0.0821985155,0.0000000013,0.0000000000,0.0000000000,0.0000000000,0.0753896534,0.1970436424,0.0150349550,0.1506986916,0.1971449107,0.0299776737
15:11:28:53.644,61,0.0000380009,0.3234630823,0.2588924468,0.0000000000,0.0000000000,0.0108037181,0.1635966301,0.0000380545,0.3262194097,0.0000000000,0.1334169656,0.0000000000,0.0108046466,0.1649437845,0.1544420570,0.0074246950,0.0000000000,0.5883703828,0.0846875757,0.1287978292,0.0946598724,0.0183307175,0.0000000000,0.0000000000,0.0000000000,0.1212776378,0.1044974178,0.0444800071,0.0457273945,0.2546635270,0.2386186719,0.0328030586,0.0195661690,0.0449113064,0.0396295302,0.0175813269,0.0170783419,0.5848913193,0.5660309792,0.1073598936,0.1030499637,0.0000000000,0.0000000000,0.4652424157,0.5123215914,0.5136426687,0.0073327720,0.0313631855,0.0323587060,0.0822745189,0.0824877918,0.0000000015,0.0000000000,0.0000000000,0.0000000000,0.0798834488,0.1999222487,0.0161680914,0.1550460011,0.2000236958,0.0312971957
15:11:28:54.643,61,0.0000349725,0.3219719827,0.2637436688,0.0000000000,0.0000000000,0.0104850186,0.1574365795,0.0000350218,0.3247844577,0.0000000000,0.1385397464,0.0000000000,0.0104858680,0.1587107033,0.1535811573,0.0065966155,0.0000000000,0.5891761184,0.0857528895,0.1302211434,0.0981810614,0.0178463627,0.0000000000,0.0000000000,0.0000000000,0.1213429496,0.1050943583,0.0444247648,0.0456340536,0.2484681457,0.2378540784,0.0327004157,0.0192956962,0.0452527553,0.0398501977,0.0175005477,0.0169493835,0.5756954551,0.5584754348,0.1078299135,0.1048653424,0.0000000000,0.0000000000,0.4471412301,0.5062278509,0.5077415705,0.0072810566,0.0308277607,0.0316408053,0.0821553618,0.0829728171,0.0000000019,0.0000000000,0.0000000000,0.0000000000,0.0829651207,0.1990935057,0.0167188235,0.1579793394,0.1991947591,0.0317484178
15:11:28:55.644,61,0.0000321855,0.3265891671,0.2705287933,0.0000000000,0.0000000000,0.0101696728,0.1436551064,0.0000322309,0.3295447826,0.0000000000,0.1453366876,0.0000000000,0.0101704476,0.1448165327,0.1530088186,0.0057291905,0.0000000000,0.5895251632,0.0866681039,0.1314259320,0.1004244760,0.0172884576,0.0000000000,0.0000000000,0.0000000000,0.1214542538,0.1057299301,0.0443694666,0.0455539860,0.2455358207,0.2372130156,0.0326085314,0.0190477371,0.0456124768,0.0401022099,0.0174646154,0.0168580692,0.5717123747,0.5552888513,0.1086268052,0.1071639955,0.0000000000,0.0000000000,0.4401163161,0.5025083423,0.5041598678,0.0072360663,0.0303123165,0.0309617240,0.0821822509,0.0836031139,0.0000000023,0.0000000000,0.0000000000,0.0000000000,0.0869836956,0.2020819634,0.0177967437,0.1619496047,0.2021835446,0.0330401734
15:11:28:56.646,61,0.0000296205,0.3363212049,0.2733871639,0.0000000000,0.0000000000,0.0098503157,0.1198178306,0.0000296623,0.3394122124,0.0000000000,0.1479864717,0.0000000000,0.0098510254,0.1209999770,0.1526593119,0.0050202822,0.0000000000,0.5891576409,0.0873288736,0.1321095526,0.1015576720,0.0168335922,0.0000000000,0.0000000000,0.0000000000,0.1220747754,0.1076176539,0.0442577675,0.0454175361,0.2442709059,0.2367891520,0.0325081311,0.0187827647,0.0459866486,0.0403962918,0.0174436197,0.0167793129,0.5695558190,0.5535611510,0.1103393137,0.1098940521,0.0000000000,0.0000000000,0.4367162287,0.4996081591,0.5013521910,0.0071892361,0.0297870524,0.0302948114,0.0822832733,0.0842995718,0.0000000026,0.0000000000,0.0000000000,0.0000000000,0.0884585828,0.2081609219,0.0186577477,0.1634586751,0.2082630396,0.0343761072
15:11:28:57.647,61,0.0000272600,0.3394797444,0.2734484971,0.0000000000,0.0000000000,0.0095435344,0.0896182582,0.0000272985,0.3426013887,0.0000000000,0.1479853690,0.0000000000,0.0095441835,0.0907794833,0.1526437551,0.0043584947,0.0000000000,0.5832962990,0.0877991095,0.1325522661,0.1022503972,0.0164040588,0.0000000000,0.0000000000,0.0000000000,0.1242530942,0.1108948737,0.0441211909,0.0452622101,0.2437126935,0.2364885062,0.0324582644,0.0185368117,0.0464015156,0.0407366566,0.0174910855,0.0167643409,0.5683469772,0.5526624322,0.1125808507,0.1126830280,0.0000000000,0.0000000000,0.4327518344,0.4886409938,0.4905688763,0.0071580005,0.0292964615,0.0296744928,0.0824700072,0.0854647830,0.0000000031,0.0000000000,0.0000000000,0.0000000000,0.0884214118,0.2101163864,0.0188303236,0.1634286940,0.2102186382,0.0347019918
15:11:28:58.649,61,0.0039784373,0.3424819708,0.2734327316,0.0000000000,0.0000000000,0.0092578363,0.0477178469,0.0037169170,0.3456338644,0.0000000000,0.1477762312,0.0000000000,0.0092584314,0.0487494394,0.1528599113,0.0037530055,0.0000000000,0.5609958768,0.0879584178,0.1326733381,0.1026506945,0.0159865636,0.0000000000,0.0000000000,0.0000000000,0.1250896007,0.1121645048,0.0440455340,0.0451843552,0.2432172149,0.2359232455,0.0324227065,0.0183533188,0.0467931367,0.0410668366,0.0176423863,0.0168477837,0.5677725673,0.5523478985,0.1155611426,0.1159490943,0.0000000000,0.0000000000,0.3986346722,0.4490553439,0.4512459338,0.0071513988,0.0288591161,0.0291178282,0.0827844813,0.0879211053,0.0000000031,0.0000000000,0.0000000000,0.0000000000,0.0882614776,0.2119733393,0.0189675000,0.1633553654,0.2120758891,0.0350021124
15:11:28:59.650,61,0.0532067455,0.3392284811,0.2690539956,0.0000000000,0.0000000000,0.0089958031,0.0000000000,0.0526750199,0.3422836065,0.0000000000,0.1432733089,0.0000000000,0.0089963488,0.0000000000,0.1531487852,0.0031750402,0.0000000000,0.5424184799,0.0879545808,0.1330856979,0.1029914469,0.0154934702,0.0000000000,0.0000000000,0.0000000000,0.1257392019,0.1129911840,0.0439658910,0.0451273546,0.2418778539,0.2321875393,0.0323955156,0.0181985665,0.0472351089,0.0414633714,0.0178461373,0.0169792920,0.5672331452,0.5521306992,0.1220635995,0.1227075458,0.0000000000,0.0000000000,0.3610543907,0.4149402976,0.4175567627,0.0071564489,0.0284888744,0.0286433883,0.0833052918,0.0923571810,0.0000000028,0.0000000000,0.0000000000,0.0000000000,0.0856098011,0.2098691911,0.0182110947,0.1608085483,0.2099716514,0.0341096185
15:11:29:00.652,61,0.0643220991,0.3391301334,0.2650653720,0.0000000000,0.0000000000,0.0087450882,0.0000000000,0.0637668222,0.3421234190,0.0000000000,0.1391457319,0.0000000000,0.0087455884,0.0000000000,0.1535868496,0.0026426353,0.0000000000,0.5340766907,0.0878865793,0.1335460097,0.1032503396,0.0149815921,0.0000000000,0.0000000000,0.0000000000,0.1261624545,0.1133958995,0.0439412631,0.0451290458,0.2401524335,0.2287057340,0.0323856585,0.0181120634,0.0476084836,0.0418008007,0.0180725772,0.0171364155,0.5669952035,0.5522295833,0.1254435480,0.1262139678,0.0000000000,0.0000000000,0.3494125903,0.4033640027,0.4060950875,0.0071673770,0.0281599686,0.0282201171,0.0842080936,0.0963105634,0.0000000027,0.0000000000,0.0000000000,0.0000000000,0.0831454620,0.2097266167,0.0176758375,0.1584275663,0.2098290622,0.0335857347
15:11:29:01.654,61,0.0700993389,0.3416686356,0.2600127459,0.0000000000,0.0000000000,0.0085093481,0.0000000000,0.0695252791,0.3446077406,0.0000000000,0.1338136941,0.0000000000,0.0085098064,0.0000000000,0.1540106684,0.0022171000,0.0000000000,0.5256803036,0.0876755267,0.1340598464,0.1033635214,0.0144763235,0.0000000000,0.0000000000,0.0000000000,0.1265358776,0.1136071831,0.0439319983,0.0451560952,0.2389432043,0.2264877558,0.0323602371,0.0180395693,0.0479541346,0.0421282277,0.0182986762,0.0172988474,0.5668820143,0.5524690151,0.1283008158,0.1290832758,0.0000000000,0.0000000000,0.3435677588,0.3975044191,0.4002743661,0.0071818591,0.0278536957,0.0278349090,0.0852731243,0.0991378129,0.0000000026,0.0000000000,0.0000000000,0.0000000000,0.0799337551,0.2111933976,0.0171171129,0.1553574950,0.2112961262,0.0331777819
15:11:29:02.655,61,0.0730139017,0.3424829841,0.2533088326,0.0000000000,0.0000000000,0.0082976306,0.0000000000,0.0724438354,0.3453257382,0.0000000000,0.1268334836,0.0000000000,0.0082980515,0.0000000000,0.1541700065,0.0017482548,0.0000000000,0.4998761415,0.0872982368,0.1351249814,0.1034087092,0.0139231160,0.0000000000,0.0000000000,0.0000000000,0.1270128638,0.1138698310,0.0439020544,0.0451711938,0.2357942611,0.2237307131,0.0323702954,0.0179792698,0.0483353138,0.0424993597,0.0185428597,0.0174780637,0.5647270083,0.5521076918,0.1304193586,0.1311141104,0.0000000000,0.0000000000,0.3405106068,0.3945603073,0.3973245621,0.0072163153,0.0275886599,0.0274967980,0.0860235319,0.1006814912,0.0000000022,0.0000000000,0.0000000000,0.0000000000,0.0757573768,0.2115635127,0.0162539929,0.1513372213,0.2116663754,0.0323848091
15:11:29:03.657,61,0.0743138492,0.3426235616,0.2458871305,0.0000000000,0.0000000000,0.0081106275,0.0000000000,0.0737585723,0.3453518152,0.0000000000,0.1191697866,0.0000000000,0.0081110140,0.0000000000,0.1529754400,0.0012442726,0.0000000000,0.4760802388,0.0867020488,0.1357022226,0.1033784077,0.0134458430,0.0000000000,0.0000000000,0.0000000000,0.1268071234,0.1135484204,0.0438745096,0.0452065840,0.2248595804,0.2157699615,0.0324508883,0.0179272108,0.0487833023,0.0429147854,0.0188030433,0.0176785365,0.5445919633,0.5374134183,0.1316838861,0.1323092431,0.0000000000,0.0000000000,0.3389128447,0.3927919269,0.3955385387,0.0072574043,0.0273973718,0.0272230040,0.0865456909,0.1016117185,0.0000000019,0.0000000000,0.0000000000,0.0000000000,0.0711800009,0.2115071416,0.0152695775,0.1469020098,0.2116101086,0.0314346701
15:11:29:04.658,61,0.0746851861,0.3421815336,0.2359070778,0.0000000000,0.0000000000,0.0079498049,0.0000000000,0.0741523802,0.3447495997,0.0000000000,0.1089388505,0.0000000000,0.0079501607,0.0000000000,0.1492956579,0.0006916251,0.0000000000,0.4633202255,0.0859894231,0.1360614151,0.1033058092,0.0129439430,0.0000000000,0.0000000000,0.0000000000,0.1236819699,0.1103869379,0.0438726358,0.0452795252,0.2162048370,0.2090826333,0.0325825326,0.0178979710,0.0492830910,0.0433636047,0.0190898627,0.0179071724,0.5311449170,0.5246875882,0.1325805038,0.1331530660,0.0000000000,0.0000000000,0.3378710747,0.3915211260,0.3942381144,0.0073025054,0.0272616893,0.0270156544,0.0869378075,0.1022257507,0.0000000014,0.0000000000,0.0000000000,0.0000000000,0.0650746003,0.2110490054,0.0139308022,0.1409495473,0.2111520171,0.0301030912
15:11:29:05.660,61,0.0747221038,0.3425903916,0.2250576913,0.0000000000,0.0000000000,0.0078073256,0.0000000000,0.0742157772,0.3449892998,0.0000000000,0.0979258120,0.0000000000,0.0078076529,0.0000000000,0.1462767720,0.0000804695,0.0000000000,0.4563942552,0.0852477849,0.1363681257,0.1031840444,0.0124403248,0.0000000000,0.0000000000,0.0000000000,0.1206280962,0.1074869111,0.0438936204,0.0453767143,0.2112251222,0.2051109076,0.0326960310,0.0178990513,0.0497445464,0.0437879972,0.0193834249,0.0181451142,0.5235096812,0.5175384283,0.1332761198,0.1338014901,0.0000000000,0.0000000000,0.3373824060,0.3906509280,0.3933264911,0.0073471214,0.0271670278,0.0268618073,0.0873243585,0.1027311981,0.0000000008,0.0000000000,0.0000000000,0.0000000000,0.0584945008,0.2111084908,0.0125276595,0.1344619095,0.2112115324,0.0287351776
15:11:29:06.661,61,0.0750229657,0.3413863778,0.2124078572,0.0000000000,0.0000000000,0.0076817358,0.0000000000,0.0745448545,0.3435764313,0.0000000000,0.0851073787,0.0000000000,0.0076820371,0.0000000000,0.1447561532,0.0000000000,0.0005133185,0.4447883368,0.0837700740,0.1367627531,0.1028682590,0.0120471427,0.0000000000,0.0000000000,0.0000000000,0.1192359850,0.1061295494,0.0439457707,0.0454952382,0.2080943733,0.2019933760,0.0328233615,0.0179519765,0.0501678213,0.0441927351,0.0197247565,0.0184339602,0.5198220015,0.5140245557,0.1339693666,0.1344164461,0.0000000000,0.0000000000,0.3371882737,0.3899023533,0.3925251067,0.0073991455,0.0271175336,0.0267613381,0.0877922475,0.1032607928,0.0000000007,0.0000000000,0.0000000000,0.0000000000,0.0508473068,0.2101545632,0.0108408388,0.1269260049,0.2102575004,0.0270082504
15:11:29:07.663,61,0.0808585435,0.3404878080,0.2025760561,0.0000000000,0.0000000000,0.0075671594,0.0000000000,0.0806427374,0.3425164819,0.0000000000,0.0751544759,0.0000000000,0.0075674374,0.0000000000,0.1437909752,0.0000000000,0.0010381723,0.4372425377,0.0814411715,0.1371508837,0.1024224237,0.0117009571,0.0000000000,0.0000000000,0.0000000000,0.1183002293,0.1051327363,0.0439965203,0.0456109643,0.2059190720,0.1994537860,0.0329187289,0.0180155784,0.0505389832,0.0445898995,0.0200898275,0.0187479965,0.5181796551,0.5124415755,0.1354884803,0.1356386095,0.0000000000,0.0000000000,0.3362477422,0.3858249485,0.3880840838,0.0074427165,0.0270702913,0.0266839005,0.0882863924,0.1037819386,0.0000000007,0.0000000000,0.0000000000,0.0000000000,0.0449073389,0.2094457150,0.0095421420,0.1210663691,0.2095485926,0.0256787594
15:11:29:08.665,61,0.0979189649,0.3382733166,0.1914365292,0.0000000000,0.0000000000,0.0074872295,0.0000000000,0.0977922007,0.3401129246,0.0000000000,0.0639386699,0.0000000000,0.0074874875,0.0000000000,0.1429955363,0.0000000000,0.0016023074,0.4329492152,0.0796857178,0.1375571936,0.1020299420,0.0114482427,0.0000000000,0.0000000000,0.0000000000,0.1155557036,0.1024870872,0.0440427028,0.0457134135,0.2013526261,0.1947821528,0.0329832584,0.0181177221,0.0507816076,0.0448870733,0.0204481594,0.0190582760,0.5171862245,0.5114258528,0.1364423782,0.1364693195,0.0000000000,0.0000000000,0.3297057450,0.3721060455,0.3740635216,0.0074779354,0.0270972289,0.0266839713,0.0887082592,0.1041772589,0.0000000005,0.0000000000,0.0000000000,0.0000000000,0.0382175483,0.2079172283,0.0080604674,0.1144430637,0.2080199569,0.0240985155
15:11:29:09.666,61,0.1066688523,0.3355528116,0.1796526164,0.0000000000,0.0000000000,0.0074405889,0.0000000000,0.1065723300,0.3371924460,0.0000000000,0.0521685556,0.0000000000,0.0074408310,0.0000000000,0.1423875988,0.0000000000,0.0021439192,0.4305095375,0.0783005804,0.1380503029,0.1015818268,0.0112222657,0.0000000000,0.0000000000,0.0000000000,0.1137727052,0.1002507433,0.0440735556,0.0457947366,0.1984322518,0.1917732656,0.0330037922,0.0182468947,0.0509231724,0.0451261625,0.0207892880,0.0193546470,0.5168409348,0.5110108256,0.1381665021,0.1378840208,0.0000000000,0.0000000000,0.3245448172,0.3648055792,0.3666488528,0.0074925483,0.0271771587,0.0267478786,0.0892281383,0.1046539024,0.0000000004,0.0000000000,0.0000000000,0.0000000000,0.0311940890,0.2060808390,0.0065199314,0.1074371636,0.2061833888,0.0224241260
15:11:29:10.668,61,0.1114171147,0.3341472447,0.1659062803,0.0000000000,0.0000000000,0.0074134115,0.0000000000,0.1113326401,0.3355651796,0.0000000000,0.0384847969,0.0000000000,0.0074136420,0.0000000000,0.1417114437,0.0000000000,0.0026786921,0.4285230041,0.0771479383,0.1384872049,0.1010755822,0.0111266654,0.0000000000,0.0000000000,0.0000000000,0.1082579643,0.0963221043,0.0440783352,0.0458401181,0.1953116208,0.1890051067,0.0329884142,0.0183695927,0.0510235131,0.0453412347,0.0210975092,0.0196201336,0.5165466070,0.5106116533,0.1403985769,0.1392896026,0.0000000000,0.0000000000,0.3219954967,0.3607220948,0.3624787033,0.0074878233,0.0272903293,0.0268568881,0.0898364708,0.1051473320,0.0000000004,0.0000000000,0.0000000000,0.0000000000,0.0230167527,0.2050402015,0.0047861682,0.0992354378,0.2051425129,0.0206110720
15:11:29:11.672,61,0.1133517846,0.3349344730,0.1503458768,0.0000000000,0.0000000000,0.0073835952,0.0000000000,0.1132760048,0.3361130655,0.0000000000,0.0230205767,0.0000000000,0.0073838192,0.0000000000,0.1408944577,0.0000000000,0.0030622766,0.4267013073,0.0762916505,0.1396621615,0.1006864682,0.0110822152,0.0000000000,0.0000000000,0.0000000000,0.1047214121,0.0936535820,0.0440347791,0.0458302461,0.1912041456,0.1852100641,0.0328953676,0.0184946917,0.0510759726,0.0455253646,0.0213602036,0.0198489092,0.5159709454,0.5095652938,0.1425091475,0.1404777616,0.0000000000,0.0000000000,0.3216701448,0.3592760265,0.3609812856,0.0074785003,0.0273861419,0.0269689634,0.0908776000,0.1057305038,0.0000000003,0.0000000000,0.0000000000,0.0000000000,0.0137670822,0.2053395212,0.0028672414,0.0899202451,0.2054416388,0.0187102966
15:11:29:12.674,61,0.1142819673,0.3399116397,0.1363829076,0.0000000000,0.0000000000,0.0073341574,0.0000000000,0.1142100617,0.3408884406,0.0000000000,0.0089954631,0.0000000000,0.0073343767,0.0000000000,0.1402270049,0.0000000000,0.0033299876,0.4258235991,0.0757191405,0.1404833943,0.1003070772,0.0110881571,0.0000000000,0.0000000000,0.0000000000,0.1010174826,0.0914115384,0.0440325662,0.0458643883,0.1882648468,0.1824845225,0.0327994637,0.0186614841,0.0510854423,0.0456415825,0.0215846822,0.0200380702,0.5155304074,0.5090010166,0.1436822712,0.1412487626,0.0000000000,0.0000000000,0.3218398392,0.3596138656,0.3612475097,0.0074598934,0.0274440888,0.0270617064,0.0935683399,0.1066569686,0.0000000003,0.0000000000,0.0000000000,0.0000000000,0.0053763059,0.2082399577,0.0011360244,0.0815180391,0.2083422095,0.0172129422
15:11:29:13.673,61,0.1146675348,0.3446730971,0.1253047734,0.0000000000,0.0000000000,0.0072782072,0.0000000000,0.1145967394,0.3454876244,0.0021396782,0.0000000000,0.0000000000,0.0072784228,0.0000000000,0.1393873394,0.0000000000,0.0034776502,0.4254287481,0.0753284171,0.1416014135,0.1000063568,0.0110962354,0.0000000000,0.0000000000,0.0000000000,0.0991817489,0.0901236087,0.0440043025,0.0458690710,0.1863589436,0.1806074381,0.0326549746,0.0188046265,0.0510842279,0.0457325242,0.0217444971,0.0201638006,0.5144327879,0.5081671476,0.1445693970,0.1418543905,0.0000000000,0.0000000000,0.3224438727,0.3602199256,0.3618147373,0.0074378331,0.0274790134,0.0271517131,0.0955685079,0.1074084565,0.0000000003,0.0000000000,0.0000000000,0.0000000000,-0.0012780543,0.2110465616,-0.0002738062,0.0748507455,0.2111489475,0.0160274506
15:11:29:14.677,61,0.1150176302,0.3462818563,0.1174011752,0.0000000000,0.0000000000,0.0072248224,0.0000000000,0.1149467155,0.3469736874,0.0100813154,0.0000000000,0.0000000000,0.0072250352,0.0000000000,0.1380075961,0.0000000000,0.0036531803,0.4251990020,0.0749744251,0.1423726231,0.0996912792,0.0110843331,0.0000000000,0.0000000000,0.0000000000,0.0961621553,0.0883528218,0.0439849757,0.0458851010,0.1848316193,0.1793657243,0.0324782878,0.0189277511,0.0510624573,0.0457989909,0.0218881536,0.0202745218,0.5130462050,0.5074065328,0.1453777105,0.1424518377,0.0000000000,0.0000000000,0.3223232329,0.3601496816,0.3617240489,0.0074124960,0.0275252312,0.0272626821,0.0972926244,0.1081329510,0.0000000003,0.0000000000,0.0000000000,0.0000000000,-0.0060205096,0.2119580656,-0.0012955471,0.0701151267,0.2120605111,0.0150821032
15:11:29:15.679,61,0.1152882054,0.3460782468,0.1121601388,0.0000000000,0.0000000000,0.0071837506,0.0000000000,0.1152176484,0.3466853499,0.0154065946,0.0000000000,0.0000000000,0.0071839625,0.0000000000,0.1365926862,0.0000000000,0.0036818939,0.4252161980,0.0746976286,0.1429987848,0.0995224938,0.0110900486,0.0000000000,0.0000000000,0.0000000000,0.0939439908,0.0861431286,0.0439270809,0.0458548889,0.1837058067,0.1780435592,0.0322932936,0.0190273989,0.0510163233,0.0458359718,0.0220001191,0.0203629564,0.5106162429,0.5052468777,0.1459600329,0.1428698599,0.0000000000,0.0000000000,0.3208320737,0.3581936061,0.3597129285,0.0073969206,0.0275832079,0.0273976158,0.0982358679,0.1085915565,0.0000000002,0.0000000000,0.0000000000,0.0000000000,-0.0092010861,0.2117871493,-0.0019783087,0.0669870526,0.2118896395,0.0143983988
15:11:29:16.680,61,0.1154735610,0.3434038460,0.1075796261,0.0000000000,0.0000000000,0.0071604694,0.0000000000,0.1154039204,0.3439325988,0.0199733488,0.0000000000,0.0000000000,0.0071606818,0.0000000000,0.1356802881,0.0000000000,0.0036717528,0.4252448082,0.0743895844,0.1432232410,0.0992533565,0.0111217843,0.0000000000,0.0000000000,0.0000000000,0.0915199593,0.0834918842,0.0438951887,0.0458490923,0.1828585267,0.1771174669,0.0321324691,0.0191283226,0.0509323329,0.0458190106,0.0221074279,0.0204535592,0.5095356703,0.5043053627,0.1463131458,0.1430961341,0.0000000000,0.0000000000,0.3169429898,0.3532086909,0.3546071649,0.0073842090,0.0276548825,0.0275552906,0.0988009200,0.1088142097,0.0000000002,0.0000000000,0.0000000000,0.0000000000,-0.0119327204,0.2101116776,-0.0025446967,0.0642740130,0.2102140635,0.0137036061
15:11:29:17.679,61,0.1156767458,0.3414594829,0.1043739542,0.0000000000,0.0000000000,0.0071484423,0.0000000000,0.1156087592,0.3419342041,0.0231223311,0.0000000000,0.0000000000,0.0071486589,0.0000000000,0.1350624412,0.0000000000,0.0036486685,0.4252816439,0.0740704611,0.1432639956,0.0988491327,0.0111390054,0.0000000000,0.0000000000,0.0000000000,0.0903221071,0.0821676403,0.0439017154,0.0458811745,0.1823374182,0.1765107214,0.0319929607,0.0192363374,0.0508412085,0.0457955673,0.0222078227,0.0205443539,0.5091130733,0.5040116906,0.1466113180,0.1433115304,0.0000000000,0.0000000000,0.3117541075,0.3490380645,0.3503244519,0.0073677907,0.0277298652,0.0277209990,0.0992700532,0.1090458110,0.0000000001,0.0000000000,0.0000000000,0.0000000000,-0.0138176074,0.2088959664,-0.0029290728,0.0623746365,0.2089981884,0.0132200224
15:11:29:18.684,61,0.1156780720,0.3412907422,0.1025284603,0.0000000000,0.0000000000,0.0071356534,0.0000000000,0.1156114191,0.3417358398,0.0249941181,0.0000000000,0.0000000000,0.0071358746,0.0000000000,0.1347109228,0.0000000000,0.0036586346,0.4254235923,0.0738479272,0.1433358192,0.0984691978,0.0111296521,0.0000000000,0.0000000000,0.0000000000,0.0895741880,0.0813276023,0.0439558998,0.0459567197,0.1818360239,0.1759439707,0.0318525359,0.0193928014,0.0507088490,0.0457257070,0.0223162230,0.0206427611,0.5091807842,0.5042406917,0.1467814296,0.1434253752,0.0000000000,0.0000000000,0.3091660440,0.3470992744,0.3483462930,0.0073571918,0.0278084502,0.0278880037,0.0997909531,0.1093753204,0.0000000001,0.0000000000,0.0000000000,0.0000000000,-0.0149365403,0.2087782025,-0.0031644090,0.0612731464,0.2088804245,0.0129793547
15:11:29:19.685,61,0.1155190393,0.3425907791,0.1026706174,0.0000000000,0.0000000000,0.0071189925,0.0000000000,0.1154527888,0.3430399895,0.0249006599,0.0000000000,0.0000000000,0.0071192174,0.0000000000,0.1344296336,0.0000000000,0.0035566350,0.4255177975,0.0736725628,0.1434285641,0.0981462151,0.0111542149,0.0000000000,0.0000000000,0.0000000000,0.0890278146,0.0806998760,0.0440218374,0.0460462198,0.1813288033,0.1753129512,0.0317291729,0.0195620283,0.0505808070,0.0456547514,0.0224272758,0.0207443293,0.5093825459,0.5045213103,0.1469029933,0.1434737444,0.0000000000,0.0000000000,0.3080933690,0.3463653028,0.3475986421,0.0073512299,0.0278763082,0.0280366689,0.1003196239,0.1097375900,0.0000000001,0.0000000000,0.0000000000,0.0000000000,-0.0148781762,0.2095747739,-0.0031644299,0.0613477528,0.2096771002,0.0130461762
15:11:29:20.684,61,0.1153923497,0.3429539502,0.1034288481,0.0000000000,0.0000000000,0.0071119252,0.0000000000,0.1153257564,0.3434157968,0.0241558645,0.0000000000,0.0000000000,0.0071121547,0.0000000000,0.1341755986,0.0000000000,0.0034363908,0.4254357815,0.0734717101,0.1436282098,0.0977942795,0.0112024052,0.0000000000,0.0000000000,0.0000000000,0.0886496454,0.0802578554,0.0440953225,0.0461425483,0.1808893681,0.1747346222,0.0316022635,0.0197166819,0.0504801162,0.0456215478,0.0225428808,0.0208505113,0.5097152591,0.5048639774,0.1472266018,0.1437083781,0.0000000000,0.0000000000,0.3075540960,0.3461277485,0.3473651409,0.0073400144,0.0279770344,0.0282079428,0.1009548157,0.1102553084,0.0000000001,0.0000000000,0.0000000000,0.0000000000,-0.0144324545,0.2098029852,-0.0030730797,0.0617978834,0.2099053115,0.0131564960
15:11:29:21.686,61,0.1155270040,0.3424764276,0.1037503853,0.0000000000,0.0000000000,0.0071087624,0.0000000000,0.1154590994,0.3429427147,0.0237948932,0.0000000000,0.0000000000,0.0071089962,0.0000000000,0.1340866536,0.0000000000,0.0032872697,0.4254266322,0.0732920766,0.1438570023,0.0975060239,0.0113056628,0.0000000000,0.0000000000,0.0000000000,0.0884542540,0.0800164789,0.0441561304,0.0462199450,0.1805329770,0.1742102355,0.0315049477,0.0198720116,0.0503678732,0.0455730855,0.0226632673,0.0209570900,0.5102390051,0.5053356290,0.1474838704,0.1438610405,0.0000000000,0.0000000000,0.3073564172,0.3462965190,0.3475469053,0.0073368950,0.0280718841,0.0283579417,0.1014528424,0.1106482595,0.0000000001,0.0000000000,0.0000000000,0.0000000000,-0.0142176589,0.2095132768,-0.0030230421,0.0619938113,0.2096156180,0.0131793944
15:11:29:22.687,61,0.1157671213,0.3419351578,0.1032164469,0.0000000000,0.0000000000,0.0071115419,0.0000000000,0.1156984791,0.3423921466,0.0243109856,0.0000000000,0.0000000000,0.0071117817,0.0000000000,0.1339907795,0.0000000000,0.0031180314,0.4255019426,0.0730305389,0.1438886672,0.0971888080,0.0114043951,0.0000000000,0.0000000000,0.0000000000,0.0881886482,0.0796217397,0.0441908836,0.0462722480,0.1803267747,0.1738106012,0.0314054899,0.0199884567,0.0502283908,0.0454963036,0.0227540694,0.0210419204,0.5108597875,0.5058684945,0.1476673037,0.1439779699,0.0000000000,0.0000000000,0.3072531223,0.3463479877,0.3476113379,0.0073314412,0.0281514358,0.0284963641,0.1016435996,0.1107674390,0.0000000001,0.0000000000,0.0000000000,0.0000000000,-0.0145270666,0.2091778964,-0.0030837329,0.0616791286,0.2092801929,0.0130909812
15:11:29:23.689,61,0.1159595102,0.3417135477,0.1027202830,0.0000000000,0.0000000000,0.0071126209,0.0000000000,0.1158897206,0.3421624005,0.0247980189,0.0000000000,0.0000000000,0.0071128681,0.0000000000,0.1338479817,0.0000000000,0.0028169490,0.4256915748,0.0727505758,0.1437845379,0.0968185440,0.0115731834,0.0000000000,0.0000000000,0.0000000000,0.0879140049,0.0791902095,0.0442419201,0.0463498235,0.1803043038,0.1735349596,0.0313152559,0.0200793464,0.0501250327,0.0454535224,0.0228357036,0.0211214740,0.5116137266,0.5064141750,0.1478906125,0.1441141218,0.0000000000,0.0000000000,0.3071397841,0.3464228511,0.3477037251,0.0073191691,0.0282178745,0.0286182631,0.1018412039,0.1109143570,0.0000000002,0.0000000000,0.0000000000,0.0000000000,-0.0148185343,0.2090384513,-0.0031434400,0.0613844208,0.2091406584,0.0130195729
15:11:29:24.691,61,0.1157560199,0.3412982523,0.1024068370,0.0000000000,0.0000000000,0.0071109557,0.0000000000,0.1156850308,0.3417414725,0.0251033138,0.0000000000,0.0000000000,0.0071112094,0.0000000000,0.1337201446,0.0000000000,0.0024175255,0.4259565473,0.0725066811,0.1436464638,0.0964773670,0.0117831966,0.0000000000,0.0000000000,0.0000000000,0.0877081305,0.0788327679,0.0442884155,0.0464234799,0.1804341823,0.1733682603,0.0312523581,0.0201489031,0.0500659980,0.0454447083,0.0229046941,0.0211922918,0.5123543739,0.5069324374,0.1480950415,0.1442088187,0.0000000000,0.0000000000,0.3081242740,0.3476705551,0.3490066826,0.0073085730,0.0282631665,0.0287176650,0.1019820049,0.1109837368,0.0000000002,0.0000000000,0.0000000000,0.0000000000,-0.0150017841,0.2087818533,-0.0031782875,0.0612004101,0.2088840902,0.0129642021
15:11:29:25.694,61,0.1153770015,0.3415743113,0.1020009816,0.0000000000,0.0000000000,0.0070895222,0.0000000000,0.1153025851,0.3420116305,0.0255017616,0.0000000000,0.0000000000,0.0070897834,0.0000000000,0.1335776895,0.0000000000,0.0018199187,0.4262715578,0.0722311214,0.1432960927,0.0960035920,0.0120276613,0.0000000000,0.0000000000,0.0000000000,0.0875015780,0.0784349069,0.0443488359,0.0465291068,0.1808014512,0.1733730584,0.0312000215,0.0201975480,0.0500134602,0.0454336554,0.0229638200,0.0212546308,0.5158003569,0.5089392662,0.1482484490,0.1442346871,0.0000000000,0.0000000000,0.3125628531,0.3541485071,0.3556561172,0.0072861654,0.0282491539,0.0287580434,0.1021694168,0.1110661849,0.0000000002,0.0000000000,0.0000000000,0.0000000000,-0.0152393654,0.2089476585,-0.0032312579,0.0609556958,0.2090498656,0.0129229855
15:11:29:26.696,61,0.1136835590,0.3426131904,0.1015220061,0.0000000000,0.0000000000,0.0070623411,0.0000000000,0.1135686710,0.3430444896,0.0260009542,0.0000000000,0.0000000000,0.0070626112,0.0000000000,0.1335856766,0.0000000000,0.0010139849,0.4270393550,0.0721226484,0.1431167722,0.0956018269,0.0123629998,0.0000000000,0.0000000000,0.0000000000,0.0876787901,0.0784451067,0.0443969145,0.0466284528,0.1820880473,0.1736500114,0.0311577320,0.0202346873,0.0499961674,0.0454464443,0.0229963977,0.0212882049,0.5185662508,0.5107436180,0.1484243721,0.1442157477,0.0000000000,0.0000000000,0.3192775249,0.3630323708,0.3647269607,0.0072633079,0.0282222331,0.0287855621,0.1024928465,0.1112398505,0.0000000002,0.0000000000,0.0000000000,0.0000000000,-0.0155355884,0.2095796168,-0.0033043213,0.0606612973,0.2096818984,0.0129006952
15:11:29:27.695,61,0.1115427390,0.3434375823,0.1009975150,0.0000000000,0.0000000000,0.0070422362,0.0000000000,0.1114036888,0.3438617587,0.0265361127,0.0000000000,0.0000000000,0.0070425151,0.0000000000,0.1336067468,0.0000000000,0.0001379100,0.4275589883,0.0720591694,0.1430931985,0.0950943157,0.0126834987,0.0000000000,0.0000000000,0.0000000000,0.0880153179,0.0786052272,0.0444784202,0.0467682406,0.1834193170,0.1740439683,0.0310980994,0.0202771612,0.0499804206,0.0454692654,0.0230377335,0.0213309210,0.5204070807,0.5119784474,0.1487003714,0.1442661136,0.0000000000,0.0000000000,0.3263314664,0.3736623228,0.3754022419,0.0072327224,0.0282292590,0.0288488511,0.1033682004,0.1117189452,0.0000000003,0.0000000000,0.0000000000,0.0000000000,-0.0158536620,0.2100799978,-0.0033802595,0.0603414588,0.2101823390,0.0128643084
15:11:29:28.696,61,0.1101845652,0.3443761468,0.0999180153,0.0000000000,0.0000000000,0.0070273350,0.0000000000,0.1100310534,0.3447845578,0.0276207402,0.0000000000,0.0000000000,0.0070276209,0.0000000000,0.1337192059,0.0006685345,0.0000000000,0.4282707572,0.0721057877,0.1431766301,0.0945886001,0.0130001036,0.0000000000,0.0000000000,0.0000000000,0.0885018483,0.0790108070,0.0445806161,0.0469247550,0.1850261390,0.1745985150,0.0310438685,0.0203276090,0.0499869958,0.0455122329,0.0230749827,0.0213654786,0.5221193433,0.5135520101,0.1490702927,0.1443815976,0.0000000000,0.0000000000,0.3291023374,0.3788029253,0.3805731535,0.0071976045,0.0282641612,0.0289357696,0.1054670289,0.1127271652,0.0000000003,0.0000000000,0.0000000000,0.0000000000,-0.0164996721,0.2106460184,-0.0035277505,0.0596892387,0.2107483894,0.0127607435
15:11:29:29.698,61,0.1085987836,0.3450044990,0.0982871503,0.0000000000,0.0000000000,0.0070160674,0.0000000000,0.1084372699,0.3453878164,0.0292529725,0.0000000000,0.0000000000,0.0070163594,0.0000000000,0.1339093149,0.0014321541,0.0000000000,0.4289292395,0.0722498372,0.1434222460,0.0941896513,0.0132175516,0.0000000000,0.0000000000,0.0000000000,0.0891052783,0.0795030817,0.0447063185,0.0471076518,0.1858525127,0.1749824136,0.0309956949,0.0204101391,0.0500465147,0.0456068888,0.0231412221,0.0214279499,0.5231657028,0.5145578980,0.1495025158,0.1446026415,0.0000000000,0.0000000000,0.3302142024,0.3812406659,0.3830261230,0.0071691554,0.0283113532,0.0290403217,0.1089441255,0.1153158024,0.0000000003,0.0000000000,0.0000000000,0.0000000000,-0.0174733214,0.2110181153,-0.0037427011,0.0587102175,0.2111205012,0.0125745386
15:11:29:30.699,61,0.0992342532,0.3462089300,0.0967399552,0.0000000000,0.0000000000,0.0069987089,0.0000000000,0.0990953743,0.3465690315,0.0308230221,0.0000000000,0.0000000000,0.0069990051,0.0000000000,0.1342554241,0.0021201184,0.0000000000,0.4301501513,0.0724123791,0.1437115669,0.0937326476,0.0133668566,0.0000000000,0.0000000000,0.0000000000,0.0899930075,0.0801391453,0.0448902622,0.0473454632,0.1865513921,0.1754195541,0.0309400577,0.0205031857,0.0501511209,0.0457553826,0.0232087448,0.0214958061,0.5260657072,0.5189018846,0.1501702219,0.1450493634,0.0000000000,0.0000000000,0.3310780525,0.3833227456,0.3850856423,0.0071367584,0.0283669401,0.0291604679,0.1148440093,0.1201174483,0.0000000004,0.0000000000,0.0000000000,0.0000000000,-0.0184082910,0.2117434442,-0.0039569079,0.0577769466,0.2118458748,0.0124187069
15:11:29:31.701,61,0.0963025168,0.3474842608,0.0949552059,0.0000000000,0.0000000000,0.0069765514,0.0000000000,0.0961675197,0.3478171527,0.0326615758,0.0000000000,0.0000000000,0.0069768522,0.0000000000,0.1346411109,0.0028490322,0.0000000000,0.4323839247,0.0726273358,0.1441652775,0.0933615938,0.0135427769,0.0000000000,0.0000000000,0.0000000000,0.0909642801,0.0810039714,0.0451035686,0.0476201549,0.1871171296,0.1757972538,0.0308915153,0.0205942746,0.0503383614,0.0459813103,0.0232865326,0.0215739962,0.5281224251,0.5213551521,0.1518167406,0.1456706971,0.0000000000,0.0000000000,0.3313355148,0.3845776021,0.3863356113,0.0071066287,0.0284176581,0.0292742662,0.1195525602,0.1241705790,0.0000000004,0.0000000000,0.0000000000,0.0000000000,-0.0195031092,0.2125104517,-0.0042078621,0.0567015633,0.2126129866,0.0122333197
15:11:29:32.703,61,0.0943149179,0.3485223651,0.0933589786,0.0000000000,0.0000000000,0.0069591259,0.0000000000,0.0941757336,0.3488307595,0.0342810117,0.0000000000,0.0000000000,0.0069594295,0.0000000000,0.1350643039,0.0035382735,0.0000000000,0.4361913204,0.0729376227,0.1451333314,0.0931163579,0.0137089379,0.0000000000,0.0000000000,0.0000000000,0.0922804400,0.0825560167,0.0453221425,0.0478990227,0.1876937300,0.1762588620,0.0308410469,0.0206774175,0.0505652092,0.0462424457,0.0233611874,0.0216472819,0.5292211175,0.5226370692,0.1537189186,0.1464995295,0.0000000000,0.0000000000,0.3318151832,0.3875083923,0.3892531991,0.0070797037,0.0284961239,0.0294115376,0.1227343604,0.1269196123,0.0000000005,0.0000000000,0.0000000000,0.0000000000,-0.0204673763,0.2131339163,-0.0044292314,0.0557408035,0.2132365108,0.0120626297
15:11:29:33.705,61,0.0932307690,0.3489492834,0.0920702070,0.0000000000,0.0000000000,0.0069427476,0.0000000000,0.0930913389,0.3492372632,0.0355880484,0.0000000000,0.0000000000,0.0069430536,0.0000000000,0.1354752332,0.0041813678,0.0000000000,0.4386821687,0.0731227100,0.1457704902,0.0928153396,0.0139026670,0.0000000000,0.0000000000,0.0000000000,0.0931191891,0.0834679380,0.0455206670,0.0481541194,0.1882459372,0.1767073572,0.0307787433,0.0207280666,0.0507719964,0.0465006605,0.0234275162,0.0217144061,0.5310879946,0.5242564082,0.1559123546,0.1476705372,0.0000000000,0.0000000000,0.3322330713,0.3896495402,0.3913642764,0.0070485100,0.0285606533,0.0295300409,0.1244172975,0.1284088045,0.0000000005,0.0000000000,0.0000000000,0.0000000000,-0.0212465916,0.2133858204,-0.0046034316,0.0549682602,0.2134884596,0.0119101219
15:11:29:34.706,61,0.0923821479,0.3494072855,0.0906085148,0.0000000000,0.0000000000,0.0069343690,0.0000000000,0.0922436863,0.3496720493,0.0370655209,0.0000000000,0.0000000000,0.0069346800,0.0000000000,0.1358900517,0.0047851861,0.0000000000,0.4416644573,0.0733636692,0.1461491436,0.0926128104,0.0140578281,0.0000000000,0.0000000000,0.0000000000,0.0937567726,0.0840918794,0.0456876941,0.0483634509,0.1888771057,0.1772296727,0.0307394564,0.0207697451,0.0509333760,0.0466897078,0.0234611277,0.0217531808,0.5319730639,0.5251358151,0.1568422019,0.1482613534,0.0000000000,0.0000000000,0.3325277865,0.3906321824,0.3923289776,0.0070258765,0.0286202766,0.0296482835,0.1252665818,0.1291580498,0.0000000005,0.0000000000,0.0000000000,0.0000000000,-0.0221273806,0.2136556208,-0.0048004859,0.0540923551,0.2137582600,0.0117358137
15:11:29:35.708,61,0.0927260444,0.3476818800,0.0881264880,0.0000000000,0.0000000000,0.0069493684,0.0000000000,0.0925909281,0.3479048908,0.0395418294,0.0000000000,0.0000000000,0.0069496920,0.0000000000,0.1364465356,0.0053624045,0.0000000000,0.4478309453,0.0736140460,0.1463411152,0.0924596563,0.0143315755,0.0000000000,0.0000000000,0.0000000000,0.0942526236,0.0846156701,0.0458509102,0.0485639386,0.1901173145,0.1778920144,0.0307128057,0.0208294895,0.0509422757,0.0467211716,0.0234754849,0.0217700619,0.5336479545,0.5267989635,0.1571051478,0.1483473480,0.0000000000,0.0000000000,0.3322874308,0.3907253444,0.3924074173,0.0070142746,0.0286808424,0.0297656320,0.1253606677,0.1291855127,0.0000000005,0.0000000000,0.0000000000,0.0000000000,-0.0236111935,0.2125831693,-0.0050958269,0.0526226722,0.2126857042,0.0113582266
15:11:29:36.709,61,0.1074976251,0.3356348872,0.0833812505,0.0000000000,0.0000000000,0.0070573008,0.0000000000,0.1073420718,0.3357731104,0.0441265292,0.0000000000,0.0000000000,0.0070576463,0.0000000000,0.1378708482,0.0059179505,0.0000000000,0.4593973160,0.0740185529,0.1462762058,0.0923728868,0.0147865787,0.0000000000,0.0000000000,0.0000000000,0.0944852754,0.0849599391,0.0460521132,0.0487965718,0.1934173703,0.1798388809,0.0307417382,0.0209317207,0.0507924296,0.0465587564,0.0234710202,0.0217725635,0.5368468761,0.5290014148,0.1550581753,0.1463200897,0.0000000000,0.0000000000,0.3197388947,0.3818761110,0.3835822642,0.0070091700,0.0288720410,0.0300055370,0.1232595965,0.1267311871,0.0000000004,0.0000000000,0.0000000000,0.0000000000,-0.0263901986,0.2051846087,-0.0054914616,0.0498670116,0.2052865624,0.0103786206
15:11:29:37.711,61,0.1123281568,0.3199875057,0.0806226656,0.0000000000,0.0000000000,0.0072282418,0.0000000000,0.1121696606,0.3200735450,0.0466849655,0.0000000000,0.0000000000,0.0072286143,0.0000000000,0.1391797513,0.0063954559,0.0000000000,0.4724745154,0.0746971816,0.1462793499,0.0924268588,0.0152613670,0.0000000000,0.0000000000,0.0000000000,0.0945942178,0.0852236450,0.0462563112,0.0490240864,0.1960900873,0.1818242073,0.0307633281,0.0210509505,0.0505828299,0.0463215932,0.0234340262,0.0217449497,0.5399458408,0.5310698748,0.1522332579,0.1437181830,0.0000000000,0.0000000000,0.3026018441,0.3721609414,0.3739202619,0.0070026964,0.0291413274,0.0303119849,0.1218736172,0.1252942979,0.0000000004,0.0000000000,0.0000000000,0.0000000000,-0.0279747043,0.1955993325,-0.0055419216,0.0483109690,0.1957005560,0.0095730433
15:11:29:38.712,61,0.1082713380,0.3139214814,0.0804360732,0.0000000000,0.0000000000,0.0073991055,0.0000000000,0.1081620380,0.3140007854,0.0468592606,0.0000000000,0.0000000000,0.0073995003,0.0000000000,0.1402002871,0.0068735783,0.0000000000,0.4834606647,0.0758141056,0.1462661177,0.0925768837,0.0156666283,0.0000000000,0.0000000000,0.0000000000,0.0945106745,0.0852940828,0.0464351587,0.0492215194,0.1985262185,0.1837038845,0.0307281148,0.0211392734,0.0504049659,0.0461148545,0.0233550258,0.0216819327,0.5426355004,0.5328325033,0.1509899646,0.1425234526,0.0000000000,0.0000000000,0.2969161868,0.3686006665,0.3703718483,0.0069915042,0.0294091050,0.0306207556,0.1211410239,0.1245113164,0.0000000009,0.0000000000,0.0000000000,0.0000000000,-0.0280995890,0.1918888837,-0.0054583955,0.0482342206,0.1919897944,0.0093720527
15:11:29:39.714,61,0.0221816208,0.3175050914,0.0799916685,0.0000000000,0.0000000000,0.0075409296,0.0000000000,0.0220641512,0.3175796568,0.0473875999,0.0000000000,0.0000000000,0.0075413468,0.0000000000,0.1423348635,0.0075245709,0.0000000000,0.5072148442,0.0788131431,0.1462180763,0.0927872732,0.0160979666,0.0000000000,0.0000000000,0.0000000000,0.0944796130,0.0854921937,0.0466313213,0.0494401865,0.2026982903,0.1875098646,0.0306783672,0.0212365482,0.0502501428,0.0459131487,0.0232137181,0.0215610433,0.5452721715,0.5351248980,0.1499168128,0.1410354376,0.0000000000,0.0000000000,0.3173995316,0.3854689002,0.3871956468,0.0069642626,0.0296333861,0.0308950096,0.1209771857,0.1242208257,0.0000000018,0.0000000000,0.0000000000,0.0000000000,-0.0284042750,0.1940776706,-0.0055820993,0.0479472242,0.1941788197,0.0094252536
15:11:29:40.718,61,0.0000000000,0.3212698400,0.0767704248,0.0000000000,0.0000000000,0.0076500038,0.0383351259,0.0000000000,0.3212986290,0.0506376401,0.0000000000,0.0000000000,0.0076504545,0.0385147445,0.1474962831,0.0107905287,0.0000000000,0.5441644192,0.0869032964,0.1461081356,0.0932005942,0.0165223796,0.0000000000,0.0000000000,0.0000000000,0.0957384706,0.0871116742,0.0468388349,0.0497049466,0.2186415493,0.2037852854,0.0307815596,0.0213275272,0.0502477325,0.0457716733,0.0229947716,0.0213707946,0.5465647578,0.5363379121,0.1446344554,0.1348688453,0.0000000000,0.0000000000,0.3683376908,0.4320496619,0.4336297810,0.0069181230,0.0297315940,0.0310671423,0.1211059391,0.1240809634,0.0000000026,0.0000000000,0.0000000000,0.0000000000,-0.0303387027,0.1963616908,-0.0060341284,0.0459955297,0.1964630932,0.0091510257
15:11:29:41.720,61,0.0000000000,0.3275791705,0.0718785971,0.0000000000,0.0000000000,0.0077336570,0.1129864976,0.0000000000,0.3275371194,0.0555140525,0.0000000000,0.0000000000,0.0077341492,0.1131627411,0.1532805264,0.0133630922,0.0000000000,0.5655673742,0.0931401700,0.1457480788,0.0936669558,0.0169369038,0.0000000000,0.0000000000,0.0000000000,0.0969744399,0.0880900845,0.0470672175,0.0499835126,0.2348119617,0.2218984216,0.0309342425,0.0213892926,0.0502467602,0.0455990620,0.0227008667,0.0211253744,0.5478603840,0.5374738574,0.1378452331,0.1278707832,0.0000000000,0.0000000000,0.4321790636,0.4808428884,0.4820284247,0.0068555921,0.0297830049,0.0312068425,0.1213048995,0.1239073649,0.0000000029,0.0000000000,0.0000000000,0.0000000000,-0.0332348309,0.2001930922,-0.0067423722,0.0430314206,0.2002946436,0.0087331850
15:11:29:42.719,61,0.0000000000,0.3378613591,0.0655807108,0.0000000000,0.0000000000,0.0077845003,0.1806386411,0.0000000000,0.3377244174,0.0617615469,0.0000000000,0.0000000000,0.0077850348,0.1808229983,0.1558213085,0.0179159474,0.0000000000,0.6031598449,0.0956706777,0.1450040936,0.0940243378,0.0173905697,0.0000000000,0.0000000000,0.0000000000,0.0976732969,0.0886957198,0.0473608114,0.0503504127,0.2511276901,0.2376496494,0.0311229806,0.0214383248,0.0502283573,0.0454111584,0.0223726016,0.0208629947,0.5605658293,0.5458292365,0.1342913359,0.1240662634,0.0000000000,0.0000000000,0.4904923141,0.5170171857,0.5178026557,0.0067738681,0.0297780763,0.0313032232,0.1218031794,0.1239191741,0.0000000027,0.0000000000,0.0000000000,0.0000000000,-0.0369275771,0.2064468712,-0.0077318572,0.0392103419,0.2065488249,0.0082137324
15:11:29:43.720,61,0.0000000000,0.3483747840,0.0594554506,0.0000000000,0.0000000000,0.0078186272,0.2392325997,0.0000000000,0.3481405973,0.0677974820,0.0000000000,0.0000000000,0.0078192046,0.2394618839,0.1566980928,0.0236098710,0.0000000000,0.6482341290,0.0967408270,0.1419079900,0.0941410363,0.0178945567,0.0000000000,0.0000000000,0.0000000000,0.0980858430,0.0891802907,0.0476764925,0.0507584885,0.2657695115,0.2536469400,0.0312663764,0.0214798134,0.0500650816,0.0450992361,0.0219701771,0.0205341876,0.5794749260,0.5590232015,0.1315830499,0.1209654436,0.0000000000,0.0000000000,0.5426185727,0.5473307371,0.5480648279,0.0066711642,0.0297160223,0.0313501693,0.1248312145,0.1242409050,0.0000000028,0.0000000000,0.0000000000,0.0000000000,-0.0404815897,0.2128440440,-0.0087461676,0.0354996026,0.2129463106,0.0076741232
15:11:29:44.722,61,0.0000000000,0.3551704586,0.0559032224,0.0000000000,0.0000000000,0.0078379530,0.2960850596,0.0000000000,0.3548772633,0.0712958202,0.0000000000,0.0000000000,0.0078385817,0.2963873148,0.1515527368,0.0279891267,0.0000000000,0.6916091442,0.0968488306,0.1383110732,0.0942208469,0.0185634065,0.0000000000,0.0000000000,0.0000000000,0.0981544480,0.0897035673,0.0479341000,0.0510856435,0.2813111246,0.2725164890,0.0313705504,0.0215160493,0.0496483035,0.0445592776,0.0214905851,0.0201354884,0.5897880197,0.5653176308,0.1250509918,0.1136536598,0.0000000000,0.0000000000,0.5990756750,0.5777899623,0.5783489347,0.0065698912,0.0296192840,0.0313639939,0.1257804334,0.1240802258,0.0000000044,0.0000000000,0.0000000000,0.0000000000,-0.0425321646,0.2169815600,-0.0093732057,0.0333484411,0.2170839161,0.0073538213
15:11:29:45.723,61,0.0000000000,0.3628515601,0.0501430593,0.0000000000,0.0000000000,0.0078402646,0.3458578587,0.0000000000,0.3624597788,0.0770159662,0.0000000000,0.0000000000,0.0078409538,0.3462750316,0.1422441155,0.0330303721,0.0000000000,0.7098118067,0.0951489434,0.1353773326,0.0942127034,0.0197843872,0.0000000000,0.0000000000,0.0000000000,0.0979457349,0.0902465433,0.0481812842,0.0514162816,0.2891950309,0.2816935182,0.0314702019,0.0215609800,0.0491294339,0.0439381935,0.0209932271,0.0197152235,0.5955855846,0.5684050918,0.1202697009,0.1080592349,0.0000000000,0.0000000000,0.6485009193,0.6035879254,0.6041646004,0.0064733089,0.0294980165,0.0313472189,0.1262723207,0.1237247735,0.0000000063,0.0000000000,0.0000000000,0.0000000000,-0.0458970554,0.2216513902,-0.0103390878,0.0298810564,0.2217540443,0.0067359358
15:11:29:46.725,61,0.0000000000,0.3666917384,0.0467048436,0.0000000000,0.0000000000,0.0078244675,0.3757672906,0.0000000000,0.3662405312,0.0803795457,0.0000000000,0.0000000000,0.0078252144,0.3762965500,0.1344164461,0.0352334417,0.0000000000,0.7226588130,0.0925874263,0.1330691129,0.0942181125,0.0206429083,0.0000000000,0.0000000000,0.0000000000,0.0961934552,0.0906357765,0.0483729020,0.0516916066,0.2929601073,0.2869087756,0.0315546095,0.0215719007,0.0485163666,0.0432398133,0.0204878636,0.0192780606,0.5985552669,0.5701469779,0.1163120791,0.1036580652,0.0000000000,0.0000000000,0.6812109351,0.6206521392,0.6211816072,0.0063823476,0.0293368716,0.0312773585,0.1261582375,0.1217126399,0.0000000079,0.0000000000,0.0000000000,0.0000000000,-0.0478764325,0.2239846587,-0.0109019922,0.0278174039,0.2240873873,0.0063391058
15:11:29:47.726,61,0.0000000000,0.3675285876,0.0433601514,0.0000000000,0.0000000000,0.0078062466,0.3909415007,0.0000000000,0.3670202494,0.0837392882,0.0000000000,0.0000000000,0.0078070452,0.3915140927,0.1282885224,0.0365940221,0.0000000000,0.7411868572,0.0904521272,0.1315876096,0.0941943005,0.0213297177,0.0000000000,0.0000000000,0.0000000000,0.0942071825,0.0910169408,0.0486444980,0.0520414747,0.2974565029,0.2965686321,0.0316988304,0.0216529835,0.0478221029,0.0421821699,0.0199895371,0.0188426711,0.6006836891,0.5713558197,0.1109582707,0.0988042206,0.0000000000,0.0000000000,0.7037639022,0.6329618692,0.6334385276,0.0063080257,0.0291792136,0.0312036797,0.1257211566,0.1193348318,0.0000000107,0.0000000000,0.0000000000,0.0000000000,-0.0498720929,0.2244838029,-0.0113821942,0.0258223172,0.2245866358,0.0058981357
15:11:29:48.728,61,0.0000000000,0.3655148745,0.0404622890,0.0000000000,0.0000000000,0.0077950186,0.3988682926,0.0000000000,0.3649603426,0.0865963027,0.0000000000,0.0000000000,0.0077958698,0.3994685709,0.1239670664,0.0376785994,0.0000000000,0.7548378110,0.0878423601,0.1306282878,0.0940324664,0.0219098963,0.0000000000,0.0000000000,0.0000000000,0.0932977870,0.0919416770,0.0489721671,0.0524732806,0.3070003688,0.3108219206,0.0318750590,0.0217148215,0.0471774153,0.0413937047,0.0195192974,0.0184276681,0.6030117273,0.5723366737,0.1086919457,0.0966209024,0.0000000000,0.0000000000,0.7134081721,0.6396738887,0.6401338577,0.0062408620,0.0290426798,0.0311603732,0.1254045516,0.1182388216,0.0000000119,0.0000000000,0.0000000000,0.0000000000,-0.0515883267,0.2232436240,-0.0117062507,0.0241033193,0.2233463377,0.0054741409
15:11:29:49.732,61,0.0000000000,0.3647773266,0.0397636294,0.0000000000,0.0000000000,0.0077756625,0.4026288390,0.0000000000,0.3642120361,0.0872840658,0.0000000000,0.0000000000,0.0077765682,0.4032421708,0.1204377338,0.0389696509,0.0000000000,0.7653891444,0.0850740150,0.1299849004,0.0937943235,0.0223624706,0.0000000000,0.0000000000,0.0000000000,0.0928748399,0.0936270878,0.0493162274,0.0529562123,0.3131800592,0.3184132278,0.0320799649,0.0217792206,0.0466031544,0.0407141931,0.0190849882,0.0180458836,0.6059751511,0.5737152100,0.1072978601,0.0952847376,0.0000000000,0.0000000000,0.7180271745,0.6429439187,0.6433947086,0.0061789239,0.0288865995,0.0311166849,0.1253106594,0.1176882684,0.0000000113,0.0000000000,0.0000000000,0.0000000000,-0.0520034060,0.2227907330,-0.0117756007,0.0236895569,0.2228934020,0.0053689084
15:11:29:50.731,61,0.0000000000,0.3647765517,0.0388083719,0.0000000000,0.0000000000,0.0077599562,0.4041761458,0.0000000000,0.3641941845,0.0883219317,0.0000000000,0.0000000000,0.0077609150,0.4047934711,0.1186956242,0.0398842096,0.0000000000,0.7699382901,0.0831123516,0.1295987070,0.0935000703,0.0227168966,0.0000000000,0.0000000000,0.0000000000,0.0931252763,0.0977552459,0.0496767238,0.0534557141,0.3159536123,0.3218930662,0.0322813541,0.0218892414,0.0461102054,0.0401508585,0.0186939444,0.0177084617,0.6121030450,0.5799700022,0.1064649597,0.0945131704,0.0000000000,0.0000000000,0.6993938684,0.6421853900,0.6426259875,0.0061200140,0.0287321508,0.0310941730,0.1256208420,0.1177128553,0.0000000115,0.0000000000,0.0000000000,0.0000000000,-0.0526218675,0.2227871716,-0.0119153028,0.0231204610,0.2228899151,0.0052398718
15:11:29:51.733,61,0.0000000000,0.3624615669,0.0390910879,0.0000000000,0.0000000000,0.0077887238,0.4045849741,0.0000000000,0.3618861437,0.0880696476,0.0000000000,0.0000000000,0.0077897650,0.4052037895,0.1176856309,0.0407109894,0.0000000000,0.7725980878,0.0819460154,0.1294047534,0.0932633430,0.0230993591,0.0000000000,0.0000000000,0.0000000000,0.0947270840,0.1018241420,0.0500305146,0.0539391972,0.3176093400,0.3237575889,0.0325075202,0.0221032202,0.0456029177,0.0395844281,0.0183386244,0.0174066462,0.6154894829,0.5826595426,0.1056245267,0.0937642083,0.0000000000,0.0000000000,0.6806736588,0.6338183880,0.6342586279,0.0060771722,0.0286288913,0.0311350524,0.1258568764,0.1177945361,0.0000000097,0.0000000000,0.0000000000,0.0000000000,-0.0524882637,0.2213736326,-0.0118071511,0.0232963301,0.2214763016,0.0052451133
15:11:29:52.738,61,0.0000000000,0.3584507108,0.0381398015,0.0000000000,0.0000000000,0.0078297174,0.3985040486,0.0000000000,0.3578642011,0.0890128165,0.0000000000,0.0000000000,0.0078308480,0.3990710676,0.1170433238,0.0414786823,0.0000000000,0.7741062641,0.0811688378,0.1295041740,0.0931200683,0.0234795734,0.0000000000,0.0000000000,0.0000000000,0.0981771499,0.1053228676,0.0502824523,0.0543048009,0.3182931244,0.3243121505,0.0327122957,0.0223062281,0.0451202020,0.0390586033,0.0180024337,0.0171187948,0.6169682741,0.5838816762,0.1049553230,0.0931973457,0.0000000000,0.0000000000,0.6695412993,0.6258003712,0.6262339950,0.0060374797,0.0285353959,0.0311939903,0.1260321140,0.1178952456,0.0000000095,0.0000000000,0.0000000000,0.0000000000,-0.0530795194,0.2189201862,-0.0118033504,0.0227418840,0.2190226614,0.0050617144
15:11:29:53.736,61,0.0000000000,0.3535395861,0.0371949002,0.0000000000,0.0000000000,0.0078745428,0.3823348284,0.0000000000,0.3529431522,0.0899777189,0.0000000000,0.0000000000,0.0078757619,0.3828332424,0.1167251617,0.0421467163,0.0000000000,0.7746685147,0.0804612711,0.1293964982,0.0928407013,0.0238084011,0.0000000000,0.0000000000,0.0000000000,0.1000223979,0.1070786864,0.0505508669,0.0546928421,0.3185718060,0.3242959976,0.0328769609,0.0225229263,0.0446427576,0.0385590717,0.0176991168,0.0168626178,0.6192916632,0.5861411095,0.1044558287,0.0928238630,0.0000000000,0.0000000000,0.6471294165,0.6157785654,0.6162368059,0.0060005747,0.0284211822,0.0312257521,0.1262411773,0.1181316748,0.0000000113,0.0000000000,0.0000000000,0.0000000000,-0.0536904968,0.2159167826,-0.0117700528,0.0221931767,0.2160191089,0.0048697023
15:11:29:54.740,61,0.0000000000,0.3467994928,0.0360547677,0.0000000000,0.0000000000,0.0079114512,0.3639967442,0.0000000000,0.3461926579,0.0911351368,0.0000000000,0.0000000000,0.0079127513,0.3644731641,0.1165776923,0.0427499935,0.0000000000,0.7745130658,0.0796547234,0.1291005015,0.0923777744,0.0241246130,0.0000000000,0.0000000000,0.0000000000,0.1010008454,0.1081741080,0.0507737398,0.0550593734,0.3184129298,0.3236519396,0.0329679549,0.0226494428,0.0441886075,0.0381159335,0.0174183771,0.0166260805,0.6251682043,0.5920664072,0.1043075994,0.0927700475,0.0000000000,0.0000000000,0.6298667789,0.6078641415,0.6083899736,0.0059550260,0.0282761864,0.0312074516,0.1263903230,0.1183743477,0.0000000140,0.0000000000,0.0000000000,0.0000000000,-0.0544297993,0.2117954940,-0.0116971973,0.0215321463,0.2118976712,0.0046317573
15:11:29:55.742,61,0.0000000000,0.3405152261,0.0365161374,0.0000000000,0.0000000000,0.0079421615,0.3398731649,0.0000000000,0.3399223983,0.0907588601,0.0000000000,0.0000000000,0.0079435222,0.3403327167,0.1164818034,0.0432883799,0.0000000000,0.7725003362,0.0784147829,0.1286971867,0.0918327868,0.0244543795,0.0000000000,0.0000000000,0.0000000000,0.1016246006,0.1088437140,0.0509491265,0.0553799756,0.3177414536,0.3203032315,0.0329927988,0.0226935428,0.0438004062,0.0377620719,0.0171625968,0.0164113566,0.6291977763,0.5960150361,0.1044927910,0.0930276364,0.0000000000,0.0000000000,0.6016912460,0.5911638141,0.5917896628,0.0059058107,0.0281051788,0.0311478768,0.1264158636,0.1185541824,0.0000000160,0.0000000000,0.0000000000,0.0000000000,-0.0542493016,0.2079572082,-0.0114409123,0.0218255278,0.2080592364,0.0046072835
15:11:29:56.740,61,0.0000000000,0.3319685757,0.0356233716,0.0000000000,0.0000000000,0.0079817828,0.3126772642,0.0000000000,0.3313714266,0.0917617679,0.0000000000,0.0000000000,0.0079832040,0.3131020069,0.1164427698,0.0435614288,0.0000000000,0.7687188983,0.0766439140,0.1280819923,0.0911770761,0.0247174855,0.0000000000,0.0000000000,0.0000000000,0.1015106887,0.1089373007,0.0511353202,0.0557208881,0.3147154152,0.3166103363,0.0329701342,0.0226716008,0.0434421562,0.0374553651,0.0169278774,0.0162146352,0.6329976320,0.6004562378,0.1048732027,0.0934969857,0.0000000000,0.0000000000,0.5718333125,0.5689076185,0.5695900321,0.0058587040,0.0279414766,0.0310947914,0.1261736751,0.1185591072,0.0000000155,0.0000000000,0.0000000000,0.0000000000,-0.0549084134,0.2027330697,-0.0112806587,0.0213151053,0.2028348148,0.0043833684
15:11:29:57.746,61,0.0000000000,0.3246410489,0.0350058265,0.0000000000,0.0000000000,0.0080421129,0.2927235067,0.0000000000,0.3240436912,0.0924055278,0.0000000000,0.0000000000,0.0080435993,0.2931053936,0.1164885908,0.0437146798,0.0000000000,0.7650982141,0.0750948191,0.1268809289,0.0899447873,0.0249514487,0.0000000000,0.0000000000,0.0000000000,0.1010495797,0.1086873189,0.0513911359,0.0561300926,0.3131737113,0.3143891990,0.0329221636,0.0226659030,0.0430772677,0.0371473171,0.0167149696,0.0160421766,0.6390094757,0.6063789725,0.1052721441,0.0940302089,0.0000000000,0.0000000000,0.5496010184,0.5522486567,0.5529638529,0.0058120713,0.0278255474,0.0311010312,0.1260532141,0.1187280640,0.0000000146,0.0000000000,0.0000000000,0.0000000000,-0.0553439036,0.1982546151,-0.0111121032,0.0209646709,0.1983561367,0.0042135483
15:11:29:58.747,61,0.0000000000,0.3156138062,0.0351069272,0.0000000000,0.0000000000,0.0080973860,0.2823847234,0.0000000000,0.3150296509,0.0923284516,0.0000000000,0.0000000000,0.0080989338,0.2827425301,0.1165791228,0.0438108109,0.0000000000,0.7619040012,0.0731240585,0.1250044554,0.0883042216,0.0250625163,0.0000000000,0.0000000000,0.0000000000,0.1004769951,0.1081087962,0.0516307727,0.0565248132,0.3112339079,0.3119360507,0.0328269526,0.0226330068,0.0426784605,0.0368216261,0.0165117774,0.0158832408,0.6458087564,0.6126526594,0.1056370661,0.0945996493,0.0000000000,0.0000000000,0.5398783684,0.5438274145,0.5445294976,0.0057669128,0.0276944600,0.0310944263,0.1257080585,0.1187266484,0.0000000117,0.0000000000,0.0000000000,0.0000000000,-0.0553580411,0.1927396059,-0.0107978657,0.0210481994,0.1928407699,0.0041096988
15:11:29:59.749,61,0.0000000000,0.3089603484,0.0365606621,0.0000000000,0.0000000000,0.0081584062,0.2670768797,0.0000000000,0.3084056973,0.0908871144,0.0000000000,0.0000000000,0.0081600100,0.2673732638,0.1168687195,0.0438147150,0.0000000000,0.7584503889,0.0716089457,0.1231108978,0.0858784765,0.0251073707,0.0000000000,0.0000000000,0.0000000000,0.0998381600,0.1074610800,0.0519613996,0.0570210777,0.3102192879,0.3107036650,0.0327102989,0.0226265620,0.0422497392,0.0364723466,0.0163339805,0.0157484729,0.6536442637,0.6205675006,0.1059912369,0.0951768234,0.0000000000,0.0000000000,0.5339919925,0.5391921401,0.5398836136,0.0057203909,0.0275866762,0.0311063565,0.1255422533,0.1189123839,0.0000000098,0.0000000000,0.0000000000,0.0000000000,-0.0545364507,0.1886782348,-0.0104081724,0.0219369866,0.1887791157,0.0041907905
15:11:30:00.747,61,0.0000000000,0.3074340224,0.0371476859,0.0000000000,0.0000000000,0.0082233343,0.2583236098,0.0000000000,0.3068897128,0.0902991295,0.0000000000,0.0000000000,0.0082249986,0.2585860491,0.1171922982,0.0437522903,0.0000000000,0.7537778616,0.0705770329,0.1214349493,0.0842892230,0.0251410846,0.0000000000,0.0000000000,0.0000000000,0.0989900008,0.1060815528,0.0522462651,0.0574484579,0.3093428612,0.3096788228,0.0325584896,0.0225867834,0.0418261327,0.0361399502,0.0161614809,0.0156141520,0.6566590071,0.6235752106,0.1062958390,0.0957138464,0.0000000000,0.0000000000,0.5310598612,0.5368107557,0.5374954343,0.0056720003,0.0274823233,0.0311076082,0.1251954585,0.1189347804,0.0000000089,0.0000000000,0.0000000000,0.0000000000,-0.0541931950,0.1877471358,-0.0102904746,0.0222931746,0.1878480017,0.0042373142
15:11:30:01.748,61,0.0000000000,0.3043722212,0.0369090997,0.0000000000,0.0000000000,0.0082836021,0.2520072460,0.0000000000,0.3038278520,0.0905777514,0.0000000000,0.0000000000,0.0082853204,0.2522522509,0.1174647659,0.0436065197,0.0000000000,0.7499866486,0.0697893202,0.1204127148,0.0833016858,0.0251997393,0.0000000000,0.0000000000,0.0000000000,0.0982293859,0.1051869765,0.0524757616,0.0577929877,0.3080579638,0.3080270886,0.0324177295,0.0225233138,0.0414363258,0.0358326919,0.0159927122,0.0154805100,0.6581450701,0.6250846982,0.1065246686,0.0961623713,0.0000000000,0.0000000000,0.5289230347,0.5351821780,0.5358601809,0.0056324862,0.0273854751,0.0311044492,0.1243332550,0.1186264530,0.0000000079,0.0000000000,0.0000000000,0.0000000000,-0.0543796122,0.1858758628,-0.0102205016,0.0221578274,0.1859766096,0.0041686483
15:11:30:02.750,61,0.0000000000,0.3006980419,0.0359506570,0.0000000000,0.0000000000,0.0083485870,0.2418248504,0.0000000000,0.3001446724,0.0915636718,0.0000000000,0.0000000000,0.0083503528,0.2420391589,0.1177792326,0.0433955863,0.0000000000,0.7461775541,0.0691723749,0.1196516901,0.0826189667,0.0252393987,0.0000000000,0.0000000000,0.0000000000,0.0974915847,0.1043057963,0.0526585430,0.0580691546,0.3057573736,0.3048909307,0.0322896913,0.0224594884,0.0410774983,0.0355506726,0.0158422422,0.0153622860,0.6587578058,0.6257236600,0.1067011058,0.0965645537,0.0000000000,0.0000000000,0.5233011842,0.5318077207,0.5324572325,0.0056010718,0.0273135006,0.0311206765,0.1226798519,0.1181282848,0.0000000077,0.0000000000,0.0000000000,0.0000000000,-0.0549946129,0.1836287379,-0.0102081476,0.0215915050,0.1837293208,0.0040119076
15:11:30:03.752,61,0.0000000000,0.2924021184,0.0342783369,0.0000000000,0.0000000000,0.0084400233,0.2234048843,0.0000000000,0.2918374836,0.0931717232,0.0000000000,0.0000000000,0.0084418366,0.2235763967,0.1181284934,0.0430670939,0.0000000000,0.7429396510,0.0686883926,0.1191262007,0.0821358338,0.0251605213,0.0000000000,0.0000000000,0.0000000000,0.0969824940,0.1036543623,0.0527718365,0.0582588315,0.3044643104,0.3034482002,0.0321740769,0.0223662369,0.0407153293,0.0352635011,0.0157069806,0.0152539490,0.6587266922,0.6257979870,0.1067471728,0.0968672484,0.0000000000,0.0000000000,0.5146963596,0.5275953412,0.5282166600,0.0055810357,0.0272748377,0.0311644562,0.1184565872,0.1160137132,0.0000000081,0.0000000000,0.0000000000,0.0000000000,-0.0560123883,0.1785564125,-0.0101034036,0.0206062514,0.1786566377,0.0037208383
15:11:30:04.753,61,0.0000000000,0.2864325345,0.0330820978,0.0000000000,0.0000000000,0.0085450951,0.2147673070,0.0000000000,0.2858611345,0.0942820236,0.0000000000,0.0000000000,0.0085469568,0.2149229348,0.1185132638,0.0427170619,0.0000000000,0.7390466928,0.0683140829,0.1186834276,0.0817721188,0.0250622965,0.0000000000,0.0000000000,0.0000000000,0.0964147821,0.1029282957,0.0528732613,0.0584228151,0.3035306334,0.3023816645,0.0320651866,0.0222678557,0.0403661467,0.0349825099,0.0155835133,0.0151571976,0.6583883762,0.6255696416,0.1066802293,0.0970646515,0.0000000000,0.0000000000,0.5076162219,0.5228631496,0.5234606266,0.0055697081,0.0272819009,0.0312598646,0.1154312119,0.1139863431,0.0000000079,0.0000000000,0.0000000000,0.0000000000,-0.0567167848,0.1749068052,-0.0100168586,0.0199001040,0.1750067174,0.0035184009
15:11:30:05.755,61,0.0000000000,0.2829179466,0.0321492925,0.0000000000,0.0000000000,0.0086555742,0.2093967348,0.0000000000,0.2823397815,0.0951711312,0.0000000000,0.0000000000,0.0086574778,0.2095454186,0.1187957823,0.0422635116,0.0000000000,0.7333800197,0.0680702180,0.1183154061,0.0815917552,0.0248953979,0.0000000000,0.0000000000,0.0000000000,0.0947166756,0.1004419923,0.0529069602,0.0584997125,0.2998879254,0.2990036607,0.0319761001,0.0221434161,0.0400448777,0.0347172990,0.0154649932,0.0150609575,0.6557453275,0.6240333319,0.1065063477,0.0971668810,0.0000000000,0.0000000000,0.5006062984,0.5180755258,0.5186676979,0.0055652191,0.0273050889,0.0313652717,0.1109393463,0.1101946086,0.0000000070,0.0000000000,0.0000000000,0.0000000000,-0.0572732463,0.1727576554,-0.0099882213,0.0193462856,0.1728574038,0.0033776360
15:11:30:06.756,61,0.0000000000,0.2791575193,0.0310349651,0.0000000000,0.0000000000,0.0087685464,0.2061578780,0.0000000000,0.2785708308,0.0962502807,0.0000000000,0.0000000000,0.0087704770,0.2063052803,0.1189951673,0.0416647308,0.0000000000,0.7279375792,0.0679174513,0.1179952770,0.0815666765,0.0246892124,0.0000000000,0.0000000000,0.0000000000,0.0933007821,0.0985879004,0.0528573245,0.0584625863,0.2938108146,0.2931397855,0.0318999738,0.0219947584,0.0397680923,0.0344907083,0.0153520051,0.0149652930,0.6510009766,0.6208159924,0.1062870473,0.0972147137,0.0000000000,0.0000000000,0.4903731346,0.5115080476,0.5121024251,0.0055677937,0.0273532718,0.0314872786,0.1070288345,0.1063095629,0.0000000059,0.0000000000,0.0000000000,0.0000000000,-0.0579457544,0.1704581380,-0.0099682044,0.0186831672,0.1705576628,0.0032176222
15:11:30:07.758,61,0.0000000000,0.2758980989,0.0311983097,0.0000000000,0.0000000000,0.0088819964,0.2042369246,0.0000000000,0.2753187120,0.0960697830,0.0000000000,0.0000000000,0.0088839475,0.2043844759,0.1192680746,0.0410967469,0.0000000000,0.7189871669,0.0678797141,0.1178305447,0.0816558525,0.0245310441,0.0000000000,0.0000000000,0.0000000000,0.0925521553,0.0975433812,0.0527187139,0.0583149567,0.2880636752,0.2861209810,0.0318176448,0.0218249019,0.0395319872,0.0343012698,0.0152412523,0.0148721868,0.6458911896,0.6163209081,0.1060401648,0.0972127765,0.0000000000,0.0000000000,0.4829090536,0.5065819621,0.5071890950,0.0055726198,0.0274152029,0.0316120386,0.1038693264,0.1028780565,0.0000000040,0.0000000000,0.0000000000,0.0000000000,-0.0578567497,0.1684672236,-0.0098344292,0.0187879056,0.1685666144,0.0031971561
15:11:30:08.760,61,0.0000000000,0.2721522450,0.0309842732,0.0000000000,0.0000000000,0.0089893630,0.2018248588,0.0000000000,0.2715760469,0.0962640494,0.0000000000,0.0000000000,0.0089913337,0.2019712925,0.1196233779,0.0404833928,0.0000000000,0.7085342407,0.0679754168,0.1176271960,0.0818353742,0.0244230665,0.0000000000,0.0000000000,0.0000000000,0.0917865038,0.0963895544,0.0525399595,0.0581079721,0.2821282446,0.2791412175,0.0317303911,0.0216525458,0.0393106714,0.0341210552,0.0151344240,0.0147818346,0.6415614486,0.6123106480,0.1057308763,0.0971252248,0.0000000000,0.0000000000,0.4775618315,0.5025615692,0.5031715035,0.0055805850,0.0274714865,0.0317202248,0.1009441316,0.0997462049,0.0000000032,0.0000000000,0.0000000000,0.0000000000,-0.0579961091,0.1661783755,-0.0097216479,0.0186662264,0.1662776023,0.0031325077
15:11:30:09.764,61,0.0000000000,0.2687030733,0.0312179253,0.0000000000,0.0000000000,0.0090945885,0.2001570910,0.0000000000,0.2681355774,0.0959824547,0.0000000000,0.0000000000,0.0090965703,0.2003024817,0.1199628636,0.0398626737,0.0000000000,0.7024017572,0.0681087971,0.1173861623,0.0820390508,0.0243486334,0.0000000000,0.0000000000,0.0000000000,0.0910700932,0.0953603685,0.0523252524,0.0578570962,0.2782090306,0.2747545242,0.0316346511,0.0214696843,0.0391006283,0.0339521803,0.0150235901,0.0146864010,0.6389609575,0.6096382141,0.1053919047,0.0969911218,0.0000000000,0.0000000000,0.4741317630,0.5003200769,0.5009280443,0.0055870204,0.0275276639,0.0318163708,0.0986698717,0.0973591134,0.0000000031,0.0000000000,0.0000000000,0.0000000000,-0.0578467138,0.1640716344,-0.0095714629,0.0188135970,0.1641706526,0.0031164980
15:11:30:10.766,61,0.0000000000,0.2657785118,0.0321551673,0.0000000000,0.0000000000,0.0091945473,0.1983725280,0.0000000000,0.2652274370,0.0950155631,0.0000000000,0.0000000000,0.0091965338,0.1985157579,0.1204377711,0.0390632749,0.0000000000,0.6955152750,0.0682685748,0.1170991510,0.0822319314,0.0242533218,0.0000000000,0.0000000000,0.0000000000,0.0904388353,0.0945535153,0.0521033704,0.0575867258,0.2753186226,0.2718808651,0.0315298028,0.0212818012,0.0389057100,0.0338019878,0.0149176326,0.0145921214,0.6374710202,0.6082141995,0.1050755084,0.0968792289,0.0000000000,0.0000000000,0.4720712304,0.4988802075,0.4994879961,0.0055941385,0.0275810156,0.0318976268,0.0969249532,0.0955127552,0.0000000036,0.0000000000,0.0000000000,0.0000000000,-0.0572807454,0.1622868031,-0.0093729822,0.0193841327,0.1623856574,0.0031754577
15:11:30:11.768,61,0.0000000000,0.2627690136,0.0334084071,0.0000000000,0.0000000000,0.0093061114,0.1960524470,0.0000000000,0.2622379959,0.0937402397,0.0000000000,0.0000000000,0.0093081016,0.1961879432,0.1210540980,0.0374899283,0.0000000000,0.6807415485,0.0685228556,0.1167835295,0.0824162737,0.0241531190,0.0000000000,0.0000000000,0.0000000000,0.0897900462,0.0937062800,0.0518555641,0.0572712049,0.2716327906,0.2682965398,0.0314387940,0.0210779775,0.0387602337,0.0337018073,0.0148206335,0.0145051666,0.6356470585,0.6069225073,0.1048130095,0.0967990682,0.0000000000,0.0000000000,0.4685459137,0.4973382950,0.4979337454,0.0055999416,0.0276498664,0.0319825746,0.0949145183,0.0935057104,0.0000000045,0.0000000000,0.0000000000,0.0000000000,-0.0565287210,0.1604506075,-0.0091435863,0.0201456528,0.1605493277,0.0032622181
15:11:30:12.766,61,0.0000000000,0.2615529001,0.0344984569,0.0000000000,0.0000000000,0.0094233863,0.1924708635,0.0000000000,0.2610372007,0.0926199555,0.0000000000,0.0000000000,0.0094253663,0.1925915480,0.1220779419,0.0348771699,0.0000000000,0.6644554734,0.0688435510,0.1164342016,0.0825895816,0.0239624009,0.0000000000,0.0000000000,0.0000000000,0.0890414342,0.0917966142,0.0515988991,0.0569286905,0.2660351694,0.2628415525,0.0313723572,0.0208781157,0.0386566594,0.0336391404,0.0147469621,0.0144374780,0.6330706477,0.6056100726,0.1045596823,0.0967479050,0.0000000000,0.0000000000,0.4635436833,0.4947225451,0.4952898920,0.0056040697,0.0277380235,0.0320786387,0.0930281952,0.0916970819,0.0000000043,0.0000000000,0.0000000000,0.0000000000,-0.0558597781,0.1597098112,-0.0089930678,0.0208054595,0.1598084718,0.0033532307
15:11:30:13.767,61,0.0000000000,0.2583642006,0.0360327289,0.0000000000,0.0000000000,0.0095429812,0.1876403689,0.0000000000,0.2578716874,0.0910530314,0.0000000000,0.0000000000,0.0095449444,0.1877450794,0.1228730977,0.0327062495,0.0000000000,0.6573220491,0.0692859665,0.1163384020,0.0829519629,0.0237523727,0.0000000000,0.0000000000,0.0000000000,0.0883563235,0.0906484723,0.0513019636,0.0565355457,0.2611274123,0.2580132186,0.0313512795,0.0206688568,0.0386260040,0.0336368829,0.0146833612,0.0143783884,0.6273116469,0.6011897922,0.1043876186,0.0967683867,0.0000000000,0.0000000000,0.4556955099,0.4910154045,0.4915676415,0.0056152791,0.0278412756,0.0321788602,0.0909482166,0.0898041949,0.0000000041,0.0000000000,0.0000000000,0.0000000000,-0.0549317636,0.1577648073,-0.0087343073,0.0217375308,0.1578633487,0.0034600659
15:11:30:14.769,61,0.0000000000,0.2553525567,0.0375477821,0.0000000000,0.0000000000,0.0096511152,0.1800958961,0.0000000000,0.2548823059,0.0895155519,0.0000000000,0.0000000000,0.0096530514,0.1801883429,0.1242857128,0.0309186373,0.0000000000,0.6484513283,0.0697696656,0.1163778454,0.0833419636,0.0235383883,0.0000000000,0.0000000000,0.0000000000,0.0878967717,0.0898634195,0.0509956926,0.0561327413,0.2571510077,0.2536544204,0.0313441791,0.0204625279,0.0386589170,0.0336985514,0.0146379508,0.0143363923,0.6238136888,0.5991856456,0.1043365002,0.0968858078,0.0000000000,0.0000000000,0.4416103065,0.4821164310,0.4826681912,0.0056286738,0.0279335082,0.0322632007,0.0894053876,0.0883452967,0.0000000033,0.0000000000,0.0000000000,0.0000000000,-0.0540198311,0.1559280604,-0.0084878113,0.0226581097,0.1560263932,0.0035639128
15:11:30:15.774,61,0.0000000000,0.2514770031,0.0400945805,0.0000000000,0.0000000000,0.0097595919,0.1734621227,0.0000000000,0.2510418892,0.0869207457,0.0000000000,0.0000000000,0.0097614964,0.1735444218,0.1266799569,0.0290030148,0.0000000000,0.6361671686,0.0703531802,0.1165821180,0.0837707445,0.0233367048,0.0000000000,0.0000000000,0.0000000000,0.0875212401,0.0892200172,0.0507083610,0.0557390600,0.2547973394,0.2508510053,0.0313803032,0.0202631950,0.0387527235,0.0338041857,0.0146197947,0.0143179167,0.6205282211,0.5974348187,0.1043324694,0.0970351547,0.0000000000,0.0000000000,0.4294477999,0.4734595418,0.4739986658,0.0056457664,0.0280559808,0.0323746949,0.0881971195,0.0871060342,0.0000000020,0.0000000000,0.0000000000,0.0000000000,-0.0524731725,0.1535658240,-0.0081181275,0.0242039021,0.1536639333,0.0037484362
15:11:30:16.772,61,0.0000000000,0.2484046221,0.0424857438,0.0000000000,0.0000000000,0.0098691089,0.1571809202,0.0000000000,0.2480009794,0.0844994113,0.0000000000,0.0000000000,0.0098709688,0.1572367549,0.1307304204,0.0263508707,0.0000000000,0.6159251928,0.0711908415,0.1169494838,0.0842083991,0.0230571721,0.0000000000,0.0000000000,0.0000000000,0.0874152854,0.0887446329,0.0504343323,0.0553515628,0.2515790462,0.2466390431,0.0314149149,0.0200928617,0.0388852134,0.0339510478,0.0146364514,0.0143298162,0.6171014905,0.5962875485,0.1043954045,0.0972450823,0.0000000000,0.0000000000,0.4166943729,0.4649354219,0.4654614031,0.0056643090,0.0281907450,0.0324864052,0.0872425213,0.0861582607,0.0000000013,0.0000000000,0.0000000000,0.0000000000,-0.0510260388,0.1516941786,-0.0077967327,0.0256547816,0.1517920792,0.0039239293
15:11:30:17.774,61,0.0000000000,0.2457101792,0.0458548367,0.0000000000,0.0000000000,0.0099629778,0.1239060536,0.0000000000,0.2453483343,0.0810761675,0.0000000000,0.0000000000,0.0099647744,0.1239449456,0.1324070543,0.0231085811,0.0000000000,0.6019751430,0.0718457401,0.1170838773,0.0846221223,0.0227508601,0.0000000000,0.0000000000,0.0000000000,0.0848220810,0.0850108489,0.0501693822,0.0549851209,0.2465854287,0.2413794398,0.0314356200,0.0198910628,0.0390451737,0.0341288783,0.0146746943,0.0143561382,0.6137456298,0.5952991843,0.1045795307,0.0975433365,0.0000000000,0.0000000000,0.4018940926,0.4546875954,0.4552842975,0.0056746560,0.0283151399,0.0325592421,0.0853430256,0.0845658109,0.0000000008,0.0000000000,0.0000000000,0.0000000000,-0.0489709675,0.1500560194,-0.0074009486,0.0276961122,0.1501538455,0.0041896561
15:11:30:18.776,61,0.0483686812,0.2440191656,0.0502181686,0.0000000000,0.0000000000,0.0101009225,0.0200214945,0.0483588465,0.2437101007,0.0765181333,0.0000000000,0.0000000000,0.0101026706,0.0200521052,0.1331929415,0.0215246622,0.0000000000,0.5946024656,0.0724553764,0.1172394529,0.0850507915,0.0224636849,0.0000000000,0.0000000000,0.0000000000,0.0733327270,0.0737872496,0.0499784984,0.0547235981,0.2433911264,0.2367128283,0.0313709900,0.0197069123,0.0390801951,0.0342183560,0.0147584872,0.0144132609,0.6109092832,0.5936911702,0.1048751026,0.0978982151,0.0000000000,0.0000000000,0.3966872096,0.4499713480,0.4506369233,0.0056760120,0.0285432003,0.0327192619,0.0835684687,0.0833876282,0.0000000004,0.0000000000,0.0000000000,0.0000000000,-0.0462248735,0.1490343958,-0.0069379765,0.0303362496,0.1491319686,0.0045572137
15:11:30:19.777,61,0.1883881837,0.2661881149,0.0576994680,0.0000000000,0.0000000000,0.0104594287,0.0000000000,0.1883243620,0.2659618556,0.0684043095,0.0000000000,0.0000000000,0.0104611125,0.0000000000,0.1334440261,0.0197701436,0.0000000000,0.5774009824,0.0730523020,0.1177489907,0.0879271328,0.0222200751,0.0000000000,0.0000000000,0.0000000000,0.0600821003,0.0524356142,0.0499027148,0.0545561425,0.2347878963,0.2204433680,0.0312625207,0.0196009967,0.0391482487,0.0343581885,0.0149710914,0.0145872384,0.5938622355,0.5815793276,0.1053761393,0.0984671712,0.0000000000,0.0000000000,0.3846970499,0.4331670702,0.4340058863,0.0056801173,0.0290634837,0.0331797749,0.0819815099,0.0824745148,0.0000000003,0.0000000000,0.0000000000,0.0000000000,-0.0412352420,0.1626063436,-0.0067628194,0.0347814709,0.1627043784,0.0057083559
15:11:30:20.779,61,0.3750730753,0.3571595252,0.0613264777,0.0000000000,0.0000000000,0.0116059156,0.0000000000,0.3750464618,0.3569741249,0.0638509840,0.0000000000,0.0000000000,0.0116073415,0.0000000000,0.1338261664,0.0179835744,0.0000000000,0.5575394034,0.0735614225,0.1189779639,0.0906348825,0.0222118292,0.0000000000,0.0000000000,0.0000000000,0.0513092279,0.0401401222,0.0499059968,0.0544520542,0.2311725765,0.2138693482,0.0310535915,0.0195665751,0.0392137766,0.0344917364,0.0152801732,0.0148573657,0.5877599120,0.5748258233,0.1070148349,0.0996861681,0.0000000000,0.0000000000,0.3558895588,0.4018615186,0.4026727676,0.0056806770,0.0313261040,0.0348334238,0.0806761533,0.0815523341,0.0000000002,0.0000000000,0.0000000000,0.0000000000,-0.0380802080,0.2182238549,-0.0084422426,0.0365737304,0.2183247209,0.0081122974
15:11:30:21.780,61,0.5276434422,0.4452183247,0.0617433861,0.0000000000,0.0000000000,0.0147430338,0.0000000000,0.5273423791,0.4450365007,0.0630530491,0.0000000000,0.0000000000,0.0147441067,0.0000000000,0.1342697144,0.0170637369,0.0000000000,0.5326678753,0.0738950968,0.1205335036,0.0924695507,0.0225843042,0.0000000000,0.0000000000,0.0000000000,0.0476550125,0.0350694805,0.0498584881,0.0542933494,0.2292724848,0.2104634494,0.0308366623,0.0195360761,0.0393715426,0.0346918441,0.0156820137,0.0152117647,0.5775379539,0.5639955401,0.1117780507,0.1027037874,0.0000000000,0.0000000000,0.3313148618,0.3739029467,0.3749710917,0.0056738062,0.0340810716,0.0367664434,0.0789065585,0.0794405267,0.0000000002,0.0000000000,0.0000000000,0.0000000000,-0.0371016786,0.2720493376,-0.0103473514,0.0363299474,0.2721525729,0.0101362737
15:11:30:22.782,61,0.5834445357,0.4698802531,0.0612033196,0.0000000000,0.0000000000,0.0208835453,0.0000000000,0.5825355649,0.4696894884,0.0632601082,0.0000000000,0.0000000000,0.0208840519,0.0000000000,0.1343713999,0.0165290758,0.0000000000,0.5221832991,0.0742254481,0.1226505786,0.0951574370,0.0236159675,0.0000000000,0.0000000000,0.0000000000,0.0457210429,0.0326239392,0.0497450456,0.0540450215,0.2279558480,0.2077784538,0.0306105353,0.0195214190,0.0395479612,0.0349161960,0.0161242653,0.0155793829,0.5662330389,0.5553374290,0.1148992404,0.1046063155,0.0000000000,0.0000000000,0.3066016138,0.3445160687,0.3460679650,0.0056706467,0.0377731957,0.0395394340,0.0775729418,0.0772664621,0.0000000002,0.0000000000,0.0000000000,0.0000000000,-0.0370629542,0.2871196866,-0.0109409606,0.0358567350,0.2872233689,0.0105891069
15:11:30:23.784,61,0.5592381954,0.4529857337,0.0617250428,0.0000000000,0.0000000000,0.0277389567,0.0000000000,0.5574494004,0.4528082311,0.0626057684,0.0000000000,0.0000000000,0.0277391411,0.0000000000,0.1340925097,0.0160973426,0.0000000000,0.5150328279,0.0746107250,0.1243571267,0.0968821272,0.0246203151,0.0000000000,0.0000000000,0.0000000000,0.0444465652,0.0314143151,0.0495931171,0.0537572689,0.2264870107,0.2054024637,0.0303805079,0.0195301194,0.0397497229,0.0351755694,0.0165646002,0.0159413461,0.5561762452,0.5441882610,0.1165583506,0.1057393774,0.0000000000,0.0000000000,0.2869449258,0.3247417510,0.3263804913,0.0056724432,0.0417303853,0.0429237112,0.0766300038,0.0760150701,0.0000000002,0.0000000000,0.0000000000,0.0000000000,-0.0367893092,0.2767970562,-0.0104487259,0.0362706669,0.2769001722,0.0103055388
15:11:30:24.785,61,0.4791802168,0.4182252288,0.0575211942,0.0000000000,0.0000000000,0.0311574209,0.0000000000,0.4786054194,0.4179701805,0.0669621453,0.0000000000,0.0000000000,0.0311579015,0.0000000000,0.1330644041,0.0151389074,0.0000000000,0.5061860681,0.0751248673,0.1283804327,0.0986431986,0.0252382662,0.0000000000,0.0000000000,0.0000000000,0.0434214287,0.0306297112,0.0494128205,0.0534358397,0.2214044482,0.2018347830,0.0301994942,0.0195823312,0.0399823599,0.0354625210,0.0169620719,0.0162749402,0.5424212813,0.5298583508,0.1175458208,0.1064709723,0.0000000000,0.0000000000,0.2722750902,0.3092975616,0.3106284440,0.0057022334,0.0441783108,0.0453888997,0.0759082288,0.0751724839,0.0000000001,0.0000000000,0.0000000000,0.0000000000,-0.0395780765,0.2555280626,-0.0103362622,0.0339967720,0.2556303144,0.0088830432
15:11:30:25.787,61,0.4127856493,0.3890079260,0.0562774055,0.0000000000,0.0000000000,0.0329397917,0.0000000000,0.4125665724,0.3887346983,0.0685374513,0.0000000000,0.0000000000,0.0329403654,0.0000000000,0.1301756352,0.0124736773,0.0000000000,0.4854895771,0.0755671412,0.1305823624,0.0995993391,0.0256665275,0.0000000000,0.0000000000,0.0000000000,0.0423745364,0.0301039554,0.0492883213,0.0531548187,0.2130812705,0.1965379268,0.0301189609,0.0196887068,0.0402662866,0.0357933044,0.0173447598,0.0165969003,0.5309851766,0.5197431445,0.1180776134,0.1069217250,0.0000000000,0.0000000000,0.2613542676,0.2969859838,0.2981073558,0.0057617435,0.0456306599,0.0468003824,0.0753138438,0.0745633692,0.0000000001,0.0000000000,0.0000000000,0.0000000000,-0.0406915918,0.2376650572,-0.0098542292,0.0334114805,0.2377666831,0.0080956183
15:11:30:26.788,61,0.3247478306,0.3545837104,0.0561173707,0.0000000000,0.0000000000,0.0336149484,0.0000000000,0.3246315122,0.3543152213,0.0690375492,0.0000000000,0.0000000000,0.0336155556,0.0000000000,0.1210328117,0.0103311688,0.0000000000,0.4672122896,0.0757662058,0.1318559200,0.1001526564,0.0256609973,0.0000000000,0.0000000000,0.0000000000,0.0417971350,0.0298092645,0.0491543710,0.0528669618,0.2042280734,0.1910181493,0.0301219765,0.0197900888,0.0406012423,0.0361743271,0.0176631566,0.0168616660,0.5159019232,0.5083115101,0.1182526425,0.1072398126,0.0000000000,0.0000000000,0.2521626651,0.2845100164,0.2854829431,0.0058435448,0.0463866219,0.0475572161,0.0747030079,0.0740505084,0.0000000001,0.0000000000,0.0000000000,0.0000000000,-0.0411881208,0.2166254818,-0.0090618217,0.0334788337,0.2167262882,0.0073700091
15:11:30:27.790,61,0.2734782994,0.3209918141,0.0569175705,0.0000000000,0.0000000000,0.0336062834,0.0000000000,0.2733424306,0.3207419813,0.0687050223,0.0000000000,0.0000000000,0.0336068943,0.0000000000,0.1140601709,0.0079388814,0.0000000000,0.4508028328,0.0757307112,0.1328820288,0.1004443690,0.0253008213,0.0000000000,0.0000000000,0.0000000000,0.0416948609,0.0299657863,0.0489968956,0.0525571890,0.1946508735,0.1848627329,0.0301732160,0.0198914986,0.0409359597,0.0365637615,0.0179522652,0.0170941502,0.5080827475,0.5031046271,0.1182036325,0.1075189784,0.0000000000,0.0000000000,0.2424721569,0.2738524377,0.2747728825,0.0059431014,0.0467105098,0.0479084551,0.0740716234,0.0735872015,0.0000000001,0.0000000000,0.0000000000,0.0000000000,-0.0411660597,0.1960984319,-0.0081752008,0.0341024324,0.1961982846,0.0067766178
15:11:30:28.791,61,0.2346649915,0.2951386273,0.0589314215,0.0000000000,0.0000000000,0.0329741389,0.0000000000,0.2346121818,0.2949210405,0.0670812726,0.0000000000,0.0000000000,0.0329747126,0.0000000000,0.1094055176,0.0055011520,0.0000000000,0.4391066134,0.0755377859,0.1337697804,0.1005203798,0.0247680731,0.0000000000,0.0000000000,0.0000000000,0.0419069715,0.0304488763,0.0488459989,0.0522665679,0.1874345690,0.1794979423,0.0302648488,0.0200090632,0.0412497520,0.0369398966,0.0182192530,0.0173068680,0.5030336380,0.4997172952,0.1180469692,0.1077779233,0.0000000000,0.0000000000,0.2374661714,0.2696276605,0.2705256343,0.0060498361,0.0467237756,0.0479584225,0.0735424757,0.0732794702,0.0000000001,0.0000000000,0.0000000000,0.0000000000,-0.0403140597,0.1803051233,-0.0073465165,0.0354154259,0.1804042757,0.0064578825
15:11:30:29.796,61,0.2054917812,0.2728116512,0.0638497099,0.0000000000,0.0000000000,0.0318059064,0.0000000000,0.2054456174,0.2726595104,0.0624331571,0.0000000000,0.0000000000,0.0318064354,0.0000000000,0.1063252762,0.0037225485,0.0000000000,0.4296926260,0.0752836242,0.1348522455,0.1004863158,0.0241178796,0.0000000000,0.0000000000,0.0000000000,0.0436043143,0.0330545977,0.0486466065,0.0519444458,0.1818506867,0.1748432815,0.0303818956,0.0201436486,0.0415187441,0.0372646675,0.0184542760,0.0174878649,0.4989162087,0.4970094860,0.1177791506,0.1079740152,0.0000000000,0.0000000000,0.2347754538,0.2674005032,0.2682963014,0.0061694090,0.0464959927,0.0477699377,0.0730458796,0.0730254799,0.0000000001,0.0000000000,0.0000000000,0.0000000000,-0.0376102142,0.1666771919,-0.0063258926,0.0384629369,0.1667756736,0.0064731371
15:11:30:30.795,61,0.1837099940,0.2531008720,0.0684767887,0.0000000000,0.0000000000,0.0304566454,0.0000000000,0.1836936325,0.2530022562,0.0580469184,0.0000000000,0.0000000000,0.0304571521,0.0000000000,0.1045877412,0.0021651033,0.0000000000,0.4178939462,0.0750315264,0.1379861534,0.1003800482,0.0234468672,0.0000000000,0.0000000000,0.0000000000,0.0475669019,0.0376326665,0.0484624319,0.0516493693,0.1766994298,0.1702037156,0.0305338316,0.0203526020,0.0417497717,0.0375334546,0.0187064596,0.0176879074,0.4966526330,0.4953475296,0.1175139248,0.1081705391,0.0000000000,0.0000000000,0.2324562818,0.2658517659,0.2667563856,0.0063102632,0.0462003648,0.0475060418,0.0728094876,0.0730398744,0.0000000000,0.0000000000,0.0000000000,0.0000000000,-0.0350360312,0.1546459645,-0.0054606195,0.0413308404,0.1547437459,0.0064453082
15:11:30:31.796,61,0.1653938442,0.2389138937,0.0716075078,0.0000000000,0.0000000000,0.0291758031,0.0000000000,0.1653920114,0.2388475686,0.0549495146,0.0000000000,0.0000000000,0.0291763395,0.0000000000,0.1026151627,0.0005150158,0.0000000000,0.4019952416,0.0747588128,0.1405600011,0.1002749130,0.0227956492,0.0000000000,0.0000000000,0.0000000000,0.0490156934,0.0393935777,0.0482838303,0.0513694510,0.1714651883,0.1661217213,0.0306678955,0.0205956604,0.0419280231,0.0377266854,0.0189644843,0.0178956706,0.4890999198,0.4873760045,0.1170866340,0.1081915125,0.0000000000,0.0000000000,0.2288936228,0.2617190182,0.2626490891,0.0064633023,0.0458831415,0.0472096987,0.0725754946,0.0730587617,0.0000000000,0.0000000000,0.0000000000,0.0000000000,-0.0332099646,0.1459847540,-0.0048819496,0.0432772189,0.1460819691,0.0063653053
15:11:30:32.798,61,0.1523438245,0.2327449769,0.0733879358,0.0000000000,0.0000000000,0.0280934982,0.0000000000,0.1523457468,0.2326955497,0.0532690361,0.0000000000,0.0000000000,0.0280940682,0.0000000000,0.0984291062,0.0000000000,0.0017388565,0.3612520099,0.0744097233,0.1462719440,0.1002727896,0.0216871928,0.0000000000,0.0000000000,0.0000000000,0.0494936593,0.0399766341,0.0481199995,0.0511219576,0.1595859677,0.1575405747,0.0307338461,0.0209226627,0.0421098694,0.0379095376,0.0192813687,0.0181644280,0.4610608816,0.4608910978,0.1165713295,0.1081576422,0.0000000000,0.0000000000,0.2216333598,0.2481073290,0.2489434928,0.0066386727,0.0456371456,0.0469705462,0.0724943951,0.0732531771,0.0000000001,0.0000000000,0.0000000000,0.0000000000,-0.0322118998,0.1422198862,-0.0046114824,0.0443775132,0.1423168778,0.0063564838
15:11:30:33.799,61,0.1423566043,0.2251099348,0.0752717480,0.0000000000,0.0000000000,0.0271757897,0.0000000000,0.1423614174,0.2250768393,0.0514884815,0.0000000000,0.0000000000,0.0271763559,0.0000000000,0.0948904529,0.0000000000,0.0040497216,0.3474380970,0.0740135014,0.1496323198,0.1003475711,0.0206214823,0.0000000000,0.0000000000,0.0000000000,0.0496001169,0.0401135013,0.0479683988,0.0509006158,0.1518293470,0.1511800736,0.0308060274,0.0212970711,0.0423251912,0.0380972996,0.0196316149,0.0184693895,0.4503580630,0.4500459135,0.1159080863,0.1079894304,0.0000000000,0.0000000000,0.2120485008,0.2327779979,0.2335575521,0.0068369899,0.0454048961,0.0467279144,0.0723686889,0.0734106451,0.0000000001,0.0000000000,0.0000000000,0.0000000000,-0.0311556086,0.1375588030,-0.0043122419,0.0455465466,0.1376555115,0.0063073719
15:11:30:34.801,61,0.1351975203,0.2219250500,0.0777857900,0.0000000000,0.0000000000,0.0263429005,0.0000000000,0.1352028549,0.2219160795,0.0490742140,0.0000000000,0.0000000000,0.0263434593,0.0000000000,0.0924498811,0.0000000000,0.0060765622,0.3362640738,0.0735276267,0.1519033760,0.1003902331,0.0195588842,0.0000000000,0.0000000000,0.0000000000,0.0494171418,0.0398733914,0.0478155576,0.0506991893,0.1452226192,0.1453946531,0.0308867041,0.0217166543,0.0425668061,0.0383051708,0.0200188048,0.0188115425,0.4450820088,0.4448506236,0.1153173223,0.1078917235,0.0000000000,0.0000000000,0.2032395601,0.2217887044,0.2225787044,0.0070457999,0.0451633520,0.0464664772,0.0723666921,0.0737092569,0.0000000001,0.0000000000,0.0000000000,0.0000000000,-0.0297026243,0.1356210113,-0.0040525631,0.0470803380,0.1357176453,0.0064266911
15:11:30:35.803,61,0.1305372119,0.2200160772,0.0795961544,0.0000000000,0.0000000000,0.0255780444,0.0000000000,0.1305419207,0.2200244814,0.0472813062,0.0000000000,0.0000000000,0.0255785901,0.0000000000,0.0900341123,0.0000000000,0.0077617471,0.3235521913,0.0730213597,0.1548668444,0.1004382074,0.0186929014,0.0000000000,0.0000000000,0.0000000000,0.0495172031,0.0399127156,0.0476497971,0.0505015776,0.1409266889,0.1418268383,0.0309646819,0.0221362375,0.0428651981,0.0385617726,0.0204181522,0.0191648211,0.4377582967,0.4378399551,0.1147811711,0.1078153402,0.0000000000,0.0000000000,0.1973984241,0.2160194516,0.2168136090,0.0072581852,0.0449611582,0.0462259986,0.0724890679,0.0741212592,0.0000000001,0.0000000000,0.0000000000,0.0000000000,-0.0286219530,0.1344607323,-0.0038713429,0.0481837094,0.1345572919,0.0065202676
15:11:30:36.804,61,0.1254701614,0.2170579731,0.0830578282,0.0000000000,0.0000000000,0.0248785466,0.0000000000,0.1254754364,0.2170993537,0.0438868403,0.0000000000,0.0000000000,0.0248790681,0.0000000000,0.0875798687,0.0000000000,0.0099140014,0.3091309369,0.0723570958,0.1562747508,0.1002672091,0.0178824980,0.0000000000,0.0000000000,0.0000000000,0.0494928546,0.0398535356,0.0474978387,0.0503301062,0.1366773993,0.1384885758,0.0310324188,0.0225572865,0.0431604609,0.0388227031,0.0208306853,0.0195292216,0.4335895777,0.4342490435,0.1142774448,0.1077498645,0.0000000000,0.0000000000,0.1915385127,0.2101569921,0.2109533995,0.0074716979,0.0447706617,0.0459774323,0.0726438537,0.0745642707,0.0000000001,0.0000000000,0.0000000000,0.0000000000,-0.0265734848,0.1326655746,-0.0035457835,0.0502914153,0.1327620447,0.0067133661
15:11:30:37.806,61,0.1211597547,0.2146142870,0.0863881186,0.0000000000,0.0000000000,0.0242318064,0.0000000000,0.1211642027,0.2146873474,0.0405150242,0.0000000000,0.0000000000,0.0242322963,0.0000000000,0.0850364119,0.0000000000,0.0118189342,0.2922032773,0.0711699352,0.1573766023,0.0999079794,0.0168538559,0.0000000000,0.0000000000,0.0000000000,0.0501247793,0.0402620696,0.0473349057,0.0501609184,0.1340322495,0.1366195977,0.0311092678,0.0229196642,0.0435559563,0.0391800515,0.0212651324,0.0199146941,0.4242448807,0.4267039001,0.1139058843,0.1078147739,0.0000000000,0.0000000000,0.1853079498,0.2033070177,0.2041013986,0.0076812529,0.0445990339,0.0457363464,0.0728910267,0.0750900134,0.0000000002,0.0000000000,0.0000000000,0.0000000000,-0.0245366506,0.1311847568,-0.0032370912,0.0523182377,0.1312810630,0.0069048656
15:11:30:38.810,61,0.1179246008,0.2132299989,0.0879534408,0.0000000000,0.0000000000,0.0236171745,0.0000000000,0.1179279983,0.2133180052,0.0387895256,0.0000000000,0.0000000000,0.0236176327,0.0000000000,0.0817272067,0.0000000000,0.0138991810,0.2738460004,0.0693046227,0.1583080590,0.0993188843,0.0160651524,0.0000000000,0.0000000000,0.0000000000,0.0503762662,0.0404489264,0.0471738800,0.0499936752,0.1315119565,0.1346674263,0.0311990827,0.0232421607,0.0440172404,0.0396030098,0.0217311457,0.0203427933,0.4162982404,0.4185971916,0.1137143373,0.1080347598,0.0000000000,0.0000000000,0.1819586456,0.1993358135,0.2001134157,0.0078855427,0.0444460139,0.0454969406,0.0732300133,0.0756961405,0.0000000003,0.0000000000,0.0000000000,0.0000000000,-0.0234942455,0.1303447634,-0.0030795198,0.0532721356,0.1304409057,0.0069851279
15:11:30:39.811,61,0.1151596233,0.2131953388,0.0885699689,0.0000000000,0.0000000000,0.0230382252,0.0000000000,0.1151614785,0.2132897377,0.0381191559,0.0000000000,0.0000000000,0.0230386499,0.0000000000,0.0781981200,0.0000000000,0.0152609739,0.2548962533,0.0663552508,0.1590053588,0.0979162678,0.0153696556,0.0000000000,0.0000000000,0.0000000000,0.0511199050,0.0410147496,0.0469503030,0.0497655608,0.1292643100,0.1325700730,0.0312818959,0.0234581530,0.0445636548,0.0401268676,0.0221992508,0.0207815170,0.4095875919,0.4115191102,0.1137743145,0.1084778160,0.0000000000,0.0000000000,0.1787380576,0.1932368428,0.1940197647,0.0080741299,0.0442515723,0.0452153124,0.0735397339,0.0762608349,0.0000000003,0.0000000000,0.0000000000,0.0000000000,-0.0230882671,0.1303262413,-0.0030258817,0.0536456928,0.1304222941,0.0070330482
15:11:30:40.810,61,0.1132085100,0.2127048820,0.0894845277,0.0000000000,0.0000000000,0.0225034487,0.0000000000,0.1132091954,0.2128081173,0.0371472761,0.0000000000,0.0000000000,0.0225038398,0.0000000000,0.0740152448,0.0000000000,0.0164359342,0.2369454056,0.0634607598,0.1603519619,0.0969391540,0.0147585450,0.0000000000,0.0000000000,0.0000000000,0.0536666177,0.0438622274,0.0466421731,0.0494489744,0.1266261637,0.1299460530,0.0313235670,0.0235793479,0.0451977290,0.0407634079,0.0226819701,0.0212421827,0.3975610435,0.3985525966,0.1141009331,0.1093281582,0.0000000000,0.0000000000,0.1752851158,0.1863496900,0.1871269345,0.0082631418,0.0440621413,0.0449375845,0.0738066658,0.0767642036,0.0000000003,0.0000000000,0.0000000000,0.0000000000,-0.0225004815,0.1300301850,-0.0029420869,0.0542017519,0.1301262081,0.0070895581
15:11:30:41.814,61,0.1116610095,0.2118236423,0.0905886739,0.0000000000,0.0000000000,0.0220204499,0.0000000000,0.1116603091,0.2119368464,0.0360297151,0.0000000000,0.0000000000,0.0220208094,0.0000000000,0.0695127547,0.0000000000,0.0176113863,0.2185413837,0.0614824854,0.1682430655,0.0962872878,0.0142670004,0.0000000000,0.0000000000,0.0000000000,0.0547691062,0.0454668291,0.0463128239,0.0490976535,0.1230132654,0.1263324618,0.0313379578,0.0236890968,0.0461987928,0.0417717248,0.0232175756,0.0217634644,0.3760945797,0.3754930496,0.1145641282,0.1102590412,0.0000000000,0.0000000000,0.1725083441,0.1787896603,0.1795866489,0.0084646540,0.0439891256,0.0447631888,0.0742266029,0.0773844197,0.0000000004,0.0000000000,0.0000000000,0.0000000000,-0.0218250789,0.1294958740,-0.0028419292,0.0548743941,0.1295918524,0.0071476423
15:11:30:42.816,61,0.1106315032,0.2108790427,0.0916718915,0.0000000000,0.0000000000,0.0215875618,0.0000000000,0.1106301844,0.2110018879,0.0349372104,0.0000000000,0.0000000000,0.0215878934,0.0000000000,0.0646570474,0.0000000000,0.0186155103,0.1946314424,0.0596318059,0.1751822382,0.0959159806,0.0137838302,0.0000000000,0.0000000000,0.0000000000,0.0574212410,0.0485542379,0.0459417067,0.0487076826,0.1193706021,0.1225430816,0.0313660651,0.0237614475,0.0485312454,0.0438861363,0.0238348655,0.0223794635,0.3586584628,0.3582912087,0.1149665415,0.1110238060,0.0000000000,0.0000000000,0.1676726639,0.1692443192,0.1700262576,0.0086986069,0.0439035706,0.0445943959,0.0746103004,0.0779829770,0.0000000009,0.0000000000,0.0000000000,0.0000000000,-0.0211648643,0.1289227605,-0.0027436400,0.0555347130,0.1290186942,0.0072012106
15:11:30:43.815,61,0.1099067926,0.2104795277,0.0921882391,0.0000000000,0.0000000000,0.0211929083,0.0000000000,0.1099050716,0.2106069177,0.0344348997,0.0000000000,0.0000000000,0.0211932138,0.0000000000,0.0604567789,0.0000000000,0.0195479169,0.1819905341,0.0581210889,0.1779602766,0.0956813097,0.0133586479,0.0000000000,0.0000000000,0.0000000000,0.0585195683,0.0498226658,0.0455605313,0.0482994840,0.1163287088,0.1192270666,0.0314239971,0.0238066148,0.0511478633,0.0460106544,0.0244849958,0.0230335798,0.3413978517,0.3412795067,0.1151003614,0.1114947647,0.0000000000,0.0000000000,0.1618071347,0.1591782272,0.1599435806,0.0089623984,0.0437907204,0.0444023274,0.0748831928,0.0784620196,0.0000000019,0.0000000000,0.0000000000,0.0000000000,-0.0208612140,0.1286806017,-0.0026991474,0.0558492690,0.1287765205,0.0072282120
15:11:30:44.817,61,0.1093331203,0.2101526409,0.0938263163,0.0000000000,0.0000000000,0.0208429843,0.0000000000,0.1093308628,0.2102958262,0.0327861607,0.0000000000,0.0000000000,0.0208432656,0.0000000000,0.0565093458,0.0000000000,0.0203791559,0.1657437384,0.0564133860,0.1791820824,0.0953196734,0.0129495375,0.0000000000,0.0000000000,0.0000000000,0.0592392348,0.0505681187,0.0451286584,0.0478441827,0.1142338291,0.1169049069,0.0315268263,0.0237640366,0.0540101454,0.0481995046,0.0251450725,0.0237077605,0.3291065693,0.3289327919,0.1150821894,0.1118031442,0.0000000000,0.0000000000,0.1561782807,0.1472447664,0.1480031013,0.0092446497,0.0436117426,0.0441504791,0.0749845728,0.0787697956,0.0000000030,0.0000000000,0.0000000000,0.0000000000,-0.0198628753,0.1284878999,-0.0025661029,0.0568430983,0.1285837740,0.0073455605
15:11:30:45.818,61,0.1087400988,0.2099661678,0.0950452611,0.0000000000,0.0000000000,0.0205465034,0.0000000000,0.1087370515,0.2101210654,0.0315611213,0.0000000000,0.0000000000,0.0205467623,0.0000000000,0.0527423471,0.0000000000,0.0210286099,0.1533447951,0.0550765060,0.1789851636,0.0950001478,0.0126074711,0.0000000000,0.0000000000,0.0000000000,0.0592806377,0.0505889282,0.0446281582,0.0473248214,0.1117807925,0.1140299812,0.0316532627,0.0236591902,0.0567103438,0.0501378290,0.0257941540,0.0243820548,0.3186831474,0.3174237013,0.1149322465,0.1119570136,0.0000000000,0.0000000000,0.1502701342,0.1336038411,0.1343947798,0.0095426328,0.0434010960,0.0438803770,0.0749911740,0.0789689273,0.0000000043,0.0000000000,0.0000000000,0.0000000000,-0.0191209763,0.1283792555,-0.0024681566,0.0575824156,0.1284751594,0.0074346359
15:11:30:46.820,61,0.1079494283,0.2097259909,0.0962386206,0.0000000000,0.0000000000,0.0203165915,0.0000000000,0.1079418436,0.2098922580,0.0303650647,0.0000000000,0.0000000000,0.0203168280,0.0000000000,0.0495012030,0.0000000000,0.0216113944,0.1400825381,0.0534447506,0.1688441485,0.0940164551,0.0123076960,0.0000000000,0.0000000000,0.0000000000,0.0550389700,0.0449523255,0.0440933667,0.0467745997,0.1089665815,0.1107503101,0.0318501815,0.0235031713,0.0587630346,0.0515596122,0.0264192559,0.0250437334,0.3138015568,0.3120522499,0.1147431880,0.1120787039,0.0000000000,0.0000000000,0.1436835527,0.1140256152,0.1148057133,0.0098339980,0.0431324653,0.0435666703,0.0748425126,0.0790115148,0.0000000040,0.0000000000,0.0000000000,0.0000000000,-0.0183966868,0.1282376945,-0.0023720281,0.0583064891,0.1283335984,0.0075196289
15:11:30:47.822,61,0.1065999717,0.2089625895,0.0969062671,0.0000000000,0.0000000000,0.0201984197,0.0000000000,0.1065892428,0.2091345191,0.0296491925,0.0000000000,0.0000000000,0.0201986283,0.0000000000,0.0457733460,0.0000000000,0.0221424345,0.1240987033,0.0518542528,0.1549097002,0.0912428424,0.0120042274,0.0000000000,0.0000000000,0.0000000000,0.0400835238,0.0280682947,0.0434929207,0.0461590849,0.1066163629,0.1081405357,0.0321035311,0.0232553352,0.0609901436,0.0528960191,0.0270037055,0.0256887302,0.3053332269,0.3025829196,0.1143980250,0.1120656580,0.0000000000,0.0000000000,0.1355731338,0.0949283987,0.0956591740,0.0101106428,0.0428450592,0.0432446487,0.0745132491,0.0788714364,0.0000000034,0.0000000000,0.0000000000,0.0000000000,-0.0179640464,0.1277737468,-0.0023077787,0.0587144978,0.1278695464,0.0075445045
15:11:30:48.826,61,0.1050072163,0.2082615495,0.0973860398,0.0000000000,0.0000000000,0.0201574322,0.0000000000,0.1049957946,0.2084372044,0.0291344766,0.0000000000,0.0000000000,0.0201576129,0.0000000000,0.0426823273,0.0000000000,0.0226057544,0.1106299460,0.0507193729,0.1437810510,0.0884462669,0.0117044840,0.0000000000,0.0000000000,0.0000000000,0.0272296388,0.0155900903,0.0428761691,0.0455195904,0.1045745164,0.1059015319,0.0324352756,0.0229704510,0.0640420914,0.0543983839,0.0275861248,0.0263480991,0.2959243655,0.2930232286,0.1138854474,0.1118999571,0.0000000000,0.0000000000,0.1270135045,0.0772752836,0.0778874978,0.0103908088,0.0425122008,0.0428897403,0.0741436183,0.0786875337,0.0000000031,0.0000000000,0.0000000000,0.0000000000,-0.0176531542,0.1273470074,-0.0022601869,0.0590084195,0.1274427921,0.0075566466
15:11:30:49.824,61,0.1040522158,0.2079586983,0.0976004601,0.0000000000,0.0000000000,0.0202013217,0.0000000000,0.1040404961,0.2081361860,0.0288725179,0.0000000000,0.0000000000,0.0202014633,0.0000000000,0.0400438383,0.0000000000,0.0231382437,0.1001355052,0.0498440415,0.1328663528,0.0850114971,0.0113947354,0.0000000000,0.0000000000,0.0000000000,0.0151358601,0.0048916726,0.0422943644,0.0449046567,0.1031489745,0.1045768633,0.0328386426,0.0226548892,0.0679339319,0.0561062768,0.0281622596,0.0270096827,0.2837250531,0.2819737792,0.1128163636,0.1114995554,0.0000000000,0.0000000000,0.1200459152,0.0643702745,0.0649009719,0.0106676333,0.0421931669,0.0425323248,0.0738952458,0.0785979033,0.0000000027,0.0000000000,0.0000000000,0.0000000000,-0.0174948387,0.1271627396,-0.0022366433,0.0591397360,0.1272584349,0.0075623696
15:11:30:50.826,61,0.1045132354,0.2095639259,0.0975885913,0.0000000000,0.0000000000,0.0203880053,0.0000000000,0.1045019478,0.2097436786,0.0288803820,0.0000000000,0.0000000000,0.0203880873,0.0000000000,0.0371661633,0.0000000000,0.0235723425,0.0895099267,0.0491764247,0.1206677333,0.0825863332,0.0110797640,0.0000000000,0.0000000000,0.0154709443,0.0007738397,0.0000000000,0.0416826084,0.0442478657,0.1006838456,0.1021832079,0.0332064256,0.0223206468,0.0710427240,0.0571849160,0.0286840536,0.0276228208,0.2599732578,0.2587754726,0.1066686288,0.1080330461,0.0000000000,0.0000000000,0.1129389107,0.0516488813,0.0521042533,0.0109243756,0.0418579020,0.0421578027,0.0737481043,0.0785858110,0.0000000035,0.0000000000,0.0000000000,0.0000000000,-0.0174973980,0.1281448454,-0.0022544370,0.0591251142,0.1282406598,0.0076194946
15:11:30:51.828,61,0.1159425601,0.2139294147,0.0971891806,0.0000000000,0.0000000000,0.0207122620,0.0000000000,0.1159308106,0.2141116112,0.0292978808,0.0000000000,0.0000000000,0.0207122583,0.0000000000,0.0342606083,0.0000000000,0.0239184611,0.0805570781,0.0486134030,0.1110092252,0.0812259689,0.0107382983,0.0000000000,0.0106248297,0.0268271770,0.0000000000,0.0000000000,0.0409930460,0.0434060022,0.0969400108,0.0985325426,0.0334836990,0.0219386593,0.0736097842,0.0580984131,0.0291559361,0.0281838290,0.2333029062,0.2335623503,0.0986176133,0.1012885943,0.0000000000,0.0000000000,0.1061408222,0.0405876823,0.0409951210,0.0111685125,0.0415247977,0.0417829826,0.0735739917,0.0785132200,0.0000000042,0.0000000000,0.0000000000,0.0000000000,-0.0177441780,0.1308140457,-0.0023343931,0.0588626787,0.1309100986,0.0077454117
15:11:30:52.830,61,0.1355704963,0.2217226774,0.0961801037,0.0000000000,0.0000000000,0.0211297553,0.0000000000,0.1355481446,0.2219055593,0.0304053072,0.0000000000,0.0000000000,0.0211296454,0.0000000000,0.0322301723,0.0000000000,0.0241812058,0.0754347444,0.0482346602,0.1069840640,0.0803954005,0.0104214074,0.0000000000,0.0165782515,0.0325362273,0.0000000000,0.0000000000,0.0403416231,0.0426711962,0.0952859521,0.0968964398,0.0337105468,0.0215652697,0.0757994726,0.0588831082,0.0296145491,0.0287239626,0.2237986475,0.2242785394,0.0933551490,0.0962644145,0.0000000000,0.0000000000,0.1020683944,0.0334751308,0.0338711962,0.0114152106,0.0412612930,0.0414750166,0.0735484809,0.0785699785,0.0000000047,0.0000000000,0.0000000000,0.0000000000,-0.0184031464,0.1355775148,-0.0025103062,0.0582144000,0.1356739402,0.0079423422
15:11:30:53.831,61,0.1475113332,0.2324107289,0.0939922407,0.0000000000,0.0000000000,0.0213619415,0.0000000000,0.1474882066,0.2325840890,0.0328145362,0.0000000000,0.0000000000,0.0213617515,0.0000000000,0.0308133066,0.0000000000,0.0244177114,0.0719342530,0.0479152165,0.1045114473,0.0797841325,0.0101356562,0.0000000000,0.0199085940,0.0357757732,0.0000000000,0.0000000000,0.0397176445,0.0419742689,0.0937848911,0.0952792540,0.0339247100,0.0212058630,0.0783975273,0.0596761331,0.0300461408,0.0292311553,0.2186521292,0.2193096280,0.0900929943,0.0931749418,0.0000000000,0.0000000000,0.0994059220,0.0304091740,0.0307987165,0.0116435112,0.0408919491,0.0410671048,0.0737115815,0.0788071454,0.0000000054,0.0000000000,0.0000000000,0.0000000000,-0.0198432598,0.1421057433,-0.0028387827,0.0568382964,0.1422028244,0.0081329327
15:11:30:54.833,61,0.1525522321,0.2433824837,0.0939869359,0.0000000000,0.0000000000,0.0213501453,0.0000000000,0.1525283605,0.2435689420,0.0331193209,0.0000000000,0.0000000000,0.0213498957,0.0000000000,0.0296841376,0.0000000000,0.0245837923,0.0684066787,0.0475793518,0.1017293930,0.0793396235,0.0098382505,0.0000000000,0.0206018444,0.0365121625,0.0000000000,0.0000000000,0.0390524454,0.0412443355,0.0917460397,0.0931513011,0.0340796635,0.0208295360,0.0822916329,0.0616060197,0.0304278191,0.0296793990,0.2119885385,0.2129390538,0.0878385901,0.0910898224,0.0000000000,0.0000000000,0.0976779014,0.0294101052,0.0298076030,0.0118584959,0.0403708704,0.0405116826,0.0739927366,0.0791671798,0.0000000070,0.0000000000,0.0000000000,0.0000000000,-0.0200078879,0.1488178074,-0.0029994980,0.0567793064,0.1489156783,0.0085136071
15:11:30:55.834,61,0.1550734341,0.2536622882,0.0963960439,0.0000000000,0.0000000000,0.0211621188,0.0000000000,0.1550494730,0.2538891733,0.0311027970,0.0000000000,0.0000000000,0.0211618170,0.0000000000,0.0281880461,0.0000000000,0.0247184150,0.0624436624,0.0471800603,0.0886026919,0.0788720846,0.0095417723,0.0000000000,0.0183190610,0.0348638520,0.0000000000,0.0000000000,0.0380826294,0.0399800576,0.0875311866,0.0889654830,0.0341188498,0.0204005409,0.0842062831,0.0626305714,0.0306586921,0.0299769174,0.1867315024,0.1886470318,0.0816737264,0.0852799416,0.0000000000,0.0000000000,0.0956337154,0.0296456032,0.0300470013,0.0120283924,0.0396164767,0.0396778882,0.0740428194,0.0792879984,0.0000000081,0.0000000000,0.0000000000,0.0000000000,-0.0187715478,0.1551196575,-0.0029352370,0.0581786782,0.1552182287,0.0090982327
15:11:30:56.836,61,0.1544958353,0.2561685145,0.0988702625,0.0000000000,0.0000000000,0.0208700243,0.0000000000,0.1544744223,0.2564277053,0.0288515333,0.0000000000,0.0000000000,0.0208696853,0.0000000000,0.0263471659,0.0000000000,0.0247202944,0.0562798865,0.0468415618,0.0767687857,0.0786237046,0.0093078725,0.0000000000,0.0115043819,0.0214653574,0.0000000000,0.0000000000,0.0364441685,0.0379549637,0.0822300613,0.0834752619,0.0340607651,0.0199351497,0.0858550668,0.0634270012,0.0307506286,0.0301399287,0.1542364359,0.1540361941,0.0714505836,0.0747805610,0.0000000000,0.0000000000,0.0920728669,0.0302028693,0.0306123886,0.0121882353,0.0385345556,0.0385605022,0.0738884881,0.0791664943,0.0000000125,0.0000000000,0.0000000000,0.0000000000,-0.0174085964,0.1566667259,-0.0027497371,0.0596575588,0.1567656696,0.0094237579
15:11:30:57.837,61,0.1444955915,0.2539800704,0.0996841118,0.0000000000,0.0000000000,0.0205385201,0.0000000000,0.1444740593,0.2542454898,0.0280947182,0.0000000000,0.0000000000,0.0205381531,0.0000000000,0.0243458152,0.0000000000,0.0244999081,0.0498177484,0.0465032160,0.0670239776,0.0785008669,0.0091953175,0.0000000000,0.0078591052,0.0165820122,0.0000000000,0.0000000000,0.0344742574,0.0356491171,0.0772369951,0.0780905038,0.0339128710,0.0194192901,0.0875129625,0.0640754253,0.0307361204,0.0302018262,0.1355528682,0.1355273128,0.0632723570,0.0662129298,0.0000000000,0.0000000000,0.0863583833,0.0302943941,0.0307083745,0.0123344297,0.0373274051,0.0373978876,0.0735418350,0.0788116753,0.0000000157,0.0000000000,0.0000000000,0.0000000000,-0.0169554986,0.1553322375,-0.0026549913,0.0601612665,0.1554310918,0.0094210040
15:11:30:58.839,61,0.1332411170,0.2519128323,0.0994925126,0.0000000000,0.0000000000,0.0201879796,0.0000000000,0.1332218349,0.2521726489,0.0283002984,0.0000000000,0.0000000000,0.0201875903,0.0000000000,0.0221212879,0.0000000000,0.0240495000,0.0430181772,0.0461029932,0.0569194295,0.0783600807,0.0091600362,0.0000000000,0.0054210704,0.0125004286,0.0000000000,0.0000000000,0.0320781283,0.0329690464,0.0722046196,0.0727128461,0.0336639285,0.0188295208,0.0896192715,0.0646752641,0.0305869970,0.0301387478,0.1073830724,0.1067647189,0.0554093570,0.0581345558,0.0000000000,0.0000000000,0.0805506781,0.0303258821,0.0307424106,0.0124524813,0.0360048674,0.0362105966,0.0725955814,0.0776070282,0.0000000158,0.0000000000,0.0000000000,0.0000000000,-0.0170829389,0.1540661603,-0.0026527913,0.0600574613,0.1541649550,0.0093269292
15:11:30:59.843,61,0.1223756745,0.2499137521,0.0989328325,0.0000000000,0.0000000000,0.0198156871,0.0000000000,0.1223550066,0.2501641810,0.0287934039,0.0000000000,0.0000000000,0.0198152792,0.0000000000,0.0201225709,0.0000000000,0.0234747324,0.0372567624,0.0454910919,0.0488108806,0.0780376717,0.0091867615,0.0000000000,0.0036980831,0.0105692158,0.0000000000,0.0000000000,0.0298044775,0.0304913670,0.0667060688,0.0668661147,0.0333667397,0.0181965623,0.0916046351,0.0652367398,0.0303738415,0.0300199706,0.0923460200,0.0915260315,0.0493555367,0.0519213788,0.0000000000,0.0000000000,0.0743160695,0.0299622510,0.0303799957,0.0125617413,0.0345176049,0.0349198617,0.0707328692,0.0753949210,0.0000000152,0.0000000000,0.0000000000,0.0000000000,-0.0173838940,0.1528398991,-0.0026776951,0.0597309023,0.1529385149,0.0092013190
15:11:31:00.845,61,0.1130698547,0.2486280352,0.0995245576,0.0000000000,0.0000000000,0.0194313172,0.0000000000,0.1130394265,0.2488833219,0.0282332189,0.0000000000,0.0000000000,0.0194308944,0.0000000000,0.0185038447,0.0000000000,0.0223457739,0.0332595967,0.0439680591,0.0425050296,0.0777484253,0.0092373025,0.0000000000,0.0023289663,0.0093194414,0.0000000000,0.0000000000,0.0278327744,0.0283867102,0.0615689307,0.0616835207,0.0329965055,0.0175400693,0.0941752419,0.0658655912,0.0301625188,0.0299070347,0.0786462501,0.0775466487,0.0443620346,0.0466143228,0.0000000000,0.0000000000,0.0689505711,0.0294262432,0.0298477300,0.0126911011,0.0330627225,0.0336548574,0.0687160492,0.0731058270,0.0000000116,0.0000000000,0.0000000000,0.0000000000,-0.0170477331,0.1520564556,-0.0026122502,0.0600953959,0.1521550566,0.0092092361
15:11:31:01.844,61,0.1029919311,0.2462285012,0.1008791178,0.0000000000,0.0000000000,0.0190568771,0.0000000000,0.1029514000,0.2464956939,0.0268905647,0.0000000000,0.0000000000,0.0190564413,0.0000000000,0.0171455704,0.0000000000,0.0193671510,0.0301653240,0.0410933010,0.0360794030,0.0774174705,0.0092611592,0.0000000000,0.0014830106,0.0088224970,0.0000000000,0.0000000000,0.0261775069,0.0266725775,0.0571661294,0.0572429933,0.0325320661,0.0168673228,0.0965492129,0.0665088594,0.0299578384,0.0298084505,0.0643499270,0.0628766045,0.0388718136,0.0406551734,0.0000000000,0.0000000000,0.0641825944,0.0287842881,0.0292112194,0.0128518464,0.0316944011,0.0324805491,0.0666090995,0.0708701089,0.0000000126,0.0000000000,0.0000000000,0.0000000000,-0.0162406266,0.1505956799,-0.0024643133,0.0609269217,0.1506941766,0.0092454823
15:11:31:02.845,61,0.0956534669,0.2417583615,0.1021443084,0.0000000000,0.0000000000,0.0187008437,0.0000000000,0.0956159234,0.2420331538,0.0255190525,0.0000000000,0.0000000000,0.0187004022,0.0000000000,0.0161311757,0.0000000000,0.0162919369,0.0276819244,0.0377818979,0.0315626599,0.0770134926,0.0091845402,0.0000000000,0.0001788489,0.0081824847,0.0000000000,0.0000000000,0.0248984564,0.0253476556,0.0540636294,0.0541286282,0.0320346728,0.0161903575,0.1011539251,0.0682691708,0.0298519749,0.0298124421,0.0548911057,0.0535424724,0.0349116474,0.0364509560,0.0000000000,0.0000000000,0.0603079014,0.0282059982,0.0286351815,0.0130735217,0.0304080620,0.0313959010,0.0645101070,0.0688186958,0.0000000267,0.0000000000,0.0000000000,0.0000000000,-0.0154186180,0.1478673518,-0.0022965784,0.0617163517,0.1479655504,0.0091930293
15:11:31:03.850,61,0.0890604258,0.2373331189,0.1027688980,0.0000000000,0.0000000000,0.0183799900,0.0000000000,0.0890219733,0.2376079410,0.0247600488,0.0000000000,0.0000000000,0.0183795467,0.0000000000,0.0152713442,0.0000000000,0.0125710201,0.0257214792,0.0343479700,0.0276643727,0.0766088590,0.0091562727,0.0000000000,0.0000000000,0.0077013937,0.0009552795,0.0000000000,0.0239977837,0.0244248491,0.0517945103,0.0516729802,0.0315808281,0.0155268619,0.1138564944,0.0746386200,0.0298936144,0.0299809389,0.0469040498,0.0456768982,0.0316291936,0.0329167061,0.0000000000,0.0000000000,0.0565965250,0.0273728874,0.0278032031,0.0133529631,0.0292639583,0.0304103065,0.0628605261,0.0671388730,0.0000000819,0.0000000000,0.0000000000,0.0000000000,-0.0149659971,0.1451628208,-0.0021878108,0.0621184893,0.1452606916,0.0090812901
15:11:31:04.851,61,0.0817032978,0.2339031249,0.1035238281,0.0000000000,0.0000000000,0.0180725474,0.0000000000,0.0816668272,0.2341805845,0.0239354987,0.0000000000,0.0000000000,0.0180721004,0.0000000000,0.0145256761,0.0000000000,0.0100766979,0.0239684321,0.0305770785,0.0240069777,0.0759320706,0.0090877544,0.0000000000,0.0000000000,0.0071920608,0.0021253307,0.0000000000,0.0233509839,0.0237620249,0.0490599535,0.0486340746,0.0311074946,0.0149078574,0.1225382686,0.0814370364,0.0300459191,0.0302753225,0.0394870639,0.0383378640,0.0286578983,0.0298256632,0.0000000000,0.0000000000,0.0530910641,0.0266892407,0.0271200594,0.0136404652,0.0280278735,0.0292846337,0.0607374981,0.0650464520,0.0000001714,0.0000000000,0.0000000000,0.0000000000,-0.0144720040,0.1430678666,-0.0020846461,0.0625938326,0.1431655884,0.0090168780
15:11:31:05.850,61,0.0742814839,0.2310929149,0.1046814471,0.0000000000,0.0000000000,0.0177672822,0.0000000000,0.0742258132,0.2313782722,0.0227310117,0.0000000000,0.0000000000,0.0177668314,0.0000000000,0.0138689615,0.0000000000,0.0082529420,0.0223705508,0.0271559954,0.0209400654,0.0729941875,0.0091014616,0.0000000000,0.0000000000,0.0072733760,0.0026856638,0.0000000000,0.0229794718,0.0233693607,0.0467648581,0.0459137857,0.0306263082,0.0143373562,0.1308938861,0.0880626664,0.0303249005,0.0307141598,0.0344456546,0.0333006084,0.0262493324,0.0273472611,0.0000000000,0.0000000000,0.0497616716,0.0256810449,0.0260958485,0.0139039103,0.0267216396,0.0280640237,0.0585490577,0.0628891215,0.0000003560,0.0000000000,0.0000000000,0.0000000000,-0.0137471091,0.1413544267,-0.0019561972,0.0633092970,0.1414519250,0.0090091666
15:11:31:06.855,61,0.0692667812,0.2285520434,0.1064258292,0.0000000000,0.0000000000,0.0174973607,0.0000000000,0.0692010149,0.2288516164,0.0209530909,0.0000000000,0.0000000000,0.0174968969,0.0000000000,0.0132774357,0.0000000000,0.0067402232,0.0211533532,0.0247696266,0.0188709609,0.0702455044,0.0091317585,0.0000000000,0.0000000000,0.0073510832,0.0032153414,0.0000000000,0.0227637142,0.0231313538,0.0451720878,0.0440129824,0.0301547833,0.0138058932,0.1375071257,0.0935266614,0.0306608956,0.0312169027,0.0313401446,0.0301892981,0.0246103648,0.0256684758,0.0000000000,0.0000000000,0.0470768921,0.0243691914,0.0247534104,0.0141402679,0.0257244930,0.0270939823,0.0566316396,0.0610141866,0.0000005255,0.0000000000,0.0000000000,0.0000000000,-0.0126746381,0.1398088038,-0.0017836132,0.0643783584,0.1399062127,0.0090596555
15:11:31:07.856,61,0.0668444782,0.2264348269,0.1084859222,0.0000000000,0.0000000000,0.0172697082,0.0000000000,0.0667742789,0.2267525345,0.0188281275,0.0000000000,0.0000000000,0.0172692314,0.0000000000,0.0127587989,0.0000000000,0.0054478096,0.0202366766,0.0233490244,0.0176005084,0.0690292418,0.0091612889,0.0000000000,0.0000000000,0.0071897511,0.0039354116,0.0000000000,0.0226918664,0.0230360646,0.0441459492,0.0428615771,0.0297900159,0.0133204404,0.1478490680,0.1007201746,0.0311796740,0.0320084840,0.0295734350,0.0284254905,0.0235267617,0.0245664828,0.0000000000,0.0000000000,0.0451498553,0.0216494910,0.0219476670,0.0144454455,0.0249211937,0.0263023861,0.0555674993,0.0599645227,0.0000006003,0.0000000000,0.0000000000,0.0000000000,-0.0113912858,0.1385242939,-0.0015881053,0.0656364113,0.1386216134,0.0091505256
15:11:31:08.858,61,0.0655517951,0.2242064327,0.1105243042,0.0000000000,0.0000000000,0.0171103664,0.0000000000,0.0654786974,0.2245413959,0.0167359672,0.0000000000,0.0000000000,0.0171098672,0.0000000000,0.0123015186,0.0000000000,0.0042993077,0.0194595288,0.0222806763,0.0166450478,0.0681614131,0.0092368172,0.0000000000,0.0000000000,0.0069372836,0.0046909768,0.0000000000,0.0227458216,0.0230628066,0.0433518514,0.0419855639,0.0295052994,0.0128847137,0.1556368023,0.1067384556,0.0318022221,0.0331442840,0.0283632856,0.0272142645,0.0226862263,0.0237165131,0.0000000000,0.0000000000,0.0436274409,0.0183029212,0.0185549073,0.0147574693,0.0242274031,0.0256100260,0.0547769032,0.0591911525,0.0000007556,0.0000000000,0.0000000000,0.0000000000,-0.0101273954,0.1371716112,-0.0013979455,0.0668822601,0.1372687370,0.0092317993
15:11:31:09.859,61,0.0648464635,0.2218751460,0.1134657040,0.0000000000,0.0000000000,0.0170038026,0.0000000000,0.0647707209,0.2222360671,0.0137746911,0.0000000000,0.0000000000,0.0170032717,0.0000000000,0.0119101899,0.0000000000,0.0032634665,0.0187733956,0.0214168057,0.0158873070,0.0675654411,0.0093417950,0.0000000000,0.0000000000,0.0064310599,0.0057325242,0.0000000000,0.0229287110,0.0232186560,0.0427492261,0.0413266383,0.0293000732,0.0124930665,0.1630354226,0.1120744720,0.0326561257,0.0346983373,0.0275038034,0.0263495892,0.0220018048,0.0230277702,0.0000000000,0.0000000000,0.0422246009,0.0127857588,0.0130684394,0.0150998309,0.0236059651,0.0249865428,0.0541786328,0.0586157814,0.0000008297,0.0000000000,0.0000000000,0.0000000000,-0.0083370591,0.1357610375,-0.0011388394,0.0686756000,0.1358580589,0.0093803098
15:11:31:10.858,61,0.0647400618,0.2196641415,0.1158358008,0.0000000000,0.0000000000,0.0169584900,0.0000000000,0.0646623597,0.2200446427,0.0114163142,0.0000000000,0.0000000000,0.0169579051,0.0000000000,0.0115738334,0.0000000000,0.0023578566,0.0181576107,0.0206795242,0.0152580338,0.0671469569,0.0094438493,0.0000000000,0.0000000000,0.0032207998,0.0152632250,0.0000000000,0.0231233463,0.0233898815,0.0422133319,0.0407547206,0.0291499831,0.0121375946,0.1680733263,0.1159642935,0.0335244983,0.0360831916,0.0268386658,0.0256803948,0.0214100536,0.0224368609,0.0000000000,0.0000000000,0.0406373404,0.0044229990,0.0048271241,0.0154663539,0.0230289511,0.0244026128,0.0536630899,0.0581206828,0.0000009051,0.0000000000,0.0000000000,0.0000000000,-0.0069109225,0.1344208568,-0.0009346003,0.0701229423,0.1345178038,0.0094820336
15:11:31:11.860,61,0.0648842454,0.2177348733,0.1186113134,0.0000000000,0.0000000000,0.0169612207,0.0000000000,0.0648056045,0.2181392759,0.0086991983,0.0000000000,0.0000000000,0.0169605576,0.0000000000,0.0112843979,0.0000000000,0.0015842249,0.0175976772,0.0200320240,0.0147285284,0.0669594631,0.0095252106,0.0000000000,0.0000000000,0.0000000000,0.0313580148,0.0100283232,0.0232787281,0.0235238615,0.0417229421,0.0402423479,0.0290491525,0.0118064787,0.1736845523,0.1204199940,0.0344628841,0.0373864174,0.0262750443,0.0251195934,0.0209058840,0.0219334438,0.0058577927,0.0053774435,0.0390745997,0.0000000000,0.0000000000,0.0158682745,0.0225088224,0.0238714665,0.0532370210,0.0577108562,0.0000010621,0.0000000000,0.0000000000,0.0000000000,-0.0052669286,0.1332555860,-0.0007060281,0.0718144849,0.1333524585,0.0096252337
15:11:31:12.861,61,0.0652173981,0.2152919322,0.1214339212,0.0000000000,0.0000000000,0.0170441195,0.0000000000,0.0651384220,0.2157189250,0.0059048412,0.0000000000,0.0000000000,0.0170433577,0.0000000000,0.0110605219,0.0000000000,0.0008906890,0.0170975178,0.0194584224,0.0142936101,0.0669682398,0.0096166041,0.0000000000,0.0000000000,0.0000000000,0.0370984226,0.0151992077,0.0235347860,0.0237577055,0.0413754806,0.0398719944,0.0290620830,0.0115185864,0.1851914674,0.1279888451,0.0364923626,0.0397976264,0.0258337818,0.0246783737,0.0204956234,0.0215267986,0.0187806692,0.0182508621,0.0378519148,0.0000000000,0.0000000000,0.0163318478,0.0220726356,0.0234189928,0.0529620349,0.0574640073,0.0000010621,0.0000000000,0.0000000000,0.0000000000,-0.0035757900,0.1317760497,-0.0004739490,0.0735380277,0.1318728328,0.0097451806
15:11:31:13.866,61,0.0656885654,0.2132158577,0.1232673749,0.0000000000,0.0000000000,0.0171910524,0.0000000000,0.0656092763,0.2136558890,0.0040917075,0.0000000000,0.0000000000,0.0171901826,0.0000000000,0.0108875167,0.0000000000,0.0002571698,0.0166514087,0.0189462379,0.0139350910,0.0671980307,0.0096814372,0.0000000000,0.0000000000,0.0000000000,0.0403776988,0.0182435382,0.0238704067,0.0240747984,0.0411367491,0.0396140143,0.0291531999,0.0112679256,0.1938367039,0.1342177391,0.0387648940,0.0423491038,0.0254969224,0.0243412256,0.0201530904,0.0211895760,0.0336127505,0.0330703072,0.0367772505,0.0000000000,0.0000000000,0.0168251898,0.0217006430,0.0230327006,0.0528084002,0.0573453829,0.0000010027,0.0000000000,0.0000000000,0.0000000000,-0.0024782240,0.1305153668,-0.0003252951,0.0746607631,0.1306120902,0.0097980108
15:11:31:14.867,61,0.0660774931,0.2106541842,0.1257028580,0.0000000000,0.0000000000,0.0173901543,0.0000000000,0.0659987554,0.2111116201,0.0016398012,0.0000000000,0.0000000000,0.0173891559,0.0000000000,0.0107427780,0.0002917079,0.0000000000,0.0162574779,0.0184922330,0.0136400908,0.0676143244,0.0096876211,0.0000000000,0.0000000000,0.0000000000,0.0447068475,0.0231899787,0.0241719354,0.0243622772,0.0409252942,0.0393933989,0.0292703900,0.0110489987,0.1983742118,0.1377999038,0.0405630581,0.0442709401,0.0252093934,0.0240534954,0.0198461618,0.0208912827,0.0471811816,0.0466292351,0.0357665680,0.0000000000,0.0000000000,0.0173579603,0.0213833824,0.0226972960,0.0527041815,0.0572873317,0.0000009355,0.0000000000,0.0000000000,0.0000000000,-0.0009933795,0.1289608479,-0.0001288220,0.0761513934,0.1290574223,0.0098729646
15:11:31:15.869,61,0.0665485337,0.2086969316,0.1273430288,0.0000000000,0.0000000000,0.0176487844,0.0000000000,0.0664704666,0.2091650814,0.0000094664,0.0000000000,0.0000000000,0.0176476408,0.0000000000,0.0106445486,0.0007974354,0.0000000000,0.0159031916,0.0180784557,0.0133950487,0.0680744275,0.0097110076,0.0000000000,0.0000000000,0.0000000000,0.0476523452,0.0266974941,0.0245465860,0.0247194637,0.0408186577,0.0392633602,0.0294521898,0.0108656865,0.2036798000,0.1414462179,0.0425635055,0.0464255363,0.0250144973,0.0238533989,0.0195922237,0.0206429064,0.0670536235,0.0664938390,0.0349023826,0.0000000000,0.0000000000,0.0179002695,0.0211328603,0.0224285536,0.0527262166,0.0573713146,0.0000011417,0.0000000000,0.0000000000,0.0000000000,-0.0000057355,0.1277716756,-0.0000007369,0.0771568790,0.1278681904,0.0099098729
15:11:31:16.870,61,0.0669052526,0.2059038132,0.1296079606,0.0000000000,0.0000000000,0.0179503672,0.0000000000,0.0668280795,0.2063859999,0.0000000000,0.0022742606,0.0000000000,0.0179490652,0.0000000000,0.0105637936,0.0012866249,0.0000000000,0.0155786686,0.0176927987,0.0131700728,0.0685932934,0.0097485576,0.0000000000,0.0000000000,0.0000000000,0.0533854850,0.0330221914,0.0248621851,0.0250180867,0.0406878293,0.0391067415,0.0296201538,0.0106997443,0.2068229318,0.1438959986,0.0438728817,0.0477852710,0.0248269737,0.0236592647,0.0193518903,0.0204046275,0.0842945576,0.0837258995,0.0339700580,0.0000000000,0.0000000000,0.0184140839,0.0209145229,0.0221925434,0.0527643152,0.0574765503,0.0000012862,0.0000000000,0.0000000000,0.0000000000,0.0013782405,0.1260741800,0.0001746870,0.0785462558,0.1261705607,0.0099525787
15:11:31:17.872,61,0.0672982857,0.2037486434,0.1316464245,0.0000000000,0.0000000000,0.0182956662,0.0000000000,0.0672219023,0.2042440623,0.0000000000,0.0043022721,0.0000000000,0.0182941873,0.0000000000,0.0105008371,0.0017179342,0.0000000000,0.0152883315,0.0173449609,0.0129743051,0.0691352114,0.0097858245,0.0000000000,0.0000000000,0.0000000000,0.0556654856,0.0356407315,0.0251931213,0.0253328104,0.0405986868,0.0389902070,0.0297994576,0.0105562992,0.2091872096,0.1455357969,0.0449194945,0.0488628931,0.0247022752,0.0235252082,0.0191409439,0.0201952383,0.1010095105,0.1004283652,0.0331615359,0.0000000000,0.0000000000,0.0188990049,0.0207458511,0.0220085662,0.0528893620,0.0576808453,0.0000014958,0.0000000000,0.0000000000,0.0000000000,0.0026076802,0.1247660369,0.0003270483,0.0797948241,0.1248623207,0.0100045130
15:11:31:18.873,61,0.0676411167,0.2021085322,0.1339250207,0.0000000000,0.0000000000,0.0186299607,0.0000000000,0.0675655827,0.2026207149,0.0000000000,0.0066035949,0.0000000000,0.0186283011,0.0000000000,0.0104324194,0.0021046973,0.0000000000,0.0150123211,0.0170189533,0.0127897281,0.0695662498,0.0098106330,0.0000000000,0.0000000000,0.0000000000,0.0567706972,0.0369875133,0.0255031511,0.0256303996,0.0404951051,0.0388647877,0.0299399700,0.0104257232,0.2104322761,0.1465440542,0.0457489304,0.0497048385,0.0245904457,0.0234021414,0.0189369973,0.0199949741,0.1073044986,0.1067174003,0.0324157067,0.0000000000,0.0000000000,0.0193371139,0.0205904339,0.0218366906,0.0529727042,0.0578480512,0.0000022366,0.0000000000,0.0000000000,0.0000000000,0.0040030461,0.1237749681,0.0004980214,0.0811860710,0.1238711998,0.0100969253
15:11:31:19.875,61,0.0680111870,0.1998349279,0.1365962178,0.0000000000,0.0000000000,0.0189843588,0.0000000000,0.0679368377,0.2003651559,0.0000000000,0.0093018236,0.0000000000,0.0189824905,0.0000000000,0.0103847533,0.0024256031,0.0000000000,0.0147680398,0.0167254545,0.0126258610,0.0699715391,0.0098363031,0.0000000000,0.0000000000,0.0000000000,0.0573493503,0.0377753973,0.0258264281,0.0259428360,0.0403922647,0.0387425423,0.0301008150,0.0103208479,0.2114101648,0.1473672986,0.0465312265,0.0504965819,0.0245236885,0.0233222470,0.0187569503,0.0198160652,0.1128400937,0.1122469604,0.0316965580,0.0000000000,0.0000000000,0.0197535828,0.0204646997,0.0216882732,0.0530983061,0.0580662005,0.0000021488,0.0000000000,0.0000000000,0.0000000000,0.0056396523,0.1223980710,0.0006937467,0.0828195214,0.1224941984,0.0101839537
15:11:31:20.873,61,0.0682284981,0.1973336637,0.1396977752,0.0000000000,0.0000000000,0.0193464346,0.0000000000,0.0681549460,0.1978846192,0.0000000000,0.0124089476,0.0000000000,0.0193443634,0.0000000000,0.0103563303,0.0027266904,0.0000000000,0.0145524517,0.0164672378,0.0125087993,0.0705372021,0.0098384218,0.0000000000,0.0000000000,0.0000000000,0.0585019588,0.0391470902,0.0261440631,0.0262565203,0.0403617062,0.0387022682,0.0302870423,0.0102217756,0.2136553228,0.1488556415,0.0473088324,0.0512794219,0.0244872235,0.0232740697,0.0186156388,0.0196767356,0.1165260971,0.1159143448,0.0310640465,0.0000000000,0.0000000000,0.0201906282,0.0203729942,0.0215762611,0.0532473885,0.0583193265,0.0000028090,0.0000000000,0.0000000000,0.0000000000,0.0075248801,0.1208842844,0.0009140878,0.0847157687,0.1209802628,0.0102865538
15:11:31:21.875,61,0.0684303343,0.1949381381,0.1429391652,0.0000000000,0.0000000000,0.0197786912,0.0000000000,0.0683570877,0.1955107152,0.0000000000,0.0156652872,0.0000000000,0.0197763834,0.0000000000,0.0103433393,0.0030018524,0.0000000000,0.0143595180,0.0162306577,0.0124196829,0.0714412406,0.0098058898,0.0000000000,0.0000000000,0.0000000000,0.0591273345,0.0399026051,0.0265417565,0.0266526807,0.0404042304,0.0387434848,0.0305084810,0.0101328334,0.2212103009,0.1534060985,0.0486316383,0.0526320152,0.0244963244,0.0232749525,0.0185229201,0.0195878465,0.1278368235,0.1271846741,0.0305177439,0.0000000000,0.0000000000,0.0206183866,0.0203425530,0.0215268601,0.0535010882,0.0586808324,0.0000031055,0.0000000000,0.0000000000,0.0000000000,0.0095012113,0.1194361299,0.0011401972,0.0866966471,0.1195320114,0.0103992494
15:11:31:22.877,61,0.0684857816,0.1919734329,0.1464080960,0.0000000000,0.0000000000,0.0202658754,0.0000000000,0.0684126392,0.1925668865,0.0000000000,0.0191793572,0.0000000000,0.0202633161,0.0000000000,0.0103284530,0.0032447097,0.0000000000,0.0141937630,0.0160220414,0.0123498235,0.0725853816,0.0097462246,0.0000000000,0.0000000000,0.0000000000,0.0592844747,0.0401404612,0.0269664899,0.0270771384,0.0404633582,0.0388117507,0.0307293255,0.0100534875,0.2258830667,0.1566383541,0.0498044491,0.0538371652,0.0245333649,0.0233066529,0.0184617657,0.0195315499,0.1440106779,0.1433566064,0.0300124306,0.0000000000,0.0000000000,0.0210109428,0.0203693490,0.0215377621,0.0538340583,0.0591189116,0.0000029796,0.0000000000,0.0000000000,0.0000000000,0.0116350334,0.1176404208,0.0013750677,0.0888197348,0.1177361608,0.0104916906
15:11:31:23.879,61,0.0680777580,0.1796634793,0.1518919617,0.0000000000,0.0000000000,0.0220879968,0.0000000000,0.0680052340,0.1802572012,0.0000000000,0.0249675140,0.0000000000,0.0220835842,0.0000000000,0.0103231631,0.0035246420,0.0000000000,0.0140595743,0.0158381816,0.0122863771,0.0731902942,0.0096584996,0.0000000000,0.0000000000,0.0000000000,0.0587494262,0.0383843444,0.0274221320,0.0275395811,0.0405725949,0.0389162675,0.0308643673,0.0099975811,0.2278380394,0.1580954194,0.0506875068,0.0547320135,0.0246156678,0.0233877562,0.0183632690,0.0194348153,0.1828452349,0.1822292805,0.0294372644,0.0000000000,0.0000000000,0.0213106088,0.0205467772,0.0217141900,0.0541933514,0.0595915653,0.0000033096,0.0000000000,0.0000000000,0.0000000000,0.0151594104,0.1101255864,0.0016761549,0.0922256932,0.1102204844,0.0101917097
15:11:31:24.880,61,0.0641028360,0.1546503603,0.1570319831,0.0000000000,0.0000000000,0.0293960515,0.0000000000,0.0640395880,0.1551806331,0.0000000000,0.0306943897,0.0000000000,0.0293833297,0.0000000000,0.0103390226,0.0037882614,0.0000000000,0.0139747160,0.0156935379,0.0122454874,0.0733503997,0.0094884103,0.0000000000,0.0000000000,0.0000000000,0.0571247190,0.0355644003,0.0278593581,0.0279882811,0.0406833887,0.0390279181,0.0309304055,0.0099794166,0.2285567373,0.1587607712,0.0515692681,0.0555874705,0.0247428175,0.0235158652,0.0182190612,0.0192855727,0.2363758683,0.2358038723,0.0287200715,0.0000000000,0.0000000000,0.0215223134,0.0209721215,0.0221506637,0.0546304807,0.0601534098,0.0000025994,0.0000000000,0.0000000000,0.0000000000,0.0186659452,0.0948110223,0.0017749544,0.0954963341,0.0949042439,0.0090762572
15:11:31:25.882,61,0.0486078337,0.1354214251,0.1593217403,0.0000000000,0.0000000000,0.0344603546,0.0000000000,0.0485480130,0.1358837783,0.0000000000,0.0333446302,0.0000000000,0.0344423316,0.0000000000,0.0103788925,0.0040260637,0.0000000000,0.0139011974,0.0155544067,0.0121774152,0.0732616410,0.0092945900,0.0000000000,0.0000000000,0.0000000000,0.0544957370,0.0323627703,0.0283013992,0.0284463465,0.0407422148,0.0390938520,0.0309797041,0.0099929832,0.2287038565,0.1590374559,0.0523731224,0.0563831255,0.0248506106,0.0236290134,0.0180478413,0.0191064775,0.2579459548,0.2573829591,0.0278931055,0.0000000000,0.0000000000,0.0217064265,0.0214216486,0.0226079673,0.0550407022,0.0606701747,0.0000022456,0.0000000000,0.0000000000,0.0000000000,0.0202989299,0.0830238238,0.0016890604,0.0969902426,0.0831157789,0.0080671962
15:11:31:26.883,61,0.0323595889,0.1206215918,0.1613019258,0.0000000000,0.0000000000,0.0374080539,0.0000000000,0.0322979577,0.1210299879,0.0000000000,0.0355174430,0.0000000000,0.0373875424,0.0000000000,0.0104437908,0.0042446256,0.0000000000,0.0138430698,0.0154266600,0.0121012749,0.0731118768,0.0091704363,0.0000000000,0.0000000000,0.0000000000,0.0526073053,0.0307874028,0.0287639946,0.0289195850,0.0408135466,0.0391727015,0.0310405120,0.0100226356,0.2287344337,0.1592202932,0.0531581752,0.0571587570,0.0249645375,0.0237464085,0.0178782139,0.0189219899,0.2684546113,0.2678953111,0.0271288566,0.0000000000,0.0000000000,0.0218945313,0.0218550544,0.0230454393,0.0554351807,0.0611445531,0.0000019139,0.0000000000,0.0000000000,0.0000000000,0.0216370970,0.0739503726,0.0016028679,0.0982655212,0.0740413815,0.0072771860
15:11:31:27.885,61,0.0211827829,0.1114218459,0.1623093784,0.0000000000,0.0000000000,0.0391261242,0.0000000000,0.0211329181,0.1117940992,0.0000000000,0.0366051085,0.0000000000,0.0391044430,0.0000000000,0.0105202161,0.0044350363,0.0000000000,0.0137908030,0.0153012360,0.0119965002,0.0728474334,0.0091280211,0.0000000000,0.0000000000,0.0000000000,0.0488488004,0.0279381648,0.0292751845,0.0294302460,0.0408852659,0.0392444395,0.0311166830,0.0100636967,0.2287675291,0.1593904942,0.0538873672,0.0578909330,0.0250640195,0.0238423645,0.0177088473,0.0187361781,0.2736876607,0.2731294930,0.0263850298,0.0000000000,0.0000000000,0.0220613871,0.0222409908,0.0234305076,0.0557619669,0.0615293495,0.0000016975,0.0000000000,0.0000000000,0.0000000000,0.0223086607,0.0683081523,0.0015261102,0.0989188328,0.0683986172,0.0067653335
15:11:31:28.886,61,0.0156025933,0.1066482589,0.1618030816,0.0000000000,0.0000000000,0.0402879193,0.0000000000,0.0155645115,0.1069962308,0.0000000000,0.0361212008,0.0000000000,0.0402656868,0.0000000000,0.0106299520,0.0046126368,0.0000000000,0.0137568852,0.0151916966,0.0119160777,0.0727493763,0.0091569079,0.0000000000,0.0000000000,0.0000000000,0.0469449759,0.0266385265,0.0298713502,0.0300159734,0.0410209820,0.0393758640,0.0312770270,0.0101134935,0.2310331911,0.1606610864,0.0553527996,0.0594882332,0.0251855366,0.0239573009,0.0175937451,0.0186002217,0.2766368985,0.2760790288,0.0256849453,0.0000000000,0.0000000000,0.0222652610,0.0226247702,0.0238078088,0.0561599359,0.0619730875,0.0000023325,0.0000000000,0.0000000000,0.0000000000,0.0220180638,0.0653761476,0.0014413932,0.0986295342,0.0654663295,0.0064555854
15:11:31:29.888,61,0.0117271021,0.1043937132,0.1600255221,0.0000000000,0.0000000000,0.0410662517,0.0000000000,0.0117053399,0.1047227308,0.0000000000,0.0343397371,0.0000000000,0.0410437845,0.0000000000,0.0107343104,0.0047896970,0.0000000000,0.0137119843,0.0150760179,0.0118268402,0.0726740807,0.0091279782,0.0000000000,0.0000000000,0.0000000000,0.0457309559,0.0255841799,0.0304233190,0.0305618588,0.0411257595,0.0394804180,0.0314163119,0.0101578981,0.2324407697,0.1615217626,0.0563757718,0.0605937429,0.0252853334,0.0240554102,0.0174850281,0.0184796713,0.2786729932,0.2781181633,0.0250060596,0.0000000000,0.0000000000,0.0224617720,0.0229602922,0.0241450500,0.0565678701,0.0624335930,0.0000027291,0.0000000000,0.0000000000,0.0000000000,0.0209340379,0.0639855191,0.0013412077,0.0975546986,0.0640755668,0.0062494366
15:11:31:30.889,61,0.0095442096,0.1016015708,0.1588313133,0.0000000000,0.0000000000,0.0415953919,0.0000000000,0.0095319804,0.1019124836,0.0000000000,0.0331429914,0.0000000000,0.0415727645,0.0000000000,0.0108487010,0.0049640029,0.0000000000,0.0136604430,0.0149578955,0.0117226355,0.0725257620,0.0091053760,0.0000000000,0.0000000000,0.0000000000,0.0399432220,0.0189190377,0.0310396943,0.0311692022,0.0412496589,0.0395998247,0.0315553471,0.0102100484,0.2335946411,0.1622684896,0.0572295003,0.0614894070,0.0253987648,0.0241622347,0.0173898842,0.0183720328,0.2798096240,0.2792563438,0.0243599191,0.0000000000,0.0000000000,0.0226415191,0.0232637301,0.0244489200,0.0570067987,0.0629084855,0.0000029547,0.0000000000,0.0000000000,0.0000000000,0.0202066768,0.0622675195,0.0012597619,0.0968371406,0.0623574033,0.0060368325
15:11:31:31.894,61,0.0081186881,0.0990239829,0.1578004509,0.0000000000,0.0000000000,0.0419867225,0.0000000000,0.0081107048,0.0993187502,0.0000000000,0.0321066715,0.0000000000,0.0419640057,0.0000000000,0.0109553961,0.0051403376,0.0000000000,0.0136070019,0.0148423845,0.0116039282,0.0722634271,0.0090925219,0.0000000000,0.0000000000,0.0000000000,0.0375197791,0.0162232481,0.0316000208,0.0317238756,0.0413432717,0.0396893546,0.0316594467,0.0102613792,0.2340998203,0.1626553386,0.0578579530,0.0621265508,0.0254910495,0.0242481288,0.0172763597,0.0182455629,0.2799950242,0.2794415653,0.0237499680,0.0000000000,0.0000000000,0.0227848329,0.0235131420,0.0247002281,0.0573367998,0.0632597730,0.0000028742,0.0000000000,0.0000000000,0.0000000000,0.0195767600,0.0606820136,0.0011893411,0.0962179601,0.0607717447,0.0058454466
15:11:31:32.896,61,0.0071157943,0.0988574475,0.1576950252,0.0000000000,0.0000000000,0.0422719344,0.0000000000,0.0071101985,0.0991510078,0.0000000000,0.0319993310,0.0000000000,0.0422492772,0.0000000000,0.0110438820,0.0053141862,0.0000000000,0.0135577451,0.0147331096,0.0114750667,0.0719147846,0.0091291079,0.0000000000,0.0000000000,0.0000000000,0.0326974317,0.0121248718,0.0321769528,0.0322888158,0.0414376371,0.0397678055,0.0317221656,0.0103167593,0.2340769172,0.1626594812,0.0582925007,0.0625588670,0.0255893078,0.0243345331,0.0171354115,0.0180907883,0.2781262696,0.2775688469,0.0232046098,0.0000000000,0.0000000000,0.0228834879,0.0237165708,0.0249050558,0.0575487576,0.0634801462,0.0000023001,0.0000000000,0.0000000000,0.0000000000,0.0195114315,0.0605794489,0.0011833642,0.0961542800,0.0606691726,0.0058317063
15:11:31:33.897,61,0.0063582282,0.0994095802,0.1572042555,0.0000000000,0.0000000000,0.0424024239,0.0010473696,0.0063540158,0.0997032374,0.0000000000,0.0315057039,0.0000000000,0.0423800312,0.0010876199,0.0111048976,0.0054703895,0.0000000000,0.0135092326,0.0146335466,0.0113489535,0.0715540648,0.0091804424,0.0000000000,0.0000000000,0.0000000000,0.0310061388,0.0106511749,0.0326187499,0.0327215195,0.0414941832,0.0398151837,0.0317213982,0.0103619797,0.2317601740,0.1621270776,0.0584843047,0.0627334490,0.0256551821,0.0243892018,0.0169680435,0.0179057978,0.2695139050,0.2689227164,0.0227152649,0.0000000000,0.0000000000,0.0229590945,0.0238579735,0.0250511188,0.0576025099,0.0635270625,0.0000022599,0.0000000000,0.0000000000,0.0000000000,0.0192100536,0.0609165020,0.0011715862,0.0958530605,0.0610062480,0.0058458736
15:11:31:34.895,61,0.0057495665,0.0979738608,0.1574021727,0.0000000000,0.0000000000,0.0425377339,0.0039308751,0.0057461918,0.0982622281,0.0000000000,0.0317076892,0.0000000000,0.0425156429,0.0039752075,0.0111459326,0.0056318427,0.0000000000,0.0134660248,0.0145469969,0.0112307621,0.0712007582,0.0092533138,0.0000000000,0.0000000000,0.0000000000,0.0300729256,0.0098827556,0.0329674818,0.0330619663,0.0415264592,0.0398401245,0.0316783711,0.0103985323,0.2289397269,0.1610750407,0.0585413612,0.0627603754,0.0256999098,0.0244212523,0.0167921390,0.0177146923,0.2640368044,0.2634280622,0.0222527534,0.0000000000,0.0000000000,0.0230127331,0.0239874125,0.0251864921,0.0575793087,0.0634843484,0.0000019466,0.0000000000,0.0000000000,0.0000000000,0.0193342399,0.0600362159,0.0011620782,0.0959788486,0.0601258874,0.0057688472
15:11:31:35.898,61,0.0052367970,0.0963525698,0.1572790444,0.0000000000,0.0000000000,0.0426547751,0.0067713852,0.0052339602,0.0966333523,0.0000000000,0.0316046290,0.0000000000,0.0426329933,0.0068178000,0.0111890920,0.0057964148,0.0000000000,0.0134238889,0.0144609045,0.0111184623,0.0709009022,0.0093346080,0.0000000000,0.0000000000,0.0000000000,0.0293889530,0.0093555460,0.0333335847,0.0334169380,0.0415721685,0.0398748182,0.0316338725,0.0104347253,0.2277381718,0.1604403406,0.0586069375,0.0628024563,0.0257228073,0.0244323611,0.0166207291,0.0175262541,0.2599041760,0.2592859566,0.0218119808,0.0000000000,0.0000000000,0.0230739266,0.0240928046,0.0252950564,0.0575206354,0.0634022653,0.0000019588,0.0000000000,0.0000000000,0.0000000000,0.0192725398,0.0590409338,0.0011391218,0.0959094167,0.0591305047,0.0056690304
15:11:31:36.899,61,0.0047902553,0.0950683206,0.1569506079,0.0000000000,0.0000000000,0.0427131467,0.0095135570,0.0047877883,0.0953425467,0.0000000000,0.0313009508,0.0000000000,0.0426917858,0.0095623005,0.0112288026,0.0059695784,0.0000000000,0.0133869825,0.0143880565,0.0110251987,0.0706536546,0.0094191851,0.0000000000,0.0000000000,0.0000000000,0.0290813204,0.0092198858,0.0336319283,0.0337041691,0.0416285619,0.0399271287,0.0315785035,0.0104579255,0.2268969417,0.1598832756,0.0586305223,0.0627967939,0.0257275160,0.0244265124,0.0164606776,0.0173497945,0.2557662725,0.2551307380,0.0213952195,0.0000000000,0.0000000000,0.0231387336,0.0241897460,0.0253946912,0.0574428216,0.0632939860,0.0000020342,0.0000000000,0.0000000000,0.0000000000,0.0190882441,0.0582520775,0.0011131212,0.0957135633,0.0583412759,0.0055818046
15:11:31:37.900,61,0.0043928754,0.0936988592,0.1561743915,0.0000000000,0.0000000000,0.0427303910,0.0120681347,0.0043906816,0.0939637497,0.0000000000,0.0305318907,0.0000000000,0.0427094549,0.0121182157,0.0112497611,0.0061207651,0.0000000000,0.0133459149,0.0143120168,0.0109246606,0.0704288855,0.0094868606,0.0000000000,0.0000000000,0.0000000000,0.0291167740,0.0094282543,0.0338430144,0.0339046381,0.0416379757,0.0399397351,0.0315047167,0.0104663661,0.2263383418,0.1594842523,0.0586127527,0.0627483428,0.0256707482,0.0243652351,0.0163058415,0.0171791688,0.2531915009,0.2525520921,0.0209948123,0.0000000000,0.0000000000,0.0231830142,0.0242585838,0.0254674107,0.0573033318,0.0631181896,0.0000020069,0.0000000000,0.0000000000,0.0000000000,0.0186201539,0.0574091561,0.0010700809,0.0952448100,0.0574982651,0.0054741143
15:11:31:38.902,61,0.0040344298,0.0923266932,0.1554368138,0.0000000000,0.0000000000,0.0427769348,0.0144547932,0.0040324521,0.0925825313,0.0000000000,0.0298193414,0.0000000000,0.0427563414,0.0145064723,0.0112603698,0.0062489007,0.0000000000,0.0133137098,0.0142476931,0.0108343484,0.0701820999,0.0095478436,0.0000000000,0.0000000000,0.0000000000,0.0291854888,0.0096491724,0.0339940526,0.0340457186,0.0416167863,0.0399207808,0.0314464867,0.0104759596,0.2258463353,0.1590953618,0.0586036481,0.0627106801,0.0256236009,0.0243141409,0.0161719639,0.0170280337,0.2523134053,0.2516727448,0.0206174348,0.0000000000,0.0000000000,0.0232202448,0.0243423264,0.0255563632,0.0572201274,0.0630044788,0.0000024956,0.0000000000,0.0000000000,0.0000000000,0.0181864742,0.0565648191,0.0010297559,0.0947995186,0.0566538200,0.0053684074
15:11:31:39.903,61,0.0037084389,0.0913540870,0.1551442146,0.0000000000,0.0000000000,0.0427924097,0.0170490146,0.0037066408,0.0916045532,0.0000000000,0.0295291655,0.0000000000,0.0427721478,0.0171004515,0.0112579679,0.0063427300,0.0000000000,0.0132776713,0.0141843110,0.0107397307,0.0699082911,0.0095387073,0.0000000000,0.0000000000,0.0000000000,0.0293659940,0.0099121770,0.0340830535,0.0341320299,0.0415519737,0.0398706980,0.0313790627,0.0104821473,0.2252411693,0.1586392075,0.0585455969,0.0626285672,0.0255532544,0.0242462624,0.0160364788,0.0168810375,0.2515836954,0.2509438694,0.0202724170,0.0000000000,0.0000000000,0.0232481305,0.0244018845,0.0256226901,0.0570886321,0.0628393367,0.0000032119,0.0000000000,0.0000000000,0.0000000000,0.0180101078,0.0559671335,0.0010089729,0.0946242288,0.0560560562,0.0053018550
15:11:31:40.905,61,0.0034105086,0.0907445252,0.1547595263,0.0000000000,0.0000000000,0.0427771881,0.0191440322,0.0034088655,0.0909907818,0.0000000000,0.0291463211,0.0000000000,0.0427571796,0.0191932227,0.0112601425,0.0064345906,0.0000000000,0.0132380873,0.0141148157,0.0106457220,0.0696772411,0.0095208623,0.0000000000,0.0000000000,0.0000000000,0.0296452343,0.0101968683,0.0341796763,0.0342246629,0.0414731950,0.0398019105,0.0313543230,0.0104849255,0.2251483500,0.1585930586,0.0586021803,0.0626711920,0.0254616514,0.0241618250,0.0159313511,0.0167674422,0.2513625026,0.2507268786,0.0199451726,0.0000000000,0.0000000000,0.0232850704,0.0244481731,0.0256731622,0.0569901019,0.0627171695,0.0000033548,0.0000000000,0.0000000000,0.0000000000,0.0177769754,0.0555919074,0.0009892229,0.0943915769,0.0556808040,0.0052533797
15:11:31:41.907,61,0.0031374353,0.0897885859,0.1542935669,0.0000000000,0.0000000000,0.0427904688,0.0212964173,0.0031359293,0.0900288448,0.0000000000,0.0286870021,0.0000000000,0.0427707396,0.0213434845,0.0112799555,0.0065534306,0.0000000000,0.0132093895,0.0140552353,0.0105732549,0.0695780069,0.0095142750,0.0000000000,0.0000000000,0.0000000000,0.0302188788,0.0107804425,0.0342513919,0.0342894532,0.0414142273,0.0397475697,0.0313647836,0.0104884794,0.2254067510,0.1588128805,0.0587420911,0.0628044009,0.0253586099,0.0240654517,0.0158536509,0.0166804697,0.2514366508,0.2508054674,0.0196319986,0.0000000000,0.0000000000,0.0233584139,0.0245113689,0.0257409979,0.0569541715,0.0626544431,0.0000032285,0.0000000000,0.0000000000,0.0000000000,0.0174973942,0.0550039224,0.0009633477,0.0941104144,0.0550927632,0.0051823510
15:11:31:42.909,61,0.0028867200,0.0894842446,0.1535230279,0.0000000000,0.0000000000,0.0428896397,0.0227205772,0.0028853375,0.0897199884,0.0000000000,0.0279017072,0.0000000000,0.0428701192,0.0227653328,0.0113330847,0.0066900882,0.0000000000,0.0131870471,0.0140007520,0.0105232019,0.0696595833,0.0094807995,0.0000000000,0.0000000000,0.0000000000,0.0327595659,0.0127679296,0.0343457051,0.0343764499,0.0413881950,0.0397271998,0.0314410254,0.0104999598,0.2285516411,0.1601764262,0.0590688288,0.0631375089,0.0252745356,0.0239893124,0.0158182643,0.0166409090,0.2573975325,0.2568479776,0.0193216093,0.0000000000,0.0000000000,0.0234850161,0.0246135630,0.0258521270,0.0570984557,0.0627872497,0.0000026307,0.0000000000,0.0000000000,0.0000000000,0.0170185883,0.0548147745,0.0009337602,0.0936413929,0.0549036004,0.0051388587
15:11:31:43.910,61,0.0026563040,0.0893611908,0.1523699909,0.0000000000,0.0000000000,0.0430567972,0.0236673206,0.0026550333,0.0895915627,0.0000000000,0.0267153978,0.0000000000,0.0430374108,0.0237108245,0.0114000179,0.0067926282,0.0000000000,0.0131755611,0.0139611876,0.0104943924,0.0698300004,0.0094426377,0.0000000000,0.0000000000,0.0000000000,0.0339304395,0.0138501003,0.0344525054,0.0344760008,0.0413801223,0.0397353545,0.0315481871,0.0105190268,0.2317688465,0.1615636945,0.0594797358,0.0635612234,0.0252405778,0.0239589959,0.0158218928,0.0166365653,0.2708011866,0.2703246772,0.0190139860,0.0000000000,0.0000000000,0.0236330014,0.0247588512,0.0260088891,0.0574254133,0.0631005466,0.0000016995,0.0000000000,0.0000000000,0.0000000000,0.0162950698,0.0547356457,0.0008927734,0.0929384828,0.0548244901,0.0050930334
15:11:31:44.911,61,0.0024444212,0.0898905545,0.1515734941,0.0000000000,0.0000000000,0.0431484282,0.0243029501,0.0024432524,0.0901196972,0.0000000000,0.0258753560,0.0000000000,0.0431292020,0.0243454184,0.0114694238,0.0068835495,0.0000000000,0.0131653678,0.0139277438,0.0104622021,0.0699817315,0.0094291354,0.0000000000,0.0000000000,0.0000000000,0.0348060057,0.0147110680,0.0345478989,0.0345611237,0.0413445383,0.0397151671,0.0316594355,0.0105458153,0.2331529558,0.1623120159,0.0598218888,0.0639192909,0.0252336040,0.0239516385,0.0158320330,0.0166414939,0.2758395374,0.2753949165,0.0187055580,0.0000000000,0.0000000000,0.0237731338,0.0248723421,0.0261348635,0.0578052104,0.0634687319,0.0000013277,0.0000000000,0.0000000000,0.0000000000,0.0157824084,0.0550578646,0.0008697885,0.0924510285,0.0551467687,0.0050962386
15:11:31:45.913,61,0.0022495151,0.0909615830,0.1506972909,0.0000000000,0.0000000000,0.0431533642,0.0245801490,0.0022484399,0.0911913067,0.0000000000,0.0249445494,0.0000000000,0.0431344137,0.0246221945,0.0115303528,0.0069851144,0.0000000000,0.0131568434,0.0139011741,0.0104267895,0.0701110214,0.0094765807,0.0000000000,0.0000000000,0.0000000000,0.0354826301,0.0154618602,0.0346367657,0.0346394740,0.0413095243,0.0396840498,0.0317507088,0.0105737802,0.2338411212,0.1626983136,0.0600639097,0.0641731396,0.0252492130,0.0239627082,0.0158282705,0.0166324526,0.2782731056,0.2778429091,0.0184271391,0.0000000000,0.0000000000,0.0238898452,0.0249341466,0.0262118820,0.0581139289,0.0637605339,0.0000009571,0.0000000000,0.0000000000,0.0000000000,0.0152141210,0.0557120591,0.0008484551,0.0919132605,0.0558010526,0.0051269168
15:11:31:46.915,61,0.0020701904,0.0917627364,0.1498584747,0.0000000000,0.0000000000,0.0431713387,0.0247738324,0.0020692011,0.0919920355,0.0000000000,0.0240600780,0.0000000000,0.0431526676,0.0248155966,0.0115866950,0.0070738606,0.0000000000,0.0131469416,0.0138704590,0.0103792874,0.0702165663,0.0095288996,0.0000000000,0.0000000000,0.0000000000,0.0361807756,0.0162987467,0.0346792378,0.0346685722,0.0412259363,0.0396069586,0.0318212695,0.0105991792,0.2342029959,0.1629477292,0.0602500141,0.0643748119,0.0252456293,0.0239548609,0.0158165321,0.0166186839,0.2799672782,0.2795451581,0.0181470402,0.0000000000,0.0000000000,0.0239831470,0.0249814074,0.0262745302,0.0584026054,0.0640324503,0.0000008692,0.0000000000,0.0000000000,0.0000000000,0.0146742640,0.0562007949,0.0008255449,0.0913991556,0.0562898703,0.0051430739
15:11:31:47.916,61,0.0019051825,0.0931780636,0.1487706006,0.0000000000,0.0000000000,0.0431647673,0.0248925816,0.0019042724,0.0934081823,0.0000000000,0.0228773672,0.0000000000,0.0431464203,0.0249342527,0.0116363363,0.0071733114,0.0000000000,0.0131398952,0.0138487080,0.0103367092,0.0703554228,0.0095813796,0.0000000000,0.0000000000,0.0000000000,0.0377977490,0.0186335314,0.0346977897,0.0346737020,0.0411681794,0.0395540446,0.0318699628,0.0106166378,0.2342642844,0.1629789621,0.0603498071,0.0644864887,0.0252834074,0.0239836741,0.0158028621,0.0166007690,0.2835739851,0.2831675410,0.0178712066,0.0000000000,0.0000000000,0.0240550917,0.0250263922,0.0263399407,0.0587263331,0.0643446371,0.0000008146,0.0000000000,0.0000000000,0.0000000000,0.0139522441,0.0570653751,0.0007970294,0.0907312185,0.0571545884,0.0051841927
15:11:31:48.918,61,0.0017533385,0.0936692581,0.1478921324,0.0000000000,0.0000000000,0.0431451797,0.0252396744,0.0017525011,0.0938974172,0.0000000000,0.0219472386,0.0000000000,0.0431272052,0.0252812430,0.0116814487,0.0072971652,0.0000000000,0.0131288450,0.0138223097,0.0102853980,0.0704481825,0.0096330736,0.0000000000,0.0000000000,0.0000000000,0.0403100923,0.0216560718,0.0346708111,0.0346339568,0.0410900675,0.0394774862,0.0318940729,0.0106290895,0.2341224402,0.1629246026,0.0603902005,0.0645356402,0.0252707414,0.0239644051,0.0157709494,0.0165636651,0.2849318385,0.2845306098,0.0176050421,0.0000000000,0.0000000000,0.0241139475,0.0250474252,0.0263830479,0.0589609034,0.0645690635,0.0000007968,0.0000000000,0.0000000000,0.0000000000,0.0133847566,0.0573638156,0.0007686209,0.0901939049,0.0574530922,0.0051805507
15:11:31:49.922,61,0.0016136027,0.0941643193,0.1468705684,0.0000000000,0.0000000000,0.0431659892,0.0255278349,0.0016128322,0.0943898708,0.0000000000,0.0208783131,0.0000000000,0.0431483574,0.0255693421,0.0117156412,0.0074137039,0.0000000000,0.0131175322,0.0137940384,0.0102309072,0.0704688206,0.0096659651,0.0000000000,0.0000000000,0.0000000000,0.0428821407,0.0245016590,0.0345904678,0.0345449261,0.0409930013,0.0393816940,0.0318880901,0.0106391516,0.2337361425,0.1627023369,0.0603630692,0.0645129979,0.0252534915,0.0239386428,0.0157270972,0.0165141597,0.2865243256,0.2861293256,0.0173358023,0.0000000000,0.0000000000,0.0241507497,0.0250704847,0.0264284275,0.0591804124,0.0647810027,0.0000007150,0.0000000000,0.0000000000,0.0000000000,0.0127326399,0.0576641709,0.0007350121,0.0895693451,0.0577534847,0.0051717334
15:11:31:50.922,61,0.0014850069,0.0945539251,0.1457598060,0.0000000000,0.0000000000,0.0432129987,0.0258454904,0.0014842978,0.0947759897,0.0000000000,0.0197203942,0.0000000000,0.0431956612,0.0258872211,0.0117403744,0.0075346003,0.0000000000,0.0130990520,0.0137614086,0.0101633137,0.0703737661,0.0097078849,0.0000000000,0.0000000000,0.0000000000,0.0448505245,0.0265354365,0.0344481356,0.0343925208,0.0408472642,0.0392352417,0.0318521932,0.0106476638,0.2324923128,0.1622653008,0.0602502488,0.0643988997,0.0252168775,0.0238966811,0.0156668946,0.0164477229,0.2881697118,0.2877769172,0.0170746092,0.0000000000,0.0000000000,0.0241513532,0.0250815935,0.0264603868,0.0593295395,0.0649195462,0.0000006202,0.0000000000,0.0000000000,0.0000000000,0.0120263193,0.0578995533,0.0006970808,0.0888907388,0.0579889119,0.0051536234
15:11:31:51.923,61,0.0013666613,0.0951823667,0.1449196637,0.0000000000,0.0000000000,0.0432153940,0.0261070635,0.0013660088,0.0954030007,0.0000000000,0.0188299716,0.0000000000,0.0431983657,0.0261491723,0.0117584281,0.0076470654,0.0000000000,0.0130846221,0.0137369260,0.0100973230,0.0702435002,0.0097414963,0.0000000000,0.0000000000,0.0000000000,0.0469226874,0.0285612140,0.0342933349,0.0342311040,0.0407172441,0.0391030759,0.0317965299,0.0106530273,0.2300703377,0.1616095155,0.0600422472,0.0641886294,0.0251976382,0.0238696281,0.0155961057,0.0163733717,0.2890166044,0.2886241674,0.0168365240,0.0000000000,0.0000000000,0.0241321921,0.0250722542,0.0264720246,0.0594183467,0.0649949908,0.0000005457,0.0000000000,0.0000000000,0.0000000000,0.0114830472,0.0582822300,0.0006700016,0.0883764103,0.0583716668,0.0051577790
15:11:31:52.924,61,0.0012577480,0.0954550430,0.1442206949,0.0000000000,0.0000000000,0.0432331786,0.0264663380,0.0012571475,0.0956735387,0.0000000000,0.0181078929,0.0000000000,0.0432164334,0.0265078917,0.0117708258,0.0077547687,0.0000000000,0.0130640035,0.0137076061,0.0100395121,0.0701648816,0.0096877348,0.0000000000,0.0000000000,0.0000000000,0.0531676672,0.0335352458,0.0340725742,0.0340080447,0.0405649431,0.0389598683,0.0317479782,0.0106449202,0.2291294187,0.1612641066,0.0598989092,0.0640481561,0.0251171142,0.0237891786,0.0155419931,0.0163203739,0.2898012400,0.2894107103,0.0165978372,0.0000000000,0.0000000000,0.0241430365,0.0250741411,0.0264974274,0.0595271103,0.0650999919,0.0000004107,0.0000000000,0.0000000000,0.0000000000,0.0110425949,0.0584472120,0.0006461316,0.0879492983,0.0585366860,0.0051474613
15:11:31:53.926,61,0.0011575149,0.0967200845,0.1431983858,0.0000000000,0.0000000000,0.0432503745,0.0263612475,0.0011569622,0.0969385803,0.0000000000,0.0170222260,0.0000000000,0.0432338081,0.0264027938,0.0117921364,0.0078481985,0.0000000000,0.0130554577,0.0136998566,0.0100106504,0.0701364353,0.0096966848,0.0000000000,0.0000000000,0.0000000000,0.0551955886,0.0353110358,0.0338591598,0.0337936990,0.0404293910,0.0388245583,0.0317344293,0.0106459139,0.2284669876,0.1609096527,0.0598140024,0.0639641657,0.0251032580,0.0237709004,0.0155320186,0.0163085032,0.2907291055,0.2903321385,0.0163858570,0.0000000000,0.0000000000,0.0241775047,0.0251037627,0.0265414007,0.0597611256,0.0653248653,0.0000003613,0.0000000000,0.0000000000,0.0000000000,0.0103800613,0.0592196062,0.0006154116,0.0873218924,0.0593091771,0.0051784380
15:11:31:54.930,61,0.0010652698,0.0979218110,0.1422009766,0.0000000000,0.0000000000,0.0433124043,0.0251342431,0.0010647612,0.0981400907,0.0000000000,0.0159794055,0.0000000000,0.0432959124,0.0251776688,0.0118550556,0.0079433117,0.0000000000,0.0130651863,0.0137109738,0.0100004729,0.0700481981,0.0097450679,0.0000000000,0.0000000000,0.0000000000,0.0558717512,0.0359226763,0.0337725841,0.0337035321,0.0403587632,0.0387396589,0.0318007581,0.0106822671,0.2280965745,0.1605922133,0.0598774366,0.0640426353,0.0251821037,0.0238358025,0.0155556574,0.0163309313,0.2930655479,0.2926532924,0.0161834136,0.0000000000,0.0000000000,0.0242509656,0.0251637008,0.0266090669,0.0601746365,0.0657284930,0.0000002844,0.0000000000,0.0000000000,0.0000000000,0.0097437268,0.0599532202,0.0005848593,0.0867098868,0.0600428805,0.0052060005
15:11:31:55.932,61,0.0009803761,0.0992976278,0.1410639882,0.0000000000,0.0000000000,0.0434235297,0.0226596240,0.0009799080,0.0995155275,0.0000000000,0.0147964908,0.0000000000,0.0434071273,0.0227021836,0.0119131710,0.0080090333,0.0000000000,0.0130951917,0.0137522100,0.0100212498,0.0699721873,0.0097910687,0.0000000000,0.0000000000,0.0000000000,0.0560097694,0.0361384302,0.0336374417,0.0335678123,0.0403158627,0.0386896916,0.0318545960,0.0107128248,0.2276319712,0.1601301581,0.0599002242,0.0640719980,0.0252856854,0.0239234809,0.0155956512,0.0163668636,0.2951650321,0.2947418690,0.0160032623,0.0000000000,0.0000000000,0.0243129823,0.0252729226,0.0267258175,0.0606624633,0.0662163720,0.0000001973,0.0000000000,0.0000000000,0.0000000000,0.0090219676,0.0607930571,0.0005491421,0.0860122293,0.0608828217,0.0052366368
15:11:31:56.931,61,0.0009022479,0.1003012061,0.1404285729,0.0000000000,0.0000000000,0.0435518585,0.0206167493,0.0009018171,0.1005196199,0.0000000000,0.0141299283,0.0000000000,0.0435355976,0.0206588488,0.0119626774,0.0081090843,0.0000000000,0.0131196044,0.0137947891,0.0100544011,0.0700083748,0.0098400237,0.0000000000,0.0000000000,0.0000000000,0.0561044216,0.0363230482,0.0334751531,0.0334056392,0.0402787663,0.0386433378,0.0318960734,0.0107321404,0.2273139507,0.1597801745,0.0599390604,0.0641228855,0.0253766440,0.0239969939,0.0156468824,0.0164138153,0.2963507771,0.2959234416,0.0158333313,0.0000000000,0.0000000000,0.0243864637,0.0253733844,0.0268371962,0.0611088611,0.0666679591,0.0000001266,0.0000000000,0.0000000000,0.0000000000,0.0086152144,0.0614062287,0.0005296872,0.0856215879,0.0614960864,0.0052655521
