Timecode,BlendshapeCount,EyeBlinkLeft,EyeLookDownLeft,EyeLookInLeft,EyeLookOutLeft,EyeLookUpLeft,EyeSquintLeft,EyeWideLeft,EyeBlinkRight,EyeLookDownRight,EyeLookInRight,EyeLookOutRight,EyeLookUpRight,EyeSquintRight,EyeWideRight,JawForward,JawRight,JawLeft,JawOpen,MouthClose,MouthFunnel,MouthPucker,MouthRight,MouthLeft,MouthSmileLeft,MouthSmileRight,MouthFrownLeft,MouthFrownRight,MouthDimpleLeft,MouthDimpleRight,MouthStretchLeft,MouthStretchRight,MouthRollLower,MouthRollUpper,MouthShrugLower,MouthShrugUpper,MouthPressLeft,MouthPressRight,MouthLowerDownLeft,MouthLowerDownRight,MouthUpperUpLeft,MouthUpperUpRight,BrowDownLeft,BrowDownRight,BrowInnerUp,BrowOuterUpLeft,BrowOuterUpRight,CheekPuff,CheekSquintLeft,CheekSquintRight,NoseSneerLeft,NoseSneerRight,TongueOut,HeadYaw,HeadPitch,HeadRoll,LeftEyeYaw,LeftEyePitch,LeftEyeRoll,RightEyeYaw,RightEyePitch,RightEyeRoll
15:11:06:09.484,61,0.0376257077,0.1474049091,0.1626943201,0.0000000000,0.0000000000,0.0654168949,0.0000000000,0.0373724587,0.1479520500,0.0000000000,0.0400812924,0.0000000000,0.0653943717,0.0000000000,0.0179897789,0.0032529419,0.0000000000,0.0163171217,0.0128814457,0.0085589001,0.0667763352,0.0115275327,0.0000000000,0.0973426029,0.1015244648,0.0000000000,0.0000000000,0.0891692713,0.0867784470,0.0364503302,0.0356699862,0.0462539643,0.0172293689,0.3652704954,0.2490272075,0.1226503551,0.1313892156,0.0291146636,0.0270097945,0.0214399584,0.0227408633,0.5275406241,0.5273343921,0.0115470747,0.0000000000,0.0000000000,0.0234282352,0.0321656056,0.0324606895,0.0889640674,0.0998489037,0.0000000399,0.0000000000,0.0000000000,0.0000000000,0.0243843216,0.0904057324,0.0022102855,0.0989803523,0.0904886350,0.0089662261
15:11:06:10.487,61,0.0376411490,0.1465643942,0.1626789421,0.0000000000,0.0000000000,0.0658382773,0.0000000000,0.0373867266,0.1471076161,0.0000000000,0.0401258022,0.0000000000,0.0658150241,0.0000000000,0.0180782657,0.0032975527,0.0000000000,0.0163386688,0.0128917508,0.0085793668,0.0668321848,0.0116093569,0.0000000000,0.0976629034,0.1016524509,0.0000000000,0.0000000000,0.0896860510,0.0872729048,0.0365775190,0.0357863195,0.0462902486,0.0172376279,0.3664581180,0.2505206168,0.1241741702,0.1328383833,0.0290759131,0.0269683469,0.0214717593,0.0227545016,0.5260345936,0.5258167386,0.0115162190,0.0000000000,0.0000000000,0.0234218501,0.0323209055,0.0325867124,0.0890287682,0.0998769328,0.0000000531,0.0000000000,0.0000000000,0.0000000000,0.0244125389,0.0898897946,0.0022001455,0.0989755765,0.0899726152,0.0089143915
15:11:06:11.488,61,0.0377735831,0.1468616426,0.1614069194,0.0000000000,0.0000000000,0.0658327341,0.0000000000,0.0375190675,0.1473976374,0.0000000000,0.0388509333,0.0000000000,0.0658090338,0.0000000000,0.0182264894,0.0034135755,0.0000000000,0.0163538679,0.0128952879,0.0085980343,0.0668388754,0.0114288656,0.0000000000,0.0975423977,0.1017158404,0.0000000000,0.0000000000,0.0900897756,0.0877403244,0.0366512798,0.0358613357,0.0465449728,0.0172895025,0.3678721786,0.2517152131,0.1277343780,0.1368451416,0.0291014649,0.0270025991,0.0215821397,0.0228810217,0.5443486571,0.5441445112,0.0114760837,0.0000000000,0.0000000000,0.0234905351,0.0323458351,0.0326042287,0.0894698203,0.1003530324,0.0000000675,0.0000000000,0.0000000000,0.0000000000,0.0236365292,0.0900653303,0.0021344046,0.0982000902,0.0901481584,0.0088621248
15:11:06:12.489,61,0.0378130041,0.1478785276,0.1606285274,0.0000000000,0.0000000000,0.0656910837,0.0000000000,0.0375608131,0.1484137923,0.0000000000,0.0380140617,0.0000000000,0.0656670257,0.0000000000,0.0184303746,0.0035213935,0.0000000000,0.0163367037,0.0128759239,0.0086046336,0.0667423159,0.0113072423,0.0000000000,0.0970736146,0.1014589965,0.0000000000,0.0000000000,0.0904815719,0.0881717801,0.0367409140,0.0359302573,0.0469806232,0.0173546672,0.3795644343,0.2609879971,0.1330789626,0.1432898194,0.0291362442,0.0270329621,0.0217925962,0.0231158137,0.5517417192,0.5515455008,0.0114184702,0.0000000000,0.0000000000,0.0235834364,0.0323213264,0.0325745270,0.0917629153,0.1034223512,0.0000000782,0.0000000000,0.0000000000,0.0000000000,0.0231260862,0.0906851441,0.0021027699,0.0977210328,0.0907680839,0.0088800089
15:11:06:13.494,61,0.0380384065,0.1494652182,0.1604528874,0.0000000000,0.0000000000,0.0654579699,0.0000000000,0.0377903469,0.1500063390,0.0000000000,0.0377600938,0.0000000000,0.0654335767,0.0000000000,0.0185770728,0.0035953436,0.0000000000,0.0162941739,0.0128421551,0.0085822381,0.0665457025,0.0111583760,0.0000000000,0.0966884121,0.1014073640,0.0000000000,0.0000000000,0.0907486528,0.0884939879,0.0367646627,0.0359315872,0.0473046191,0.0174073707,0.3822696209,0.2633064389,0.1349948198,0.1455147266,0.0291624479,0.0270560160,0.0219420828,0.0232943688,0.5548061132,0.5546128750,0.0113837672,0.0000000000,0.0000000000,0.0236500353,0.0322610326,0.0325169750,0.0926456302,0.1045313999,0.0000000669,0.0000000000,0.0000000000,0.0000000000,0.0229695383,0.0916579142,0.0021110668,0.0976055562,0.0917410031,0.0089651449
15:11:06:14.495,61,0.0384267271,0.1512963921,0.1603542864,0.0000000000,0.0000000000,0.0651235655,0.0000000000,0.0381825715,0.1518449336,0.0000000000,0.0375925899,0.0000000000,0.0650989041,0.0000000000,0.0186918732,0.0036621755,0.0000000000,0.0162574723,0.0128218364,0.0085756490,0.0664445311,0.0109662348,0.0000000000,0.0963177234,0.1014335230,0.0000000000,0.0000000000,0.0907839686,0.0886115879,0.0367406607,0.0358987898,0.0476196148,0.0174372345,0.3835191429,0.2645725012,0.1362850517,0.1469506770,0.0291870963,0.0270877387,0.0221182853,0.0235034451,0.5560144186,0.5558224916,0.0113659268,0.0000000000,0.0000000000,0.0237190742,0.0321988165,0.0324569046,0.0932368115,0.1052478328,0.0000000599,0.0000000000,0.0000000000,0.0000000000,0.0228652731,0.0927811116,0.0021273852,0.0975354910,0.0928643569,0.0090690525
15:11:06:15.497,61,0.0389932767,0.1522249728,0.1603724658,0.0000000000,0.0000000000,0.0647945255,0.0000000000,0.0387519933,0.1527776867,0.0000000000,0.0376220606,0.0000000000,0.0647698268,0.0000000000,0.0188176055,0.0037471182,0.0000000000,0.0162687078,0.0128369816,0.0085967900,0.0663755834,0.0107101323,0.0000000000,0.0960548669,0.1016301885,0.0000000000,0.0000000000,0.0909055844,0.0888501331,0.0367570408,0.0359187275,0.0479761623,0.0174923632,0.3833383620,0.2649003863,0.1371284723,0.1478328556,0.0292903408,0.0272005033,0.0222951062,0.0237208959,0.5563107729,0.5561197400,0.0113719627,0.0000000000,0.0000000000,0.0237937365,0.0321746394,0.0324417427,0.0936691612,0.1057707891,0.0000000469,0.0000000000,0.0000000000,0.0000000000,0.0228819791,0.0933510885,0.0021420938,0.0975413769,0.0934343636,0.0091255903
15:11:06:16.496,61,0.0397145525,0.1543396562,0.1602719128,0.0000000000,0.0000000000,0.0645573959,0.0000000000,0.0394676030,0.1549009085,0.0000000000,0.0375190265,0.0000000000,0.0645328537,0.0000000000,0.0189273860,0.0038530426,0.0000000000,0.0163006876,0.0128683420,0.0086438758,0.0664628372,0.0105027603,0.0000000000,0.0959712416,0.1018750444,0.0000000000,0.0000000000,0.0911498889,0.0891989246,0.0368172154,0.0359923914,0.0483580343,0.0175303072,0.3834975064,0.2652581334,0.1378953010,0.1485864222,0.0294135585,0.0273336414,0.0225024037,0.0239617433,0.5565690994,0.5563786030,0.0114008896,0.0000000000,0.0000000000,0.0238825753,0.0321937054,0.0324684903,0.0940848291,0.1062220037,0.0000000294,0.0000000000,0.0000000000,0.0000000000,0.0228165239,0.0946482867,0.0021658258,0.0974683389,0.0947317034,0.0092461426
15:11:06:17.501,61,0.0403839275,0.1563493460,0.1602225751,0.0000000000,0.0000000000,0.0644350648,0.0000000000,0.0401341617,0.1569190472,0.0000000000,0.0374692269,0.0000000000,0.0644108728,0.0000000000,0.0190162379,0.0039662295,0.0000000000,0.0163359474,0.0129019450,0.0087174308,0.0667532459,0.0103265624,0.0000000000,0.0959550291,0.1020477191,0.0000000000,0.0000000000,0.0914470032,0.0895863622,0.0369117595,0.0361063816,0.0487293527,0.0175530817,0.3839606345,0.2657811344,0.1388167590,0.1493755877,0.0295199901,0.0274511594,0.0227192864,0.0242050178,0.5581648946,0.5579792261,0.0114428513,0.0000000000,0.0000000000,0.0240344126,0.0322527178,0.0325352512,0.0945530683,0.1067153662,0.0000000238,0.0000000000,0.0000000000,0.0000000000,0.0227835551,0.0958813578,0.0021910444,0.0974269286,0.0959648639,0.0093632676
15:11:06:18.502,61,0.0410415046,0.1575810462,0.1602010578,0.0000000000,0.0000000000,0.0642838851,0.0000000000,0.0407871641,0.1581559628,0.0000000000,0.0374413133,0.0000000000,0.0642600209,0.0000000000,0.0191373527,0.0040622461,0.0000000000,0.0163691286,0.0129207857,0.0087959757,0.0670899451,0.0102407783,0.0000000000,0.0961508155,0.1022486314,0.0000000000,0.0000000000,0.0924145207,0.0907727554,0.0370459408,0.0362573713,0.0492024943,0.0175804477,0.3913834691,0.2711325884,0.1443564445,0.1545647979,0.0296021439,0.0275452938,0.0229716636,0.0244699065,0.5590888858,0.5589035749,0.0114996601,0.0000000000,0.0000000000,0.0242592860,0.0323345736,0.0326118916,0.0950938836,0.1072523519,0.0000000274,0.0000000000,0.0000000000,0.0000000000,0.0227649212,0.0966371149,0.0022066159,0.0974067748,0.0967207029,0.0094355233
15:11:06:19.504,61,0.0414418355,0.1586256623,0.1597262919,0.0000000000,0.0000000000,0.0640239269,0.0000000000,0.0411840603,0.1592017263,0.0000000000,0.0369492769,0.0000000000,0.0640004575,0.0000000000,0.0192254707,0.0041558268,0.0000000000,0.0163849294,0.0129231438,0.0088535305,0.0674109682,0.0100795077,0.0000000000,0.0962517187,0.1024374664,0.0000000000,0.0000000000,0.0929944217,0.0914448425,0.0371391140,0.0363742113,0.0495512560,0.0175893828,0.3935739696,0.2729437351,0.1462898999,0.1563965082,0.0296088848,0.0275728758,0.0231505502,0.0246652979,0.5587613583,0.5585711598,0.0115538817,0.0000000000,0.0000000000,0.0244461838,0.0323683098,0.0326527916,0.0954333916,0.1075881124,0.0000000286,0.0000000000,0.0000000000,0.0000000000,0.0224643629,0.0972754359,0.0021919615,0.0971120745,0.0973590985,0.0094695473
15:11:06:20.505,61,0.0418148451,0.1591336429,0.1596471518,0.0000000000,0.0000000000,0.0638321415,0.0000000000,0.0415522866,0.1597113460,0.0000000000,0.0368486419,0.0000000000,0.0638089329,0.0000000000,0.0193027016,0.0042131278,0.0000000000,0.0163988899,0.0129230069,0.0089021148,0.0676804334,0.0099610360,0.0000000000,0.0965754166,0.1027476862,0.0000000000,0.0000000000,0.0936527774,0.0921660662,0.0372316130,0.0364943184,0.0498535037,0.0176034980,0.3946656585,0.2739203870,0.1474965811,0.1575227976,0.0296342503,0.0276180636,0.0233097132,0.0248353407,0.5586014390,0.5584089160,0.0116131753,0.0000000000,0.0000000000,0.0246150997,0.0324187391,0.0327031426,0.0957636833,0.1078891382,0.0000000321,0.0000000000,0.0000000000,0.0000000000,0.0224024951,0.0975866690,0.0021929645,0.0970610380,0.0976703912,0.0094950385
15:11:06:21.504,61,0.0421840698,0.1596945226,0.1600816548,0.0000000000,0.0000000000,0.0637427270,0.0000000000,0.0419171862,0.1602778286,0.0000000000,0.0372804664,0.0000000000,0.0637197271,0.0000000000,0.0193833373,0.0042662518,0.0000000000,0.0164234024,0.0129259853,0.0089560067,0.0679762214,0.0098059047,0.0000000000,0.0969871208,0.1032044739,0.0000000000,0.0000000000,0.0948796421,0.0935404077,0.0373429134,0.0366366468,0.0501426347,0.0176290199,0.3952843547,0.2745114863,0.1483932585,0.1583708525,0.0296834186,0.0276876502,0.0234544147,0.0249942224,0.5587822795,0.5585890412,0.0116685387,0.0000000000,0.0000000000,0.0248034298,0.0324871391,0.0327735841,0.0961252302,0.1082320139,0.0000000333,0.0000000000,0.0000000000,0.0000000000,0.0226642583,0.0979333818,0.0022265166,0.0973219201,0.0980171412,0.0095544923
15:11:06:22.505,61,0.0424122699,0.1597916335,0.1604223996,0.0000000000,0.0000000000,0.0636227950,0.0000000000,0.0421418622,0.1603778452,0.0000000000,0.0376517139,0.0000000000,0.0635999367,0.0000000000,0.0194538198,0.0043071699,0.0000000000,0.0164521169,0.0129241152,0.0090002539,0.0682347044,0.0096575199,0.0000000000,0.0974045545,0.1036911979,0.0000000000,0.0000000000,0.0957545638,0.0945019498,0.0374346375,0.0367555991,0.0503848642,0.0176630393,0.3952882886,0.2746343017,0.1489934027,0.1589258462,0.0297186207,0.0277407449,0.0235460531,0.0250971038,0.5585646629,0.5583705902,0.0117253121,0.0000000000,0.0000000000,0.0249831527,0.0325287767,0.0328108557,0.0963416994,0.1084179804,0.0000000268,0.0000000000,0.0000000000,0.0000000000,0.0228898153,0.0979950055,0.0022500954,0.0975284949,0.0980787277,0.0095807621
15:11:06:23.507,61,0.0425148644,0.1596902013,0.1604037583,0.0000000000,0.0000000000,0.0634745806,0.0000000000,0.0422421172,0.1602757722,0.0000000000,0.0376590900,0.0000000000,0.0634518638,0.0000000000,0.0194839016,0.0043463409,0.0000000000,0.0164618064,0.0129138157,0.0090167578,0.0684079155,0.0095053073,0.0000000000,0.0977059901,0.1040908769,0.0000000000,0.0000000000,0.0962838456,0.0950737670,0.0374786854,0.0368217379,0.0504768007,0.0176724326,0.3933377266,0.2742851675,0.1490696967,0.1589633226,0.0297079179,0.0277488921,0.0235708654,0.0251335483,0.5571209192,0.5569260716,0.0117652146,0.0000000000,0.0000000000,0.0250700172,0.0325291604,0.0328145921,0.0963593721,0.1083972231,0.0000000233,0.0000000000,0.0000000000,0.0000000000,0.0228944439,0.0979326591,0.0022491089,0.0975177586,0.0980163664,0.0095735807
15:11:06:24.512,61,0.0425580591,0.1594142914,0.1603856236,0.0000000000,0.0000000000,0.0633184910,0.0000000000,0.0422837660,0.1599984914,0.0000000000,0.0376794077,0.0000000000,0.0632958785,0.0000000000,0.0194962528,0.0043676170,0.0000000000,0.0164699089,0.0129090659,0.0090302862,0.0685239881,0.0093410239,0.0000000000,0.0980088115,0.1044962034,0.0000000000,0.0000000000,0.0966447368,0.0954705551,0.0375149138,0.0368844904,0.0505142473,0.0176760238,0.3896931708,0.2729405463,0.1489287615,0.1587724686,0.0297026671,0.0277606826,0.0235786531,0.0251502506,0.5544465780,0.5542479157,0.0118108476,0.0000000000,0.0000000000,0.0251269210,0.0325363576,0.0328235701,0.0963434651,0.1083448455,0.0000000176,0.0000000000,0.0000000000,0.0000000000,0.0229071733,0.0977632552,0.0022464416,0.0975083560,0.0978469178,0.0095560048
15:11:06:25.510,61,0.0425535180,0.1589380205,0.1599778086,0.0000000000,0.0000000000,0.0631410703,0.0000000000,0.0422794633,0.1595171541,0.0000000000,0.0372817814,0.0000000000,0.0631185845,0.0000000000,0.0194769409,0.0043365085,0.0000000000,0.0164824836,0.0129127940,0.0090387184,0.0685890317,0.0092244437,0.0000000000,0.0982297361,0.1047426239,0.0000000000,0.0000000000,0.0966730863,0.0955050215,0.0375053994,0.0368977264,0.0504522510,0.0176766235,0.3781350851,0.2655291557,0.1478279382,0.1573636979,0.0296987649,0.0277644638,0.0235392377,0.0251137167,0.5517556071,0.5515556335,0.0118474197,0.0000000000,0.0000000000,0.0251317304,0.0325296074,0.0328184031,0.0962379947,0.1081973612,0.0000000128,0.0000000000,0.0000000000,0.0000000000,0.0226660930,0.0974686071,0.0022160618,0.0972631946,0.0975522399,0.0095031681
15:11:06:26.512,61,0.0426246971,0.1586715728,0.1595539749,0.0000000000,0.0000000000,0.0630047917,0.0000000000,0.0423503518,0.1592464596,0.0000000000,0.0368644297,0.0000000000,0.0629825220,0.0000000000,0.0194525942,0.0042790873,0.0000000000,0.0165047944,0.0129312892,0.0090536671,0.0686581954,0.0091730505,0.0000000000,0.0985718071,0.1050182804,0.0000000000,0.0000000000,0.0967274159,0.0955296606,0.0375047550,0.0369142778,0.0503900312,0.0176928155,0.3727331758,0.2602939904,0.1468477845,0.1562758237,0.0297697596,0.0278274156,0.0235051569,0.0250795446,0.5508182049,0.5506188273,0.0118823880,0.0000000000,0.0000000000,0.0251389965,0.0325286128,0.0328189507,0.0961936638,0.1081206575,0.0000000101,0.0000000000,0.0000000000,0.0000000000,0.0224127155,0.0973026603,0.0021875391,0.0970070586,0.0973862708,0.0094619961
15:11:06:27.514,61,0.0426136814,0.1579850018,0.1585129052,0.0000000000,0.0000000000,0.0627864301,0.0000000000,0.0423399583,0.1585493833,0.0000000000,0.0358429998,0.0000000000,0.0627644658,0.0000000000,0.0194058549,0.0042162971,0.0000000000,0.0165157281,0.0129429335,0.0090600876,0.0686951652,0.0091507388,0.0000000000,0.0988877416,0.1052257419,0.0000000000,0.0000000000,0.0966247097,0.0953899994,0.0374750867,0.0368928276,0.0502910018,0.0176945701,0.3700404167,0.2579565346,0.1460636109,0.1554431170,0.0297949184,0.0278471746,0.0234573409,0.0250296220,0.5494362712,0.5492419600,0.0119122909,0.0000000000,0.0000000000,0.0251209233,0.0325067304,0.0328013785,0.0961003974,0.1079923660,0.0000000073,0.0000000000,0.0000000000,0.0000000000,0.0217926148,0.0968753994,0.0021176266,0.0963780656,0.0969589278,0.0093593281
15:11:06:28.515,61,0.0426484980,0.1581130922,0.1581058204,0.0000000000,0.0000000000,0.0625719428,0.0000000000,0.0423758812,0.1586750895,0.0000000000,0.0354383402,0.0000000000,0.0625502989,0.0000000000,0.0193425361,0.0041324724,0.0000000000,0.0165303797,0.0129661225,0.0090679051,0.0687339827,0.0091297776,0.0000000000,0.0991273224,0.1053599566,0.0000000000,0.0000000000,0.0963437259,0.0950796455,0.0374290831,0.0368555710,0.0501453318,0.0176935792,0.3665002584,0.2548675835,0.1443842947,0.1537057310,0.0298294108,0.0278722197,0.0233992711,0.0249681901,0.5483382344,0.5481483340,0.0119415717,0.0000000000,0.0000000000,0.0250778906,0.0324869938,0.0327864774,0.0959933996,0.1078510657,0.0000000052,0.0000000000,0.0000000000,0.0000000000,0.0215464197,0.0969516784,0.0020953661,0.0961298048,0.0970351994,0.0093426863
15:11:06:29.517,61,0.0427101254,0.1582938582,0.1575351208,0.0000000000,0.0000000000,0.0621776059,0.0000000000,0.0424389951,0.1588524729,0.0000000000,0.0348729603,0.0000000000,0.0621564202,0.0000000000,0.0192626100,0.0040165000,0.0000000000,0.0165543500,0.0130011924,0.0090716723,0.0686820224,0.0091232350,0.0000000000,0.0994568542,0.1055704355,0.0000000000,0.0000000000,0.0959731266,0.0946746841,0.0373725407,0.0368068777,0.0499836653,0.0176980682,0.3570526540,0.2474481910,0.1413433403,0.1506103575,0.0299063884,0.0279306639,0.0233298168,0.0248966012,0.5448272824,0.5446458459,0.0119808149,0.0000000000,0.0000000000,0.0250037573,0.0324432813,0.0327504389,0.0958774239,0.1077109873,0.0000000031,0.0000000000,0.0000000000,0.0000000000,0.0212024506,0.0970593467,0.0020642250,0.0957818106,0.0971428826,0.0093193650
15:11:06:30.518,61,0.0429041050,0.1590563506,0.1570144445,0.0000000000,0.0000000000,0.0617091767,0.0000000000,0.0426331274,0.1596144289,0.0000000000,0.0343272425,0.0000000000,0.0616884679,0.0000000000,0.0191238578,0.0039284620,0.0000000000,0.0165414084,0.0130175883,0.0090569602,0.0685610324,0.0091474149,0.0000000000,0.0997962281,0.1058647186,0.0000000000,0.0000000000,0.0954499841,0.0941048637,0.0372907594,0.0367191210,0.0496883877,0.0176600553,0.3491018116,0.2410670221,0.1369445473,0.1463170499,0.0299754702,0.0279779397,0.0232223030,0.0247868840,0.5419324636,0.5417559743,0.0120108174,0.0000000000,0.0000000000,0.0248790067,0.0323425084,0.0326688550,0.0956479460,0.1074667200,0.0000000026,0.0000000000,0.0000000000,0.0000000000,0.0208697114,0.0975242183,0.0020416284,0.0954609141,0.0976078212,0.0093329726
15:11:06:31.523,61,0.0431464501,0.1603381932,0.1564462334,0.0000000000,0.0000000000,0.0612091944,0.0000000000,0.0428743623,0.1608974934,0.0000000000,0.0337301604,0.0000000000,0.0611889213,0.0000000000,0.0190059524,0.0037866691,0.0000000000,0.0165394787,0.0130422721,0.0090398621,0.0684171170,0.0092416573,0.0000000000,0.1011112109,0.1063340306,0.0000000000,0.0000000000,0.0950648263,0.0936608836,0.0372125804,0.0366416872,0.0494586006,0.0176334437,0.3458983004,0.2382970154,0.1349897981,0.1443502307,0.0300953407,0.0280661695,0.0231476314,0.0247036684,0.5408058167,0.5406311750,0.0120520862,0.0000000000,0.0000000000,0.0247498862,0.0322545394,0.0325876661,0.0955248997,0.1073094234,0.0000000023,0.0000000000,0.0000000000,0.0000000000,0.0205051247,0.0983074233,0.0020221807,0.0951081514,0.0983911380,0.0093736909
15:11:06:32.521,61,0.0434217490,0.1619332284,0.1562034935,0.0000000000,0.0000000000,0.0608105175,0.0000000000,0.0431486741,0.1624974757,0.0000000000,0.0334556662,0.0000000000,0.0607906468,0.0000000000,0.0189328231,0.0037115889,0.0000000000,0.0165413413,0.0130719887,0.0090498282,0.0683731064,0.0092393300,0.0000000000,0.1020595878,0.1069737598,0.0000000000,0.0000000000,0.0948349759,0.0934092849,0.0371891446,0.0366328210,0.0493496731,0.0176083222,0.3449594676,0.2372619510,0.1341182292,0.1434974819,0.0302189235,0.0281710997,0.0231525265,0.0247104503,0.5406190157,0.5404459238,0.0120960707,0.0000000000,0.0000000000,0.0246761683,0.0322239920,0.0325711481,0.0956572294,0.1074292883,0.0000000022,0.0000000000,0.0000000000,0.0000000000,0.0203362852,0.0992846563,0.0020255994,0.0949514136,0.0993684530,0.0094518540
15:11:06:33.523,61,0.0438586399,0.1643433571,0.1555055380,0.0000000000,0.0000000000,0.0604627877,0.0000000000,0.0435835160,0.1649124324,0.0000000000,0.0327424072,0.0000000000,0.0604433306,0.0000000000,0.0189363491,0.0036749167,0.0000000000,0.0165667869,0.0131095788,0.0090727694,0.0683591291,0.0092111398,0.0000000000,0.1050795093,0.1093568802,0.0000000000,0.0000000000,0.0950100422,0.0935668945,0.0372225940,0.0366798565,0.0494368002,0.0176204480,0.3513889313,0.2390520722,0.1341082901,0.1435398012,0.0303801633,0.0283115581,0.0232290868,0.0247918628,0.5408287048,0.5406566262,0.0121564697,0.0000000000,0.0000000000,0.0246463660,0.0322396122,0.0325986519,0.0959919840,0.1077810004,0.0000000023,0.0000000000,0.0000000000,0.0000000000,0.0198997818,0.1007593051,0.0020117660,0.0945132077,0.1008432433,0.0095489370
15:11:06:34.524,61,0.0443504713,0.1664180011,0.1550018042,0.0000000000,0.0000000000,0.0601630211,0.0000000000,0.0440731235,0.1669918597,0.0000000000,0.0322072171,0.0000000000,0.0601440147,0.0000000000,0.0189785119,0.0036751160,0.0000000000,0.0166069176,0.0131528974,0.0091257570,0.0684921071,0.0091048544,0.0000000000,0.1064290777,0.1107065901,0.0000000000,0.0000000000,0.0953583345,0.0939183757,0.0372861847,0.0367640704,0.0496197492,0.0176551752,0.3584988415,0.2425404191,0.1356752366,0.1456275731,0.0305498876,0.0284670051,0.0233463459,0.0249215439,0.5427600145,0.5425916314,0.0122157168,0.0000000000,0.0000000000,0.0247070137,0.0322818831,0.0326521732,0.0965039581,0.1083306447,0.0000000027,0.0000000000,0.0000000000,0.0000000000,0.0195719823,0.1020291448,0.0020037401,0.0941949189,0.1021132320,0.0096375532
15:11:06:35.528,61,0.0451945439,0.1693253368,0.1547768265,0.0000000000,0.0000000000,0.0598249398,0.0000000000,0.0449119806,0.1699063331,0.0000000000,0.0319064260,0.0000000000,0.0598063841,0.0000000000,0.0190242510,0.0036396617,0.0000000000,0.0166568793,0.0132094286,0.0091713667,0.0685497671,0.0090443008,0.0000000000,0.1125782803,0.1161351204,0.0000000000,0.0000000000,0.0958686396,0.0944095701,0.0373549387,0.0368507728,0.0498122908,0.0177014172,0.3609728813,0.2437932491,0.1364494562,0.1465694606,0.0307886191,0.0286770277,0.0234858189,0.0250732582,0.5435222387,0.5433560014,0.0122829303,0.0000000000,0.0000000000,0.0247273985,0.0323608331,0.0327420160,0.0971250087,0.1090759933,0.0000000025,0.0000000000,0.0000000000,0.0000000000,0.0193856303,0.1038094461,0.0020195427,0.0940409750,0.1038956866,0.0097909998
15:11:06:36.528,61,0.0458694138,0.1712083071,0.1545391232,0.0000000000,0.0000000000,0.0593515262,0.0000000000,0.0455851108,0.1717951894,0.0000000000,0.0316492133,0.0000000000,0.0593334474,0.0000000000,0.0190085713,0.0035618953,0.0000000000,0.0166915953,0.0132669099,0.0091876425,0.0684305876,0.0090128938,0.0000000000,0.1157517135,0.1189324036,0.0000000000,0.0000000000,0.0960426852,0.0945505202,0.0373539291,0.0368637182,0.0498562530,0.0177310426,0.3563735187,0.2422145903,0.1364910454,0.1466874331,0.0310336500,0.0288886614,0.0235549212,0.0251520686,0.5440381765,0.5438740253,0.0123439068,0.0000000000,0.0000000000,0.0246610232,0.0323821492,0.0327787921,0.0976115242,0.1096150130,0.0000000022,0.0000000000,0.0000000000,0.0000000000,0.0192270279,0.1049631909,0.0020254469,0.0938852355,0.1050495356,0.0098841833
15:11:06:37.529,61,0.0470130965,0.1733200252,0.1543001235,0.0000000000,0.0000000000,0.0588287748,0.0000000000,0.0467238277,0.1739137024,0.0000000000,0.0313691534,0.0000000000,0.0588111319,0.0000000000,0.0189468060,0.0034517404,0.0000000000,0.0167217981,0.0133363483,0.0091871768,0.0682121962,0.0090660471,0.0000000000,0.1185707822,0.1210701242,0.0000000000,0.0000000000,0.0959319100,0.0943997651,0.0373059250,0.0368181020,0.0497876592,0.0177409444,0.3448228836,0.2350094914,0.1351960301,0.1453296989,0.0313085802,0.0291120652,0.0235875603,0.0251873732,0.5440034270,0.5438401103,0.0123983491,0.0000000000,0.0000000000,0.0244965050,0.0323730074,0.0327820107,0.0979710072,0.1100042686,0.0000000025,0.0000000000,0.0000000000,0.0000000000,0.0190542769,0.1062571928,0.0020321826,0.0937272236,0.1063437089,0.0099900700
15:11:06:38.531,61,0.0478548668,0.1755982637,0.1541378498,0.0000000000,0.0000000000,0.0583141968,0.0000000000,0.0475655161,0.1762000173,0.0000000000,0.0311737619,0.0000000000,0.0582968593,0.0000000000,0.0188663844,0.0033436702,0.0000000000,0.0167388972,0.0134000964,0.0091738356,0.0679041967,0.0090644620,0.0000000000,0.1205490232,0.1233779937,0.0000000000,0.0000000000,0.0957226679,0.0941500068,0.0372514315,0.0367660448,0.0496727675,0.0177413691,0.3393349946,0.2308824807,0.1335816830,0.1437362432,0.0315886587,0.0293404534,0.0236057416,0.0252134483,0.5440236926,0.5438622236,0.0124583263,0.0000000000,0.0000000000,0.0242938548,0.0323660709,0.0327927396,0.0983112156,0.1103976220,0.0000000022,0.0000000000,0.0000000000,0.0000000000,0.0189327542,0.1076538414,0.0020459690,0.0936146900,0.1077404693,0.0101101706
15:11:06:39.535,61,0.0487739444,0.1774470210,0.1539056450,0.0000000000,0.0000000000,0.0577970557,0.0000000000,0.0484829657,0.1780544072,0.0000000000,0.0309366230,0.0000000000,0.0577801019,0.0000000000,0.0188248418,0.0032275887,0.0000000000,0.0167877767,0.0134822661,0.0091811717,0.0676918551,0.0091222012,0.0000000000,0.1251719296,0.1268100888,0.0000000000,0.0000000000,0.0957101732,0.0940933824,0.0372250900,0.0367408246,0.0496515147,0.0177654829,0.3370069563,0.2290480286,0.1328377873,0.1430073977,0.0319018960,0.0295966379,0.0236644056,0.0252788365,0.5441772938,0.5440170765,0.0125290500,0.0000000000,0.0000000000,0.0241384935,0.0323942751,0.0328364857,0.0987743214,0.1109112129,0.0000000021,0.0000000000,0.0000000000,0.0000000000,0.0187864192,0.1087865308,0.0020516862,0.0934622139,0.1088732556,0.0102007119
15:11:06:40.534,61,0.0495347865,0.1791646332,0.1537031382,0.0000000000,0.0000000000,0.0573090054,0.0000000000,0.0492433421,0.1797772944,0.0000000000,0.0307559464,0.0000000000,0.0572924241,0.0000000000,0.0188088603,0.0031086279,0.0000000000,0.0168512557,0.0135732070,0.0092067467,0.0675415695,0.0091889556,0.0000000000,0.1318670064,0.1320337057,0.0000000000,0.0000000000,0.0958900750,0.0942185223,0.0372335985,0.0367565118,0.0497098304,0.0178020094,0.3361501396,0.2282248288,0.1324873269,0.1426789314,0.0322290249,0.0298662279,0.0237760860,0.0253922604,0.5442801714,0.5441215634,0.0126228919,0.0000000000,0.0000000000,0.0240153484,0.0324829146,0.0329373926,0.0993709192,0.1115593314,0.0000000020,0.0000000000,0.0000000000,0.0000000000,0.0186745469,0.1098389402,0.0020593589,0.0933284983,0.1099257693,0.0102854213
15:11:06:41.535,61,0.0507629924,0.1809019893,0.1538308710,0.0000000000,0.0000000000,0.0569005162,0.0000000000,0.0504661091,0.1815227717,0.0000000000,0.0308847837,0.0000000000,0.0568842255,0.0000000000,0.0188274849,0.0030049172,0.0000000000,0.0169376358,0.0136772608,0.0092459824,0.0674301758,0.0092170686,0.0000000000,0.1410076320,0.1414258480,0.0000000000,0.0000000000,0.0963685215,0.0946545526,0.0372729972,0.0368003622,0.0498516485,0.0178605970,0.3364421725,0.2279740423,0.1323849559,0.1426053792,0.0326118357,0.0301884059,0.0239343662,0.0255611874,0.5445515513,0.5443943143,0.0127211744,0.0000000000,0.0000000000,0.0239168834,0.0326263383,0.0330956504,0.1002058312,0.1127021462,0.0000000014,0.0000000000,0.0000000000,0.0000000000,0.0187505614,0.1109055430,0.0020879840,0.0933950841,0.1109924465,0.0103934258
15:11:06:42.540,61,0.0541520491,0.1832469553,0.1538573354,0.0000000000,0.0000000000,0.0564952604,0.0000000000,0.0538528338,0.1838775128,0.0000000000,0.0308722481,0.0000000000,0.0564792491,0.0000000000,0.0188783146,0.0028930004,0.0000000000,0.0170622859,0.0138157932,0.0093094679,0.0673632324,0.0091883810,0.0000000000,0.1497423798,0.1512523293,0.0000000000,0.0000000000,0.0970525369,0.0952918679,0.0373349786,0.0368696526,0.0501268581,0.0179446265,0.3373111784,0.2279679626,0.1324534267,0.1427201033,0.0331113301,0.0306230374,0.0241746623,0.0258269031,0.5449769497,0.5448213220,0.0128420061,0.0000000000,0.0000000000,0.0238275919,0.0328203738,0.0333049148,0.1023793817,0.1155377552,0.0000000016,0.0000000000,0.0000000000,0.0000000000,0.0187399294,0.1123442128,0.0021140978,0.0933961719,0.1124312580,0.0105294064
15:11:06:43.542,61,0.0568179823,0.1854562163,0.1539340913,0.0000000000,0.0000000000,0.0561335459,0.0000000000,0.0565125048,0.1860964596,0.0000000000,0.0309106354,0.0000000000,0.0561177656,0.0000000000,0.0189185236,0.0028053813,0.0000000000,0.0171829388,0.0139509058,0.0093632564,0.0672538951,0.0092243794,0.0000000000,0.1615280211,0.1627955884,0.0000000000,0.0000000000,0.0985195562,0.0965079740,0.0373948812,0.0369230211,0.0503682531,0.0180214494,0.3378555775,0.2279488444,0.1324388534,0.1427563429,0.0336450525,0.0310812537,0.0244140066,0.0260879677,0.5451307297,0.5449762940,0.0129771577,0.0000000000,0.0000000000,0.0237023626,0.0330285430,0.0335382074,0.1034914628,0.1168892831,0.0000000020,0.0000000000,0.0000000000,0.0000000000,0.0187603422,0.1136999652,0.0021421609,0.0934284553,0.1137871742,0.0106611485
15:11:06:44.543,61,0.0586662516,0.1871569753,0.1540426016,0.0000000000,0.0000000000,0.0557827912,0.0000000000,0.0583593920,0.1878050268,0.0000000000,0.0310142543,0.0000000000,0.0557672642,0.0000000000,0.0189947765,0.0026854863,0.0000000000,0.0173249450,0.0140960962,0.0094275745,0.0671554059,0.0092878807,0.0000000000,0.1723967046,0.1723702848,0.0000000000,0.0000000000,0.1022872925,0.0998351574,0.0374969020,0.0370185003,0.0507154204,0.0181223806,0.3390516043,0.2281764746,0.1326608211,0.1430331469,0.0342308730,0.0315871686,0.0247006919,0.0263961982,0.5448951125,0.5447420478,0.0131546166,0.0000000000,0.0000000000,0.0236011483,0.0332994089,0.0338298455,0.1048518792,0.1185364649,0.0000000021,0.0000000000,0.0000000000,0.0000000000,0.0188209768,0.1147439852,0.0021689904,0.0934831724,0.1148312986,0.0107661141
15:11:06:45.542,61,0.0599430837,0.1887849271,0.1538638473,0.0000000000,0.0000000000,0.0554676093,0.0000000000,0.0596443303,0.1894380450,0.0000000000,0.0308258124,0.0000000000,0.0554522946,0.0000000000,0.0190761369,0.0025300160,0.0000000000,0.0174917448,0.0142618585,0.0094991522,0.0670388117,0.0092966231,0.0000000000,0.1869876087,0.1861906499,0.0000000000,0.0000000000,0.1057894155,0.1031841934,0.0376304276,0.0371519253,0.0510717966,0.0182261504,0.3397632241,0.2282875478,0.1327240318,0.1431422383,0.0348723307,0.0321488753,0.0250164159,0.0267373435,0.5443876386,0.5442363620,0.0133625278,0.0000000000,0.0000000000,0.0234709699,0.0336561874,0.0342187397,0.1066550091,0.1205986515,0.0000000023,0.0000000000,0.0000000000,0.0000000000,0.0187044647,0.1157414541,0.0021744708,0.0933639407,0.1158288568,0.0108466642
15:11:06:46.544,61,0.0616885461,0.1907399148,0.1536558568,0.0000000000,0.0000000000,0.0552240126,0.0000000000,0.0613991953,0.1913991719,0.0000000000,0.0306089781,0.0000000000,0.0552089289,0.0000000000,0.0192476436,0.0023478460,0.0000000000,0.0177221857,0.0144706275,0.0096247783,0.0670951977,0.0093145901,0.0000000000,0.2093337774,0.2051861584,0.0000000000,0.0000000000,0.1165206283,0.1135514826,0.0378666073,0.0373998806,0.0516822562,0.0183749460,0.3526628315,0.2314290702,0.1338541210,0.1446200311,0.0359306894,0.0328342691,0.0254963562,0.0272440780,0.5441650152,0.5440154076,0.0136252940,0.0000000000,0.0000000000,0.0234317500,0.0341952853,0.0347793177,0.1126900688,0.1271086335,0.0000000022,0.0000000000,0.0000000000,0.0000000000,0.0185702927,0.1169393659,0.0021814224,0.0932247415,0.1170268580,0.0109435739
15:11:06:47.548,61,0.0652443245,0.1918991357,0.1531768888,0.0000000000,0.0000000000,0.0550953783,0.0000000000,0.0649287030,0.1925588846,0.0000000000,0.0301264096,0.0000000000,0.0550803766,0.0000000000,0.0195007306,0.0021445206,0.0000000000,0.0180208310,0.0147378277,0.0097738877,0.0671466812,0.0095042577,0.0000000000,0.2625356317,0.2538873553,0.0000000000,0.0000000000,0.1342092007,0.1294059306,0.0382143445,0.0377334990,0.0533414446,0.0185720753,0.3602696657,0.2343212962,0.1352320462,0.1462951154,0.0391951911,0.0350856446,0.0261332057,0.0278908871,0.5443243980,0.5441750884,0.0139371781,0.0000000000,0.0000000000,0.0233821459,0.0352179483,0.0358122401,0.1204738021,0.1350562125,0.0000000024,0.0000000000,0.0000000000,0.0000000000,0.0182759967,0.1176472902,0.0021599729,0.0929264128,0.1177348495,0.0109752575
15:11:06:48.549,61,0.0680478588,0.1933880001,0.1528061330,0.0000000000,0.0000000000,0.0550758950,0.0000000000,0.0677245632,0.1940504611,0.0000000000,0.0297514386,0.0000000000,0.0550608262,0.0000000000,0.0198149066,0.0019265786,0.0000000000,0.0183452293,0.0150234988,0.0099482872,0.0672424883,0.0096926410,0.0000000000,0.2782061994,0.2682321072,0.0000000000,0.0000000000,0.1425255239,0.1376119852,0.0386369713,0.0381443538,0.0555725358,0.0187886953,0.3709284067,0.2406179309,0.1385252029,0.1500233263,0.0418163054,0.0370693244,0.0271997042,0.0289997235,0.5461686254,0.5460177064,0.0142567940,0.0000000000,0.0000000000,0.0233822856,0.0368761793,0.0374205261,0.1283566654,0.1433445960,0.0000000041,0.0000000000,0.0000000000,0.0000000000,0.0180465728,0.1185580939,0.0021495286,0.0926914960,0.1186457127,0.0110330814
15:11:06:49.549,61,0.0704063252,0.1952763051,0.1531544775,0.0000000000,0.0000000000,0.0550376326,0.0000000000,0.0700674579,0.1959494352,0.0000000000,0.0300769918,0.0000000000,0.0550223924,0.0000000000,0.0201077238,0.0016662750,0.0000000000,0.0186674576,0.0153148491,0.0100947199,0.0672238693,0.0099901455,0.0000000000,0.2937210798,0.2827229798,0.0000000000,0.0000000000,0.1475440264,0.1423438638,0.0390287675,0.0385165773,0.0568529777,0.0189887397,0.3746483922,0.2428385019,0.1397972852,0.1514230072,0.0440401845,0.0387956724,0.0282895677,0.0300457757,0.5470897555,0.5469365716,0.0145897372,0.0000000000,0.0000000000,0.0233251117,0.0387571938,0.0391298048,0.1333740652,0.1483598351,0.0000000060,0.0000000000,0.0000000000,0.0000000000,0.0182415079,0.1197187304,0.0021942188,0.0928899795,0.1198064759,0.0111658378
15:11:06:50.550,61,0.0719452500,0.1964932382,0.1531514078,0.0000000000,0.0000000000,0.0550035425,0.0000000000,0.0715911984,0.1971712559,0.0000000000,0.0300664511,0.0000000000,0.0549880825,0.0000000000,0.0203750338,0.0013720125,0.0000000000,0.0189696364,0.0155737735,0.0102201654,0.0671513677,0.0103741093,0.0000000000,0.3116733134,0.2975835502,0.0000000000,0.0000000000,0.1526853144,0.1469634175,0.0393720083,0.0388395898,0.0578515828,0.0191667639,0.3769697845,0.2447594851,0.1408291608,0.1524953842,0.0453428291,0.0398962088,0.0293232333,0.0309408829,0.5486360192,0.5484698415,0.0149309607,0.0000000000,0.0000000000,0.0232664607,0.0406072438,0.0407215580,0.1364083886,0.1510326564,0.0000000084,0.0000000000,0.0000000000,0.0000000000,0.0182334743,0.1204651967,0.0022070603,0.0928797871,0.1205530241,0.0112348553
15:11:06:51.551,61,0.0731110945,0.1973740608,0.1525088400,0.0000000000,0.0000000000,0.0549862012,0.0000000000,0.0727379173,0.1980497837,0.0000000000,0.0294145644,0.0000000000,0.0549704731,0.0000000000,0.0206295419,0.0010810196,0.0000000000,0.0192416981,0.0157933496,0.0103218779,0.0670389012,0.0107365726,0.0000000000,0.3245201707,0.3093657792,0.0000000000,0.0000000000,0.1576362103,0.1516860425,0.0396538861,0.0391138792,0.0587553792,0.0193239246,0.3836247027,0.2509368360,0.1430965662,0.1545860618,0.0462675206,0.0407285392,0.0304676909,0.0319696218,0.5536652207,0.5534804463,0.0152474362,0.0000000000,0.0000000000,0.0232226942,0.0423671715,0.0423235632,0.1393986493,0.1534912139,0.0000000112,0.0000000000,0.0000000000,0.0000000000,0.0178369824,0.1210010648,0.0021687713,0.0924840942,0.1210889891,0.0112373522
15:11:06:52.553,61,0.0742813274,0.1985523254,0.1520944834,0.0000000000,0.0000000000,0.0549043566,0.0000000000,0.0738956556,0.1992289722,0.0000000000,0.0290056374,0.0000000000,0.0548884049,0.0000000000,0.0208332222,0.0007879189,0.0000000000,0.0194788873,0.0159939341,0.0104044555,0.0668463781,0.0110964784,0.0000000000,0.3387676477,0.3238795102,0.0000000000,0.0000000000,0.1599074006,0.1538600028,0.0398875326,0.0393434428,0.0595326424,0.0194347873,0.3864706457,0.2537119687,0.1442173421,0.1556539088,0.0470320843,0.0414455943,0.0316833854,0.0331380442,0.5577811003,0.5575913191,0.0155612361,0.0000000000,0.0000000000,0.0231497306,0.0438634679,0.0437598936,0.1424022615,0.1561972946,0.0000000113,0.0000000000,0.0000000000,0.0000000000,0.0175874699,0.1217209920,0.0021512853,0.0922247171,0.1218089238,0.0112732118
15:11:06:53.558,61,0.0750928968,0.1999045312,0.1515957713,0.0000000000,0.0000000000,0.0548165254,0.0000000000,0.0747038350,0.2005820274,0.0000000000,0.0285109971,0.0000000000,0.0548004135,0.0000000000,0.0210020542,0.0005347151,0.0000000000,0.0196662899,0.0161526315,0.0104612494,0.0666050464,0.0113448910,0.0000000000,0.3511995077,0.3383156359,0.0000000000,0.0000000000,0.1620272696,0.1561827213,0.0400928855,0.0395543724,0.0602633171,0.0195037629,0.3941683769,0.2604923844,0.1458092779,0.1573216021,0.0475987196,0.0420117527,0.0329856873,0.0345155299,0.5623961687,0.5622171760,0.0158499330,0.0000000000,0.0000000000,0.0230739620,0.0452861339,0.0453635864,0.1457658112,0.1596697420,0.0000000111,0.0000000000,0.0000000000,0.0000000000,0.0172857922,0.1225470155,0.0021288812,0.0919130370,0.1226349771,0.0113121755
15:11:06:54.559,61,0.0757465065,0.2014941275,0.1511030346,0.0000000000,0.0000000000,0.0546400510,0.0000000000,0.0753588006,0.2021732926,0.0000000000,0.0280154608,0.0000000000,0.0546238571,0.0000000000,0.0211160593,0.0003464427,0.0000000000,0.0198068172,0.0162876863,0.0105092451,0.0663750172,0.0114920074,0.0000000000,0.3565956354,0.3454610407,0.0000000000,0.0000000000,0.1630947739,0.1573437899,0.0402886011,0.0397541411,0.0608357303,0.0195143465,0.3982700109,0.2647857964,0.1467616558,0.1582898945,0.0480286404,0.0424712822,0.0339565203,0.0356223881,0.5636564493,0.5634801388,0.0161531214,0.0000000000,0.0000000000,0.0229643416,0.0463040471,0.0466158316,0.1473998427,0.1614958495,0.0000000089,0.0000000000,0.0000000000,0.0000000000,0.0169833135,0.1235185638,0.0021083839,0.0916033015,0.1236066371,0.0113643985
15:11:06:55.561,61,0.0762165040,0.2028325200,0.1508629918,0.0000000000,0.0000000000,0.0544440672,0.0000000000,0.0758322552,0.2035146952,0.0000000000,0.0277742296,0.0000000000,0.0544278659,0.0000000000,0.0212161746,0.0001864327,0.0000000000,0.0199329779,0.0164172295,0.0105463518,0.0661141723,0.0115504926,0.0000000000,0.3600235283,0.3503008485,0.0000000000,0.0000000000,0.1637527049,0.1581069231,0.0404612944,0.0399389751,0.0613650680,0.0195175372,0.4003229439,0.2668691576,0.1474991292,0.1590353400,0.0484046452,0.0428857058,0.0348043852,0.0365521871,0.5643026233,0.5641289353,0.0164410733,0.0000000000,0.0000000000,0.0228451435,0.0471876711,0.0476925597,0.1487399787,0.1632732153,0.0000000056,0.0000000000,0.0000000000,0.0000000000,0.0168353580,0.1243377775,0.0021040228,0.0914484784,0.1244259477,0.0114212185
15:11:06:56.559,61,0.0766145810,0.2034358084,0.1504926383,0.0000000000,0.0000000000,0.0543179326,0.0000000000,0.0762349516,0.2041169256,0.0000000000,0.0274166539,0.0000000000,0.0543016382,0.0000000000,0.0213099346,0.0000560902,0.0000000000,0.0200271271,0.0165095162,0.0105757145,0.0658755377,0.0115747638,0.0000000000,0.3617038429,0.3525231481,0.0000000000,0.0000000000,0.1643180549,0.1587646157,0.0406143442,0.0401017442,0.0618518032,0.0195122417,0.4030161202,0.2695644498,0.1482835263,0.1598501354,0.0486681797,0.0432013012,0.0355439149,0.0373424478,0.5649158955,0.5647442937,0.0166813154,0.0000000000,0.0000000000,0.0227539502,0.0479295775,0.0485260524,0.1496546566,0.1643317789,0.0000000041,0.0000000000,0.0000000000,0.0000000000,0.0166178495,0.1247052476,0.0020830440,0.0912197828,0.1247934178,0.0114267319
15:11:06:57.561,61,0.0769647583,0.2043602020,0.1502812803,0.0000000000,0.0000000000,0.0542394780,0.0000000000,0.0765907168,0.2050428987,0.0000000000,0.0272178985,0.0000000000,0.0542230904,0.0000000000,0.0214191712,0.0000000000,0.0000302978,0.0201067291,0.0165870562,0.0106177647,0.0657045022,0.0115030063,0.0000000000,0.3623332977,0.3535311520,0.0000000000,0.0000000000,0.1647506803,0.1593165547,0.0407769531,0.0402812660,0.0623536222,0.0194997452,0.4093960524,0.2750000358,0.1503522396,0.1621836722,0.0488417260,0.0434454940,0.0362521745,0.0381045938,0.5659214854,0.5657587647,0.0168969445,0.0000000000,0.0000000000,0.0227089394,0.0485990345,0.0492677242,0.1504766494,0.1652591228,0.0000000025,0.0000000000,0.0000000000,0.0000000000,0.0164962076,0.1252707243,0.0020772722,0.0910852253,0.1253589392,0.0114621716
15:11:06:58.565,61,0.0773798004,0.2050199360,0.1501439065,0.0000000000,0.0000000000,0.0541896634,0.0000000000,0.0770117119,0.2057038844,0.0000000000,0.0270917118,0.0000000000,0.0541732684,0.0000000000,0.0215085223,0.0000000000,0.0000858865,0.0201662593,0.0166478138,0.0106451456,0.0654728264,0.0114092659,0.0000000000,0.3628461957,0.3543374836,0.0000000000,0.0000000000,0.1652001888,0.1598905176,0.0409121476,0.0404343866,0.0628174022,0.0194814391,0.4118316472,0.2771461308,0.1514392644,0.1634012461,0.0490176491,0.0436865129,0.0369070694,0.0388133600,0.5690757632,0.5689342618,0.0170705225,0.0000000000,0.0000000000,0.0226619728,0.0491885468,0.0499246195,0.1512414068,0.1661691517,0.0000000024,0.0000000000,0.0000000000,0.0000000000,0.0164188910,0.1256743819,0.0020742703,0.0909973606,0.1257626563,0.0114884116
15:11:06:59.567,61,0.0778954551,0.2056824267,0.1495737433,0.0000000000,0.0000000000,0.0541807413,0.0000000000,0.0775329024,0.2063635886,0.0000000000,0.0265369508,0.0000000000,0.0541643649,0.0000000000,0.0215828288,0.0000000000,0.0001070081,0.0202242360,0.0167164840,0.0106809428,0.0652825385,0.0113094784,0.0000000000,0.3629374802,0.3546913862,0.0000000000,0.0000000000,0.1653994769,0.1602080166,0.0410539098,0.0405858308,0.0632175505,0.0194564015,0.4132100344,0.2783844471,0.1521806568,0.1642238498,0.0492105708,0.0439342298,0.0375155769,0.0394772254,0.5707785487,0.5706471205,0.0172226448,0.0000000000,0.0000000000,0.0226034019,0.0497259982,0.0505326279,0.1519640535,0.1669918895,0.0000000023,0.0000000000,0.0000000000,0.0000000000,0.0160818584,0.1260767579,0.0020382693,0.0906471610,0.1261649877,0.0114813242
15:11:07:00.565,61,0.0784279555,0.2063441277,0.1491629630,0.0000000000,0.0000000000,0.0542461388,0.0000000000,0.0780707374,0.2070239484,0.0000000000,0.0261336192,0.0000000000,0.0542297587,0.0000000000,0.0216422509,0.0000000000,0.0001305871,0.0202633515,0.0167687889,0.0107055735,0.0650690645,0.0112396637,0.0000000000,0.3633387089,0.3552714884,0.0000000000,0.0000000000,0.1656404734,0.1605516821,0.0411685742,0.0407080241,0.0635795593,0.0194267519,0.4142732322,0.2793563604,0.1528561115,0.1649589390,0.0493817776,0.0441605747,0.0381069258,0.0401141904,0.5730167031,0.5728953481,0.0173459928,0.0000000000,0.0000000000,0.0225394033,0.0502632484,0.0511325598,0.1527115852,0.1678908616,0.0000000022,0.0000000000,0.0000000000,0.0000000000,0.0158366188,0.1264797002,0.0020136735,0.0903935954,0.1265679598,0.0114862574
15:11:07:01.570,61,0.0789337158,0.2070064545,0.1491926461,0.0000000000,0.0000000000,0.0543149188,0.0000000000,0.0785799026,0.2076890618,0.0000000000,0.0261718798,0.0000000000,0.0542984940,0.0000000000,0.0216980521,0.0000000000,0.0001868858,0.0203052275,0.0168212336,0.0107181659,0.0648796707,0.0112134302,0.0000000000,0.3642940223,0.3561104834,0.0000000000,0.0000000000,0.1659248471,0.1609148979,0.0412510671,0.0408046469,0.0639155433,0.0194005258,0.4151660502,0.2801633179,0.1534159482,0.1655498296,0.0495444238,0.0443702713,0.0386772379,0.0407174714,0.5761245489,0.5760057569,0.0174520742,0.0000000000,0.0000000000,0.0224684570,0.0507788733,0.0516952388,0.1534364223,0.1686603725,0.0000000022,0.0000000000,0.0000000000,0.0000000000,0.0158589892,0.1268860996,0.0020230671,0.0904069245,0.1269743890,0.0115252305
15:11:07:02.572,61,0.0794109702,0.2078541815,0.1489396244,0.0000000000,0.0000000000,0.0543680526,0.0000000000,0.0790623203,0.2085376084,0.0000000000,0.0259418190,0.0000000000,0.0543516986,0.0000000000,0.0217298735,0.0000000000,0.0002363773,0.0203403756,0.0168835670,0.0107349306,0.0646932423,0.0111771887,0.0000000000,0.3669252694,0.3594763577,0.0000000000,0.0000000000,0.1659794301,0.1610485911,0.0413474590,0.0409117155,0.0641756207,0.0193578973,0.4157104194,0.2806964815,0.1537896246,0.1659500003,0.0497243442,0.0445858873,0.0392287113,0.0413108617,0.5771108270,0.5769938231,0.0175659787,0.0000000000,0.0000000000,0.0223624390,0.0513310060,0.0523002557,0.1541973799,0.1697261781,0.0000000020,0.0000000000,0.0000000000,0.0000000000,0.0157185365,0.1274041981,0.0020134286,0.0902476460,0.1274925470,0.0115524391
15:11:07:03.570,61,0.0800237283,0.2086911649,0.1486464292,0.0000000000,0.0000000000,0.0544678532,0.0000000000,0.0796785057,0.2093749642,0.0000000000,0.0256690327,0.0000000000,0.0544515140,0.0000000000,0.0217308123,0.0000000000,0.0003397256,0.0203542486,0.0169381946,0.0107261557,0.0643837154,0.0112052858,0.0000000000,0.3975577950,0.3879441917,0.0000000000,0.0000000000,0.1661125720,0.1612324715,0.0414083377,0.0409824736,0.0643710718,0.0193009842,0.4160108566,0.2810046971,0.1539534330,0.1661065221,0.0499768220,0.0448530726,0.0398242250,0.0419424027,0.5780542493,0.5779375434,0.0176581610,0.0000000000,0.0000000000,0.0221963599,0.0520254970,0.0532121733,0.1568770856,0.1728852540,0.0000000019,0.0000000000,0.0000000000,0.0000000000,0.0155522348,0.1279154420,0.0020002094,0.0900640935,0.1280038357,0.0115757454
15:11:07:04.572,61,0.0807168931,0.2093447149,0.1486495733,0.0000000000,0.0000000000,0.0545537136,0.0000000000,0.0803722143,0.2100309879,0.0000000000,0.0256936569,0.0000000000,0.0545373000,0.0000000000,0.0217142366,0.0000000000,0.0005652970,0.0203481615,0.0169753693,0.0106859440,0.0639519989,0.0114581557,0.0000000000,0.4173283875,0.4030071199,0.0000000000,0.0000000000,0.1665488183,0.1616209000,0.0414072573,0.0409870073,0.0645232573,0.0192423780,0.4162195921,0.2812189758,0.1540618092,0.1661796272,0.0503005609,0.0451513492,0.0404526182,0.0425596759,0.5788519979,0.5787336826,0.0177157354,0.0000000000,0.0000000000,0.0219935346,0.0530327931,0.0542219803,0.1599292308,0.1756329685,0.0000000016,0.0000000000,0.0000000000,0.0000000000,0.0155663481,0.1283162534,0.0020083671,0.0900613442,0.1284046620,0.0116120419
15:11:07:05.573,61,0.0813973993,0.2105301023,0.1484054029,0.0000000000,0.0000000000,0.0546064377,0.0000000000,0.0810521394,0.2112185359,0.0000000000,0.0254551899,0.0000000000,0.0545899719,0.0000000000,0.0216576625,0.0000000000,0.0009142384,0.0203302260,0.0170330238,0.0106500378,0.0634724125,0.0117853628,0.0000000000,0.4419446886,0.4245203435,0.0000000000,0.0000000000,0.1666803658,0.1616780311,0.0414431021,0.0410422012,0.0645860434,0.0191435535,0.4161618948,0.2812162340,0.1538573205,0.1658764184,0.0506868027,0.0454778001,0.0413593985,0.0432860367,0.5791045427,0.5789816976,0.0177996419,0.0000000000,0.0000000000,0.0217356440,0.0561850481,0.0572946444,0.1666242331,0.1821281463,0.0000000012,0.0000000000,0.0000000000,0.0000000000,0.0154204275,0.1290415078,0.0020009121,0.0899050012,0.1291299760,0.0116581395
15:11:07:06.575,61,0.0836126879,0.2126672119,0.1484945416,0.0000000000,0.0000000000,0.0545578897,0.0000000000,0.0832359195,0.2133646309,0.0000000000,0.0255426243,0.0000000000,0.0545414686,0.0000000000,0.0215631165,0.0000000000,0.0014343432,0.0202990919,0.0170985088,0.0105877584,0.0628468320,0.0123732351,0.0000000000,0.4828260839,0.4569894969,0.0000000000,0.0000000000,0.1669694334,0.1618027538,0.0414935388,0.0411140919,0.0646194667,0.0190192647,0.4159823060,0.2810704112,0.1534733325,0.1653488725,0.0512177013,0.0458821729,0.0430180356,0.0444895104,0.5792974234,0.5791680217,0.0178905576,0.0000000000,0.0000000000,0.0214083586,0.0598585233,0.0606097952,0.1734890044,0.1882853210,0.0000000007,0.0000000000,0.0000000000,0.0000000000,0.0154707497,0.1303527206,0.0020280709,0.0899437070,0.1304412782,0.0117829219
15:11:07:07.577,61,0.0871699080,0.2155584097,0.1485894918,0.0000000000,0.0000000000,0.0544912592,0.0000000000,0.0867700353,0.2162677497,0.0000000000,0.0256336182,0.0000000000,0.0544750094,0.0000000000,0.0214419197,0.0000000000,0.0020051410,0.0202765092,0.0171916634,0.0105368812,0.0621517338,0.0129139163,0.0000000000,0.5087930560,0.4891051054,0.0000000000,0.0000000000,0.1673799157,0.1620679349,0.0416022502,0.0412565619,0.0646312907,0.0188791063,0.4156758785,0.2807723284,0.1530729383,0.1647721678,0.0518454164,0.0463605039,0.0452023000,0.0464311168,0.5794019103,0.5792633891,0.0180056076,0.0000000000,0.0000000000,0.0210505221,0.0659458339,0.0668433160,0.1819010526,0.1981559843,0.0000000006,0.0000000000,0.0000000000,0.0000000000,0.0155222248,0.1321264654,0.0020628297,0.0899802595,0.1322151423,0.0119498512
15:11:07:08.582,61,0.0918863043,0.2200264484,0.1488354802,0.0000000000,0.0000000000,0.0543448664,0.0000000000,0.0914826691,0.2207551599,0.0000000000,0.0258283988,0.0000000000,0.0543289706,0.0000000000,0.0212602746,0.0000000000,0.0026131142,0.0202351492,0.0173202753,0.0105111664,0.0611034818,0.0133944266,0.0000000000,0.5559179783,0.5381036997,0.0000000000,0.0000000000,0.1676118821,0.1621929705,0.0417619944,0.0414560400,0.0645751059,0.0186891090,0.4153671265,0.2804870009,0.1527763605,0.1642621905,0.0525492541,0.0468981117,0.0492950156,0.0506432801,0.5790244341,0.5788737535,0.0181462634,0.0000000000,0.0000000000,0.0206607841,0.0762018114,0.0780428573,0.1954956353,0.2150786519,0.0000000006,0.0000000000,0.0000000000,0.0000000000,0.0156344194,0.1348682493,0.0021213754,0.0900961906,0.1349572241,0.0122163426
15:11:07:09.580,61,0.0970124230,0.2252496481,0.1489615589,0.0000000000,0.0000000000,0.0541897416,0.0000000000,0.0965761542,0.2259995192,0.0000000000,0.0258757435,0.0000000000,0.0541743189,0.0000000000,0.0210184399,0.0000000000,0.0032203293,0.0201821383,0.0175040793,0.0105115538,0.0592435598,0.0137815466,0.0000000000,0.6023975611,0.5859372616,0.0000000000,0.0000000000,0.1675934345,0.1621274650,0.0419972986,0.0417446271,0.0644623339,0.0184413232,0.4149613678,0.2800937295,0.1524960697,0.1637206972,0.0538406856,0.0475313216,0.0555473827,0.0572080128,0.5786933303,0.5785260201,0.0182879195,0.0000000000,0.0000000000,0.0202300716,0.0911497027,0.0940020755,0.2154553384,0.2368890196,0.0000000009,0.0000000000,0.0000000000,0.0000000000,0.0156561863,0.1380722821,0.0021754357,0.0901330486,0.1381615698,0.0125151537
15:11:07:10.582,61,0.1014235467,0.2302405089,0.1489979625,0.0000000000,0.0000000000,0.0540606268,0.0000000000,0.1009472907,0.2310098112,0.0000000000,0.0258180033,0.0000000000,0.0540457331,0.0000000000,0.0207235366,0.0000000000,0.0038335402,0.0201333687,0.0177650265,0.0105520478,0.0568462610,0.0141366813,0.0000000000,0.6283383965,0.6118251681,0.0000000000,0.0000000000,0.1666343808,0.1611989588,0.0423345380,0.0421285145,0.0642739013,0.0181408953,0.4127230942,0.2783017457,0.1519342363,0.1617182940,0.0556307361,0.0482883453,0.0623054318,0.0638263151,0.5782747269,0.5780847073,0.0184461977,0.0000000000,0.0000000000,0.0197617505,0.1073710397,0.1101516113,0.2324540466,0.2546861768,0.0000000014,0.0000000000,0.0000000000,0.0000000000,0.0156145357,0.1411331743,0.0022183845,0.0901165009,0.1412228048,0.0127937598
15:11:07:11.583,61,0.1079207659,0.2362527102,0.1485110074,0.0000000000,0.0000000000,0.0538480915,0.0000000000,0.1073940694,0.2370396703,0.0000000000,0.0251525696,0.0000000000,0.0538338721,0.0000000000,0.0203818344,0.0000000000,0.0044605443,0.0200983286,0.0181086659,0.0106203398,0.0542151183,0.0145729901,0.0000000000,0.6588077545,0.6439771056,0.0000000000,0.0000000000,0.1632725000,0.1574671119,0.0427438766,0.0425503962,0.0640156418,0.0178038087,0.3988888860,0.2680322230,0.1491553932,0.1563849151,0.0586346462,0.0500443466,0.0683672577,0.0696050003,0.5764438510,0.5761162639,0.0186291132,0.0000000000,0.0000000000,0.0192536134,0.1211292967,0.1234425455,0.2465093285,0.2691136897,0.0000000023,0.0000000000,0.0000000000,0.0000000000,0.0152040245,0.1448161602,0.0022172215,0.0897745565,0.1449062228,0.0130823767
15:11:07:12.585,61,0.1139719710,0.2419375032,0.1493526101,0.0000000000,0.0000000000,0.0536198169,0.0000000000,0.1133989990,0.2427552938,0.0000000000,0.0258329045,0.0000000000,0.0536062643,0.0000000000,0.0200084336,0.0000000000,0.0051037241,0.0200741123,0.0185109340,0.0106974384,0.0513119027,0.0150036635,0.0000000000,0.6810917854,0.6675603986,0.0000000000,0.0000000000,0.1604523212,0.1542712152,0.0432132073,0.0430090986,0.0637249723,0.0174548123,0.3817266226,0.2536763847,0.1438158453,0.1492425650,0.0624427572,0.0527308285,0.0727804750,0.0739011839,0.5752808452,0.5748516917,0.0188162327,0.0000000000,0.0000000000,0.0187200103,0.1332318038,0.1350762844,0.2573626935,0.2801766396,0.0000000059,0.0000000000,0.0000000000,0.0000000000,0.0156072192,0.1483089775,0.0023317134,0.0902370363,0.1483994722,0.0134711862
15:11:07:13.586,61,0.1194155216,0.2484905124,0.1500270963,0.0000000000,0.0000000000,0.0534030646,0.0000000000,0.1188228577,0.2493410408,0.0000000000,0.0263386406,0.0000000000,0.0533901975,0.0000000000,0.0196104534,0.0000000000,0.0057907128,0.0200914387,0.0190294608,0.0108009698,0.0487302169,0.0154163642,0.0000000000,0.7065018415,0.6954799891,0.0000000000,0.0000000000,0.1564032584,0.1497678459,0.0437552221,0.0435136370,0.0633375645,0.0171118286,0.3559712172,0.2328943461,0.1360953748,0.1407676041,0.0681998506,0.0573271140,0.0762927681,0.0774461925,0.5739694238,0.5734394193,0.0190153159,0.0000000000,0.0000000000,0.0181635767,0.1480510086,0.1494173408,0.2668123245,0.2902661264,0.0000000106,0.0000000000,0.0000000000,0.0000000000,0.0159030743,0.1523332000,0.0024413727,0.0905896276,0.1524240822,0.0138960592
15:11:07:14.591,61,0.1253521740,0.2541456223,0.1494631916,0.0000000000,0.0000000000,0.0531834364,0.0000000000,0.1247392297,0.2550112903,0.0000000000,0.0256283432,0.0000000000,0.0531712472,0.0000000000,0.0191905778,0.0000000000,0.0064840573,0.0201190487,0.0196414832,0.0109263230,0.0468662828,0.0158382934,0.0000000000,0.7270675898,0.7170708179,0.0000000000,0.0000000000,0.1489046067,0.1422261447,0.0442983434,0.0439799875,0.0629580617,0.0167614520,0.3444478512,0.2222527862,0.1295907348,0.1339256465,0.0736504272,0.0621319152,0.0811793953,0.0825422481,0.5731130838,0.5725367665,0.0192040373,0.0000000000,0.0000000000,0.0176017527,0.1640170664,0.1661802232,0.2786917984,0.3027954698,0.0000000153,0.0000000000,0.0000000000,0.0000000000,0.0154658817,0.1557963341,0.0024291123,0.0902007744,0.1558876187,0.0141560417
15:11:07:15.592,61,0.1320301890,0.2592175901,0.1489279270,0.0000000000,0.0000000000,0.0530269295,0.0000000000,0.1314128041,0.2600962222,0.0000000000,0.0250373613,0.0000000000,0.0530152880,0.0000000000,0.0187553000,0.0000000000,0.0073168571,0.0201566312,0.0206427034,0.0110931089,0.0456576385,0.0163166933,0.0000000000,0.7526301742,0.7448680997,0.0000000000,0.0000000000,0.1374312192,0.1308927387,0.0448301658,0.0443945341,0.0626517385,0.0164032839,0.3324059248,0.2116201818,0.1244597733,0.1283887476,0.0838277787,0.0711570755,0.0901492983,0.0914729685,0.5726629496,0.5720576048,0.0193694774,0.0000000000,0.0000000000,0.0170484912,0.1907574534,0.1927542984,0.2918264568,0.3165347874,0.0000000230,0.0000000000,0.0000000000,0.0000000000,0.0151017969,0.1589020193,0.0024200126,0.0898336619,0.1589935571,0.0143841971
15:11:07:16.594,61,0.1420653611,0.2653165460,0.1475095600,0.0000000000,0.0000000000,0.0529114157,0.0000000000,0.1414716393,0.2662009597,0.0000000000,0.0235276911,0.0000000000,0.0529001281,0.0000000000,0.0183258615,0.0000000000,0.0095497305,0.0202182252,0.0231399573,0.0113404058,0.0448043980,0.0169878863,0.0000000000,0.7766529322,0.7688104510,0.0000000000,0.0000000000,0.1222341731,0.1159199700,0.0453677773,0.0447787195,0.0625509173,0.0160227716,0.3247739077,0.2050215453,0.1208362505,0.1246426404,0.1122633070,0.0964955911,0.1102608591,0.1101390198,0.5723220706,0.5716962218,0.0195144229,0.0000000000,0.0000000000,0.0164915044,0.2243641913,0.2228048891,0.3020169139,0.3249499500,0.0000000221,0.0000000000,0.0000000000,0.0000000000,0.0141826337,0.1626294106,0.0023269830,0.0889244527,0.1627213210,0.0145787168
15:11:07:17.595,61,0.1505869478,0.2687251568,0.1463733017,0.0000000000,0.0000000000,0.0527817532,0.0000000000,0.1500063241,0.2696081698,0.0000000000,0.0223132558,0.0000000000,0.0527705438,0.0000000000,0.0179754235,0.0000000000,0.0138944723,0.0203020182,0.0263355467,0.0116900755,0.0433369726,0.0190213639,0.0000000000,0.8042955399,0.7972562909,0.0000000000,0.0000000000,0.1168824062,0.1104586199,0.0458796397,0.0450782701,0.0625738874,0.0156816207,0.3011743426,0.1928026825,0.1168619841,0.1205772981,0.1688611358,0.1500002891,0.1466826051,0.1457336247,0.5721405745,0.5714994669,0.0196535885,0.0000000000,0.0000000000,0.0159009658,0.2526224852,0.2476912439,0.3088146746,0.3295662403,0.0000000190,0.0000000000,0.0000000000,0.0000000000,0.0134459436,0.1647092849,0.0022348475,0.0882091969,0.1648014039,0.0146499900
15:11:07:18.594,61,0.1602361649,0.2714950144,0.1451222450,0.0000000000,0.0000000000,0.0526886322,0.0000000000,0.1597527862,0.2723726630,0.0000000000,0.0209719334,0.0000000000,0.0526772365,0.0000000000,0.0177578703,0.0000000000,0.0186810121,0.0204138495,0.0299182422,0.0121818949,0.0400112830,0.0206738580,0.0000000000,0.8192719221,0.8137158155,0.0000000000,0.0000000000,0.1137367859,0.1071893796,0.0464529246,0.0453706197,0.0627656356,0.0153862890,0.2725501955,0.1772889197,0.1113117784,0.1152916476,0.2299600989,0.2054577321,0.1864693165,0.1892458498,0.5728160143,0.5721702576,0.0198325906,0.0000000000,0.0000000000,0.0152840978,0.2804422677,0.2747402787,0.3176338971,0.3360156119,0.0000000143,0.0000000000,0.0000000000,0.0000000000,0.0126340985,0.1663963944,0.0021218285,0.0874306262,0.1664887071,0.0146724507
15:11:07:19.598,61,0.1696469933,0.2746779025,0.1442772150,0.0000000000,0.0000000000,0.0526546352,0.0000000000,0.1692417711,0.2755563855,0.0000000000,0.0200246349,0.0000000000,0.0526430123,0.0000000000,0.0177516751,0.0000000000,0.0235655736,0.0206671730,0.0317041986,0.0131018236,0.0364234447,0.0216247439,0.0000000000,0.8338369131,0.8316403031,0.0000000000,0.0000000000,0.1119480580,0.1054045334,0.0474448353,0.0457991473,0.0633109212,0.0151191112,0.2573787570,0.1672791988,0.1090333015,0.1130838841,0.2956603765,0.2736538351,0.2315280437,0.2384569645,0.5781015158,0.5775332451,0.0200352874,0.0000000000,0.0000000000,0.0146952141,0.3068359792,0.3042468429,0.3232810199,0.3415492773,0.0000000059,0.0000000000,0.0000000000,0.0000000000,0.0120594576,0.1683401763,0.0020494349,0.0868930593,0.1684326977,0.0147559643
15:11:07:20.599,61,0.1762927771,0.2764747143,0.1437109858,0.0000000000,0.0000000000,0.0526399277,0.0000000000,0.1759434789,0.2773523331,0.0000000000,0.0194043927,0.0000000000,0.0526279621,0.0000000000,0.0179211516,0.0000000000,0.0285126213,0.0211054254,0.0328382552,0.0146667473,0.0331655517,0.0223612599,0.0000000000,0.8448653221,0.8436082006,0.0000000000,0.0000000000,0.1109401360,0.1044223458,0.0490487367,0.0463306382,0.0652363598,0.0148898661,0.2430582047,0.1587975174,0.1076115072,0.1117166206,0.3374004364,0.3152641654,0.2606969178,0.2671928406,0.5848144889,0.5843201280,0.0202403702,0.0000000000,0.0000000000,0.0141360555,0.3182957470,0.3155544102,0.3299850523,0.3486321568,0.0000000032,0.0000000000,0.0000000000,0.0000000000,0.0116837416,0.1694365740,0.0019987701,0.0865358710,0.1695292741,0.0147929816
15:11:07:21.599,61,0.1809323430,0.2783742845,0.1424412578,0.0000000000,0.0000000000,0.0526339300,0.0000000000,0.1806206703,0.2792424262,0.0000000000,0.0181100648,0.0000000000,0.0526214428,0.0000000000,0.0182429068,0.0000000000,0.0328316428,0.0217045564,0.0334871076,0.0157304946,0.0306070317,0.0229288191,0.0000000000,0.8572500944,0.8567391634,0.0000000000,0.0000000000,0.1104391292,0.1039528102,0.0504925065,0.0468940437,0.0666980520,0.0146653028,0.2307058871,0.1533771753,0.1067894325,0.1109416559,0.3693420291,0.3494942188,0.2876874208,0.2938481867,0.5886111259,0.5881554484,0.0204891376,0.0000000000,0.0000000000,0.0136192106,0.3279953301,0.3242379725,0.3355158865,0.3534789383,0.0000000016,0.0000000000,0.0000000000,0.0000000000,0.0109022427,0.1705897301,0.0018780248,0.0857542828,0.1706825197,0.0147613864
15:11:07:22.603,61,0.1837978363,0.2794250250,0.1412822157,0.0000000000,0.0000000000,0.0527600124,0.0000000000,0.1835096031,0.2802820206,0.0000000000,0.0169108901,0.0000000000,0.0527468473,0.0000000000,0.0187546611,0.0000000000,0.0363312699,0.0232047364,0.0336812139,0.0165946931,0.0283086095,0.0234238934,0.0000000000,0.8700128198,0.8696270585,0.0000000000,0.0000000000,0.1103147045,0.1038656533,0.0521434136,0.0475168936,0.0676011890,0.0144402375,0.2125511020,0.1480921954,0.1063129976,0.1105267107,0.4287560880,0.4073411226,0.3278524280,0.3307769001,0.5904964209,0.5900567174,0.0207785778,0.0000000000,0.0000000000,0.0131467609,0.3416649103,0.3369395733,0.3393633962,0.3562353253,0.0000000012,0.0000000000,0.0000000000,0.0000000000,0.0101792272,0.1712235063,0.0017601256,0.0850471333,0.1713163406,0.0146954041
15:11:07:23.602,61,0.1870810241,0.2805332243,0.1406005472,0.0000000000,0.0000000000,0.0530106984,0.0000000000,0.1868235171,0.2813851833,0.0000000000,0.0162024628,0.0000000000,0.0529969297,0.0000000000,0.0193609782,0.0000000000,0.0387096927,0.0250486881,0.0336430557,0.0173545182,0.0266276766,0.0237316806,0.0000000000,0.8773205876,0.8772982955,0.0000000000,0.0000000000,0.1103648692,0.1039716527,0.0535202473,0.0481741428,0.0683986023,0.0142162368,0.2059029937,0.1457114667,0.1061583310,0.1104390919,0.4473335445,0.4257782102,0.3442094624,0.3485910296,0.5924907327,0.5920762420,0.0210807305,0.0000000000,0.0000000000,0.0127166426,0.3545213342,0.3517645597,0.3467169702,0.3629892468,0.0000000012,0.0000000000,0.0000000000,0.0000000000,0.0097516626,0.1718966961,0.0016929583,0.0846268982,0.1719896197,0.0146815851
15:11:07:24.604,61,0.1896755248,0.2819468081,0.1399921626,0.0000000000,0.0000000000,0.0533253402,0.0000000000,0.1894418448,0.2827956676,0.0000000000,0.0155473864,0.0000000000,0.0533109792,0.0000000000,0.0200026892,0.0000000000,0.0402498059,0.0264375880,0.0334484354,0.0180353373,0.0254071821,0.0238796081,0.0000000000,0.8819127083,0.8823753595,0.0000000000,0.0000000000,0.1104355529,0.1041311026,0.0545954183,0.0488328561,0.0690793619,0.0139973518,0.2014183402,0.1441322267,0.1061388925,0.1104955152,0.4569224119,0.4354268909,0.3540783525,0.3601769209,0.5944246650,0.5940378904,0.0214153677,0.0000000000,0.0000000000,0.0123236515,0.3636719584,0.3630781174,0.3516974151,0.3682101071,0.0000000011,0.0000000000,0.0000000000,0.0000000000,0.0093559930,0.1727576703,0.0016325684,0.0842481032,0.1728507280,0.0146906767
15:11:07:25.605,61,0.1918973625,0.2823824286,0.1402741224,0.0000000000,0.0000000000,0.0536588281,0.0000000000,0.1916934699,0.2832364440,0.0000000000,0.0158262886,0.0000000000,0.0536438152,0.0000000000,0.0208104607,0.0000000000,0.0416153036,0.0286779888,0.0330742709,0.0186884627,0.0244343616,0.0237773303,0.0000000000,0.8843669891,0.8853584528,0.0000000000,0.0000000000,0.1105776578,0.1044218168,0.0553820170,0.0493897758,0.0696879029,0.0138085792,0.1967767328,0.1430388540,0.1063170731,0.1107542142,0.4635632336,0.4455344379,0.3686961234,0.3804287314,0.5968115330,0.5964693427,0.0217627455,0.0000000000,0.0000000000,0.0119646313,0.3676795959,0.3684625328,0.3572896719,0.3753238618,0.0000000010,0.0000000000,0.0000000000,0.0000000000,0.0095233815,0.1730272174,0.0016644213,0.0844138563,0.1731202453,0.0147429183
15:11:07:26.609,61,0.1941103488,0.2836644351,0.1405134946,0.0000000000,0.0000000000,0.0539738908,0.0000000000,0.1939321160,0.2845258415,0.0000000000,0.0160264447,0.0000000000,0.0539582260,0.0000000000,0.0217737928,0.0000000000,0.0426356718,0.0312133394,0.0326227434,0.0193042085,0.0235897154,0.0235024262,0.0000000000,0.8873082399,0.8895584345,0.0000000000,0.0000000000,0.1108059138,0.1048448980,0.0560930930,0.0499360897,0.0701143295,0.0136236418,0.1901160479,0.1418737024,0.1065133885,0.1110272035,0.4728997946,0.4590424597,0.3799967766,0.3933616281,0.5975775719,0.5972523689,0.0221647825,0.0000000000,0.0000000000,0.0116352476,0.3753845990,0.3804311454,0.3618102074,0.3815242350,0.0000000007,0.0000000000,0.0000000000,0.0000000000,0.0096424930,0.1738151163,0.0016930682,0.0845462978,0.1739082336,0.0148345651
15:11:07:27.611,61,0.1977263093,0.2855098248,0.1407162249,0.0000000000,0.0000000000,0.0542789996,0.0000000000,0.1975599527,0.2863801122,0.0000000000,0.0161795281,0.0000000000,0.0542627908,0.0000000000,0.0227260850,0.0000000000,0.0434967019,0.0335676633,0.0321416929,0.0198837202,0.0228258818,0.0231692493,0.0000000000,0.8905156851,0.8935712576,0.0000000000,0.0000000000,0.1112104803,0.1054366902,0.0567844100,0.0504828617,0.0704469234,0.0134465192,0.1854627579,0.1408165991,0.1067882851,0.1113773808,0.4819855988,0.4691754580,0.3891835809,0.4030244052,0.5981116295,0.5977967978,0.0225800648,0.0000000000,0.0000000000,0.0113341846,0.3836579025,0.3902364373,0.3684474230,0.3894360363,0.0000000005,0.0000000000,0.0000000000,0.0000000000,0.0097326543,0.1749480367,0.0017202668,0.0846514702,0.1750413030,0.0149517236
15:11:07:28.613,61,0.2020271271,0.2874428332,0.1408715546,0.0000000000,0.0000000000,0.0545692593,0.0000000000,0.2018640935,0.2883217037,0.0000000000,0.0162818506,0.0000000000,0.0545524731,0.0000000000,0.0237722266,0.0000000000,0.0449414030,0.0358031467,0.0316015184,0.0204922315,0.0221324675,0.0228619333,0.0000000000,0.8920729756,0.8954114318,0.0000000000,0.0000000000,0.1116860360,0.1060714722,0.0573956594,0.0509948507,0.0707595870,0.0132987211,0.1831935793,0.1401501000,0.1072007120,0.1118560657,0.4901449084,0.4770019054,0.4030497968,0.4151626825,0.5988711715,0.5985684395,0.0230138544,0.0000000000,0.0000000000,0.0110563058,0.3890174627,0.3951879442,0.3779941499,0.3988482356,0.0000000004,0.0000000000,0.0000000000,0.0000000000,0.0097921463,0.1761342734,0.0017427624,0.0847271681,0.1762276143,0.0150685944
15:11:07:29.611,61,0.2060419917,0.2904067338,0.1414912641,0.0000000000,0.0000000000,0.0548014529,0.0000000000,0.2058758885,0.2913038731,0.0000000000,0.0167861488,0.0000000000,0.0547840595,0.0000000000,0.0246114433,0.0000000000,0.0462441891,0.0371774174,0.0310579818,0.0210662857,0.0215140153,0.0225776136,0.0000000000,0.8934788704,0.8967518806,0.0000000000,0.0000000000,0.1123125926,0.1070289835,0.0579348914,0.0514668599,0.0710758790,0.0131506501,0.1820227951,0.1398831159,0.1078939214,0.1127074808,0.4935423434,0.4805140495,0.4117328823,0.4234049916,0.5995662212,0.5992692709,0.0234135278,0.0000000000,0.0000000000,0.0108097624,0.3944756985,0.3994920552,0.3814770579,0.4023728669,0.0000000005,0.0000000000,0.0000000000,0.0000000000,0.0100921495,0.1779565662,0.0018151334,0.0850723237,0.1780501902,0.0152896103
15:11:07:30.613,61,0.2094795555,0.2934107482,0.1415106803,0.0000000000,0.0000000000,0.0549567305,0.0000000000,0.2093174309,0.2943183482,0.0000000000,0.0167017691,0.0000000000,0.0549388230,0.0000000000,0.0254194532,0.0000000000,0.0473339446,0.0383955017,0.0304840226,0.0216336623,0.0209270027,0.0222067609,0.0000000000,0.8944896460,0.8977882862,0.0000000000,0.0000000000,0.1129581481,0.1079508737,0.0584290847,0.0519030541,0.0713465363,0.0130252996,0.1811593473,0.1397201121,0.1085906029,0.1135169342,0.4989573359,0.4870998859,0.4203376770,0.4336272478,0.5999365449,0.5996443033,0.0238409378,0.0000000000,0.0000000000,0.0105761643,0.3976677358,0.4033648372,0.3874529004,0.4088018239,0.0000000006,0.0000000000,0.0000000000,0.0000000000,0.0100380750,0.1797980070,0.0018244965,0.0850557834,0.1798918098,0.0154481819
15:11:07:31.615,61,0.2124057412,0.2962706983,0.1411025673,0.0000000000,0.0000000000,0.0550299063,0.0000000000,0.2122479081,0.2971824706,0.0000000000,0.0162002072,0.0000000000,0.0550115742,0.0000000000,0.0263090208,0.0000000000,0.0483025126,0.0397241116,0.0298570246,0.0221690927,0.0203649383,0.0218184888,0.0000000000,0.8955573440,0.8989595771,0.0000000000,0.0000000000,0.1139046773,0.1094273478,0.0589106753,0.0523212291,0.0715515465,0.0129100857,0.1803209335,0.1395593435,0.1096035838,0.1148289442,0.5153192878,0.5037167072,0.4312576950,0.4455134869,0.6004836559,0.6001955867,0.0242492892,0.0000000000,0.0000000000,0.0103599867,0.3992676735,0.4051564634,0.3909067810,0.4127456546,0.0000000006,0.0000000000,0.0000000000,0.0000000000,0.0097335167,0.1815471947,0.0017867361,0.0847834870,0.1816411763,0.0155519033
15:11:07:32.617,61,0.2156943828,0.2987900078,0.1401583999,0.0000000000,0.0000000000,0.0550177433,0.0000000000,0.2155421227,0.2996973693,0.0000000000,0.0152299069,0.0000000000,0.0549990796,0.0000000000,0.0272892267,0.0000000000,0.0492815115,0.0413701423,0.0292072929,0.0227073580,0.0198381972,0.0214226246,0.0000000000,0.8965080380,0.8999858499,0.0000000000,0.0000000000,0.1147645488,0.1106911153,0.0593311973,0.0526899286,0.0717604458,0.0128047131,0.1797481626,0.1396818310,0.1110520214,0.1165642589,0.5213713646,0.5098938942,0.4451731741,0.4599064887,0.6007470489,0.6004622579,0.0246674381,0.0000000000,0.0000000000,0.0101543618,0.4003559053,0.4064278901,0.4012350142,0.4241743386,0.0000000006,0.0000000000,0.0000000000,0.0000000000,0.0091479439,0.1830824465,0.0016937702,0.0841923282,0.1831765920,0.0155772194
15:11:07:33.618,61,0.2202081382,0.3018519580,0.1402404010,0.0000000000,0.0000000000,0.0550829023,0.0000000000,0.2200542539,0.3027706146,0.0000000000,0.0152414609,0.0000000000,0.0550638400,0.0000000000,0.0287281740,0.0000000000,0.0503572710,0.0435748063,0.0285277832,0.0232226960,0.0193107445,0.0210895184,0.0000000000,0.8986296058,0.9020405412,0.0000000000,0.0000000000,0.1171266362,0.1133517623,0.0597727410,0.0530576408,0.0719147995,0.0127193928,0.1784551740,0.1397117972,0.1128222793,0.1186041757,0.5406374335,0.5273756385,0.4594555497,0.4724850953,0.6010028124,0.6007199883,0.0250947792,0.0000000000,0.0000000000,0.0099646160,0.4024830461,0.4091474116,0.4088672101,0.4319307506,0.0000000005,0.0000000000,0.0000000000,0.0000000000,0.0091516851,0.1849599034,0.0017122396,0.0842122734,0.1850542128,0.0157442689
15:11:07:34.622,61,0.2249229103,0.3044027686,0.1405830532,0.0000000000,0.0000000000,0.0552910343,0.0000000000,0.2247698158,0.3053347170,0.0000000000,0.0155362347,0.0000000000,0.0552715696,0.0000000000,0.0300994068,0.0000000000,0.0514378585,0.0461794436,0.0278241653,0.0237174071,0.0187833011,0.0208179113,0.0000000000,0.9006775022,0.9038406610,0.0000000000,0.0000000000,0.1195085123,0.1158592626,0.0602469891,0.0534564331,0.0719680116,0.0126650725,0.1744330972,0.1395448595,0.1138512492,0.1197507158,0.5575239062,0.5417521000,0.4701587856,0.4817695022,0.6021254063,0.6018479466,0.0255149882,0.0000000000,0.0000000000,0.0097760344,0.4052030444,0.4127183259,0.4193099737,0.4421364665,0.0000000004,0.0000000000,0.0000000000,0.0000000000,0.0093259364,0.1865265816,0.0017599665,0.0843933299,0.1866210252,0.0159147382
15:11:07:35.624,61,0.2310434729,0.3060063422,0.1401496381,0.0000000000,0.0000000000,0.0557552315,0.0000000000,0.2308979034,0.3069366813,0.0000000000,0.0151484013,0.0000000000,0.0557354540,0.0000000000,0.0316974930,0.0000000000,0.0527809635,0.0495448932,0.0270092357,0.0242584962,0.0182712004,0.0205184985,0.0000000000,0.9018986821,0.9049587250,0.0000000000,0.0000000000,0.1207930222,0.1172641739,0.0607422478,0.0539017133,0.0718555152,0.0126418024,0.1646617353,0.1390215755,0.1145454720,0.1205236539,0.5784859061,0.5618985891,0.4823386073,0.4933657050,0.6057960391,0.6055389047,0.0259662606,0.0000000000,0.0000000000,0.0095984591,0.4090079069,0.4187099040,0.4243328571,0.4475279450,0.0000000004,0.0000000000,0.0000000000,0.0000000000,0.0090914452,0.1875047833,0.0017249273,0.0841175914,0.1875998229,0.0159480348
15:11:07:36.622,61,0.2368642390,0.3083418012,0.1391619146,0.0000000000,0.0000000000,0.0562897883,0.0000000000,0.2367419600,0.3092659414,0.0000000000,0.0141603258,0.0000000000,0.0562696829,0.0000000000,0.0336142890,0.0000000000,0.0541900396,0.0527190715,0.0262439214,0.0248210672,0.0177748725,0.0201146305,0.0000000000,0.9027068615,0.9057229161,0.0000000000,0.0000000000,0.1217470765,0.1182978302,0.0613066107,0.0544325560,0.0717319697,0.0126570659,0.1607138515,0.1385406107,0.1150982380,0.1211487129,0.5886901021,0.5716502070,0.4898667634,0.5020998120,0.6090355515,0.6088042259,0.0264295768,0.0000000000,0.0000000000,0.0094186384,0.4110292792,0.4224103391,0.4437011480,0.4692451656,0.0000000004,0.0000000000,0.0000000000,0.0000000000,0.0084961429,0.1889267266,0.0016245018,0.0835021287,0.1890218258,0.0159545187
15:11:07:37.627,61,0.2415245026,0.3109399080,0.1385812908,0.0000000000,0.0000000000,0.0568132959,0.0000000000,0.2414236069,0.3118642569,0.0000000000,0.0135380616,0.0000000000,0.0567929335,0.0000000000,0.0356133394,0.0000000000,0.0553783849,0.0561790429,0.0254926737,0.0253846124,0.0173151307,0.0195853431,0.0000000000,0.9033238292,0.9063593149,0.0000000000,0.0000000000,0.1224922240,0.1191321686,0.0618616715,0.0549726598,0.0715116411,0.0126760807,0.1575438082,0.1380122304,0.1156294718,0.1217509732,0.5961376429,0.5797571540,0.4952508509,0.5095250010,0.6107000709,0.6104857922,0.0269210022,0.0000000000,0.0000000000,0.0092565445,0.4133159220,0.4267512560,0.4495419264,0.4757806957,0.0000000003,0.0000000000,0.0000000000,0.0000000000,0.0081203124,0.1905134171,0.0015660023,0.0831284598,0.1906086504,0.0160198845
15:11:07:38.628,61,0.2457635105,0.3139772117,0.1383648068,0.0000000000,0.0000000000,0.0572247542,0.0000000000,0.2456714511,0.3149082959,0.0000000000,0.0132689923,0.0000000000,0.0572039448,0.0000000000,0.0370617248,0.0000000000,0.0566884987,0.0588519424,0.0247619450,0.0258919019,0.0168886594,0.0190162249,0.0000000000,0.9040401578,0.9071067572,0.0000000000,0.0000000000,0.1232834682,0.1201534569,0.0624546781,0.0555515662,0.0712560117,0.0126663679,0.1559606940,0.1377201825,0.1162431687,0.1224253774,0.6005007625,0.5849252939,0.5045248866,0.5204855204,0.6119158268,0.6117091775,0.0273742359,0.0000000000,0.0000000000,0.0091027226,0.4167865217,0.4308014512,0.4528156221,0.4794451594,0.0000000003,0.0000000000,0.0000000000,0.0000000000,0.0079560513,0.1923727095,0.0015496737,0.0829687715,0.1924680918,0.0161490440
15:11:07:39.629,61,0.2517335713,0.3177330494,0.1382070780,0.0000000000,0.0000000000,0.0575599968,0.0000000000,0.2516380847,0.3186739087,0.0000000000,0.0130755389,0.0000000000,0.0575385764,0.0000000000,0.0384961367,0.0000000000,0.0584769174,0.0620028675,0.0240469575,0.0263455939,0.0164943747,0.0185147133,0.0000000000,0.9057893157,0.9087928534,0.0000000000,0.0000000000,0.1250886619,0.1219748855,0.0631443113,0.0562306345,0.0709180534,0.0126117971,0.1550849378,0.1377055347,0.1169476658,0.1232384890,0.6055329442,0.5902714133,0.5182282329,0.5326517820,0.6124408841,0.6122363210,0.0278130714,0.0000000000,0.0000000000,0.0089541702,0.4247738719,0.4365603924,0.4546026587,0.4814600945,0.0000000004,0.0000000000,0.0000000000,0.0000000000,0.0078365253,0.1946728677,0.0015451103,0.0828369707,0.1947684735,0.0163210575
15:11:07:40.632,61,0.2559880912,0.3212734461,0.1386289001,0.0000000000,0.0000000000,0.0578707717,0.0000000000,0.2558802664,0.3222318590,0.0000000000,0.0134713836,0.0000000000,0.0578485578,0.0000000000,0.0394900441,0.0000000000,0.0604272373,0.0644070879,0.0233702697,0.0267629419,0.0161468592,0.0181272812,0.0000000000,0.9083541036,0.9110075235,0.0000000000,0.0000000000,0.1270724982,0.1237605438,0.0638521686,0.0569454879,0.0705846623,0.0125189489,0.1548670977,0.1380970180,0.1179030463,0.1242327988,0.6076706648,0.5924891233,0.5311160684,0.5435277224,0.6127157211,0.6125093102,0.0282339305,0.0000000000,0.0000000000,0.0088165626,0.4355737567,0.4438923895,0.4556177557,0.4826146066,0.0000000006,0.0000000000,0.0000000000,0.0000000000,0.0080702864,0.1968467534,0.0016094327,0.0830541924,0.1969425529,0.0165511556
15:11:07:41.631,61,0.2597160339,0.3244832456,0.1389277875,0.0000000000,0.0000000000,0.0582753196,0.0000000000,0.2595988810,0.3254564404,0.0000000000,0.0137241799,0.0000000000,0.0582523569,0.0000000000,0.0403712764,0.0000000000,0.0618189089,0.0667912737,0.0227294918,0.0271611493,0.0158310253,0.0177678093,0.0000000000,0.9106323719,0.9130414724,0.0000000000,0.0000000000,0.1290864795,0.1255930215,0.0647411197,0.0578532405,0.0702566952,0.0124074947,0.1550130099,0.1390735358,0.1189825609,0.1253789514,0.6090270877,0.5938181281,0.5397793055,0.5519384742,0.6130468845,0.6128371358,0.0286405198,0.0000000000,0.0000000000,0.0086890822,0.4460064769,0.4540502727,0.4564794898,0.4836163819,0.0000000006,0.0000000000,0.0000000000,0.0000000000,0.0082184831,0.1988168657,0.0016558281,0.0832005665,0.1989128143,0.0167505294
15:11:07:42.632,61,0.2627819180,0.3270204365,0.1390871406,0.0000000000,0.0000000000,0.0588022843,0.0000000000,0.2626646757,0.3280042112,0.0000000000,0.0138692334,0.0000000000,0.0587787926,0.0000000000,0.0416141748,0.0000000000,0.0627998784,0.0695196912,0.0221179985,0.0275403522,0.0155448588,0.0174241066,0.0000000000,0.9128649235,0.9151044488,0.0000000000,0.0000000000,0.1311247498,0.1277089566,0.0663045943,0.0594409965,0.0699150562,0.0122833876,0.1554499269,0.1415281594,0.1202406734,0.1267459244,0.6106703281,0.5949171782,0.5504309535,0.5626681447,0.6131547093,0.6129411459,0.0290440451,0.0000000000,0.0000000000,0.0085727116,0.4564225972,0.4664230347,0.4593020082,0.4875268340,0.0000000007,0.0000000000,0.0000000000,0.0000000000,0.0083027314,0.2003733963,0.0016862536,0.0832698718,0.2004694492,0.0168991853
15:11:07:43.634,61,0.2654307485,0.3300893009,0.1383002102,0.0000000000,0.0000000000,0.0593583174,0.0000000000,0.2653201818,0.3310711682,0.0000000000,0.0130641675,0.0000000000,0.0593345352,0.0000000000,0.0432181805,0.0000000000,0.0636180192,0.0722697377,0.0215359777,0.0278847404,0.0152785704,0.0170530919,0.0000000000,0.9153653979,0.9175322056,0.0000000000,0.0000000000,0.1338622123,0.1305178851,0.0689096451,0.0619858354,0.0695573241,0.0121441726,0.1560297906,0.1439939141,0.1218263879,0.1283268332,0.6142980456,0.5981143713,0.5584784150,0.5706412792,0.6130602360,0.6128425598,0.0294544157,0.0000000000,0.0000000000,0.0084699923,0.4653537273,0.4765883982,0.4634138346,0.4921637475,0.0000000007,0.0000000000,0.0000000000,0.0000000000,0.0078177955,0.2022461444,0.0016030173,0.0827671662,0.2023423165,0.0169586577
15:11:07:44.638,61,0.2683717608,0.3336175084,0.1368962079,0.0000000000,0.0000000000,0.0597452223,0.0000000000,0.2682673931,0.3345892131,0.0000000000,0.0116669061,0.0000000000,0.0597213805,0.0000000000,0.0446969792,0.0000000000,0.0643239543,0.0746072307,0.0209845807,0.0281366240,0.0150192045,0.0166592952,0.0000000000,0.9174185395,0.9195466042,0.0000000000,0.0000000000,0.1360511929,0.1327424943,0.0714638308,0.0644307956,0.0691889748,0.0120009277,0.1565642953,0.1452979445,0.1230138615,0.1295674592,0.6198564768,0.6040392518,0.5627096891,0.5749936700,0.6127594709,0.6125384569,0.0298782978,0.0000000000,0.0000000000,0.0083655287,0.4688210785,0.4805083573,0.4681175947,0.4967950881,0.0000000005,0.0000000000,0.0000000000,0.0000000000,0.0069785602,0.2043939680,0.0014465636,0.0818906352,0.2044903040,0.0169626288
15:11:07:45.640,61,0.2710406780,0.3363910913,0.1366980523,0.0000000000,0.0000000000,0.0599853173,0.0000000000,0.2709421515,0.3373683691,0.0000000000,0.0114523796,0.0000000000,0.0599613078,0.0000000000,0.0458512791,0.0000000000,0.0650053620,0.0759348124,0.0204653256,0.0282992236,0.0147650857,0.0162886549,0.0000000000,0.9192051888,0.9212208390,0.0000000000,0.0000000000,0.1381470412,0.1348433495,0.0732861832,0.0662654191,0.0687999874,0.0118645113,0.1569515169,0.1461145580,0.1241622791,0.1307066232,0.6281599402,0.6122608781,0.5649242997,0.5771830082,0.6122202873,0.6119948626,0.0302484799,0.0000000000,0.0000000000,0.0082655987,0.4702888429,0.4820907712,0.4702876508,0.4988479912,0.0000000005,0.0000000000,0.0000000000,0.0000000000,0.0068478212,0.2060914934,0.0014315919,0.0817433074,0.2061879933,0.0170767736
15:11:07:46.642,61,0.2740631998,0.3393026590,0.1370420754,0.0000000000,0.0000000000,0.0601346679,0.0000000000,0.2739707530,0.3402943015,0.0000000000,0.0117863044,0.0000000000,0.0601103902,0.0000000000,0.0469706953,0.0000000000,0.0656982437,0.0772062689,0.0199825708,0.0284279026,0.0145214200,0.0158947036,0.0000000000,0.9204633236,0.9224005342,0.0000000000,0.0000000000,0.1397548616,0.1364078373,0.0746208951,0.0676897317,0.0683895275,0.0117320679,0.1572581977,0.1467096955,0.1250734627,0.1315992624,0.6326848269,0.6174557805,0.5661978126,0.5784305930,0.6095542312,0.6093040705,0.0306074861,0.0000000000,0.0000000000,0.0081665190,0.4709379077,0.4827096462,0.4722803533,0.5004515648,0.0000000004,0.0000000000,0.0000000000,0.0000000000,0.0070448429,0.2078791857,0.0014859291,0.0819184259,0.2079758346,0.0172659718
15:11:07:47.640,61,0.2765739560,0.3406545818,0.1371419132,0.0000000000,0.0000000000,0.0603106357,0.0000000000,0.2764819562,0.3416520357,0.0000000000,0.0118810525,0.0000000000,0.0602859408,0.0000000000,0.0478582568,0.0000000000,0.0664183199,0.0781609789,0.0195247158,0.0285712741,0.0142975887,0.0155306058,0.0000000000,0.9213711023,0.9232694507,0.0000000000,0.0000000000,0.1408556402,0.1374815255,0.0755774975,0.0686886311,0.0680159107,0.0116114384,0.1575733721,0.1472539306,0.1259886920,0.1324525177,0.6350985169,0.6200853586,0.5671411753,0.5793448091,0.6083686352,0.6081099510,0.0309229847,0.0000000000,0.0000000000,0.0080756480,0.4711483419,0.4827825129,0.4735245705,0.5015632510,0.0000000004,0.0000000000,0.0000000000,0.0000000000,0.0071002301,0.2087087184,0.0015037647,0.0819637999,0.2088053972,0.0173464473
15:11:07:48.645,61,0.2784769833,0.3421136439,0.1360798776,0.0000000000,0.0000000000,0.0604226999,0.0000000000,0.2783820331,0.3430990279,0.0000000000,0.0108532738,0.0000000000,0.0603978783,0.0000000000,0.0485588759,0.0000000000,0.0670630634,0.0789679736,0.0191182140,0.0287418552,0.0141020408,0.0151130306,0.0000000000,0.9220060110,0.9239007831,0.0000000000,0.0000000000,0.1415816694,0.1381974220,0.0762620047,0.0694146529,0.0677328333,0.0115000764,0.1579870284,0.1478270590,0.1266925633,0.1331167668,0.6359443069,0.6211448908,0.5676881671,0.5799963474,0.6076142788,0.6073519588,0.0312499069,0.0000000000,0.0000000000,0.0079860855,0.4711160958,0.4827287793,0.4748219848,0.5030318499,0.0000000004,0.0000000000,0.0000000000,0.0000000000,0.0064848037,0.2095917612,0.0013794089,0.0813137442,0.2096884549,0.0172841456
15:11:07:49.646,61,0.2803292572,0.3438095152,0.1346085817,0.0000000000,0.0000000000,0.0606028140,0.0000000000,0.2802341580,0.3447771370,0.0000000000,0.0094086034,0.0000000000,0.0605780557,0.0000000000,0.0491821878,0.0000000000,0.0676707774,0.0797270611,0.0187583119,0.0289222747,0.0139339836,0.0146837709,0.0000000000,0.9225569963,0.9244584441,0.0000000000,0.0000000000,0.1421684921,0.1387722641,0.0768396929,0.0700350702,0.0674762726,0.0113915177,0.1583362222,0.1482921094,0.1273050308,0.1336880475,0.6360421777,0.6214575768,0.5678352714,0.5802920461,0.6072245836,0.6069617867,0.0315701142,0.0000000000,0.0000000000,0.0079113850,0.4713408649,0.4829620421,0.4753243327,0.5036247969,0.0000000004,0.0000000000,0.0000000000,0.0000000000,0.0056203878,0.2106157690,0.0012015548,0.0804169253,0.2107124776,0.0171799455
15:11:07:50.648,61,0.2824414670,0.3448885083,0.1341095865,0.0000000000,0.0000000000,0.0609595068,0.0000000000,0.2823486030,0.3458514512,0.0000000000,0.0089306096,0.0000000000,0.0609345399,0.0000000000,0.0497287102,0.0000000000,0.0683043748,0.0803967118,0.0184233245,0.0290860143,0.0137786372,0.0143105267,0.0000000000,0.9231405258,0.9250444770,0.0000000000,0.0000000000,0.1427994370,0.1393713355,0.0773728564,0.0706130937,0.0672394484,0.0112840673,0.1586979181,0.1487573385,0.1279237270,0.1342764944,0.6359456778,0.6215078831,0.5681465864,0.5807045102,0.6076977253,0.6074420810,0.0318263695,0.0000000000,0.0000000000,0.0078498544,0.4728798270,0.4840331674,0.4755181074,0.5039022565,0.0000000004,0.0000000000,0.0000000000,0.0000000000,0.0053341007,0.2112716883,0.0011440108,0.0801075324,0.2113684565,0.0171688888
15:11:07:51.646,61,0.2836183012,0.3458062112,0.1338222474,0.0000000000,0.0000000000,0.0613666438,0.0000000000,0.2835260034,0.3467673957,0.0000000000,0.0086666318,0.0000000000,0.0613413714,0.0000000000,0.0502456315,0.0000000000,0.0689031035,0.0810114294,0.0181068480,0.0292473603,0.0136388326,0.0140208500,0.0000000000,0.9237431288,0.9256357551,0.0000000000,0.0000000000,0.1434105784,0.1399348229,0.0778771341,0.0711450204,0.0669816136,0.0111768972,0.1590620577,0.1492433548,0.1285607517,0.1348896772,0.6358053088,0.6214212179,0.5685636997,0.5811390877,0.6079669595,0.6077126861,0.0320666842,0.0000000000,0.0000000000,0.0077984580,0.4761866629,0.4864811301,0.4754733443,0.5039306879,0.0000000003,0.0000000000,0.0000000000,0.0000000000,0.0051758103,0.2118310332,0.0011130909,0.0799263194,0.2119278312,0.0171768498
15:11:07:52.651,61,0.2843899131,0.3464000225,0.1334091872,0.0000000000,0.0000000000,0.0617053993,0.0000000000,0.2842985094,0.3473564982,0.0000000000,0.0082478411,0.0000000000,0.0616798662,0.0000000000,0.0507273301,0.0000000000,0.0694610104,0.0815664604,0.0178106148,0.0293992609,0.0135135902,0.0136973346,0.0000000000,0.9242206216,0.9261081219,0.0000000000,0.0000000000,0.1439159513,0.1404156685,0.0782979578,0.0716049895,0.0667452961,0.0110868989,0.1594287753,0.1497340202,0.1292029470,0.1354948431,0.6356434822,0.6213751435,0.5689097047,0.5815302730,0.6082595587,0.6080067158,0.0322770402,0.0000000000,0.0000000000,0.0077518243,0.4774294794,0.4874974489,0.4756885171,0.5041702390,0.0000000004,0.0000000000,0.0000000000,0.0000000000,0.0049253218,0.2121906430,0.0010610755,0.0796734169,0.2122874260,0.0171525627
15:11:07:53.653,61,0.2848827541,0.3472361565,0.1331882477,0.0000000000,0.0000000000,0.0618425533,0.0000000000,0.2847923636,0.3481915891,0.0000000000,0.0080129299,0.0000000000,0.0618167818,0.0000000000,0.0511466451,0.0000000000,0.0700062439,0.0820268318,0.0175388064,0.0295349918,0.0134089664,0.0133771384,0.0000000000,0.9246376753,0.9265276194,0.0000000000,0.0000000000,0.1443434805,0.1408308446,0.0786736831,0.0720335171,0.0665136278,0.0109979482,0.1598788947,0.1502925009,0.1297918409,0.1360212713,0.6354215741,0.6213568449,0.5693682432,0.5820197463,0.6081004739,0.6078476310,0.0324870832,0.0000000000,0.0000000000,0.0077040619,0.4780290723,0.4879679084,0.4759109020,0.5043758750,0.0000000004,0.0000000000,0.0000000000,0.0000000000,0.0047845147,0.2127006501,0.0010332948,0.0795327276,0.2127974480,0.0171647370
15:11:07:54.651,61,0.2852081060,0.3477352560,0.1334322542,0.0000000000,0.0000000000,0.0619645827,0.0000000000,0.2851190865,0.3486960232,0.0000000000,0.0082434639,0.0000000000,0.0619383678,0.0000000000,0.0515109934,0.0000000000,0.0704967231,0.0823740140,0.0172995459,0.0296446178,0.0133065237,0.0130899912,0.0000000000,0.9250510931,0.9269507527,0.0000000000,0.0000000000,0.1447604746,0.1412394941,0.0790430531,0.0724409968,0.0663133785,0.0109167416,0.1603882760,0.1508662552,0.1302869469,0.1364661753,0.6351574659,0.6212635636,0.5697990656,0.5824562311,0.6073380709,0.6070806384,0.0326807909,0.0000000000,0.0000000000,0.0076548364,0.4784874320,0.4883452058,0.4763682187,0.5047857761,0.0000000005,0.0000000000,0.0000000000,0.0000000000,0.0049218391,0.2130089402,0.0010645402,0.0796731710,0.2131057978,0.0172206610
15:11:07:55.653,61,0.2854533792,0.3482161164,0.1331781149,0.0000000000,0.0000000000,0.0621172264,0.0000000000,0.2853652239,0.3491742313,0.0000000000,0.0079831416,0.0000000000,0.0620906763,0.0000000000,0.0518748313,0.0000000000,0.0709505975,0.0826992765,0.0170879327,0.0297794640,0.0132160764,0.0128074801,0.0000000000,0.9253905416,0.9272966385,0.0000000000,0.0000000000,0.1451037973,0.1415778100,0.0794253871,0.0728613883,0.0661905333,0.0108418576,0.1610566378,0.1517416090,0.1307023466,0.1368341148,0.6346633434,0.6209269166,0.5703540444,0.5830348730,0.6068072319,0.6065493226,0.0328933671,0.0000000000,0.0000000000,0.0076077809,0.4790060222,0.4888550043,0.4772418737,0.5055935383,0.0000000006,0.0000000000,0.0000000000,0.0000000000,0.0047661094,0.2133008540,0.0010323145,0.0795163885,0.2133978009,0.0172111243
15:11:07:56.657,61,0.2858276367,0.3483459353,0.1328969598,0.0000000000,0.0000000000,0.0624403618,0.0000000000,0.2857400179,0.3493000269,0.0000000000,0.0077101099,0.0000000000,0.0624131747,0.0000000000,0.0522363968,0.0000000000,0.0713718832,0.0829860270,0.0168963093,0.0298531838,0.0131151360,0.0125561003,0.0000000000,0.9258564711,0.9277639389,0.0000000000,0.0000000000,0.1456031054,0.1420575231,0.0799823254,0.0734264553,0.0660713241,0.0107652061,0.1615510583,0.1522886157,0.1310477108,0.1371581703,0.6345538497,0.6208768487,0.5708760023,0.5835497379,0.6065933704,0.6063353419,0.0330820531,0.0000000000,0.0000000000,0.0075662783,0.4805748165,0.4901095331,0.4776238203,0.5059742332,0.0000000006,0.0000000000,0.0000000000,0.0000000000,0.0046030260,0.2133775502,0.0009973615,0.0793471783,0.2134744525,0.0171809439
15:11:07:57.659,61,0.2863557339,0.3485019803,0.1324608922,0.0000000000,0.0000000000,0.0628835931,0.0000000000,0.2862688601,0.3494496346,0.0000000000,0.0072955065,0.0000000000,0.0628556311,0.0000000000,0.0525676385,0.0000000000,0.0718153417,0.0831840634,0.0167244729,0.0298779253,0.0130107645,0.0123044420,0.0000000000,0.9263945818,0.9283002019,0.0000000000,0.0000000000,0.1461802572,0.1426051408,0.0805470198,0.0740064532,0.0660181195,0.0106887221,0.1620098054,0.1527278125,0.1314202696,0.1375316530,0.6345005631,0.6208917499,0.5713298917,0.5840346813,0.6069380045,0.6066819429,0.0332364775,0.0000000000,0.0000000000,0.0075338827,0.4823773801,0.4916098416,0.4775871634,0.5059730411,0.0000000005,0.0000000000,0.0000000000,0.0000000000,0.0043554180,0.2134686708,0.0009441267,0.0790852010,0.2135655731,0.0171318855
15:11:07:58.658,61,0.2868843377,0.3485902846,0.1327063739,0.0000000000,0.0000000000,0.0633996129,0.0000000000,0.2867980897,0.3495421112,0.0000000000,0.0075315326,0.0000000000,0.0633707643,0.0000000000,0.0528279282,0.0000000000,0.0722300261,0.0832344145,0.0165680107,0.0298829321,0.0129125938,0.0120419469,0.0000000000,0.9268988371,0.9288147092,0.0000000000,0.0000000000,0.1466865689,0.1431001872,0.0810732171,0.0745558217,0.0660338700,0.0106161349,0.1624695808,0.1531285495,0.1317517310,0.1378762573,0.6343368292,0.6208238006,0.5717055202,0.5845186710,0.6094047427,0.6091663241,0.0333668888,0.0000000000,0.0000000000,0.0075057354,0.4834550023,0.4926154912,0.4773056507,0.5057913065,0.0000000004,0.0000000000,0.0000000000,0.0000000000,0.0044962694,0.2135253251,0.0009749258,0.0792308450,0.2136222124,0.0171680488
15:11:07:59.659,61,0.2875650823,0.3488795459,0.1336474270,0.0000000000,0.0000000000,0.0639084578,0.0000000000,0.2874794900,0.3498471379,0.0000000000,0.0084689679,0.0000000000,0.0638787746,0.0000000000,0.0530454479,0.0000000000,0.0726660788,0.0832024366,0.0164052621,0.0299302712,0.0128342714,0.0117801651,0.0000000000,0.9272928238,0.9292111397,0.0000000000,0.0000000000,0.1471826136,0.1435824484,0.0814439952,0.0749798045,0.0660826564,0.0105557535,0.1630603969,0.1536719352,0.1322711408,0.1383849233,0.6341516972,0.6207897663,0.5722829103,0.5853260159,0.6155426502,0.6153329015,0.0334180072,0.0000000000,0.0000000000,0.0074877762,0.4841910303,0.4933127463,0.4773103595,0.5058383346,0.0000000003,0.0000000000,0.0000000000,0.0000000000,0.0050557079,0.2137122303,0.0010972171,0.0797895640,0.2138091475,0.0173044372
15:11:08:00.661,61,0.2881463468,0.3492533267,0.1341174245,0.0000000000,0.0000000000,0.0642322376,0.0000000000,0.2880614102,0.3502295017,0.0000000000,0.0089196591,0.0000000000,0.0642019063,0.0000000000,0.0531709008,0.0000000000,0.0730808973,0.0831259787,0.0162533168,0.0299950354,0.0127744032,0.0115093598,0.0000000000,0.9275411367,0.9294695854,0.0000000000,0.0000000000,0.1474916637,0.1438819468,0.0816736221,0.0752728507,0.0660942048,0.0105035678,0.1635563374,0.1541194469,0.1327090263,0.1387985051,0.6337893009,0.6206272244,0.5726338029,0.5858454108,0.6186604500,0.6184633374,0.0334575288,0.0000000000,0.0000000000,0.0074694245,0.4843735993,0.4934841692,0.4771952331,0.5057616830,0.0000000003,0.0000000000,0.0000000000,0.0000000000,0.0053244857,0.2139461339,0.0011568521,0.0800661743,0.2140430510,0.0173838679
15:11:08:01.662,61,0.2885394990,0.3494771719,0.1344829351,0.0000000000,0.0000000000,0.0644630417,0.0000000000,0.2884553671,0.3504597843,0.0000000000,0.0092522418,0.0000000000,0.0644320399,0.0000000000,0.0532733575,0.0000000000,0.0734767318,0.0829760358,0.0161088239,0.0300629549,0.0127281444,0.0113184312,0.0000000000,0.9277139306,0.9296346903,0.0000000000,0.0000000000,0.1477005780,0.1440715194,0.0818095431,0.0754827783,0.0660695583,0.0104626529,0.1639233083,0.1544311494,0.1331394911,0.1391901374,0.6335070133,0.6204828024,0.5727435946,0.5860133767,0.6201980114,0.6200051308,0.0334707536,0.0000000000,0.0000000000,0.0074540707,0.4842564762,0.4932855964,0.4768378437,0.5054041147,0.0000000003,0.0000000000,0.0000000000,0.0000000000,0.0055228481,0.2140870094,0.0012007649,0.0802819729,0.2141840309,0.0174424518
15:11:08:02.667,61,0.2889634073,0.3500008583,0.1350552142,0.0000000000,0.0000000000,0.0647156835,0.0000000000,0.2888801396,0.3509941995,0.0000000000,0.0097865667,0.0000000000,0.0646838918,0.0000000000,0.0533530936,0.0000000000,0.0737893656,0.0827104896,0.0159880593,0.0300980005,0.0126727037,0.0111858696,0.0000000000,0.9279342294,0.9298543334,0.0000000000,0.0000000000,0.1479681432,0.1443162709,0.0819784552,0.0756861717,0.0661082268,0.0104234312,0.1644078046,0.1548068672,0.1335559934,0.1395955235,0.6332067847,0.6202413440,0.5729173422,0.5862005353,0.6212288141,0.6210368872,0.0334683470,0.0000000000,0.0000000000,0.0074361810,0.4842327833,0.4931572974,0.4766045213,0.5051829815,0.0000000004,0.0000000000,0.0000000000,0.0000000000,0.0058413823,0.2144138813,0.0012720186,0.0806179568,0.2145109028,0.0175428391
15:11:08:03.669,61,0.2891932428,0.3499929607,0.1356368810,0.0000000000,0.0000000000,0.0649504662,0.0000000000,0.2891110182,0.3509955704,0.0000000000,0.0103418576,0.0000000000,0.0649176687,0.0000000000,0.0534100085,0.0000000000,0.0740188584,0.0824167207,0.0158940833,0.0301411562,0.0126167340,0.0110647660,0.0000000000,0.9281212687,0.9300485849,0.0000000000,0.0000000000,0.1482209116,0.1445461065,0.0821606442,0.0758697465,0.0662069842,0.0103874989,0.1652169228,0.1553482562,0.1339006722,0.1399395466,0.6325234771,0.6196687222,0.5730857253,0.5863838792,0.6218168736,0.6216236353,0.0334536880,0.0000000000,0.0000000000,0.0074132527,0.4842779040,0.4930758774,0.4768635929,0.5054524541,0.0000000004,0.0000000000,0.0000000000,0.0000000000,0.0061728214,0.2144151479,0.0013442001,0.0809652209,0.2145121843,0.0176183321
15:11:08:04.670,61,0.2892673910,0.3499578238,0.1363322288,0.0000000000,0.0000000000,0.0651801378,0.0000000000,0.2891860604,0.3509713709,0.0000000000,0.0109712770,0.0000000000,0.0651458427,0.0000000000,0.0534861945,0.0000000000,0.0742986798,0.0821076706,0.0157960150,0.0302026719,0.0125563154,0.0110094221,0.0000000000,0.9282521605,0.9301701784,0.0000000000,0.0000000000,0.1484336108,0.1447005421,0.0823670775,0.0760720000,0.0662576482,0.0103583895,0.1657414883,0.1557330787,0.1342266649,0.1402515322,0.6320952177,0.6192540526,0.5731481910,0.5863503218,0.6223997474,0.6222037077,0.0334414355,0.0000000000,0.0000000000,0.0073901289,0.4844253957,0.4929599464,0.4770997465,0.5056286454,0.0000000004,0.0000000000,0.0000000000,0.0000000000,0.0065485281,0.2144008726,0.0014259153,0.0813806206,0.2144979984,0.0177073032
15:11:08:05.672,61,0.2893370986,0.3496021032,0.1368175894,0.0000000000,0.0000000000,0.0654408112,0.0000000000,0.2892565131,0.3506222665,0.0000000000,0.0114434371,0.0000000000,0.0654051527,0.0000000000,0.0535562374,0.0000000000,0.0745215714,0.0818556845,0.0157011840,0.0302833952,0.0124954516,0.0108839106,0.0000000000,0.9282391667,0.9301677346,0.0000000000,0.0000000000,0.1485628933,0.1447975636,0.0825547650,0.0762597546,0.0663169250,0.0103465049,0.1661987007,0.1561039090,0.1344689876,0.1404882222,0.6316866279,0.6188820601,0.5731509924,0.5863611102,0.6233687997,0.6231673360,0.0334104486,0.0000000000,0.0000000000,0.0073609529,0.4843133688,0.4927085638,0.4792828560,0.5075739026,0.0000000004,0.0000000000,0.0000000000,0.0000000000,0.0068306671,0.2141880542,0.0014858262,0.0816741660,0.2142851800,0.0177528374
15:11:08:06.673,61,0.2894335687,0.3493398130,0.1370271891,0.0000000000,0.0000000000,0.0657182112,0.0000000000,0.2893540561,0.3503625691,0.0000000000,0.0116449036,0.0000000000,0.0656816214,0.0000000000,0.0536573417,0.0000000000,0.0746509731,0.0816711858,0.0156263318,0.0303839315,0.0124440454,0.0106739253,0.0000000000,0.9281389713,0.9301030636,0.0000000000,0.0000000000,0.1486067325,0.1448403001,0.0827835500,0.0764778405,0.0664041787,0.0103399707,0.1666247994,0.1564455926,0.1346243918,0.1406438053,0.6311759353,0.6184622645,0.5729137063,0.5862643123,0.6239179373,0.6237146854,0.0334012806,0.0000000000,0.0000000000,0.0073357141,0.4841871560,0.4926121831,0.4802896380,0.5085801482,0.0000000004,0.0000000000,0.0000000000,0.0000000000,0.0069511640,0.2140295953,0.0015108830,0.0818021595,0.2141266912,0.0177670289
15:11:08:07.671,61,0.2895950973,0.3491914272,0.1370166391,0.0000000000,0.0000000000,0.0660205707,0.0000000000,0.2895166874,0.3502135277,0.0000000000,0.0116230976,0.0000000000,0.0659834892,0.0000000000,0.0537355170,0.0000000000,0.0746929944,0.0815156475,0.0155719370,0.0304828472,0.0124043413,0.0104564801,0.0000000000,0.9280397892,0.9300505519,0.0000000000,0.0000000000,0.1485843360,0.1448384076,0.0829418004,0.0766209885,0.0664878786,0.0103403218,0.1669659615,0.1566947252,0.1347389072,0.1407719851,0.6304495931,0.6178610921,0.5724887252,0.5860204101,0.6241651773,0.6239611506,0.0334157310,0.0000000000,0.0000000000,0.0073150350,0.4841813743,0.4927728474,0.4810001254,0.5093619823,0.0000000006,0.0000000000,0.0000000000,0.0000000000,0.0069382857,0.2139385343,0.0015074221,0.0817974582,0.2140356302,0.0177582204
15:11:08:08.673,61,0.2897375524,0.3492476046,0.1370286644,0.0000000000,0.0000000000,0.0662067086,0.0000000000,0.2896596491,0.3502701223,0.0000000000,0.0116344476,0.0000000000,0.0661692843,0.0000000000,0.0537610501,0.0000000000,0.0747379661,0.0813658014,0.0155237550,0.0305840950,0.0123841418,0.0102635724,0.0000000000,0.9279028773,0.9299570918,0.0000000000,0.0000000000,0.1484723985,0.1447607577,0.0830097049,0.0766983703,0.0665499195,0.0103390040,0.1672928631,0.1569387615,0.1348133534,0.1408506632,0.6297228336,0.6171967387,0.5720909238,0.5857750773,0.6239295006,0.6237243414,0.0334427357,0.0000000000,0.0000000000,0.0072966567,0.4840015471,0.4927241802,0.4813627005,0.5098165870,0.0000000007,0.0000000000,0.0000000000,0.0000000000,0.0069450084,0.2139730752,0.0015091341,0.0818040222,0.2140702009,0.0177626014
15:11:08:09.678,61,0.2898335159,0.3491298854,0.1370340139,0.0000000000,0.0000000000,0.0663190633,0.0000000000,0.2897556126,0.3501521051,0.0000000000,0.0116222622,0.0000000000,0.0662815943,0.0000000000,0.0537565276,0.0000000000,0.0747467503,0.0812351853,0.0154754138,0.0306963120,0.0123826200,0.0101182098,0.0000000000,0.9277544618,0.9298439026,0.0000000000,0.0000000000,0.1483318508,0.1446462721,0.0830258057,0.0767167434,0.0666098893,0.0103339767,0.1676698774,0.1572549343,0.1348926574,0.1409275681,0.6287682056,0.6163789034,0.5718321800,0.5856401920,0.6238473058,0.6236413121,0.0334700719,0.0000000000,0.0000000000,0.0072842436,0.4837806225,0.4926294982,0.4815038741,0.5100388527,0.0000000009,0.0000000000,0.0000000000,0.0000000000,0.0069378433,0.2139009833,0.0015070532,0.0818084925,0.2139981240,0.0177574046
15:11:08:10.680,61,0.2899744809,0.3488470912,0.1370139867,0.0000000000,0.0000000000,0.0663834587,0.0000000000,0.2898968160,0.3498680592,0.0000000000,0.0116104065,0.0000000000,0.0663458854,0.0000000000,0.0536922812,0.0000000000,0.0747748166,0.0809898600,0.0154188965,0.0308119431,0.0123896739,0.0099951327,0.0000000000,0.9274944067,0.9296120405,0.0000000000,0.0000000000,0.1481171995,0.1444570422,0.0829262808,0.0766324624,0.0667206198,0.0103343157,0.1681781560,0.1576774418,0.1350461096,0.1410857290,0.6274014115,0.6149884462,0.5716060996,0.5855569243,0.6240224838,0.6238165498,0.0334532447,0.0000000000,0.0000000000,0.0072727636,0.4825737178,0.4917367101,0.4815420806,0.5101730227,0.0000000009,0.0000000000,0.0000000000,0.0000000000,0.0069310274,0.2137274742,0.0015043133,0.0817995965,0.2138245404,0.0177406315
15:11:08:11.681,61,0.2900326252,0.3485974967,0.1373118609,0.0000000000,0.0000000000,0.0664042309,0.0000000000,0.2899554968,0.3496224880,0.0000000000,0.0119089819,0.0000000000,0.0663662478,0.0000000000,0.0535991639,0.0000000000,0.0748277530,0.0806610584,0.0153690632,0.0309233945,0.0123928273,0.0098923407,0.0000000000,0.9271238446,0.9292688966,0.0000000000,0.0000000000,0.1477890760,0.1441547424,0.0827620775,0.0764950365,0.0668565631,0.0103438143,0.1686395407,0.1580557525,0.1351231486,0.1411771178,0.6259841323,0.6132619977,0.5711708665,0.5852563977,0.6240742803,0.6238679886,0.0334455110,0.0000000000,0.0000000000,0.0072529544,0.4800414443,0.4888590276,0.4814656079,0.5102051497,0.0000000008,0.0000000000,0.0000000000,0.0000000000,0.0071094981,0.2135777175,0.0015419333,0.0819801241,0.2136747837,0.0177668501
15:11:08:12.680,61,0.2900418043,0.3474521935,0.1388604790,0.0000000000,0.0000000000,0.0666485801,0.0000000000,0.2899644673,0.3484981656,0.0000000000,0.0134738153,0.0000000000,0.0666092485,0.0000000000,0.0534702353,0.0000000000,0.0749817640,0.0802667961,0.0153060211,0.0310225692,0.0123982215,0.0099244090,0.0000000000,0.9268815517,0.9290268421,0.0000000000,0.0000000000,0.1475701928,0.1439282447,0.0825814605,0.0763502195,0.0669825450,0.0103413230,0.1690683216,0.1584187597,0.1353148669,0.1413782090,0.6251446009,0.6122321486,0.5710096955,0.5851004720,0.6258417368,0.6256313920,0.0333728418,0.0000000000,0.0000000000,0.0072460151,0.4792377353,0.4877548516,0.4803296626,0.5093737245,0.0000000006,0.0000000000,0.0000000000,0.0000000000,0.0080448762,0.2128923982,0.0017390255,0.0829171613,0.2129894793,0.0179100130
15:11:08:13.682,61,0.2900393903,0.3463246524,0.1399371177,0.0000000000,0.0000000000,0.0671255738,0.0000000000,0.2899615169,0.3473840058,0.0000000000,0.0145830903,0.0000000000,0.0670845732,0.0000000000,0.0533263758,0.0000000000,0.0751880631,0.0798353627,0.0152515732,0.0311045088,0.0123919742,0.0099869240,0.0000000000,0.9267373085,0.9288675785,0.0000000000,0.0000000000,0.1474229842,0.1437646300,0.0824138597,0.0762323588,0.0671524107,0.0103406385,0.1694739908,0.1587457657,0.1355157197,0.1415872425,0.6243253946,0.6109184623,0.5708938837,0.5849664807,0.6301130652,0.6299060583,0.0332876854,0.0000000000,0.0000000000,0.0072463383,0.4792360365,0.4874651730,0.4795475602,0.5087059736,0.0000000004,0.0000000000,0.0000000000,0.0000000000,0.0087084742,0.2122130096,0.0018762766,0.0835723802,0.2123099715,0.0179918371
15:11:08:14.683,61,0.2901582420,0.3456149399,0.1407857388,0.0000000000,0.0000000000,0.0677243695,0.0000000000,0.2900801301,0.3466852903,0.0000000000,0.0154895717,0.0000000000,0.0676815137,0.0000000000,0.0531972721,0.0000000000,0.0754007846,0.0793969482,0.0152125377,0.0311742611,0.0123833148,0.0100110387,0.0000000000,0.9266788960,0.9288015962,0.0000000000,0.0000000000,0.1473482847,0.1436750442,0.0822913721,0.0761591271,0.0673499405,0.0103358617,0.1699431539,0.1591130346,0.1357442886,0.1418181807,0.6229816079,0.6094558239,0.5708033442,0.5848861337,0.6326562762,0.6324558258,0.0332147405,0.0000000000,0.0000000000,0.0072519770,0.4812493324,0.4883688092,0.4788920283,0.5081371069,0.0000000002,0.0000000000,0.0000000000,0.0000000000,0.0092506409,0.2117872238,0.0019889639,0.0840869844,0.2118841410,0.0180649292
15:11:08:15.684,61,0.2902823389,0.3450459540,0.1412867457,0.0000000000,0.0000000000,0.0684155300,0.0000000000,0.2902043760,0.3461223543,0.0000000000,0.0160278343,0.0000000000,0.0683704913,0.0000000000,0.0530957133,0.0000000000,0.0756793246,0.0789881721,0.0151824625,0.0312452875,0.0123667447,0.0100158267,0.0000000000,0.9266522527,0.9287681580,0.0000000000,0.0000000000,0.1473378092,0.1436368674,0.0822744220,0.0761984214,0.0675472096,0.0103322621,0.1704308242,0.1594960541,0.1359239221,0.1419968158,0.6220949888,0.6085044742,0.5707960129,0.5848703980,0.6347262263,0.6345315576,0.0331374258,0.0000000000,0.0000000000,0.0072536129,0.4840987027,0.4899860024,0.4785026014,0.5078043938,0.0000000002,0.0000000000,0.0000000000,0.0000000000,0.0095728058,0.2114439607,0.0020547924,0.0843924880,0.2115408480,0.0181001257
15:11:08:16.689,61,0.2903752029,0.3443928957,0.1420292407,0.0000000000,0.0000000000,0.0690686628,0.0000000000,0.2902977169,0.3454788327,0.0000000000,0.0167847872,0.0000000000,0.0690215901,0.0000000000,0.0529872999,0.0000000000,0.0758921430,0.0785129592,0.0151543114,0.0312700160,0.0123417526,0.0100459317,0.0000000000,0.9267173409,0.9288250208,0.0000000000,0.0000000000,0.1473867744,0.1436553001,0.0822724104,0.0762249455,0.0677561760,0.0103248982,0.1709163934,0.1598389000,0.1361372620,0.1422280818,0.6214414239,0.6077792645,0.5708218217,0.5848755836,0.6360565424,0.6358663440,0.0330480635,0.0000000000,0.0000000000,0.0072575142,0.4853979647,0.4908615947,0.4781031609,0.5074465871,0.0000000001,0.0000000000,0.0000000000,0.0000000000,0.0100257518,0.2110517770,0.0021479004,0.0848431811,0.2111485898,0.0181617793
15:11:08:17.687,61,0.2904466987,0.3436308205,0.1433483958,0.0000000000,0.0000000000,0.0697136521,0.0000000000,0.2903700173,0.3447348475,0.0000000000,0.0181166735,0.0000000000,0.0696645454,0.0000000000,0.0528988987,0.0000000000,0.0760585144,0.0779496953,0.0151288919,0.0312352646,0.0123084588,0.0100585893,0.0000000000,0.9270030260,0.9291159511,0.0000000000,0.0000000000,0.1476282179,0.1438806057,0.0823337436,0.0762967020,0.0679645985,0.0103052733,0.1714006066,0.1601294875,0.1364811808,0.1425800920,0.6210001111,0.6073713303,0.5709264278,0.5849589705,0.6369419098,0.6367539763,0.0329479948,0.0000000000,0.0000000000,0.0072746458,0.4880755842,0.4934779108,0.4775824249,0.5069254041,0.0000000001,0.0000000000,0.0000000000,0.0000000000,0.0108223548,0.2105990797,0.0023134325,0.0856396481,0.2106958628,0.0182913337
15:11:08:18.692,61,0.2904520631,0.3427061737,0.1444872469,0.0000000000,0.0000000000,0.0703884214,0.0000000000,0.2903762162,0.3438248336,0.0000000000,0.0192834437,0.0000000000,0.0703371316,0.0000000000,0.0528102964,0.0000000000,0.0761991143,0.0774211064,0.0151319066,0.0311845895,0.0122763794,0.0100862132,0.0000000000,0.9273989797,0.9295120835,0.0000000000,0.0000000000,0.1479228586,0.1441504657,0.0824105069,0.0763633251,0.0681697950,0.0102757150,0.1718963683,0.1603971720,0.1367706209,0.1428733617,0.6202840805,0.6067623496,0.5709293485,0.5849268436,0.6374562979,0.6372697949,0.0328735635,0.0000000000,0.0000000000,0.0072957631,0.4946268797,0.4999623299,0.4767912030,0.5060742497,0.0000000001,0.0000000000,0.0000000000,0.0000000000,0.0115207136,0.2100447863,0.0024560334,0.0863303393,0.2101415396,0.0183884986
15:11:08:19.693,61,0.2905342281,0.3419970274,0.1454393566,0.0000000000,0.0000000000,0.0711440295,0.0000000000,0.2904588878,0.3431280851,0.0000000000,0.0202655233,0.0000000000,0.0710873455,0.0000000000,0.0527177937,0.0000000000,0.0763377622,0.0768760741,0.0151361497,0.0311279483,0.0122409295,0.0101252580,0.0000000000,0.9277929664,0.9299066067,0.0000000000,0.0000000000,0.1482674181,0.1444755346,0.0824770927,0.0764216110,0.0683769882,0.0102558713,0.1723274291,0.1605886519,0.1370940357,0.1431886852,0.6197540760,0.6063154340,0.5709369779,0.5848705769,0.6381031275,0.6379176378,0.0327692963,0.0000000000,0.0000000000,0.0073191575,0.4980173707,0.5032100081,0.4762654603,0.5055003166,0.0000000001,0.0000000000,0.0000000000,0.0000000000,0.0121085448,0.2096206546,0.0025759744,0.0869071558,0.2097173333,0.0184725467
15:11:08:20.695,61,0.2905985117,0.3413939774,0.1462854892,0.0000000000,0.0000000000,0.0718980655,0.0000000000,0.2905239165,0.3425361514,0.0000000000,0.0211125612,0.0000000000,0.0718384907,0.0000000000,0.0526149906,0.0000000000,0.0764451474,0.0763674825,0.0151512148,0.0310936105,0.0122108804,0.0101258615,0.0000000000,0.9281141162,0.9302363992,0.0000000000,0.0000000000,0.1484945118,0.1446937621,0.0825400725,0.0764754340,0.0685805902,0.0102385590,0.1727146059,0.1607559770,0.1373083442,0.1434006393,0.6188900471,0.6056931615,0.5707938075,0.5847252011,0.6387225389,0.6385384798,0.0326911844,0.0000000000,0.0000000000,0.0073394752,0.5000643134,0.5055007935,0.4756869674,0.5049156547,0.0000000001,0.0000000000,0.0000000000,0.0000000000,0.0126156108,0.2092603147,0.0026790907,0.0874195397,0.2093569785,0.0185482819
15:11:08:21.694,61,0.2905863225,0.3409672976,0.1468193233,0.0000000000,0.0000000000,0.0724785551,0.0000000000,0.2905121446,0.3421162367,0.0000000000,0.0216502622,0.0000000000,0.0724171326,0.0000000000,0.0524675362,0.0000000000,0.0763899907,0.0757361129,0.0151747139,0.0310395174,0.0121811340,0.0100816553,0.0000000000,0.9283455610,0.9305114150,0.0000000000,0.0000000000,0.1486675888,0.1448922455,0.0825396776,0.0764425099,0.0688777715,0.0102309687,0.1732397676,0.1609768271,0.1375751644,0.1436751187,0.6168776155,0.6046746373,0.5704578161,0.5844907761,0.6401209235,0.6399453878,0.0325979628,0.0000000000,0.0000000000,0.0073612384,0.5008941889,0.5065034032,0.4753828347,0.5046028495,0.0000000001,0.0000000000,0.0000000000,0.0000000000,0.0129376138,0.2090046853,0.0027440118,0.0877433717,0.2091013491,0.0185933951
15:11:08:22.696,61,0.2903708816,0.3403448761,0.1468247771,0.0000000000,0.0000000000,0.0730351508,0.0000000000,0.2902975380,0.3414916396,0.0000000000,0.0216863509,0.0000000000,0.0729721785,0.0000000000,0.0523297936,0.0000000000,0.0764076188,0.0751142874,0.0152089708,0.0309901834,0.0121624293,0.0100283157,0.0000000000,0.9285655022,0.9307620525,0.0000000000,0.0000000000,0.1488499790,0.1450765878,0.0825160891,0.0764099583,0.0691565350,0.0102244476,0.1737039834,0.1611102074,0.1379004270,0.1440003067,0.6155369878,0.6039376855,0.5699190497,0.5840461850,0.6423323750,0.6421726346,0.0324804522,0.0000000000,0.0000000000,0.0073987730,0.5012863278,0.5069952607,0.4748176038,0.5039846897,0.0000000001,0.0000000000,0.0000000000,0.0000000000,0.0129602281,0.2086231709,0.0027436414,0.0877537131,0.2087197900,0.0185606461
15:11:08:23.697,61,0.2900329232,0.3399072289,0.1470315009,0.0000000000,0.0000000000,0.0734251812,0.0000000000,0.2899598181,0.3410556614,0.0000000000,0.0218918864,0.0000000000,0.0733609200,0.0000000000,0.0521656536,0.0000000000,0.0763979703,0.0744578242,0.0152419033,0.0309377871,0.0121497922,0.0100562507,0.0000000000,0.9287452698,0.9309582710,0.0000000000,0.0000000000,0.1489892304,0.1452027708,0.0824254602,0.0763055906,0.0694491491,0.0102231530,0.1741954088,0.1612579226,0.1382374316,0.1443364173,0.6145476103,0.6032087207,0.5693844557,0.5835229754,0.6434550285,0.6433000565,0.0323651209,0.0000000000,0.0000000000,0.0074352985,0.5012077689,0.5069302320,0.4742155671,0.5032047033,0.0000000001,0.0000000000,0.0000000000,0.0000000000,0.0130837960,0.2083571702,0.0027661631,0.0878821909,0.2084537446,0.0185633618
15:11:08:24.702,61,0.2896114290,0.3390217423,0.1472551376,0.0000000000,0.0000000000,0.0738196298,0.0000000000,0.2895379961,0.3401705325,0.0000000000,0.0221053101,0.0000000000,0.0737542585,0.0000000000,0.0519984215,0.0000000000,0.0763201639,0.0738424957,0.0152617907,0.0309075098,0.0121423416,0.0101059163,0.0000000000,0.9288576245,0.9311032295,0.0000000000,0.0000000000,0.1490914673,0.1453005970,0.0823494047,0.0761940554,0.0697375312,0.0102195106,0.1746960133,0.1614503264,0.1385407746,0.1446499228,0.6136963367,0.6024700999,0.5689659119,0.5831311941,0.6454882026,0.6453348398,0.0322514549,0.0000000000,0.0000000000,0.0074723074,0.5010275841,0.5067666173,0.4735419452,0.5024187565,0.0000000001,0.0000000000,0.0000000000,0.0000000000,0.0132128587,0.2078167796,0.0027859895,0.0880259052,0.2079133540,0.0185440201
15:11:08:25.703,61,0.2892574668,0.3384276032,0.1476372927,0.0000000000,0.0000000000,0.0741329193,0.0000000000,0.2891834974,0.3395802379,0.0000000000,0.0224803835,0.0000000000,0.0740663037,0.0000000000,0.0517911948,0.0000000000,0.0762281939,0.0732473880,0.0152746551,0.0308898315,0.0121394563,0.0101365522,0.0000000000,0.9288370013,0.9311206341,0.0000000000,0.0000000000,0.1491206735,0.1453459263,0.0821392387,0.0759617761,0.0700180680,0.0102338735,0.1752404273,0.1617109776,0.1388403773,0.1449624002,0.6128064394,0.6015637517,0.5685628057,0.5827883482,0.6466303468,0.6464772820,0.0321232677,0.0000000000,0.0000000000,0.0074971626,0.5001884103,0.5061484575,0.4733660817,0.5021472573,0.0000000001,0.0000000000,0.0000000000,0.0000000000,0.0134380693,0.2074568123,0.0028284213,0.0882610530,0.2075532824,0.0185602829
15:11:08:26.705,61,0.2887555957,0.3380007446,0.1480667293,0.0000000000,0.0000000000,0.0742207691,0.0000000000,0.2886806726,0.3391584754,0.0000000000,0.0228674114,0.0000000000,0.0741532668,0.0000000000,0.0515929461,0.0000000000,0.0760932043,0.0726470426,0.0152726201,0.0308572352,0.0121430261,0.0101819113,0.0000000000,0.9286828637,0.9310150146,0.0000000000,0.0000000000,0.1490411013,0.1453006566,0.0818920732,0.0756900385,0.0703026131,0.0102498746,0.1758643240,0.1620661765,0.1390926242,0.1452271342,0.6121432781,0.6009467244,0.5682979822,0.5826026797,0.6477271914,0.6475730538,0.0319693796,0.0000000000,0.0000000000,0.0075148810,0.4906457663,0.4970127940,0.4730539918,0.5017076135,0.0000000001,0.0000000000,0.0000000000,0.0000000000,0.0136701595,0.2071997821,0.0028735991,0.0885226056,0.2072963417,0.0185914133
15:11:08:27.703,61,0.2881379128,0.3371677697,0.1477942020,0.0000000000,0.0000000000,0.0742135122,0.0000000000,0.2880612612,0.3383183479,0.0000000000,0.0225767177,0.0000000000,0.0741458088,0.0000000000,0.0513678566,0.0000000000,0.0758702904,0.0720240250,0.0152810533,0.0307980720,0.0121460669,0.0102639515,0.0000000000,0.9284444451,0.9308210015,0.0000000000,0.0000000000,0.1489762366,0.1452795267,0.0816183910,0.0753880441,0.0706748366,0.0102768503,0.1773139685,0.1625138968,0.1392902583,0.1454542428,0.6114189625,0.6002355814,0.5679720640,0.5823894143,0.6507982016,0.6506441236,0.0317467824,0.0000000000,0.0000000000,0.0075262408,0.4780016840,0.4854535758,0.4730857909,0.5016055107,0.0000000001,0.0000000000,0.0000000000,0.0000000000,0.0134978406,0.2066860497,0.0028301382,0.0883691311,0.2067825943,0.0185119454
15:11:08:28.705,61,0.2874796987,0.3361274600,0.1472365558,0.0000000000,0.0000000000,0.0743017197,0.0000000000,0.2874020040,0.3372657895,0.0000000000,0.0219891388,0.0000000000,0.0742337853,0.0000000000,0.0511608087,0.0000000000,0.0756457150,0.0714680180,0.0152934939,0.0307121929,0.0121446578,0.0103784287,0.0000000000,0.9283184409,0.9307385683,0.0000000000,0.0000000000,0.1490089595,0.1453559399,0.0813613087,0.0750955343,0.0710433275,0.0102973767,0.1785773486,0.1630105674,0.1394791603,0.1456883997,0.6107687950,0.5995731354,0.5678848028,0.5823902488,0.6533535123,0.6532019973,0.0315138102,0.0000000000,0.0000000000,0.0075422586,0.4739125669,0.4816853106,0.4731678963,0.5015397072,0.0000000001,0.0000000000,0.0000000000,0.0000000000,0.0131483190,0.2060420215,0.0027480191,0.0880474225,0.2061385512,0.0183856469
15:11:08:29.706,61,0.2868404686,0.3354270160,0.1468229294,0.0000000000,0.0000000000,0.0744169876,0.0000000000,0.2867614925,0.3365565240,0.0000000000,0.0215560850,0.0000000000,0.0743486583,0.0000000000,0.0509758703,0.0000000000,0.0754679814,0.0709135905,0.0153096598,0.0306221619,0.0121517340,0.0104977218,0.0000000000,0.9282386303,0.9306925535,0.0000000000,0.0000000000,0.1490815580,0.1454645842,0.0811042264,0.0748103708,0.0713912696,0.0103140613,0.1798274517,0.1635505408,0.1397057325,0.1459589154,0.6100903749,0.5989007950,0.5677963495,0.5823500156,0.6545866132,0.6544355750,0.0312904678,0.0000000000,0.0000000000,0.0075610657,0.4719410539,0.4798283577,0.4729005694,0.5010992885,0.0000000000,0.0000000000,0.0000000000,0.0000000000,0.0128905401,0.2056079954,0.0026883082,0.0878079534,0.2057044953,0.0182960723
15:11:08:30.708,61,0.2862440348,0.3348924518,0.1463921517,0.0000000000,0.0000000000,0.0744790211,0.0000000000,0.2861637771,0.3360135555,0.0000000000,0.0210967679,0.0000000000,0.0744103193,0.0000000000,0.0507837310,0.0000000000,0.0753331780,0.0703970566,0.0153114861,0.0305787064,0.0121674417,0.0105867404,0.0000000000,0.9280757308,0.9305631518,0.0000000000,0.0000000000,0.1490546167,0.1454662085,0.0808045343,0.0745024532,0.0717043504,0.0103328330,0.1808469296,0.1641625762,0.1399166435,0.1461934894,0.6089248657,0.5980184674,0.5678377151,0.5824491382,0.6554792523,0.6553285718,0.0311005581,0.0000000000,0.0000000000,0.0075767501,0.4710639119,0.4789841771,0.4727723300,0.5008021593,0.0000000000,0.0000000000,0.0000000000,0.0000000000,0.0126167415,0.2052756101,0.0026268356,0.0875563025,0.2053720951,0.0182134584
15:11:08:31.713,61,0.2856876552,0.3344463408,0.1459357142,0.0000000000,0.0000000000,0.0745095387,0.0000000000,0.2856069505,0.3355588317,0.0000000000,0.0206156094,0.0000000000,0.0744407102,0.0000000000,0.0506418273,0.0000000000,0.0752182230,0.0699581802,0.0153129576,0.0305480603,0.0121801868,0.0106400773,0.0000000000,0.9278977513,0.9304233193,0.0000000000,0.0000000000,0.1489716917,0.1454208642,0.0805511773,0.0742368996,0.0719314441,0.0103549827,0.1814387441,0.1645384580,0.1400438249,0.1463541836,0.6083678007,0.5975551009,0.5677360296,0.5824302435,0.6558411121,0.6556909084,0.0309506394,0.0000000000,0.0000000000,0.0075910976,0.4706906378,0.4786550105,0.4724724293,0.5003841519,0.0000000000,0.0000000000,0.0000000000,0.0000000000,0.0123297004,0.2049970478,0.0025634931,0.0872882903,0.2050935328,0.0181325339
15:11:08:32.711,61,0.2850588858,0.3339280784,0.1453118324,0.0000000000,0.0000000000,0.0744562671,0.0000000000,0.2849784195,0.3350292444,0.0000000000,0.0199545287,0.0000000000,0.0743878037,0.0000000000,0.0505147763,0.0000000000,0.0750717595,0.0695512071,0.0153282965,0.0305134151,0.0121874977,0.0106734233,0.0000000000,0.9277207851,0.9303036332,0.0000000000,0.0000000000,0.1488554478,0.1453482807,0.0803402364,0.0740001798,0.0721369460,0.0103748580,0.1818660945,0.1648090333,0.1400552690,0.1464012265,0.6078696251,0.5971398950,0.5674272776,0.5822615623,0.6556670070,0.6555175781,0.0308398809,0.0000000000,0.0000000000,0.0076012611,0.4704535902,0.4785159826,0.4720638692,0.4999017715,0.0000000000,0.0000000000,0.0000000000,0.0000000000,0.0119351279,0.2046725154,0.0024774200,0.0869208723,0.2047690004,0.0180270411
15:11:08:33.713,61,0.2844807208,0.3334090710,0.1440438330,0.0000000000,0.0000000000,0.0742988810,0.0000000000,0.2844010890,0.3344891369,0.0000000000,0.0186694600,0.0000000000,0.0742313117,0.0000000000,0.0503963754,0.0000000000,0.0748875514,0.0691721812,0.0153460456,0.0304416437,0.0121813947,0.0106928917,0.0000000000,0.9275857210,0.9302264452,0.0000000000,0.0000000000,0.1487748325,0.1453103721,0.0801315159,0.0737525374,0.0723207220,0.0104016755,0.1820466816,0.1648580283,0.1400497407,0.1464494020,0.6076952815,0.5970070362,0.5669319630,0.5819252133,0.6553950906,0.6552468538,0.0307474211,0.0000000000,0.0000000000,0.0076097632,0.4699753225,0.4781959951,0.4717483222,0.4995392561,0.0000000000,0.0000000000,0.0000000000,0.0000000000,0.0111672739,0.2043407261,0.0023141771,0.0861681402,0.2044371963,0.0178415719
15:11:08:34.715,61,0.2839402258,0.3329650760,0.1431188285,0.0000000000,0.0000000000,0.0742216483,0.0000000000,0.2838612199,0.3340295553,0.0000000000,0.0177349206,0.0000000000,0.0741545334,0.0000000000,0.0502923615,0.0000000000,0.0747898221,0.0688284114,0.0153583484,0.0303784143,0.0121765947,0.0107643399,0.0000000000,0.9275155663,0.9301841855,0.0000000000,0.0000000000,0.1487406194,0.1452921033,0.0799091756,0.0735106245,0.0724735633,0.0104266983,0.1820808351,0.1648130268,0.1401021779,0.1465420574,0.6076153517,0.5969330668,0.5665057302,0.5815535188,0.6552070379,0.6550598145,0.0306758974,0.0000000000,0.0000000000,0.0076261852,0.4699062705,0.4781817198,0.4711810350,0.4987600148,0.0000000000,0.0000000000,0.0000000000,0.0000000000,0.0106088892,0.2040587068,0.0021953485,0.0856196508,0.2041551471,0.0177031606
15:11:08:35.719,61,0.2834101021,0.3327528834,0.1422496587,0.0000000000,0.0000000000,0.0741319954,0.0000000000,0.2833317518,0.3337998688,0.0000000000,0.0169102754,0.0000000000,0.0740655288,0.0000000000,0.0501708724,0.0000000000,0.0746821091,0.0685072914,0.0153601803,0.0303435661,0.0121808182,0.0108058620,0.0000000000,0.9274122119,0.9301091433,0.0000000000,0.0000000000,0.1485981643,0.1451726109,0.0796403736,0.0732312724,0.0725956112,0.0104442611,0.1820638925,0.1647570431,0.1401510984,0.1466327310,0.6075106263,0.5968477726,0.5661050677,0.5812199116,0.6551425457,0.6549963951,0.0306294002,0.0000000000,0.0000000000,0.0076466175,0.4698530138,0.4782127738,0.4705562294,0.4978695810,0.0000000000,0.0000000000,0.0000000000,0.0000000000,0.0101158870,0.2039173245,0.0020918418,0.0851020142,0.2040158659,0.0175840687
15:11:08:36.721,61,0.2829628885,0.3323707581,0.1412770897,0.0000000000,0.0000000000,0.0740389302,0.0000000000,0.2828845978,0.3334016204,0.0000000000,0.0159649570,0.0000000000,0.0739733353,0.0000000000,0.0500298664,0.0000000000,0.0745426565,0.0681695938,0.0153590897,0.0303145442,0.0121845240,0.0108679784,0.0000000000,0.9272897243,0.9300059080,0.0000000000,0.0000000000,0.1484456211,0.1450357884,0.0793456212,0.0729255527,0.0727349669,0.0104673682,0.1820640564,0.1646974683,0.1402113587,0.1467329711,0.6074172854,0.5967553258,0.5657204390,0.5808946490,0.6552097201,0.6550645232,0.0305676628,0.0000000000,0.0000000000,0.0076644095,0.4695582688,0.4780298173,0.4701777697,0.4973106682,0.0000000000,0.0000000000,0.0000000000,0.0000000000,0.0095508723,0.2036729157,0.0019725733,0.0845243111,0.2037714273,0.0174434949
15:11:08:37.723,61,0.2824696302,0.3318421841,0.1403458565,0.0000000000,0.0000000000,0.0739091188,0.0000000000,0.2823916972,0.3328571916,0.0000000000,0.0150447404,0.0000000000,0.0738446862,0.0000000000,0.0498724580,0.0000000000,0.0743999407,0.0678703710,0.0153507339,0.0302930530,0.0121860951,0.0108912466,0.0000000000,0.9270542264,0.9298041463,0.0000000000,0.0000000000,0.1482374370,0.1448536962,0.0790356994,0.0726200640,0.0728689954,0.0104922950,0.1820105761,0.1646032035,0.1401777864,0.1467452198,0.6074261069,0.5967789888,0.5652645230,0.5805886984,0.6555076838,0.6553645730,0.0304711200,0.0000000000,0.0000000000,0.0076764841,0.4665810466,0.4763572812,0.4699746072,0.4969985783,0.0000000000,0.0000000000,0.0000000000,0.0000000000,0.0090009794,0.2033392638,0.0018558744,0.0839728042,0.2034377009,0.0173007995
15:11:08:38.724,61,0.2820800245,0.3314388394,0.1393537223,0.0000000000,0.0000000000,0.0737623796,0.0000000000,0.2820019126,0.3324374855,0.0000000000,0.0140636796,0.0000000000,0.0736993626,0.0000000000,0.0496516526,0.0000000000,0.0741675645,0.0675774887,0.0153348092,0.0302667990,0.0121824797,0.0108925942,0.0000000000,0.9267505407,0.9295443892,0.0000000000,0.0000000000,0.1479874402,0.1446490437,0.0786678493,0.0722471923,0.0730021670,0.0105293384,0.1818449348,0.1643781215,0.1401002705,0.1467359066,0.6075130701,0.5968534946,0.5647521019,0.5802885890,0.6579505801,0.6578221917,0.0303404182,0.0000000000,0.0000000000,0.0076819747,0.4604659677,0.4723868370,0.4701450765,0.4970914125,0.0000000000,0.0000000000,0.0000000000,0.0000000000,0.0084144743,0.2030818015,0.0017326905,0.0833834708,0.2031802237,0.0171573386
15:11:08:39.725,61,0.2818692625,0.3313329518,0.1387206614,0.0000000000,0.0000000000,0.0736406371,0.0000000000,0.2817898691,0.3323216140,0.0000000000,0.0134386541,0.0000000000,0.0735787675,0.0000000000,0.0494553261,0.0000000000,0.0739543885,0.0673621967,0.0153086055,0.0302385520,0.0121753272,0.0108542182,0.0000000000,0.9264811277,0.9293112159,0.0000000000,0.0000000000,0.1477597058,0.1444871873,0.0783562064,0.0719312951,0.0730746463,0.0105613116,0.1815776825,0.1641098410,0.1399809271,0.1466676742,0.6077813506,0.5971229076,0.5643871427,0.5801433921,0.6590514183,0.6589269638,0.0302272458,0.0000000000,0.0000000000,0.0076792650,0.4582650661,0.4708398283,0.4703924954,0.4972886443,0.0000000000,0.0000000000,0.0000000000,0.0000000000,0.0080406303,0.2030103952,0.0016551127,0.0830058381,0.2031088173,0.0170736574
15:11:08:40.727,61,0.2817025185,0.3310250640,0.1382768750,0.0000000000,0.0000000000,0.0736331046,0.0000000000,0.2816214263,0.3320060372,0.0000000000,0.0130109098,0.0000000000,0.0735719725,0.0000000000,0.0492399484,0.0000000000,0.0737901628,0.0671540499,0.0152834225,0.0302167721,0.0121696331,0.0108677950,0.0000000000,0.9262703657,0.9291183352,0.0000000000,0.0000000000,0.1475450993,0.1442998946,0.0780563802,0.0716345608,0.0731151551,0.0105891461,0.1812480092,0.1637959629,0.1398413330,0.1465734243,0.6079687476,0.5972533226,0.5640419722,0.5799162984,0.6605806947,0.6604571939,0.0301377829,0.0000000000,0.0000000000,0.0076771001,0.4572890401,0.4700964093,0.4704429507,0.4972494245,0.0000000000,0.0000000000,0.0000000000,0.0000000000,0.0077850129,0.2028172016,0.0016009291,0.0827435032,0.2029156089,0.0170031898
15:11:08:41.726,61,0.2815567255,0.3308686912,0.1375179291,0.0000000000,0.0000000000,0.0736479238,0.0000000000,0.2814738750,0.3318377137,0.0000000000,0.0122673493,0.0000000000,0.0735874996,0.0000000000,0.0490267426,0.0000000000,0.0736125037,0.0669573694,0.0152734565,0.0302407146,0.0121808257,0.0108343698,0.0000000000,0.9259912968,0.9288690090,0.0000000000,0.0000000000,0.1471889317,0.1439821869,0.0777635351,0.0713474751,0.0731551349,0.0106102619,0.1810178310,0.1635801196,0.1396420896,0.1464126259,0.6076531410,0.5969092846,0.5635194182,0.5795323849,0.6613155603,0.6611920595,0.0301011335,0.0000000000,0.0000000000,0.0076730424,0.4571257830,0.4700229466,0.4703032374,0.4970549941,0.0000000000,0.0000000000,0.0000000000,0.0000000000,0.0073402617,0.2027136832,0.0015086790,0.0822909996,0.2028120458,0.0169015639
15:11:08:42.730,61,0.2814126611,0.3307306767,0.1369457096,0.0000000000,0.0000000000,0.0736339167,0.0000000000,0.2813282311,0.3316906095,0.0000000000,0.0117229847,0.0000000000,0.0735743940,0.0000000000,0.0488279462,0.0000000000,0.0734495446,0.0668407306,0.0152473301,0.0303105190,0.0122028645,0.0107504642,0.0000000000,0.9255796671,0.9284999967,0.0000000000,0.0000000000,0.1467220932,0.1435598880,0.0774884596,0.0710851848,0.0731502026,0.0106304679,0.1807317883,0.1633817852,0.1394013613,0.1462046355,0.6073914766,0.5966284275,0.5630429387,0.5792607069,0.6619954705,0.6618722677,0.0300866440,0.0000000000,0.0000000000,0.0076656477,0.4569455981,0.4698899686,0.4701218307,0.4968741536,0.0000000000,0.0000000000,0.0000000000,0.0000000000,0.0070146667,0.2026233226,0.0014410986,0.0819500312,0.2027216554,0.0168239921
15:11:08:43.732,61,0.2813690305,0.3308984637,0.1365786642,0.0000000000,0.0000000000,0.0734882280,0.0000000000,0.2812834084,0.3318533301,0.0000000000,0.0113627063,0.0000000000,0.0734299943,0.0000000000,0.0486468226,0.0000000000,0.0732648820,0.0667749941,0.0152137736,0.0304121729,0.0122251324,0.0106239375,0.0000000000,0.9249989986,0.9279773831,0.0000000000,0.0000000000,0.1461781263,0.1430551857,0.0772390440,0.0708432123,0.0731534436,0.0106552653,0.1804937720,0.1632557809,0.1391179711,0.1459665000,0.6071674824,0.5963779092,0.5625655651,0.5790880919,0.6627290845,0.6626068354,0.0300622601,0.0000000000,0.0000000000,0.0076447027,0.4561559856,0.4693562090,0.4703063071,0.4971450865,0.0000000001,0.0000000000,0.0000000000,0.0000000000,0.0067989482,0.2027224451,0.0013974843,0.0817286968,0.2028207332,0.0167870913
15:11:08:44.733,61,0.2814939022,0.3314998150,0.1361931711,0.0000000000,0.0000000000,0.0731834099,0.0000000000,0.2814060152,0.3324507177,0.0000000000,0.0109712221,0.0000000000,0.0731267408,0.0000000000,0.0485017560,0.0000000000,0.0730333999,0.0667670295,0.0151680233,0.0305263549,0.0122425016,0.0104962708,0.0000000000,0.9243174791,0.9273668528,0.0000000000,0.0000000000,0.1456680894,0.1425983310,0.0770570859,0.0706575513,0.0731554553,0.0106861684,0.1803129166,0.1631962508,0.1388458908,0.1457405239,0.6072703004,0.5963960290,0.5622506142,0.5791164637,0.6633895636,0.6632671952,0.0300138891,0.0000000000,0.0000000000,0.0076114531,0.4513734877,0.4654103220,0.4732450843,0.5015776753,0.0000000001,0.0000000000,0.0000000000,0.0000000000,0.0065642078,0.2030870467,0.0013517303,0.0814918801,0.2031853944,0.0167694986
15:11:08:45.732,61,0.2815427482,0.3324421644,0.1358252764,0.0000000000,0.0000000000,0.0726935193,0.0000000000,0.2814525962,0.3333904147,0.0000000000,0.0105707804,0.0000000000,0.0726382062,0.0000000000,0.0484272167,0.0000000000,0.0729738846,0.0669346079,0.0151321292,0.0306870509,0.0122750737,0.0103732813,0.0000000000,0.9234126210,0.9265151620,0.0000000000,0.0000000000,0.1451029480,0.1420481354,0.0769438371,0.0705662742,0.0730716288,0.0107108699,0.1800011843,0.1630684882,0.1384842098,0.1454010755,0.6075133681,0.5965213180,0.5617429018,0.5788757801,0.6634061337,0.6632819176,0.0300213993,0.0000000000,0.0000000000,0.0075718011,0.4485295713,0.4611291289,0.4741431475,0.5029200315,0.0000000001,0.0000000000,0.0000000000,0.0000000000,0.0063238717,0.2036607563,0.0013060221,0.0812621340,0.2037591636,0.0167708788
15:11:08:46.736,61,0.2816334963,0.3337562978,0.1357748508,0.0000000000,0.0000000000,0.0721486360,0.0000000000,0.2815409899,0.3347077966,0.0000000000,0.0104354303,0.0000000000,0.0720947310,0.0000000000,0.0484033711,0.0000000000,0.0728774816,0.0671611428,0.0150882509,0.0309001692,0.0123169487,0.0102573168,0.0000000000,0.9215329289,0.9247272015,0.0000000000,0.0000000000,0.1444318593,0.1414017975,0.0768924877,0.0705324486,0.0729448721,0.0107439766,0.1796629876,0.1629822254,0.1381182969,0.1450742483,0.6079447865,0.5967163444,0.5612264276,0.5785956383,0.6629803181,0.6628528833,0.0300698541,0.0000000000,0.0000000000,0.0075247935,0.4453473389,0.4573326111,0.4749722779,0.5040387511,0.0000000002,0.0000000000,0.0000000000,0.0000000000,0.0062418603,0.2044654191,0.0012943230,0.0812184885,0.2045639902,0.0168299675
15:11:08:47.735,61,0.2818180025,0.3346427977,0.1358595043,0.0000000000,0.0000000000,0.0717286393,0.0000000000,0.2817238271,0.3355983496,0.0000000000,0.0104720220,0.0000000000,0.0716759339,0.0000000000,0.0483938828,0.0000000000,0.0727839023,0.0674745739,0.0150619242,0.0311447475,0.0123750465,0.0101393769,0.0000000000,0.9199785590,0.9232866168,0.0000000000,0.0000000000,0.1437077969,0.1406968832,0.0768300965,0.0704896003,0.0727763027,0.0107793864,0.1792296171,0.1628217548,0.1376852244,0.1446831375,0.6082474589,0.5967217684,0.5602200031,0.5780824423,0.6615941525,0.6614519358,0.0301409289,0.0000000000,0.0000000000,0.0074789859,0.4439844191,0.4557453692,0.4754303992,0.5047277808,0.0000000002,0.0000000000,0.0000000000,0.0000000000,0.0062630400,0.2050094604,0.0013022688,0.0812599882,0.2051080763,0.0168846026
15:11:08:48.737,61,0.2818500698,0.3353423476,0.1361073256,0.0000000000,0.0000000000,0.0713875890,0.0000000000,0.2817549706,0.3363038599,0.0000000000,0.0106573422,0.0000000000,0.0713358074,0.0000000000,0.0484338738,0.0000000000,0.0727172196,0.0677811727,0.0150436880,0.0313696638,0.0124325203,0.0100261569,0.0000000000,0.9190148711,0.9223716259,0.0000000000,0.0000000000,0.1430333853,0.1400498748,0.0768218860,0.0705034062,0.0726273209,0.0108033027,0.1789104044,0.1627653390,0.1372835040,0.1443298906,0.6084436774,0.5966435671,0.5595220327,0.5776241422,0.6595530510,0.6593972445,0.0302323140,0.0000000000,0.0000000000,0.0074405177,0.4433562160,0.4549947083,0.4754712284,0.5049197078,0.0000000001,0.0000000000,0.0000000000,0.0000000000,0.0063733025,0.2054405808,0.0013280621,0.0814009607,0.2055392712,0.0169503968
15:11:08:49.738,61,0.2817034721,0.3355922997,0.1359124780,0.0000000000,0.0000000000,0.0710008889,0.0000000000,0.2816071510,0.3365514874,0.0000000000,0.0104052247,0.0000000000,0.0709499642,0.0000000000,0.0484633632,0.0000000000,0.0726789609,0.0680716261,0.0150265079,0.0315783806,0.0124907615,0.0098968735,0.0000000000,0.9182317853,0.9216293693,0.0000000000,0.0000000000,0.1423824877,0.1394269764,0.0767797679,0.0704864562,0.0725191161,0.0108171059,0.1787490398,0.1628400832,0.1369216740,0.1440051347,0.6084368229,0.5964913368,0.5590506196,0.5773918033,0.6585623026,0.6584016681,0.0303145703,0.0000000000,0.0000000000,0.0074084201,0.4428635538,0.4544513524,0.4752961993,0.5048253536,0.0000000001,0.0000000000,0.0000000000,0.0000000000,0.0062223352,0.2055916339,0.0012975851,0.0812818706,0.2056904584,0.0169384610
15:11:08:50.740,61,0.2814562321,0.3356406689,0.1349330246,0.0000000000,0.0000000000,0.0707283318,0.0000000000,0.2813574970,0.3365850449,0.0000000000,0.0093562296,0.0000000000,0.0706777722,0.0000000000,0.0484699085,0.0000000000,0.0726726577,0.0682806894,0.0150227379,0.0317278393,0.0125314463,0.0098325675,0.0000000000,0.9176697731,0.9210651517,0.0000000000,0.0000000000,0.1419093311,0.1389617175,0.0767144933,0.0704475567,0.0724919885,0.0108398460,0.1786830276,0.1628953218,0.1365941465,0.1436990201,0.6083199978,0.5962821841,0.5585584044,0.5770170689,0.6581948996,0.6580311656,0.0303284824,0.0000000000,0.0000000000,0.0073813149,0.4426529109,0.4541313350,0.4750962555,0.5045682788,0.0000000001,0.0000000000,0.0000000000,0.0000000000,0.0055950112,0.2056113482,0.0011668815,0.0806956589,0.2057101876,0.0168182477
15:11:08:51.741,61,0.2810533643,0.3350279927,0.1339270473,0.0000000000,0.0000000000,0.0706165358,0.0000000000,0.2809521854,0.3359550238,0.0000000000,0.0083180312,0.0000000000,0.0705659091,0.0000000000,0.0484041721,0.0000000000,0.0727405474,0.0683454350,0.0150285494,0.0318353996,0.0125658959,0.0098303985,0.0000000000,0.9172604680,0.9206167459,0.0000000000,0.0000000000,0.1414824724,0.1385097206,0.0766387284,0.0704042241,0.0724954531,0.0108564040,0.1786984056,0.1629461199,0.1362214088,0.1433330178,0.6079419851,0.5958325267,0.5580185652,0.5764905810,0.6584405899,0.6582754254,0.0302937850,0.0000000000,0.0000000000,0.0073573166,0.4426833689,0.4539932013,0.4745377302,0.5028453469,0.0000000001,0.0000000000,0.0000000000,0.0000000000,0.0049745687,0.2052258402,0.0010354840,0.0801003501,0.2053246647,0.0166622866
15:11:08:52.743,61,0.2806222737,0.3344753385,0.1337808967,0.0000000000,0.0000000000,0.0705948547,0.0000000000,0.2805190086,0.3353984654,0.0000000000,0.0081527941,0.0000000000,0.0705440938,0.0000000000,0.0483137853,0.0000000000,0.0727773830,0.0683536604,0.0150344409,0.0319231823,0.0126009984,0.0098147420,0.0000000000,0.9169770479,0.9203134179,0.0000000000,0.0000000000,0.1411059946,0.1381224543,0.0765760392,0.0703666583,0.0724989772,0.0108625134,0.1787133664,0.1629812270,0.1358590871,0.1429723203,0.6075018048,0.5953702331,0.5575681329,0.5760584474,0.6588035822,0.6586378217,0.0302669387,0.0000000000,0.0000000000,0.0073412829,0.4430174232,0.4541955888,0.4731949568,0.5007086992,0.0000000001,0.0000000000,0.0000000000,0.0000000000,0.0048760939,0.2048857510,0.0010132560,0.0800185502,0.2049845904,0.0166169573
15:11:08:53.748,61,0.2801707387,0.3338811696,0.1334556639,0.0000000000,0.0000000000,0.0705798641,0.0000000000,0.2800655365,0.3347975612,0.0000000000,0.0078113009,0.0000000000,0.0705289021,0.0000000000,0.0481994711,0.0000000000,0.0727615803,0.0682940036,0.0150585715,0.0319917910,0.0126263388,0.0097603332,0.0000000000,0.9166974425,0.9200341105,0.0000000000,0.0000000000,0.1407150030,0.1377402097,0.0765117332,0.0703126714,0.0725654662,0.0108760325,0.1788070500,0.1630308181,0.1354653090,0.1425753236,0.6065855026,0.5946061015,0.5569757819,0.5755463243,0.6592167616,0.6590512395,0.0302476417,0.0000000000,0.0000000000,0.0073227836,0.4433877170,0.4545289278,0.4725954235,0.4998366237,0.0000000001,0.0000000000,0.0000000000,0.0000000000,0.0046722079,0.2045184821,0.0009690986,0.0798300579,0.2046172768,0.0165473558
15:11:08:54.747,61,0.2797993720,0.3331808448,0.1324757934,0.0000000000,0.0000000000,0.0705575645,0.0000000000,0.2796924114,0.3340802193,0.0000000000,0.0068205432,0.0000000000,0.0705068633,0.0000000000,0.0480864532,0.0000000000,0.0726753324,0.0682326034,0.0150921913,0.0320134051,0.0126380231,0.0096892333,0.0000000000,0.9165167809,0.9198714495,0.0000000000,0.0000000000,0.1404428482,0.1374969333,0.0764099807,0.0702198073,0.0726651251,0.0108920997,0.1789029241,0.1630205065,0.1351057738,0.1422176957,0.6058819890,0.5940170884,0.5564270020,0.5751360655,0.6599617004,0.6598011851,0.0301746894,0.0000000000,0.0000000000,0.0073079541,0.4434342384,0.4546375871,0.4723417461,0.4994252622,0.0000000001,0.0000000000,0.0000000000,0.0000000000,0.0040799724,0.2040797025,0.0008443923,0.0792509839,0.2041784674,0.0163913779
15:11:08:55.748,61,0.2794524431,0.3323384225,0.1314885020,0.0000000000,0.0000000000,0.0705811530,0.0000000000,0.2793438733,0.3332203329,0.0000000000,0.0058547645,0.0000000000,0.0705309510,0.0000000000,0.0479512252,0.0000000000,0.0725027099,0.0681252033,0.0151306968,0.0320205614,0.0126500074,0.0096258894,0.0000000000,0.9163966179,0.9197731614,0.0000000000,0.0000000000,0.1402138770,0.1373016834,0.0762906075,0.0700960755,0.0727991536,0.0109018665,0.1792111993,0.1631709039,0.1347984821,0.1419259459,0.6039000750,0.5925695300,0.5559872389,0.5748507977,0.6607703567,0.6606157422,0.0300761256,0.0000000000,0.0000000000,0.0072947657,0.4434812963,0.4548111856,0.4723480642,0.4993468523,0.0000000001,0.0000000000,0.0000000000,0.0000000000,0.0035026341,0.2035539746,0.0007229867,0.0786687657,0.2036526799,0.0162281524
15:11:08:56.749,61,0.2789750099,0.3306428790,0.1304343194,0.0000000000,0.0000000000,0.0708663613,0.0000000000,0.2788658142,0.3315039277,0.0000000000,0.0048754057,0.0000000000,0.0708161518,0.0000000000,0.0478645004,0.0000000000,0.0724091902,0.0680344924,0.0151784886,0.0320233516,0.0126579655,0.0095800590,0.0000000000,0.9163595438,0.9197419882,0.0000000000,0.0000000000,0.1399856955,0.1370973885,0.0762384981,0.0700434968,0.0729246810,0.0109119546,0.1794119328,0.1632421017,0.1344489902,0.1415855736,0.6024852991,0.5914427638,0.5554460287,0.5743795633,0.6613640189,0.6612122655,0.0300309286,0.0000000000,0.0000000000,0.0072898730,0.4454211593,0.4572179914,0.4719416797,0.4988544285,0.0000000001,0.0000000000,0.0000000000,0.0000000000,0.0029173594,0.2025051266,0.0005989895,0.0780547485,0.2026036829,0.0160165261
15:11:08:57.751,61,0.2783844173,0.3291222751,0.1299415976,0.0000000000,0.0000000000,0.0713283569,0.0000000000,0.2782754898,0.3299715519,0.0000000000,0.0044393307,0.0000000000,0.0712775514,0.0000000000,0.0477793999,0.0000000000,0.0723632723,0.0679920018,0.0152236894,0.0320566967,0.0126766665,0.0095428005,0.0000000000,0.9163893461,0.9197726250,0.0000000000,0.0000000000,0.1397565156,0.1368668228,0.0762106776,0.0700083897,0.0729451254,0.0109107252,0.1793815941,0.1631534398,0.1341269165,0.1412722766,0.6014913321,0.5905148983,0.5547884703,0.5737455487,0.6619662642,0.6618165970,0.0300184991,0.0000000000,0.0000000000,0.0072989152,0.4528402984,0.4642371237,0.4673982859,0.4941331744,0.0000000001,0.0000000000,0.0000000000,0.0000000000,0.0026569283,0.2015688866,0.0005429265,0.0777746961,0.2016673684,0.0158834029
15:11:08:58.756,61,0.2777310908,0.3278902173,0.1295650303,0.0000000000,0.0000000000,0.0718813464,0.0000000000,0.2776232660,0.3287304640,0.0000000000,0.0041093500,0.0000000000,0.0718298033,0.0000000000,0.0477235354,0.0000000000,0.0723255277,0.0679637045,0.0152728194,0.0321044251,0.0127017768,0.0094797518,0.0000000000,0.9165099263,0.9198965430,0.0000000000,0.0000000000,0.1395571679,0.1366762072,0.0762147307,0.0700086355,0.0729454756,0.0109004676,0.1793928146,0.1631399095,0.1338537037,0.1410084516,0.6001648307,0.5892596245,0.5542303324,0.5731956959,0.6620454788,0.6618973017,0.0300609600,0.0000000000,0.0000000000,0.0073159076,0.4623428881,0.4743951261,0.4641460478,0.4909030795,0.0000000001,0.0000000000,0.0000000000,0.0000000000,0.0024598166,0.2008106261,0.0005007052,0.0775612295,0.2009089887,0.0157787111
15:11:08:59.757,61,0.2771085799,0.3270531297,0.1292024702,0.0000000000,0.0000000000,0.0724874735,0.0000000000,0.2770015597,0.3278855979,0.0000000000,0.0037652932,0.0000000000,0.0724352151,0.0000000000,0.0476653129,0.0000000000,0.0722955689,0.0678400248,0.0153204864,0.0321334936,0.0127303377,0.0094402814,0.0000000000,0.9166147113,0.9200060964,0.0000000000,0.0000000000,0.1393927634,0.1365205795,0.0761469677,0.0699501187,0.0729871914,0.0109003009,0.1794341207,0.1631080359,0.1336856335,0.1408412755,0.5991243124,0.5883873105,0.5536252856,0.5725882649,0.6625006795,0.6623546481,0.0300543196,0.0000000000,0.0000000000,0.0073455079,0.4656465352,0.4778349698,0.4603948295,0.4865204394,0.0000000001,0.0000000000,0.0000000000,0.0000000000,0.0022541038,0.2002944499,0.0004576201,0.0773522407,0.2003927082,0.0156947505
15:11:09:00.759,61,0.2765296698,0.3261419237,0.1288910806,0.0000000000,0.0000000000,0.0729433447,0.0000000000,0.2764234543,0.3269672394,0.0000000000,0.0034823725,0.0000000000,0.0728907138,0.0000000000,0.0475897305,0.0000000000,0.0722007155,0.0677369237,0.0153779890,0.0321487263,0.0127463592,0.0094308155,0.0000000000,0.9166245461,0.9200321436,0.0000000000,0.0000000000,0.1392182559,0.1363607645,0.0760406181,0.0698392615,0.0730540529,0.0109125311,0.1795010269,0.1630752087,0.1334218532,0.1405875683,0.5982819796,0.5876001120,0.5529355407,0.5719270110,0.6626523137,0.6625078321,0.0300289132,0.0000000000,0.0000000000,0.0073597482,0.4669364095,0.4792365432,0.4591490030,0.4851157367,0.0000000000,0.0000000000,0.0000000000,0.0000000000,0.0020849693,0.1997333765,0.0004220652,0.0771745294,0.1998315752,0.0156137412
15:11:09:01.757,61,0.2760134339,0.3250356615,0.1283857226,0.0000000000,0.0000000000,0.0733290911,0.0000000000,0.2759079337,0.3258504272,0.0000000000,0.0030299122,0.0000000000,0.0732766613,0.0000000000,0.0474924594,0.0000000000,0.0719922632,0.0676142424,0.0154381217,0.0321228094,0.0127539141,0.0094299680,0.0000000000,0.9165878296,0.9200222492,0.0000000000,0.0000000000,0.1390585005,0.1362334639,0.0759329274,0.0697118416,0.0731525123,0.0109298071,0.1795724630,0.1630033255,0.1331058294,0.1403092444,0.5976163149,0.5869259238,0.5520917773,0.5712433457,0.6628599167,0.6627175212,0.0299621597,0.0000000000,0.0000000000,0.0073647588,0.4636865854,0.4770433903,0.4587162435,0.4846116602,0.0000000000,0.0000000000,0.0000000000,0.0000000000,0.0018143223,0.1990510225,0.0003659890,0.0768824741,0.1991491467,0.0155002326
15:11:09:02.759,61,0.2753658593,0.3239610195,0.1279084682,0.0000000000,0.0000000000,0.0738032833,0.0000000000,0.2752605975,0.3247657716,0.0000000000,0.0025788180,0.0000000000,0.0737506375,0.0000000000,0.0473980010,0.0000000000,0.0718504116,0.0674807131,0.0154996384,0.0321230963,0.0127657307,0.0094498964,0.0000000000,0.9164959788,0.9199381471,0.0000000000,0.0000000000,0.1388299018,0.1360190809,0.0758066624,0.0695825890,0.0732357353,0.0109548960,0.1795070320,0.1628132015,0.1327995807,0.1400293112,0.5969434977,0.5862286687,0.5503223538,0.5692273378,0.6633120775,0.6631716490,0.0299227908,0.0000000000,0.0000000000,0.0073780962,0.4628438354,0.4764115214,0.4581731260,0.4839858413,0.0000000000,0.0000000000,0.0000000000,0.0000000000,0.0015444113,0.1983883530,0.0003104771,0.0766068175,0.1984863728,0.0153920073
15:11:09:03.760,61,0.2747340202,0.3230859339,0.1276142299,0.0000000000,0.0000000000,0.0743434206,0.0000000000,0.2746301293,0.3238839209,0.0000000000,0.0023078199,0.0000000000,0.0742900148,0.0000000000,0.0473202616,0.0000000000,0.0718088076,0.0674164742,0.0155618833,0.0321576446,0.0127873225,0.0094563738,0.0000000000,0.9164302945,0.9198744297,0.0000000000,0.0000000000,0.1385738999,0.1357569098,0.0757080466,0.0694882572,0.0732207447,0.0109725259,0.1792912632,0.1625486612,0.1324519813,0.1396974027,0.5962619781,0.5855199099,0.5488157272,0.5673179626,0.6633533239,0.6632144451,0.0299460702,0.0000000000,0.0000000000,0.0073949904,0.4629356265,0.4765085876,0.4558437765,0.4814652801,0.0000000000,0.0000000000,0.0000000000,0.0000000000,0.0013822647,0.1978496313,0.0002771056,0.0764387920,0.1979476213,0.0153155262
15:11:09:04.765,61,0.2740793824,0.3219886124,0.1274743825,0.0000000000,0.0000000000,0.0749282241,0.0000000000,0.2739773691,0.3227815628,0.0000000000,0.0022085565,0.0000000000,0.0748738647,0.0000000000,0.0472502746,0.0000000000,0.0717748329,0.0673532039,0.0156213688,0.0322029255,0.0128128612,0.0094455760,0.0000000000,0.9163932204,0.9198434949,0.0000000000,0.0000000000,0.1382969916,0.1354798824,0.0756264776,0.0694065690,0.0731754452,0.0109859305,0.1789984405,0.1622382849,0.1321056187,0.1393628120,0.5955775380,0.5848150849,0.5473272800,0.5655647516,0.6630514860,0.6629140377,0.0300079659,0.0000000000,0.0000000000,0.0074152183,0.4640171528,0.4770879745,0.4523494840,0.4779025018,0.0000000000,0.0000000000,0.0000000000,0.0000000000,0.0013229894,0.1971762478,0.0002642960,0.0763652846,0.1972741336,0.0152473990
15:11:09:05.767,61,0.2733038366,0.3210922182,0.1275037229,0.0000000000,0.0000000000,0.0753675401,0.0000000000,0.2732068300,0.3218832016,0.0000000000,0.0022646000,0.0000000000,0.0753126442,0.0000000000,0.0471142456,0.0000000000,0.0716785118,0.0672252923,0.0156899430,0.0322541222,0.0128515568,0.0094523709,0.0000000000,0.9161731601,0.9196294546,0.0000000000,0.0000000000,0.1378794014,0.1350702196,0.0754216909,0.0692115426,0.0731845945,0.0110081518,0.1788097173,0.1619838625,0.1317144930,0.1389782578,0.5923864841,0.5816593766,0.5441919565,0.5625161529,0.6627066731,0.6625706553,0.0300629400,0.0000000000,0.0000000000,0.0074311197,0.4641389847,0.4770565033,0.4505515993,0.4760105312,0.0000000000,0.0000000000,0.0000000000,0.0000000000,0.0013567097,0.1966274828,0.0002702583,0.0763911828,0.1967252940,0.0152090192
15:11:09:06.769,61,0.2721698284,0.3198855221,0.1272821575,0.0000000000,0.0000000000,0.0758110881,0.0000000000,0.2720783353,0.3206699789,0.0000000000,0.0020731841,0.0000000000,0.0757556856,0.0000000000,0.0469653122,0.0000000000,0.0716376975,0.0670182481,0.0157571752,0.0322900377,0.0128842574,0.0095489062,0.0000000000,0.9158383012,0.9192633629,0.0000000000,0.0000000000,0.1374014020,0.1345807314,0.0751982406,0.0690117553,0.0732770041,0.0110376850,0.1787624508,0.1618233472,0.1313312501,0.1386052072,0.5906000733,0.5792605281,0.5425358415,0.5603434443,0.6628342867,0.6627005339,0.0300767459,0.0000000000,0.0000000000,0.0074439826,0.4630738795,0.4748535454,0.4495201111,0.4748631120,0.0000000000,0.0000000000,0.0000000000,0.0000000000,0.0012422164,0.1958863437,0.0002464940,0.0762696192,0.1959840506,0.0151261659
15:11:09:07.767,61,0.2705443501,0.3187277615,0.1274769753,0.0000000000,0.0000000000,0.0762551427,0.0000000000,0.2704613209,0.3195119798,0.0000000000,0.0022981754,0.0000000000,0.0761991143,0.0000000000,0.0468503907,0.0000000000,0.0715970695,0.0668334290,0.0158438645,0.0323057622,0.0129097002,0.0096940398,0.0000000000,0.9155139923,0.9189072251,0.0000000000,0.0000000000,0.1369284689,0.1340816021,0.0750397667,0.0688626096,0.0733608231,0.0110680154,0.1786141992,0.1615461558,0.1308802217,0.1381712556,0.5895267129,0.5779371262,0.5395478606,0.5564157963,0.6626447439,0.6625130177,0.0300973412,0.0000000000,0.0000000000,0.0074537881,0.4625103474,0.4738794863,0.4484951198,0.4734883904,0.0000000000,0.0000000000,0.0000000000,0.0000000000,0.0013772203,0.1951789707,0.0002722705,0.0763970464,0.1952766478,0.0150952833
15:11:09:08.772,61,0.2680692673,0.3175257742,0.1274896115,0.0000000000,0.0000000000,0.0765305310,0.0000000000,0.2679876387,0.3183068633,0.0000000000,0.0023221155,0.0000000000,0.0764742121,0.0000000000,0.0466848128,0.0000000000,0.0714822337,0.0666220859,0.0159678198,0.0323272049,0.0129499556,0.0098879663,0.0000000000,0.9150553942,0.9184120893,0.0000000000,0.0000000000,0.1363146305,0.1334362775,0.0748361945,0.0686524883,0.0734577999,0.0110976147,0.1785799414,0.1613126546,0.1302921474,0.1375883520,0.5846087337,0.5716796517,0.5331141949,0.5489267707,0.6609111428,0.6607801914,0.0301363096,0.0000000000,0.0000000000,0.0074534263,0.4618232250,0.4723568857,0.4465587139,0.4711284935,0.0000000000,0.0000000000,0.0000000000,0.0000000000,0.0013917687,0.1944428235,0.0002740822,0.0764156729,0.1945404559,0.0150405774
15:11:09:09.773,61,0.2664364874,0.3164222538,0.1275767237,0.0000000000,0.0000000000,0.0767935291,0.0000000000,0.2663580477,0.3172015846,0.0000000000,0.0024085736,0.0000000000,0.0767368227,0.0000000000,0.0465669222,0.0000000000,0.0713677108,0.0664321780,0.0160858352,0.0323723033,0.0129835708,0.0101155546,0.0000000000,0.9146776795,0.9179950356,0.0000000000,0.0000000000,0.1357940584,0.1328756660,0.0746810362,0.0684767142,0.0735272393,0.0111235483,0.1785073280,0.1610633433,0.1297425479,0.1370325387,0.5827709436,0.5694538951,0.5306226611,0.5457493067,0.6582663655,0.6581293941,0.0301776398,0.0000000000,0.0000000000,0.0074560829,0.4614768028,0.4716263413,0.4435164332,0.4677530229,0.0000000000,0.0000000000,0.0000000000,0.0000000000,0.0014437793,0.1937676370,0.0002833122,0.0764780194,0.1938652098,0.0149992509
15:11:09:10.771,61,0.2654260993,0.3157479465,0.1279991567,0.0000000000,0.0000000000,0.0770548806,0.0000000000,0.2653487325,0.3165315390,0.0000000000,0.0028333648,0.0000000000,0.0769977048,0.0000000000,0.0464596488,0.0000000000,0.0712058395,0.0662966147,0.0162025709,0.0324209519,0.0130121130,0.0102848755,0.0000000000,0.9143044353,0.9176003933,0.0000000000,0.0000000000,0.1353186667,0.1323863417,0.0745303407,0.0683028921,0.0735875219,0.0111584188,0.1783216894,0.1607334316,0.1292358190,0.1365117133,0.5816128850,0.5681273341,0.5289353132,0.5438593030,0.6569597721,0.6568192244,0.0302332137,0.0000000000,0.0000000000,0.0074600880,0.4612383544,0.4711842239,0.4422651529,0.4664077163,0.0000000000,0.0000000000,0.0000000000,0.0000000000,0.0016985497,0.1933584064,0.0003325839,0.0767374262,0.1934559345,0.0150174424
15:11:09:11.773,61,0.2646283805,0.3152212501,0.1287837625,0.0000000000,0.0000000000,0.0771550760,0.0000000000,0.2645508945,0.3160146773,0.0000000000,0.0035943929,0.0000000000,0.0770981163,0.0000000000,0.0463838689,0.0000000000,0.0709693730,0.0661408305,0.0162867978,0.0324789435,0.0130403396,0.0103934500,0.0000000000,0.9137911797,0.9171015620,0.0000000000,0.0000000000,0.1347558647,0.1318504661,0.0743450001,0.0680916309,0.0736612454,0.0112025738,0.1780183166,0.1603226066,0.1287543476,0.1360190213,0.5810999274,0.5675779581,0.5277303457,0.5426798463,0.6559858918,0.6558445692,0.0302870255,0.0000000000,0.0000000000,0.0074642324,0.4581351280,0.4689489901,0.4413280785,0.4655062854,0.0000000000,0.0000000000,0.0000000000,0.0000000000,0.0021549053,0.1930428743,0.0004212342,0.0772126317,0.1931403726,0.0150849745
15:11:09:12.775,61,0.2638754547,0.3146235645,0.1295458227,0.0000000000,0.0000000000,0.0771950558,0.0000000000,0.2637972534,0.3154263198,0.0000000000,0.0043561575,0.0000000000,0.0771385878,0.0000000000,0.0463209189,0.0000000000,0.0707108900,0.0659449622,0.0163588095,0.0325527340,0.0130718732,0.0105130943,0.0000000000,0.9129049778,0.9162845612,0.0000000000,0.0000000000,0.1340850592,0.1312185973,0.0741418526,0.0678821877,0.0737606883,0.0112588359,0.1777850091,0.1599904001,0.1282638311,0.1355267614,0.5807849765,0.5672258735,0.5265776515,0.5417236686,0.6549919844,0.6548519135,0.0303299688,0.0000000000,0.0000000000,0.0074596470,0.4505188167,0.4619191885,0.4407547712,0.4649786055,0.0000000000,0.0000000000,0.0000000000,0.0000000000,0.0026117805,0.1926836520,0.0005095687,0.0776750296,0.1927811503,0.0151461847
15:11:09:13.779,61,0.2632491887,0.3140081167,0.1302833110,0.0000000000,0.0000000000,0.0772629604,0.0000000000,0.2631691396,0.3148197532,0.0000000000,0.0050936583,0.0000000000,0.0772071183,0.0000000000,0.0462327935,0.0000000000,0.0704026297,0.0657660887,0.0164353754,0.0326854885,0.0131209511,0.0106759667,0.0000000000,0.9109043479,0.9143444896,0.0000000000,0.0000000000,0.1330437213,0.1303239316,0.0738974139,0.0676282048,0.0738621056,0.0113253668,0.1775289327,0.1596362591,0.1277198046,0.1349685341,0.5803042054,0.5666786432,0.5241581798,0.5396528244,0.6543862820,0.6542458534,0.0303711575,0.0000000000,0.0000000000,0.0074545997,0.4472671747,0.4584528804,0.4401696920,0.4644438922,0.0000000000,0.0000000000,0.0000000000,0.0000000000,0.0030541772,0.1923133582,0.0005947079,0.0781229064,0.1924108565,0.0152033353
15:11:09:14.781,61,0.2626839876,0.3135164082,0.1315899640,0.0000000000,0.0000000000,0.0773959383,0.0000000000,0.2626009285,0.3143453598,0.0000000000,0.0063771396,0.0000000000,0.0773405135,0.0000000000,0.0461192466,0.0000000000,0.0700976923,0.0655976981,0.0165045895,0.0328504071,0.0131828273,0.0109098824,0.0000000000,0.9086830616,0.9119602442,0.0000000000,0.0000000000,0.1315918416,0.1289168149,0.0736533850,0.0673813522,0.0739202052,0.0113920616,0.1772399992,0.1592913419,0.1270972043,0.1343200058,0.5797695518,0.5658542514,0.5222959518,0.5371505618,0.6537872553,0.6536449194,0.0304356962,0.0000000000,0.0000000000,0.0074434672,0.4455344081,0.4565905333,0.4392439425,0.4635840952,0.0000000000,0.0000000000,0.0000000000,0.0000000000,0.0038239730,0.1920240819,0.0007434533,0.0789109692,0.1921215802,0.0153326979
15:11:09:15.780,61,0.2622807324,0.3132198751,0.1326275617,0.0000000000,0.0000000000,0.0775775388,0.0000000000,0.2621952295,0.3140628636,0.0000000000,0.0073964293,0.0000000000,0.0775224864,0.0000000000,0.0460080355,0.0000000000,0.0697957873,0.0654640496,0.0165818688,0.0330124572,0.0132378507,0.0111045633,0.0000000000,0.9074766636,0.9107125998,0.0000000000,0.0000000000,0.1306634098,0.1280190200,0.0734185874,0.0671397597,0.0739385262,0.0114611089,0.1768381447,0.1588319987,0.1264829636,0.1336883307,0.5792810321,0.5651914477,0.5197645426,0.5346609354,0.6532612443,0.6531175971,0.0304847658,0.0000000000,0.0000000000,0.0074340468,0.4445971847,0.4555703700,0.4385766387,0.4629929364,0.0000000000,0.0000000000,0.0000000000,0.0000000000,0.0044353260,0.1918520033,0.0008615193,0.0795359388,0.1919494867,0.0154396696
15:11:09:16.784,61,0.2618758082,0.3129464388,0.1332571357,0.0000000000,0.0000000000,0.0778090805,0.0000000000,0.2617880106,0.3137975633,0.0000000000,0.0080075990,0.0000000000,0.0777544305,0.0000000000,0.0459051766,0.0000000000,0.0694937259,0.0653056651,0.0166434012,0.0331787504,0.0132949306,0.0112766726,0.0000000000,0.9064003229,0.9096626043,0.0000000000,0.0000000000,0.1298461705,0.1272386760,0.0731970370,0.0669170916,0.0739905313,0.0115299113,0.1765585840,0.1584885120,0.1259212047,0.1331070960,0.5787613392,0.5645331144,0.5185191631,0.5334161520,0.6530477405,0.6529032588,0.0305172894,0.0000000000,0.0000000000,0.0074265078,0.4439156055,0.4548403323,0.4379897118,0.4624731839,0.0000000000,0.0000000000,0.0000000000,0.0000000000,0.0048019704,0.1916902810,0.0009319299,0.0799160600,0.1917877942,0.0154999001
15:11:09:17.786,61,0.2613261640,0.3124004006,0.1341432035,0.0000000000,0.0000000000,0.0779727995,0.0000000000,0.2612354755,0.3132626116,0.0000000000,0.0088683572,0.0000000000,0.0779187158,0.0000000000,0.0457760543,0.0000000000,0.0691489801,0.0651573166,0.0167083889,0.0333753265,0.0133770127,0.0114513878,0.0000000000,0.9027621746,0.9060055017,0.0000000000,0.0000000000,0.1283103973,0.1258522570,0.0729141384,0.0666464567,0.0740653351,0.0116074868,0.1763433665,0.1581707597,0.1252824515,0.1324544102,0.5773689747,0.5621441603,0.5153731108,0.5305466652,0.6531998515,0.6530547142,0.0305032078,0.0000000000,0.0000000000,0.0074155577,0.4382212162,0.4481636882,0.4366562963,0.4612976313,0.0000000000,0.0000000000,0.0000000000,0.0000000000,0.0053184829,0.1913639754,0.0010303693,0.0804525912,0.1914614886,0.0155765172
15:11:09:18.784,61,0.2607661188,0.3116612732,0.1349416822,0.0000000000,0.0000000000,0.0782094002,0.0000000000,0.2606710494,0.3125326335,0.0000000000,0.0096692462,0.0000000000,0.0781559050,0.0000000000,0.0455785505,0.0000000000,0.0688048676,0.0649890527,0.0167836156,0.0337289125,0.0135015333,0.0116963657,0.0000000000,0.8907408118,0.8930262923,0.0000000000,0.0000000000,0.1239706278,0.1215291321,0.0725505129,0.0663329959,0.0742325485,0.0117082000,0.1765537858,0.1582515091,0.1239394248,0.1309123486,0.5612488985,0.5403014421,0.5120474100,0.5264861584,0.6536349058,0.6534884572,0.0305086970,0.0000000000,0.0000000000,0.0073865829,0.4343848228,0.4433844686,0.4363703430,0.4610557556,0.0000000001,0.0000000000,0.0000000000,0.0000000000,0.0057992879,0.1909185946,0.0011208366,0.0809385106,0.1910160631,0.0156330243
15:11:09:19.786,61,0.2600890696,0.3105925322,0.1362005323,0.0000000000,0.0000000000,0.0784091353,0.0000000000,0.2599884272,0.3114785850,0.0000000000,0.0109243803,0.0000000000,0.0783562139,0.0000000000,0.0453845076,0.0000000000,0.0684936121,0.0648074970,0.0168507919,0.0342034250,0.0136468168,0.0120017901,0.0000000000,0.8787889481,0.8801289201,0.0000000000,0.0000000000,0.1192103922,0.1168157160,0.0721509382,0.0660162345,0.0744298697,0.0118438508,0.1768060774,0.1584228277,0.1221211851,0.1287175119,0.5552075505,0.5328238010,0.5075627565,0.5200057626,0.6538563371,0.6537069082,0.0305506084,0.0000000000,0.0000000000,0.0073438808,0.4271323979,0.4341703355,0.4362976253,0.4609872401,0.0000000001,0.0000000000,0.0000000000,0.0000000000,0.0065528890,0.1902755797,0.0012621137,0.0817037970,0.1903730184,0.0157260597
15:11:09:20.787,61,0.2591387331,0.3091651797,0.1373055428,0.0000000000,0.0000000000,0.0786227062,0.0000000000,0.2590086758,0.3100624681,0.0000000000,0.0120265055,0.0000000000,0.0785702914,0.0000000000,0.0451882444,0.0000000000,0.0682083890,0.0645964444,0.0169065334,0.0347256064,0.0137960967,0.0123417545,0.0000000000,0.8715050817,0.8723921776,0.0000000000,0.0000000000,0.1159023121,0.1135392562,0.0717502981,0.0657110587,0.0746801049,0.0119909663,0.1771864742,0.1587206125,0.1205625013,0.1269743294,0.5517691970,0.5286573172,0.5051026940,0.5165525675,0.6543844938,0.6542321444,0.0305762608,0.0000000000,0.0000000000,0.0072948607,0.4204333723,0.4262572527,0.4364188015,0.4610657394,0.0000000001,0.0000000000,0.0000000000,0.0000000000,0.0072151874,0.1894113868,0.0013832073,0.0823804066,0.1895087361,0.0157822482
15:11:09:21.792,61,0.2566044927,0.3072570562,0.1384351403,0.0000000000,0.0000000000,0.0788276419,0.0000000000,0.2564239204,0.3081641793,0.0000000000,0.0131597426,0.0000000000,0.0787756890,0.0000000000,0.0449606478,0.0000000000,0.0678697899,0.0643369928,0.0169698671,0.0353033058,0.0139781432,0.0127545055,0.0000000000,0.8639390469,0.8641759157,0.0000000000,0.0000000000,0.1128740087,0.1104072928,0.0713172555,0.0653777719,0.0750197619,0.0121415984,0.1784272045,0.1592905968,0.1193763390,0.1256289780,0.5442143679,0.5199003220,0.5024037957,0.5127304792,0.6563123465,0.6561467648,0.0305903181,0.0000000000,0.0000000000,0.0072468342,0.4138548970,0.4184475839,0.4366591871,0.4612200856,0.0000000001,0.0000000000,0.0000000000,0.0000000000,0.0078968098,0.1882527173,0.0015043932,0.0830765888,0.1883500218,0.0158156473
15:11:09:22.794,61,0.2505354881,0.3048399389,0.1386653185,0.0000000000,0.0000000000,0.0788908228,0.0000000000,0.2502995729,0.3057424426,0.0000000000,0.0133826323,0.0000000000,0.0788395554,0.0000000000,0.0446706191,0.0000000000,0.0675280169,0.0640431419,0.0170209091,0.0360491648,0.0141987978,0.0131512638,0.0000000000,0.8398716450,0.8385882378,0.0000000000,0.0000000000,0.1076127291,0.1052443758,0.0707731023,0.0649662837,0.0754484832,0.0123345405,0.1823489368,0.1621575654,0.1174716130,0.1235394031,0.5301199555,0.5036689639,0.4972532392,0.5071726441,0.6576668024,0.6574900746,0.0306091439,0.0000000000,0.0000000000,0.0071735652,0.3912178874,0.3952710629,0.4401834011,0.4641254544,0.0000000001,0.0000000000,0.0000000000,0.0000000000,0.0080328165,0.1867735386,0.0015179929,0.0832380131,0.1868707538,0.0157189127
15:11:09:23.792,61,0.2444890738,0.3017349541,0.1389121264,0.0000000000,0.0000000000,0.0789709985,0.0000000000,0.2442381233,0.3026308119,0.0000000000,0.0136237293,0.0000000000,0.0789206699,0.0000000000,0.0443928875,0.0000000000,0.0670887381,0.0637298748,0.0170836672,0.0374319255,0.0144574018,0.0134550603,0.0000000000,0.8199077845,0.8188957572,0.0000000000,0.0000000000,0.1021033004,0.1001221314,0.0702033713,0.0645435527,0.0759656876,0.0125673404,0.1859516948,0.1651299447,0.1150631532,0.1210321411,0.5184555054,0.4918183684,0.4872069657,0.4986125529,0.6586464643,0.6584651470,0.0306538530,0.0000000000,0.0000000000,0.0070929229,0.3794487119,0.3842467070,0.4422968626,0.4664886892,0.0000000001,0.0000000000,0.0000000000,0.0000000000,0.0081804544,0.1848729253,0.0015297948,0.0834158584,0.1849699616,0.0155884800
15:11:09:24.793,61,0.2387009263,0.2986090779,0.1384390891,0.0000000000,0.0000000000,0.0789998621,0.0000000000,0.2384519279,0.2994883657,0.0000000000,0.0131454756,0.0000000000,0.0789504498,0.0000000000,0.0441084616,0.0000000000,0.0666282251,0.0634353161,0.0171489026,0.0395186394,0.0147596365,0.0136185987,0.0000000000,0.7953382730,0.7941671610,0.0000000000,0.0000000000,0.0965237617,0.0949625224,0.0696024746,0.0641229227,0.0765537694,0.0128320949,0.1902506948,0.1689944267,0.1125163808,0.1184650958,0.5062546134,0.4798509181,0.4794346690,0.4919870794,0.6607758403,0.6605920196,0.0306909569,0.0000000000,0.0000000000,0.0070025441,0.3642683625,0.3689494431,0.4447232485,0.4693185091,0.0000000000,0.0000000000,0.0000000000,0.0000000000,0.0078961048,0.1829528064,0.0014609350,0.0831613392,0.1830496341,0.0153760361
15:11:09:25.799,61,0.2336736768,0.2953531444,0.1387632936,0.0000000000,0.0000000000,0.0789709613,0.0000000000,0.2334341705,0.2962262034,0.0000000000,0.0134702586,0.0000000000,0.0789224580,0.0000000000,0.0438248515,0.0000000000,0.0661258250,0.0630820096,0.0171915814,0.0415342748,0.0151051069,0.0136420494,0.0000000000,0.7817988992,0.7813842297,0.0000000000,0.0000000000,0.0926266834,0.0914984345,0.0690259784,0.0637434348,0.0770998746,0.0131010944,0.1937272400,0.1720864177,0.1111589000,0.1170970500,0.5006398559,0.4747506380,0.4754288197,0.4888971746,0.6636435390,0.6634669900,0.0306738317,0.0000000000,0.0000000000,0.0069167861,0.3459926248,0.3506493568,0.4458242357,0.4705812633,0.0000000000,0.0000000000,0.0000000000,0.0000000000,0.0080941580,0.1809602976,0.0014809045,0.0833865553,0.1810570210,0.0152460234
15:11:09:26.797,61,0.2303333730,0.2932523489,0.1387332380,0.0000000000,0.0000000000,0.0788799450,0.0000000000,0.2300980985,0.2941181064,0.0000000000,0.0134625826,0.0000000000,0.0788324028,0.0000000000,0.0435513221,0.0000000000,0.0655895770,0.0627379343,0.0172507968,0.0430892222,0.0154647371,0.0136102065,0.0000000000,0.7748810053,0.7747319937,0.0000000000,0.0000000000,0.0901430622,0.0892485231,0.0684700534,0.0633763373,0.0776373595,0.0133669553,0.1963478029,0.1742620617,0.1101423949,0.1160886884,0.4941841662,0.4690622389,0.4716885388,0.4859106839,0.6649730802,0.6647983789,0.0306671318,0.0000000000,0.0000000000,0.0068390365,0.3393345177,0.3440794349,0.4465879202,0.4714688361,0.0000000000,0.0000000000,0.0000000000,0.0000000000,0.0080914441,0.1796725094,0.0014696419,0.0833879858,0.1797690988,0.0151354717
15:11:09:27.802,61,0.2284208685,0.2910097539,0.1383809894,0.0000000000,0.0000000000,0.0788457990,0.0000000000,0.2281865329,0.2918635607,0.0000000000,0.0131258313,0.0000000000,0.0787987038,0.0000000000,0.0432938673,0.0000000000,0.0651458874,0.0623670444,0.0172960181,0.0440946855,0.0157832559,0.0136107448,0.0000000000,0.7716490030,0.7715979815,0.0000000000,0.0000000000,0.0887063593,0.0878998041,0.0679196119,0.0630008057,0.0781826451,0.0136133973,0.1981311291,0.1757620275,0.1093673259,0.1153112650,0.4915063083,0.4666267037,0.4698888659,0.4843594432,0.6660013795,0.6658275127,0.0306483284,0.0000000000,0.0000000000,0.0067683747,0.3361515999,0.3408934176,0.4471304119,0.4720419943,0.0000000000,0.0000000000,0.0000000000,0.0000000000,0.0078910133,0.1782948971,0.0014220122,0.0831968859,0.1783914119,0.0149826547
15:11:09:28.803,61,0.2272678614,0.2899070382,0.1382247359,0.0000000000,0.0000000000,0.0788282081,0.0000000000,0.2270351648,0.2907551527,0.0000000000,0.0129766036,0.0000000000,0.0787816197,0.0000000000,0.0430652089,0.0000000000,0.0647380427,0.0620612316,0.0173465237,0.0448732898,0.0160738584,0.0135939866,0.0000000000,0.7701700926,0.7701548338,0.0000000000,0.0000000000,0.0877308473,0.0869598240,0.0673716292,0.0626166984,0.0786790624,0.0138459792,0.1991931349,0.1767266095,0.1087126657,0.1146526560,0.4899845421,0.4652422965,0.4685914516,0.4831832945,0.6666826606,0.6665096283,0.0306562334,0.0000000000,0.0000000000,0.0067035221,0.3348590136,0.3396274745,0.4474035800,0.4723426700,0.0000000000,0.0000000000,0.0000000000,0.0000000000,0.0078022499,0.1776176840,0.0014005620,0.0831130072,0.1777140945,0.0149095524
15:11:09:29.801,61,0.2262670845,0.2881812453,0.1384335011,0.0000000000,0.0000000000,0.0788435414,0.0000000000,0.2260356247,0.2890265286,0.0000000000,0.0132202739,0.0000000000,0.0787972361,0.0000000000,0.0428112485,0.0000000000,0.0643462837,0.0616998263,0.0173968226,0.0455586016,0.0163730364,0.0135798967,0.0000000000,0.7693271637,0.7693151832,0.0000000000,0.0000000000,0.0869640559,0.0862020403,0.0668523982,0.0622548461,0.0791844651,0.0140622947,0.2009006888,0.1779716611,0.1082364544,0.1141766608,0.4871071577,0.4625515640,0.4676310122,0.4822520316,0.6677321196,0.6675637960,0.0306376312,0.0000000000,0.0000000000,0.0066497722,0.3342547417,0.3389895558,0.4477815628,0.4727075994,0.0000000000,0.0000000000,0.0000000000,0.0000000000,0.0079502594,0.1765619218,0.0014184680,0.0832542181,0.1766581982,0.0148442201
15:11:09:30.803,61,0.2254545093,0.2875240743,0.1389558762,0.0000000000,0.0000000000,0.0788009539,0.0000000000,0.2252237946,0.2883741260,0.0000000000,0.0137477918,0.0000000000,0.0787548721,0.0000000000,0.0425511114,0.0000000000,0.0640121028,0.0613464862,0.0174429808,0.0462005734,0.0166628063,0.0135158105,0.0000000000,0.7688353062,0.7688305378,0.0000000000,0.0000000000,0.0863128752,0.0855537355,0.0663610026,0.0619213097,0.0796031356,0.0142562361,0.2018799186,0.1788295507,0.1077790782,0.1137077138,0.4852534235,0.4611822069,0.4669502378,0.4815835357,0.6684724092,0.6683060527,0.0306585189,0.0000000000,0.0000000000,0.0066007911,0.3341290057,0.3388236463,0.4479945898,0.4728928506,0.0000000000,0.0000000000,0.0000000000,0.0000000000,0.0082680797,0.1761638224,0.0014717755,0.0835743323,0.1762601137,0.0148668736
15:11:09:31.805,61,0.2249831259,0.2867555916,0.1391786933,0.0000000000,0.0000000000,0.0788847730,0.0000000000,0.2247526944,0.2876060307,0.0000000000,0.0139931068,0.0000000000,0.0788386092,0.0000000000,0.0422940478,0.0000000000,0.0636301935,0.0609892942,0.0175067727,0.0466804989,0.0169109162,0.0134623665,0.0000000000,0.7689840794,0.7690411210,0.0000000000,0.0000000000,0.0858225077,0.0850604847,0.0659029633,0.0615861230,0.0800323039,0.0144336196,0.2026553601,0.1794654131,0.1073284596,0.1132510528,0.4840375781,0.4601228237,0.4656972587,0.4805069864,0.6689747572,0.6688090563,0.0306779668,0.0000000000,0.0000000000,0.0065551060,0.3363043070,0.3413589895,0.4480723441,0.4729862511,0.0000000000,0.0000000000,0.0000000000,0.0000000000,0.0084163165,0.1756948233,0.0014940900,0.0837153122,0.1757910699,0.0148514379
15:11:09:32.806,61,0.2247811556,0.2865076959,0.1392398030,0.0000000000,0.0000000000,0.0790316388,0.0000000000,0.2245513946,0.2873581946,0.0000000000,0.0140536577,0.0000000000,0.0789854527,0.0000000000,0.0420535989,0.0000000000,0.0632050633,0.0605920888,0.0175856799,0.0470293351,0.0171189271,0.0133122113,0.0000000000,0.7704808116,0.7718808055,0.0000000000,0.0000000000,0.0854620859,0.0847160891,0.0654838681,0.0612641387,0.0805137753,0.0145994462,0.2033503503,0.1799619347,0.1069791242,0.1129002944,0.4828872979,0.4592927098,0.4639829397,0.4796879292,0.6696626544,0.6694979668,0.0306895040,0.0000000000,0.0000000000,0.0065189474,0.3407620788,0.3478349447,0.4484107792,0.4733934402,0.0000000000,0.0000000000,0.0000000000,0.0000000000,0.0084529640,0.1755434871,0.0014992760,0.0837543234,0.1756396592,0.0148452790
15:11:09:33.811,61,0.2246046513,0.2859836221,0.1389349997,0.0000000000,0.0000000000,0.0791659802,0.0000000000,0.2243746072,0.2868283689,0.0000000000,0.0137707712,0.0000000000,0.0791195706,0.0000000000,0.0418109782,0.0000000000,0.0627870634,0.0601339042,0.0176529698,0.0472386368,0.0172982998,0.0131741902,0.0000000000,0.7733572721,0.7755317688,0.0000000000,0.0000000000,0.0852101743,0.0844757333,0.0650980473,0.0609514043,0.0810065493,0.0147368908,0.2042228132,0.1804898232,0.1067376807,0.1126523986,0.4819828868,0.4586321115,0.4630418718,0.4790866077,0.6708502769,0.6706867814,0.0306473859,0.0000000000,0.0000000000,0.0064860992,0.3424516916,0.3500584662,0.4487186074,0.4737358093,0.0000000000,0.0000000000,0.0000000000,0.0000000000,0.0082832891,0.1752195954,0.0014664148,0.0835757330,0.1753156781,0.0147858150
15:11:09:34.809,61,0.2242787331,0.2852966487,0.1386048645,0.0000000000,0.0000000000,0.0793622583,0.0000000000,0.2240484953,0.2861317694,0.0000000000,0.0133758727,0.0000000000,0.0793154985,0.0000000000,0.0415484868,0.0000000000,0.0624523200,0.0596959852,0.0177367255,0.0473961644,0.0174826030,0.0130741736,0.0000000000,0.7744831443,0.7768837810,0.0000000000,0.0000000000,0.0848846957,0.0841476247,0.0647152066,0.0606522858,0.0814034566,0.0148655958,0.2048530877,0.1808301061,0.1063527241,0.1122604758,0.4799346030,0.4572131038,0.4591727555,0.4756136239,0.6717055440,0.6715426445,0.0305603091,0.0000000000,0.0000000000,0.0064493590,0.3432309330,0.3510219455,0.4486050904,0.4736321568,0.0000000000,0.0000000000,0.0000000000,0.0000000000,0.0080463579,0.1747936755,0.0014209371,0.0833833367,0.1748916805,0.0147154517
15:11:09:35.811,61,0.2232968062,0.2842542529,0.1385192573,0.0000000000,0.0000000000,0.0796564966,0.0000000000,0.2230564207,0.2850848734,0.0000000000,0.0133098792,0.0000000000,0.0796087235,0.0000000000,0.0412872024,0.0000000000,0.0622274093,0.0592355952,0.0178235509,0.0475484580,0.0176600069,0.0130696883,0.0000000000,0.7752164602,0.7775862813,0.0000000000,0.0000000000,0.0845746547,0.0838100016,0.0643828884,0.0604093261,0.0817737803,0.0149867525,0.2055642605,0.1812306494,0.1059780940,0.1118611246,0.4779148996,0.4551519752,0.4572989941,0.4728626013,0.6725019217,0.6723381281,0.0304410830,0.0000000000,0.0000000000,0.0064138896,0.3437125981,0.3513721824,0.4485775530,0.4735033512,0.0000000000,0.0000000000,0.0000000000,0.0000000000,0.0080075609,0.1741540581,0.0014088054,0.0833411813,0.1742520034,0.0146531332
15:11:09:36.813,61,0.2221735418,0.2832477093,0.1382595003,0.0000000000,0.0000000000,0.0798349380,0.0000000000,0.2219185084,0.2840716541,0.0000000000,0.0130428988,0.0000000000,0.0797861442,0.0000000000,0.0410523899,0.0000000000,0.0619760752,0.0588225760,0.0179023053,0.0477362238,0.0178359766,0.0130747631,0.0000000000,0.7753844857,0.7776415348,0.0000000000,0.0000000000,0.0842027515,0.0834200531,0.0641141310,0.0602094345,0.0821364000,0.0150957424,0.2068077773,0.1817699969,0.1055912301,0.1114543229,0.4752598703,0.4525585473,0.4562701881,0.4715882242,0.6731854081,0.6730196476,0.0303270295,0.0000000000,0.0000000000,0.0063734734,0.3436103761,0.3507514298,0.4487983882,0.4736058712,0.0000000000,0.0000000000,0.0000000000,0.0000000000,0.0078477915,0.1735349149,0.0013756881,0.0831938758,0.1736327857,0.0145742651
15:11:09:37.814,61,0.2208497226,0.2821902037,0.1379735470,0.0000000000,0.0000000000,0.0800273120,0.0000000000,0.2205867320,0.2830070257,0.0000000000,0.0127822785,0.0000000000,0.0799774379,0.0000000000,0.0408176817,0.0000000000,0.0618425459,0.0583666116,0.0179719701,0.0478797443,0.0180137977,0.0130722113,0.0000000000,0.7751600146,0.7772630453,0.0000000000,0.0000000000,0.0838204324,0.0830142647,0.0638948530,0.0600770824,0.0825067759,0.0152081707,0.2085233033,0.1823547333,0.1052728742,0.1111103073,0.4734018445,0.4509002864,0.4555070102,0.4706877768,0.6757606268,0.6755932570,0.0301631521,0.0000000000,0.0000000000,0.0063339029,0.3403457701,0.3445220888,0.4491663277,0.4738533199,0.0000000000,0.0000000000,0.0000000000,0.0000000000,0.0076918551,0.1728843451,0.0013431961,0.0830312148,0.1729821265,0.0144902309
15:11:09:38.816,61,0.2190387100,0.2815493643,0.1375710070,0.0000000000,0.0000000000,0.0800829902,0.0000000000,0.2187876701,0.2823588848,0.0000000000,0.0123677179,0.0000000000,0.0800332278,0.0000000000,0.0406432785,0.0000000000,0.0617117397,0.0578821301,0.0180610176,0.0480672494,0.0182084069,0.0129298829,0.0000000000,0.7660263777,0.7665845156,0.0000000000,0.0000000000,0.0833456442,0.0825379118,0.0638420805,0.0601386353,0.0829296112,0.0153407343,0.2101498395,0.1828779280,0.1050041243,0.1108448207,0.4701601565,0.4484656155,0.4533483386,0.4695562720,0.6831998825,0.6830603480,0.0299608428,0.0000000000,0.0000000000,0.0062973509,0.3166835010,0.3218022883,0.4510098994,0.4761683345,0.0000000000,0.0000000000,0.0000000000,0.0000000000,0.0074429032,0.1724880636,0.0012966848,0.0827946365,0.1725858450,0.0144152846
15:11:09:39.818,61,0.2156182230,0.2810573876,0.1369469464,0.0000000000,0.0000000000,0.0799191073,0.0000000000,0.2153872699,0.2818572521,0.0000000000,0.0117083192,0.0000000000,0.0798699036,0.0000000000,0.0404783227,0.0000000000,0.0615197681,0.0573187806,0.0181497019,0.0483059585,0.0184215326,0.0127145974,0.0000000000,0.7526295185,0.7532784343,0.0000000000,0.0000000000,0.0827878639,0.0819911510,0.0638907775,0.0603077225,0.0833759978,0.0154815055,0.2129670084,0.1834854037,0.1048190966,0.1106915176,0.4664755464,0.4453240931,0.4522386789,0.4688061178,0.6904744506,0.6903491616,0.0297253057,0.0000000000,0.0000000000,0.0062644859,0.3009503782,0.3057835698,0.4624703526,0.4880759120,0.0000000000,0.0000000000,0.0000000000,0.0000000000,0.0070464527,0.1721811295,0.0012253891,0.0824233964,0.1722789109,0.0143247684
15:11:09:40.822,61,0.2116838694,0.2800334394,0.1361205429,0.0000000000,0.0000000000,0.0797488540,0.0000000000,0.2114746720,0.2808193862,0.0000000000,0.0108510107,0.0000000000,0.0797003210,0.0000000000,0.0403315313,0.0000000000,0.0613807477,0.0567069799,0.0182441920,0.0485812314,0.0186521765,0.0124736764,0.0000000000,0.7424634099,0.7426099181,0.0000000000,0.0000000000,0.0821372494,0.0813560411,0.0640707463,0.0606207103,0.0837697610,0.0156086264,0.2150321901,0.1840882599,0.1045607179,0.1104660779,0.4629064798,0.4420488477,0.4511324465,0.4680578113,0.6944098473,0.6942910552,0.0295103621,0.0000000000,0.0000000000,0.0062343585,0.2934752107,0.2979872823,0.4657968283,0.4915564656,0.0000000000,0.0000000000,0.0000000000,0.0000000000,0.0065312157,0.1715465039,0.0011315203,0.0819349214,0.1716442406,0.0141865788
15:11:09:41.824,61,0.2076016814,0.2781762183,0.1351787895,0.0000000000,0.0000000000,0.0796186998,0.0000000000,0.2073949873,0.2789441943,0.0000000000,0.0099068377,0.0000000000,0.0795707256,0.0000000000,0.0401550755,0.0000000000,0.0612568557,0.0560589246,0.0183431208,0.0489291847,0.0189213827,0.0122322878,0.0000000000,0.7355160713,0.7352544665,0.0000000000,0.0000000000,0.0814497545,0.0806857944,0.0642469227,0.0609400161,0.0840707421,0.0157268848,0.2167858183,0.1847176105,0.1043481678,0.1102710143,0.4547592103,0.4347780943,0.4486585557,0.4657717943,0.6963822842,0.6962662935,0.0293133818,0.0000000000,0.0000000000,0.0062183524,0.2896055579,0.2939803004,0.4672368467,0.4930186272,0.0000000000,0.0000000000,0.0000000000,0.0000000000,0.0059640971,0.1704003811,0.0010262300,0.0813840255,0.1704980135,0.0139954761
15:11:09:42.826,61,0.2045005858,0.2770156264,0.1348185837,0.0000000000,0.0000000000,0.0793254152,0.0000000000,0.2042925358,0.2777753174,0.0000000000,0.0095607759,0.0000000000,0.0792779997,0.0000000000,0.0399499908,0.0000000000,0.0611438788,0.0553641282,0.0184652600,0.0492365770,0.0192032848,0.0120707341,0.0000000000,0.7301780581,0.7289920449,0.0000000000,0.0000000000,0.0807732567,0.0800072551,0.0644608736,0.0612927191,0.0844093561,0.0158233568,0.2210444957,0.1863876730,0.1041545197,0.1101002544,0.4449336529,0.4243768752,0.4458676577,0.4623455405,0.6970717907,0.6969559789,0.0291571263,0.0000000000,0.0000000000,0.0062045050,0.2863358259,0.2897858024,0.4677501917,0.4934530258,0.0000000001,0.0000000000,0.0000000000,0.0000000000,0.0057564676,0.1696861237,0.0009862713,0.0811770484,0.1697837561,0.0139003498
15:11:09:43.824,61,0.2003547698,0.2763283551,0.1345914006,0.0000000000,0.0000000000,0.0789524019,0.0000000000,0.2001652718,0.2770830691,0.0000000000,0.0093393130,0.0000000000,0.0789059401,0.0000000000,0.0397326909,0.0000000000,0.0610134900,0.0542385839,0.0186009835,0.0495536327,0.0195260271,0.0118047856,0.0000000000,0.7107385993,0.7092100382,0.0000000000,0.0000000000,0.0800096095,0.0792731717,0.0648072585,0.0618120320,0.0846553966,0.0159089044,0.2247521132,0.1876196712,0.1039863005,0.1099736840,0.4385961294,0.4183952510,0.4395384490,0.4571037591,0.6975510716,0.6974359751,0.0289838631,0.0000000000,0.0000000000,0.0062012142,0.2668796480,0.2700038850,0.4678066075,0.4935245812,0.0000000001,0.0000000000,0.0000000000,0.0000000000,0.0056235339,0.1692631394,0.0009610472,0.0810460970,0.1693606824,0.0138427271
15:11:09:44.829,61,0.1975637376,0.2760414481,0.1342129856,0.0000000000,0.0000000000,0.0785838664,0.0000000000,0.1973799467,0.2767904699,0.0000000000,0.0089539653,0.0000000000,0.0785385966,0.0000000000,0.0395419784,0.0000000000,0.0608301759,0.0529312752,0.0187505893,0.0498560555,0.0198928844,0.0115415799,0.0000000000,0.6947429180,0.6916058660,0.0000000000,0.0000000000,0.0792716891,0.0785541907,0.0653211996,0.0626568869,0.0849374160,0.0159923993,0.2320618778,0.1906864345,0.1039795876,0.1100195348,0.4315939546,0.4111885726,0.4337527454,0.4515658319,0.6992430687,0.6991295815,0.0287606344,0.0000000000,0.0000000000,0.0062071919,0.2527592182,0.2548204958,0.4678688049,0.4936591685,0.0000000001,0.0000000000,0.0000000000,0.0000000000,0.0053916671,0.1690841615,0.0009204291,0.0808206499,0.1691817045,0.0137894433
15:11:09:45.827,61,0.1923097372,0.2758278847,0.1333979964,0.0000000000,0.0000000000,0.0783208832,0.0000000000,0.1921161562,0.2765659094,0.0000000000,0.0081509706,0.0000000000,0.0782769248,0.0000000000,0.0393381193,0.0000000000,0.0605600514,0.0511187501,0.0189234950,0.0502152219,0.0203686729,0.0113188447,0.0000000000,0.6755685806,0.6701092720,0.0000000000,0.0000000000,0.0785269812,0.0778143778,0.0659536049,0.0640607849,0.0852480084,0.0160636101,0.2461744398,0.1980313659,0.1042968854,0.1104065254,0.4100640118,0.3885034323,0.4251105189,0.4416218102,0.7048820257,0.7047757506,0.0284927096,0.0000000000,0.0000000000,0.0062456303,0.2406186461,0.2416475266,0.4676306546,0.4934822321,0.0000000001,0.0000000000,0.0000000000,0.0000000000,0.0049082553,0.1689465791,0.0008372101,0.0803317055,0.1690440625,0.0136948461
15:11:09:46.828,61,0.1882122606,0.2752365470,0.1327653378,0.0000000000,0.0000000000,0.0781094581,0.0000000000,0.1880166233,0.2759647071,0.0000000000,0.0075562308,0.0000000000,0.0780666992,0.0000000000,0.0391219258,0.0000000000,0.0602936670,0.0492862239,0.0191488154,0.0506311059,0.0209088381,0.0111106467,0.0000000000,0.6602875590,0.6539801359,0.0000000000,0.0000000000,0.0777804181,0.0770629719,0.0666511655,0.0656108260,0.0855429769,0.0161408558,0.2524192631,0.2014661580,0.1046889722,0.1108599156,0.3959275782,0.3752526641,0.4098214507,0.4254599512,0.7069645524,0.7068598270,0.0282215364,0.0000000000,0.0000000000,0.0063032918,0.2330178022,0.2334176004,0.4652892649,0.4914434254,0.0000000001,0.0000000000,0.0000000000,0.0000000000,0.0045504067,0.1685789973,0.0007744505,0.0799556598,0.1686764956,0.0136006773
15:11:09:47.830,61,0.1789819151,0.2740984857,0.1324714422,0.0000000000,0.0000000000,0.0779611766,0.0000000000,0.1787811071,0.2748195231,0.0000000000,0.0072576022,0.0000000000,0.0779196844,0.0000000000,0.0388326608,0.0000000000,0.0598890185,0.0472559519,0.0194478780,0.0511064157,0.0215170644,0.0109007759,0.0000000000,0.6247680783,0.6194454432,0.0000000000,0.0000000000,0.0768263415,0.0761058405,0.0673477128,0.0668149963,0.0857038721,0.0162483081,0.2562642694,0.2033043057,0.1051516235,0.1113929152,0.3746927083,0.3563971817,0.3837686479,0.4003647864,0.7103168964,0.7102129459,0.0279337522,0.0000000000,0.0000000000,0.0063866554,0.2171051055,0.2175882608,0.4603339732,0.4869465828,0.0000000001,0.0000000000,0.0000000000,0.0000000000,0.0043710903,0.1678793281,0.0007407856,0.0797880888,0.1679767519,0.0135148643
15:11:09:48.835,61,0.1659817398,0.2709144652,0.1316019297,0.0000000000,0.0000000000,0.0779216960,0.0000000000,0.1658079028,0.2716151178,0.0000000000,0.0064442889,0.0000000000,0.0778812468,0.0000000000,0.0384936668,0.0000000000,0.0594280288,0.0455939472,0.0198000707,0.0515983403,0.0221634172,0.0106769446,0.0000000000,0.5867986083,0.5789169073,0.0000000000,0.0000000000,0.0756139606,0.0748208836,0.0680437535,0.0677911043,0.0857923701,0.0164088160,0.2591102123,0.2044374645,0.1056777537,0.1120118275,0.3526476324,0.3352411985,0.3548293710,0.3711053431,0.7186120152,0.7185178399,0.0276119821,0.0000000000,0.0000000000,0.0064921766,0.1947964728,0.1939848065,0.4480291009,0.4748558104,0.0000000000,0.0000000000,0.0000000000,0.0000000000,0.0038825304,0.1659215093,0.0006501710,0.0792903677,0.1660186797,0.0132712750
15:11:09:49.836,61,0.1608020961,0.2690517604,0.1309374571,0.0000000000,0.0000000000,0.0778832436,0.0000000000,0.1606382728,0.2697386742,0.0000000000,0.0058306386,0.0000000000,0.0778440312,0.0000000000,0.0381385796,0.0000000000,0.0588680953,0.0441431999,0.0202258918,0.0520640872,0.0228637699,0.0105904620,0.0000000000,0.5618396401,0.5521088839,0.0000000000,0.0000000000,0.0746629983,0.0737174302,0.0687833726,0.0688290671,0.0857888088,0.0166037362,0.2615686953,0.2050891817,0.1062594354,0.1127068251,0.3372969925,0.3187781274,0.3268999457,0.3410825133,0.7224732041,0.7223827839,0.0272722933,0.0000000000,0.0000000000,0.0066174073,0.1783561260,0.1768084019,0.4196153581,0.4467995465,0.0000000000,0.0000000000,0.0000000000,0.0000000000,0.0035134919,0.1647750288,0.0005842316,0.0789050311,0.1648720354,0.0131140351
15:11:09:50.838,61,0.1575873494,0.2675487399,0.1303491294,0.0000000000,0.0000000000,0.0777928233,0.0000000000,0.1574327648,0.2682239413,0.0000000000,0.0052685505,0.0000000000,0.0777548552,0.0000000000,0.0377215594,0.0000000000,0.0582464449,0.0429856852,0.0207645465,0.0525077581,0.0237871688,0.0105710663,0.0000000000,0.5398812890,0.5284044147,0.0000000000,0.0000000000,0.0737166256,0.0726142228,0.0695183426,0.0698128045,0.0857407227,0.0167994350,0.2648980618,0.2054746598,0.1067629978,0.1133101508,0.3122794628,0.2950409055,0.3059697151,0.3194177449,0.7247112393,0.7246226668,0.0269736331,0.0000000000,0.0000000000,0.0067630494,0.1701299399,0.1685915887,0.4096874893,0.4367440045,0.0000000000,0.0000000000,0.0000000000,0.0000000000,0.0031752700,0.1638495028,0.0005249720,0.0785624534,0.1639464647,0.0129825966
15:11:09:51.840,61,0.1544958502,0.2660787106,0.1297655404,0.0000000000,0.0000000000,0.0777400658,0.0000000000,0.1543484032,0.2667424679,0.0000000000,0.0047024633,0.0000000000,0.0777035132,0.0000000000,0.0372165143,0.0000000000,0.0574376956,0.0418420918,0.0214187093,0.0530530848,0.0252816007,0.0104652066,0.0000000000,0.5243493915,0.5136862993,0.0000000000,0.0000000000,0.0722954869,0.0711538494,0.0702609792,0.0708749071,0.0856688544,0.0169722438,0.2716287374,0.2059330344,0.1073156595,0.1139454991,0.2859568596,0.2708655000,0.2928817272,0.3067854643,0.7263334394,0.7262464762,0.0267392490,0.0000000000,0.0000000000,0.0069433986,0.1660313010,0.1645030081,0.4049178064,0.4319781065,0.0000000000,0.0000000000,0.0000000000,0.0000000000,0.0028345210,0.1629443914,0.0004660003,0.0782223120,0.1630412340,0.0128538571
15:11:09:52.838,61,0.1500413120,0.2625164092,0.1291308403,0.0000000000,0.0000000000,0.0777321681,0.0000000000,0.1498891264,0.2631621659,0.0000000000,0.0041141524,0.0000000000,0.0776968449,0.0000000000,0.0367019475,0.0000000000,0.0563099012,0.0409442335,0.0221212842,0.0536844246,0.0267072469,0.0102750761,0.0000000000,0.5083046556,0.5001123548,0.0000000000,0.0000000000,0.0708593056,0.0698202699,0.0710119084,0.0718545169,0.0855974481,0.0171316564,0.2755732536,0.2063803226,0.1078293547,0.1145267934,0.2742024064,0.2601219714,0.2841802239,0.2987669706,0.7273183465,0.7272314429,0.0265770014,0.0000000000,0.0000000000,0.0071494072,0.1637341082,0.1622738987,0.4020730257,0.4291516840,0.0000000000,0.0000000000,0.0000000000,0.0000000000,0.0024807889,0.1607571393,0.0004022754,0.0778673887,0.1608538032,0.0126209874
15:11:09:53.840,61,0.1465194076,0.2586330771,0.1282103211,0.0000000000,0.0000000000,0.0776929855,0.0000000000,0.1463703513,0.2592566907,0.0000000000,0.0032266134,0.0000000000,0.0776586384,0.0000000000,0.0362125486,0.0000000000,0.0555560999,0.0402322784,0.0228252094,0.0547088087,0.0278268699,0.0100645265,0.0000000000,0.4939598143,0.4843178391,0.0000000000,0.0000000000,0.0695747286,0.0686017796,0.0716705918,0.0726473108,0.0854148343,0.0173099730,0.2771353722,0.2064530551,0.1082608327,0.1149993315,0.2684518397,0.2548040450,0.2781030834,0.2924600542,0.7276056409,0.7275177240,0.0264916476,0.0000000000,0.0000000000,0.0073677399,0.1623461396,0.1609331071,0.4002910256,0.4273712933,0.0000000000,0.0000000000,0.0000000000,0.0000000000,0.0019463601,0.1583712101,0.0003108504,0.0773418397,0.1584676951,0.0123468712
15:11:09:54.841,61,0.1447562575,0.2577892840,0.1280853003,0.0000000000,0.0000000000,0.0774431229,0.0000000000,0.1446093917,0.2584090531,0.0000000000,0.0031167739,0.0000000000,0.0774100423,0.0000000000,0.0356732085,0.0000000000,0.0548610352,0.0396286286,0.0237635579,0.0565438233,0.0291687101,0.0098946737,0.0000000000,0.4688635767,0.4570670724,0.0000000000,0.0000000000,0.0680711567,0.0670886263,0.0721966550,0.0732924044,0.0849760696,0.0174828544,0.2771304548,0.2057580799,0.1084843054,0.1152250320,0.2623220980,0.2489878833,0.2663240135,0.2785619497,0.7212611437,0.7211562395,0.0265626535,0.0000000000,0.0000000000,0.0075985948,0.1608269066,0.1595516950,0.3968438506,0.4234912694,0.0000000001,0.0000000000,0.0000000000,0.0000000000,0.0018802575,0.1578533947,0.0002992949,0.0772727653,0.1579497755,0.0122948745
15:11:09:55.843,61,0.1437896192,0.2579471767,0.1283684373,0.0000000000,0.0000000000,0.0771558657,0.0000000000,0.1436445862,0.2585707307,0.0000000000,0.0034095836,0.0000000000,0.0771240667,0.0000000000,0.0350856036,0.0000000000,0.0542054772,0.0390334092,0.0252218302,0.0580969416,0.0304015670,0.0098372679,0.0000000000,0.4521148503,0.4377435744,0.0000000000,0.0000000000,0.0667471737,0.0656561702,0.0727285668,0.0739282519,0.0844471157,0.0176447816,0.2768066227,0.2041101605,0.1085262075,0.1152319759,0.2517874241,0.2385143787,0.2525567710,0.2622692883,0.7116583586,0.7115350962,0.0267388932,0.0000000000,0.0000000000,0.0078347800,0.1589569151,0.1574469358,0.3937218785,0.4191036522,0.0000000001,0.0000000000,0.0000000000,0.0000000000,0.0020568685,0.1579522341,0.0003276158,0.0774424002,0.1580486447,0.0123296501
15:11:09:56.844,61,0.1429513097,0.2567107677,0.1282577217,0.0000000000,0.0000000000,0.0770362616,0.0000000000,0.1428074390,0.2573295832,0.0000000000,0.0033468362,0.0000000000,0.0770054907,0.0000000000,0.0341828354,0.0000000000,0.0533153117,0.0381119922,0.0291209780,0.0589155182,0.0322149098,0.0097962376,0.0000000000,0.4392323792,0.4226360619,0.0000000000,0.0000000000,0.0658863708,0.0647495463,0.0732253715,0.0745612383,0.0839180201,0.0178128071,0.2771367133,0.2028305978,0.1084320620,0.1150791645,0.2096751481,0.1978864968,0.2111285627,0.2198335528,0.7077658176,0.7076362967,0.0268936865,0.0000000000,0.0000000000,0.0080983397,0.1556587368,0.1536185145,0.3922371566,0.4170981348,0.0000000003,0.0000000000,0.0000000000,0.0000000000,0.0020192587,0.1571940035,0.0003200557,0.0773848817,0.1572902948,0.0122604165
15:11:09:57.846,61,0.1422429383,0.2550450861,0.1279010326,0.0000000000,0.0000000000,0.0771227553,0.0000000000,0.1420985013,0.2556550205,0.0000000000,0.0030537478,0.0000000000,0.0770929381,0.0000000000,0.0332936645,0.0000000000,0.0476174653,0.0370668210,0.0313487835,0.0576818027,0.0352284536,0.0095538087,0.0000000000,0.4225884974,0.4074788988,0.0000000000,0.0000000000,0.0655672550,0.0644154400,0.0735811293,0.0750775933,0.0836699456,0.0180100612,0.2936249077,0.2021924406,0.1085102484,0.1151429489,0.1488308609,0.1377265602,0.1449333429,0.1521738768,0.7060666680,0.7059342265,0.0269729458,0.0000000000,0.0000000000,0.0084682396,0.1497162133,0.1487403512,0.3877147734,0.4129815102,0.0000000006,0.0000000000,0.0000000000,0.0000000000,0.0018427266,0.1561710536,0.0002901430,0.0771820843,0.1562671959,0.0121475058
15:11:09:58.847,61,0.1415188164,0.2525768280,0.1267523468,0.0000000000,0.0000000000,0.0771138892,0.0000000000,0.1413707733,0.2531664670,0.0000000000,0.0019687971,0.0000000000,0.0770849138,0.0000000000,0.0325422287,0.0000000000,0.0389054678,0.0362550355,0.0325424150,0.0519609377,0.0396246947,0.0092250528,0.0000000000,0.3932808042,0.3729695678,0.0000000000,0.0000000000,0.0657175407,0.0645760819,0.0737923235,0.0754735172,0.0836661533,0.0181911197,0.3263291717,0.2028864026,0.1090093851,0.1157420203,0.1228201091,0.1123474836,0.1195007637,0.1243073717,0.7051569819,0.7050219178,0.0269998182,0.0000000000,0.0000000000,0.0089687342,0.1380258203,0.1381418556,0.3796494007,0.4043906033,0.0000000007,0.0000000000,0.0000000000,0.0000000000,0.0011883165,0.1546507180,0.0001852532,0.0765070096,0.1547467113,0.0119224209
15:11:09:59.849,61,0.1410821974,0.2516717315,0.1259187907,0.0000000000,0.0000000000,0.0770453885,0.0000000000,0.1409309208,0.2522492707,0.0000000000,0.0011610271,0.0000000000,0.0770172998,0.0000000000,0.0319043957,0.0000000000,0.0311117377,0.0354947858,0.0331775956,0.0467624925,0.0429598056,0.0087336795,0.0000000000,0.3663483858,0.3503904939,0.0000000000,0.0000000000,0.0672020689,0.0665909573,0.0738009512,0.0756926164,0.0836190879,0.0183688793,0.3405501246,0.2092723846,0.1104346067,0.1176960096,0.1081264243,0.0981528610,0.1053587869,0.1096254513,0.7042220831,0.7040861845,0.0269577987,0.0000000000,0.0000000000,0.0095219025,0.1226043925,0.1244488731,0.3642721772,0.3890390694,0.0000000007,0.0000000000,0.0000000000,0.0000000000,0.0007008279,0.1540903747,0.0001088537,0.0760104433,0.1541862935,0.0118016116
15:11:10:00.851,61,0.1406796873,0.2493358850,0.1253158301,0.0000000000,0.0000000000,0.0771875158,0.0000000000,0.1405222416,0.2499001771,0.0000000000,0.0006297696,0.0000000000,0.0771603063,0.0000000000,0.0313849822,0.0000000000,0.0245536026,0.0347394869,0.0333968922,0.0425551757,0.0455632173,0.0082029179,0.0000000000,0.3396115303,0.3272805214,0.0000000000,0.0000000000,0.0717439875,0.0719594881,0.0735872462,0.0756247416,0.0834298506,0.0185866579,0.3480512202,0.2133356482,0.1124902666,0.1206367016,0.1008395031,0.0910494775,0.0954759791,0.0998697355,0.7036837339,0.7035477161,0.0267969985,0.0000000000,0.0000000000,0.0101243816,0.1087713242,0.1115461141,0.3483003676,0.3743894100,0.0000000031,0.0000000000,0.0000000000,0.0000000000,0.0003802306,0.1526553482,0.0000584994,0.0756631568,0.1527510732,0.0116367303
15:11:10:01.855,61,0.1369339526,0.2436590493,0.1262366176,0.0000000000,0.0000000000,0.0776279345,0.0000000000,0.1367059648,0.2442183197,0.0000000000,0.0016414685,0.0000000000,0.0776010007,0.0000000000,0.0309599452,0.0000000000,0.0206010174,0.0340466239,0.0333953947,0.0399569385,0.0479693674,0.0076820944,0.0000000000,0.2892789245,0.2783468962,0.0000000000,0.0000000000,0.0752664283,0.0757343546,0.0731900409,0.0753149688,0.0831673592,0.0188643653,0.3516212702,0.2151097208,0.1137481928,0.1224154085,0.0968108624,0.0871101320,0.0870278850,0.0913623199,0.7033637166,0.7032275200,0.0265913438,0.0000000000,0.0000000000,0.0108037665,0.1005996913,0.1030203849,0.3260053396,0.3517232537,0.0000000121,0.0000000000,0.0000000000,0.0000000000,0.0009915786,0.1491845846,0.0001490355,0.0762592852,0.1492799371,0.0114576900
15:11:10:02.857,61,0.1316165477,0.2361687422,0.1271650642,0.0000000000,0.0000000000,0.0779907629,0.0000000000,0.1313482970,0.2367174327,0.0000000000,0.0026326457,0.0000000000,0.0779637620,0.0000000000,0.0306071788,0.0000000000,0.0183358192,0.0334256217,0.0333070084,0.0384212807,0.0498066731,0.0073441826,0.0000000000,0.2685126066,0.2574861646,0.0000000000,0.0000000000,0.0769477338,0.0774932131,0.0728165433,0.0749518275,0.0828630999,0.0191175193,0.3529983163,0.2159091532,0.1144164130,0.1232839152,0.0945577547,0.0849035457,0.0812025443,0.0850007758,0.7002342343,0.7000827789,0.0264379717,0.0000000000,0.0000000000,0.0114919953,0.0956298634,0.0974044651,0.3038721085,0.3270650804,0.0000000214,0.0000000000,0.0000000000,0.0000000000,0.0015914077,0.1446026564,0.0002317391,0.0768721402,0.1446976066,0.0111900037
15:11:10:03.859,61,0.1266104728,0.2305439115,0.1291301996,0.0000000000,0.0000000000,0.0782862306,0.0000000000,0.1263359934,0.2310976535,0.0000000000,0.0046379310,0.0000000000,0.0782592595,0.0000000000,0.0302630458,0.0000000000,0.0165636688,0.0327990353,0.0330448598,0.0372874178,0.0534031987,0.0070814681,0.0000000000,0.2309491485,0.2217284888,0.0000000000,0.0000000000,0.0784257650,0.0787762925,0.0722643733,0.0743637756,0.0823768154,0.0193437841,0.3541551232,0.2171035856,0.1151971892,0.1241700724,0.0927912369,0.0833676979,0.0752762109,0.0784047544,0.6948755980,0.6947194338,0.0262134541,0.0000000000,0.0000000000,0.0123562263,0.0887169987,0.0897930041,0.2880271673,0.3099256158,0.0000000474,0.0000000000,0.0000000000,0.0000000000,0.0028049676,0.1411700994,0.0003986286,0.0780986100,0.1412647516,0.0110948160
15:11:10:04.860,61,0.1232617646,0.2267706841,0.1307998151,0.0000000000,0.0000000000,0.0786680207,0.0000000000,0.1230083182,0.2273308933,0.0000000000,0.0063350825,0.0000000000,0.0786413327,0.0000000000,0.0299702920,0.0000000000,0.0148120429,0.0321844071,0.0326549821,0.0364483297,0.0586473569,0.0067558200,0.0000000000,0.1794954091,0.1799725592,0.0000000000,0.0000000000,0.0794179291,0.0797006562,0.0715947747,0.0734571740,0.0819064453,0.0195475165,0.3641916811,0.2291649729,0.1216864586,0.1308824271,0.0886398479,0.0807583109,0.0704574734,0.0733759627,0.6881610155,0.6880181432,0.0259628687,0.0000000000,0.0000000000,0.0139843225,0.0832000822,0.0841414928,0.2715905905,0.2930413485,0.0000000656,0.0000000000,0.0000000000,0.0000000000,0.0038326273,0.1388695836,0.0005356820,0.0791340545,0.1389640421,0.0110561261
15:11:10:05.859,61,0.1203425750,0.2230067849,0.1323292255,0.0000000000,0.0000000000,0.0791063532,0.0000000000,0.1201012507,0.2235714942,0.0000000000,0.0078868009,0.0000000000,0.0790795833,0.0000000000,0.0296944994,0.0000000000,0.0135037694,0.0315448679,0.0321532227,0.0356907919,0.0617085770,0.0065848222,0.0000000000,0.1606654972,0.1587847620,0.0000000000,0.0000000000,0.0801580921,0.0803625509,0.0707377791,0.0721958056,0.0814370662,0.0197150502,0.3750898540,0.2397343367,0.1268428415,0.1358743161,0.0848735422,0.0780644342,0.0670554265,0.0695169270,0.6814050078,0.6812573671,0.0256494284,0.0000000000,0.0000000000,0.0153606581,0.0782824531,0.0787443146,0.2619908154,0.2817074955,0.0000000809,0.0000000000,0.0000000000,0.0000000000,0.0047729113,0.1365736276,0.0006559347,0.0800848082,0.1366678625,0.0110014640
15:11:10:06.863,61,0.1190366000,0.2219311446,0.1315721869,0.0000000000,0.0000000000,0.0796032399,0.0000000000,0.1187977418,0.2224848270,0.0000000000,0.0071564931,0.0000000000,0.0795760751,0.0000000000,0.0294280164,0.0000000000,0.0124401301,0.0309188515,0.0316136666,0.0350633301,0.0636399463,0.0065641245,0.0000000000,0.1469244212,0.1422695220,0.0000000000,0.0000000000,0.0807490349,0.0808561072,0.0699789897,0.0710366964,0.0810164809,0.0198716260,0.3847928345,0.2480432093,0.1327185184,0.1416646987,0.0823404789,0.0761194900,0.0650716424,0.0671275184,0.6778014898,0.6776472926,0.0253133141,0.0000000000,0.0000000000,0.0164971519,0.0749275312,0.0749727413,0.2576900721,0.2767888010,0.0000000908,0.0000000000,0.0000000000,0.0000000000,0.0043313410,0.1359095424,0.0005923202,0.0796338543,0.1360037178,0.0108858300
15:11:10:07.862,61,0.1204431057,0.2248375565,0.1299701631,0.0000000000,0.0000000000,0.0800480545,0.0000000000,0.1202073395,0.2253834456,0.0000000000,0.0055529005,0.0000000000,0.0800205469,0.0000000000,0.0291496124,0.0000000000,0.0112781907,0.0302614663,0.0309940353,0.0344859660,0.0653600469,0.0066438541,0.0000000000,0.1321926564,0.1270922273,0.0000000000,0.0000000000,0.0814031437,0.0813952461,0.0692843869,0.0701495707,0.0805199668,0.0199564584,0.3969897330,0.2595767975,0.1396102756,0.1485821456,0.0786758363,0.0731859878,0.0632125959,0.0648008659,0.6677736044,0.6676178575,0.0250202622,0.0000000000,0.0000000000,0.0174564850,0.0720611438,0.0718687475,0.2520676851,0.2688460946,0.0000001026,0.0000000000,0.0000000000,0.0000000000,0.0033599755,0.1376796812,0.0004655448,0.0786450356,0.1377740055,0.0108926548
15:11:10:08.864,61,0.1565675437,0.2320858389,0.1283987314,0.0000000000,0.0000000000,0.0804364085,0.0000000000,0.1563073546,0.2326363176,0.0000000000,0.0039843773,0.0000000000,0.0804085359,0.0000000000,0.0288495831,0.0000000000,0.0103847431,0.0296110362,0.0303549245,0.0339938775,0.0677854717,0.0067574992,0.0000000000,0.1206427887,0.1164048091,0.0000000000,0.0000000000,0.0820156112,0.0818930417,0.0685982034,0.0693394095,0.0799204335,0.0199813731,0.4015067518,0.2649165392,0.1451230794,0.1535786688,0.0750369057,0.0703229830,0.0611103252,0.0622340515,0.6475214958,0.6473714709,0.0248625744,0.0000000000,0.0000000000,0.0182871427,0.0701604038,0.0697548166,0.2391263694,0.2532965541,0.0000001419,0.0000000000,0.0000000000,0.0000000000,0.0024093827,0.1421098709,0.0003447204,0.0776458010,0.1422045231,0.0111049963
15:11:10:09.868,61,0.1877384335,0.2577945292,0.1277498752,0.0000000000,0.0000000000,0.0807732716,0.0000000000,0.1875516474,0.2584107816,0.0000000000,0.0032681853,0.0000000000,0.0807444677,0.0000000000,0.0284893364,0.0000000000,0.0096093686,0.0289604813,0.0297031906,0.0334691964,0.0690997764,0.0069306414,0.0000000000,0.1150452644,0.1112728640,0.0000000000,0.0000000000,0.0826268047,0.0824011788,0.0678982660,0.0685563907,0.0791059434,0.0199177321,0.4040590525,0.2685401440,0.1474945843,0.1557830423,0.0721319467,0.0679131970,0.0594106391,0.0602023490,0.6182175279,0.6180526018,0.0248135664,0.0000000000,0.0000000000,0.0189124960,0.0686579719,0.0680276006,0.2228240520,0.2362682521,0.0000001586,0.0000000000,0.0000000000,0.0000000000,0.0019715992,0.1578544825,0.0003138367,0.0770703852,0.1579505056,0.0122627979
15:11:10:10.870,61,0.2403146774,0.2997496426,0.1257702410,0.0000000000,0.0000000000,0.0808684081,0.0000000000,0.2401333600,0.3004559278,0.0000000000,0.0010836831,0.0000000000,0.0808375999,0.0000000000,0.0280931145,0.0000000000,0.0091112489,0.0283403825,0.0291008502,0.0329293981,0.0698702410,0.0071373023,0.0000000000,0.1124806553,0.1088306233,0.0000000000,0.0000000000,0.0830545947,0.0827357247,0.0671397001,0.0676518455,0.0784034804,0.0198059734,0.4044166207,0.2700356245,0.1487731636,0.1568985432,0.0706055164,0.0665922761,0.0583727248,0.0590221360,0.5829936266,0.5827720165,0.0249957964,0.0000000000,0.0000000000,0.0193239264,0.0677296445,0.0669667497,0.2134278268,0.2272505909,0.0000001672,0.0000000000,0.0000000000,0.0000000000,0.0006508658,0.1835381240,0.0001208184,0.0755418465,0.1836363375,0.0140160359
15:11:10:11.871,61,0.2567786276,0.3302771151,0.1257507950,0.0000000000,0.0000000000,0.0795029104,0.0000000000,0.2566086054,0.3310639560,0.0000000000,0.0005391079,0.0000000000,0.0794705302,0.0000000000,0.0277278367,0.0000000000,0.0087171635,0.0277080946,0.0284642875,0.0323518440,0.0705633983,0.0073331571,0.0000000000,0.1105837673,0.1070574969,0.0000000000,0.0000000000,0.0836211964,0.0831979215,0.0661144108,0.0664689019,0.0778316259,0.0196741261,0.4095624983,0.2797218263,0.1502589434,0.1580059975,0.0689335018,0.0652066395,0.0575928353,0.0581669472,0.5543603897,0.5541753769,0.0253288504,0.0000000000,0.0000000000,0.0196653474,0.0660107434,0.0651247278,0.2092206776,0.2230865508,0.0000002306,0.0000000000,0.0000000000,0.0000000000,0.0003226107,0.2022354901,0.0000661476,0.0752556846,0.2023354024,0.0154223535
15:11:10:12.870,61,0.2641116083,0.3395665288,0.1252788007,0.0000000000,0.0000000000,0.0767458230,0.0000000000,0.2639810741,0.3403699696,0.0003346322,0.0000000000,0.0000000000,0.0767138898,0.0000000000,0.0273651890,0.0000000000,0.0082949996,0.0270690266,0.0278117117,0.0317235477,0.0711730048,0.0075047417,0.0000000000,0.1033131480,0.1023705453,0.0000000000,0.0000000000,0.0840067342,0.0835007653,0.0649471655,0.0651215389,0.0773041621,0.0195121597,0.4193029404,0.2906255722,0.1511491239,0.1587567478,0.0668959320,0.0635380074,0.0569358431,0.0574783832,0.5408908725,0.5407093763,0.0256821252,0.0000000000,0.0000000000,0.0199286062,0.0632193163,0.0624141134,0.2066925764,0.2206148952,0.0000003978,0.0000000000,0.0000000000,0.0000000000,-0.0002000126,0.2079202086,-0.0000421965,0.0748848543,0.2080208957,0.0157901887
15:11:10:13.871,61,0.2638659179,0.3418582082,0.1241413876,0.0000000000,0.0000000000,0.0734626502,0.0000000000,0.2637632787,0.3426493704,0.0018380911,0.0000000000,0.0000000000,0.0734326765,0.0000000000,0.0270050410,0.0000000000,0.0078944899,0.0264765937,0.0272149052,0.0311572570,0.0725145116,0.0078389486,0.0000000000,0.1003942788,0.0995412171,0.0000000000,0.0000000000,0.0843576789,0.0837314352,0.0641420633,0.0642039999,0.0768166780,0.0193286892,0.4239676297,0.2949426472,0.1517703831,0.1592895240,0.0658220574,0.0625856295,0.0564182103,0.0569260977,0.5335500836,0.5333644748,0.0260867607,0.0000000000,0.0000000000,0.0201654211,0.0616069399,0.0608496219,0.2050812244,0.2190051377,0.0000007434,0.0000000000,0.0000000000,0.0000000000,-0.0010983191,0.2093127072,-0.0002333093,0.0741830543,0.2094137669,0.0157503411
15:11:10:14.873,61,0.2584411800,0.3348586261,0.1212479621,0.0000000000,0.0000000000,0.0709434673,0.0000000000,0.2583763599,0.3355871737,0.0048565352,0.0000000000,0.0000000000,0.0709157735,0.0000000000,0.0267034303,0.0000000000,0.0074977786,0.0258828271,0.0266021267,0.0305385944,0.0732144564,0.0081839440,0.0000000000,0.0965183005,0.0961761773,0.0000000000,0.0000000000,0.0847436786,0.0839857087,0.0633558035,0.0631465241,0.0764866397,0.0191727914,0.4315474331,0.3016049862,0.1524334252,0.1599132270,0.0648989603,0.0617382340,0.0559761636,0.0564648025,0.5297906995,0.5296052694,0.0264215358,0.0000000000,0.0000000000,0.0203743652,0.0602923594,0.0596272945,0.2042664737,0.2181941271,0.0000009625,0.0000000000,0.0000000000,0.0000000000,-0.0029045700,0.2049994469,-0.0006039179,0.0725192800,0.2051002532,0.0150714926
15:11:10:15.874,61,0.2545083761,0.3287380636,0.1210674345,0.0000000000,0.0000000000,0.0690542832,0.0000000000,0.2544462681,0.3294483721,0.0052861483,0.0000000000,0.0000000000,0.0690277889,0.0000000000,0.0264073219,0.0000000000,0.0071224212,0.0253230520,0.0260320865,0.0299068578,0.0737161934,0.0085689593,0.0000000000,0.0938853323,0.0945263505,0.0000000000,0.0000000000,0.0849883407,0.0840959772,0.0625882819,0.0619335920,0.0761892498,0.0190394986,0.4340669513,0.3039775789,0.1528373510,0.1603037566,0.0642048568,0.0610758066,0.0555546172,0.0560390763,0.5273426771,0.5271565914,0.0266929641,0.0000000000,0.0000000000,0.0205494910,0.0592579357,0.0586513728,0.2035766095,0.2175265402,0.0000009180,0.0000000000,0.0000000000,0.0000000000,-0.0031639533,0.2012495846,-0.0006454811,0.0724670738,0.2013503760,0.0147776892
15:11:10:16.877,61,0.2444746047,0.3202285469,0.1232502535,0.0000000000,0.0000000000,0.0674840882,0.0000000000,0.2443836182,0.3209502399,0.0031368097,0.0000000000,0.0000000000,0.0674587935,0.0000000000,0.0260904115,0.0000000000,0.0066874763,0.0247634817,0.0254646540,0.0292497035,0.0741922781,0.0090012560,0.0000000000,0.0877790153,0.0904106647,0.0000000000,0.0000000000,0.0850116462,0.0839944631,0.0618259385,0.0607148036,0.0757830292,0.0188898239,0.4353854656,0.3053227067,0.1528926343,0.1603537053,0.0635215938,0.0604154654,0.0550704524,0.0555503070,0.5230152607,0.5228177309,0.0268689040,0.0000000000,0.0000000000,0.0206857231,0.0581350401,0.0576163940,0.2028554380,0.2167646587,0.0000007605,0.0000000000,0.0000000000,0.0000000000,-0.0018794585,0.1960576922,-0.0003732771,0.0738507584,0.1961581260,0.0146607449
15:11:10:17.881,61,0.2381378263,0.3155345023,0.1233969405,0.0000000000,0.0000000000,0.0664495751,0.0000000000,0.2380467206,0.3162464499,0.0029310859,0.0000000000,0.0000000000,0.0664248765,0.0000000000,0.0257646777,0.0000000000,0.0062466497,0.0242463890,0.0249486733,0.0286419187,0.0747556090,0.0094552133,0.0000000000,0.0849010944,0.0884277448,0.0000000000,0.0000000000,0.0848962888,0.0837572739,0.0611155517,0.0597945862,0.0753880441,0.0187421069,0.4359438419,0.3059733808,0.1527730078,0.1602310985,0.0629741699,0.0598691590,0.0546258241,0.0550981164,0.5206292868,0.5204213858,0.0270184055,0.0000000000,0.0000000000,0.0208111517,0.0572916269,0.0568035208,0.2014356703,0.2149927020,0.0000004032,0.0000000000,0.0000000000,0.0000000000,-0.0017571917,0.1931842715,-0.0003437486,0.0739804059,0.1932844073,0.0144658173
15:11:10:18.882,61,0.2324563414,0.3064695001,0.1246382967,0.0000000000,0.0000000000,0.0656953603,0.0000000000,0.2323903143,0.3071755469,0.0017908850,0.0000000000,0.0000000000,0.0656711906,0.0000000000,0.0254194606,0.0000000000,0.0058375061,0.0237592962,0.0244540479,0.0280266516,0.0753571764,0.0099006696,0.0000000000,0.0830058306,0.0869277492,0.0000000000,0.0000000000,0.0846486837,0.0833976865,0.0603870936,0.0588379949,0.0749402195,0.0185855813,0.4356846511,0.3059783280,0.1523687840,0.1598357409,0.0624104701,0.0593087710,0.0540937074,0.0545575693,0.5192435384,0.5190334916,0.0271013156,0.0000000000,0.0000000000,0.0209223032,0.0565199964,0.0560575202,0.1942570508,0.2069752812,0.0000002108,0.0000000000,0.0000000000,0.0000000000,-0.0010747864,0.1876429766,-0.0002040769,0.0748043433,0.1877428442,0.0141971419
15:11:10:19.884,61,0.2278457880,0.2956733108,0.1260912269,0.0000000000,0.0000000000,0.0652383640,0.0000000000,0.2277886569,0.2963707447,0.0004370908,0.0000000000,0.0000000000,0.0652145743,0.0000000000,0.0251185019,0.0000000000,0.0054530762,0.0233384576,0.0240218472,0.0274646766,0.0759270042,0.0103859371,0.0000000000,0.0817514956,0.0858549029,0.0000000000,0.0000000000,0.0843033046,0.0829298869,0.0597470552,0.0580680706,0.0745198950,0.0184315052,0.4324019551,0.3048422039,0.1515908986,0.1590394825,0.0618760847,0.0587523505,0.0535422638,0.0539889112,0.5170578361,0.5168412924,0.0271945484,0.0000000000,0.0000000000,0.0210249722,0.0559414141,0.0554796755,0.1867538989,0.1989877224,0.0000002845,0.0000000000,0.0000000000,0.0000000000,-0.0002626398,0.1810426116,-0.0000480754,0.0757693946,0.1811420172,0.0138629703
15:11:10:20.886,61,0.2255104482,0.2868837416,0.1281463057,0.0000000000,0.0000000000,0.0650757253,0.0000000000,0.2254626900,0.2875846624,0.0000000000,0.0015769571,0.0000000000,0.0650521964,0.0000000000,0.0248154607,0.0000000000,0.0050712372,0.0229558535,0.0236307438,0.0269481335,0.0765918419,0.0107946591,0.0000000000,0.0805896372,0.0849497616,0.0000000000,0.0000000000,0.0838757455,0.0824066848,0.0591460578,0.0573711842,0.0741112009,0.0182725620,0.4311293066,0.3042004704,0.1508985609,0.1583539993,0.0613721423,0.0582356416,0.0530215092,0.0534583479,0.5161867142,0.5159691572,0.0272303801,0.0000000000,0.0000000000,0.0211319029,0.0554673374,0.0550127476,0.1827969104,0.1950823218,0.0000002843,0.0000000000,0.0000000000,0.0000000000,0.0009484817,0.1756756008,0.0001683606,0.0770787373,0.1757746041,0.0136753637
15:11:10:21.884,61,0.2236823738,0.2765921950,0.1304512769,0.0000000000,0.0000000000,0.0652585775,0.0000000000,0.2236365527,0.2772938013,0.0000000000,0.0038110460,0.0000000000,0.0652351305,0.0000000000,0.0245560817,0.0000000000,0.0046394332,0.0226283725,0.0232924558,0.0265066829,0.0786487833,0.0111674154,0.0000000000,0.0777822807,0.0833617002,0.0000000000,0.0000000000,0.0833981708,0.0818456039,0.0586389937,0.0567767546,0.0737392232,0.0181235075,0.4301879406,0.3035321236,0.1501964778,0.1576615572,0.0609443635,0.0577891283,0.0524758808,0.0529085323,0.5171723366,0.5169557929,0.0272470098,0.0000000000,0.0000000000,0.0212998018,0.0551048592,0.0546469353,0.1798394322,0.1921917647,0.0000004217,0.0000000000,0.0000000000,0.0000000000,0.0022947167,0.1693896055,0.0003924616,0.0785510316,0.1694882214,0.0134278126
15:11:10:22.885,61,0.2222151756,0.2711223364,0.1319560260,0.0000000000,0.0000000000,0.0654291958,0.0000000000,0.2221711576,0.2718269229,0.0000000000,0.0052308249,0.0000000000,0.0654059127,0.0000000000,0.0243024621,0.0000000000,0.0042408714,0.0223040245,0.0229475182,0.0260610357,0.0805636048,0.0115614673,0.0000000000,0.0762163252,0.0818433240,0.0000000000,0.0000000000,0.0830085799,0.0813787729,0.0581550486,0.0562265888,0.0734021664,0.0179623459,0.4298396409,0.3033449948,0.1496382356,0.1571005881,0.0604077652,0.0572467782,0.0519399866,0.0523574874,0.5168553591,0.5166383982,0.0272542331,0.0000000000,0.0000000000,0.0214789081,0.0547416843,0.0542692654,0.1742739826,0.1865089536,0.0000004881,0.0000000000,0.0000000000,0.0000000000,0.0031513788,0.1660504788,0.0005281502,0.0795020163,0.1661489010,0.0133172516
15:11:10:23.887,61,0.2212001979,0.2687962949,0.1318665594,0.0000000000,0.0000000000,0.0657828748,0.0000000000,0.2211584598,0.2694928050,0.0000000000,0.0051556975,0.0000000000,0.0657600537,0.0000000000,0.0240989048,0.0000000000,0.0038346038,0.0220519658,0.0226914342,0.0257746838,0.0832114816,0.0118793175,0.0000000000,0.0723766088,0.0791695789,0.0000000000,0.0000000000,0.0825294629,0.0808393732,0.0578372777,0.0558322147,0.0732809380,0.0178253669,0.4302065670,0.3035667837,0.1492691785,0.1567572057,0.0600910708,0.0569104962,0.0515982285,0.0520133190,0.5200719237,0.5198797584,0.0272985492,0.0000000000,0.0000000000,0.0217044558,0.0545309447,0.0540736318,0.1726784706,0.1849668771,0.0000005438,0.0000000000,0.0000000000,0.0000000000,0.0031068560,0.1646246165,0.0005161352,0.0794669315,0.1647228748,0.0131950499
15:11:10:24.892,61,0.2203056365,0.2660391927,0.1323358864,0.0000000000,0.0000000000,0.0661279336,0.0000000000,0.2202658504,0.2667332590,0.0000000000,0.0056297123,0.0000000000,0.0661057681,0.0000000000,0.0238879696,0.0000000000,0.0033561564,0.0218095724,0.0224385019,0.0255815461,0.0876889601,0.0121706147,0.0000000000,0.0679167956,0.0759949759,0.0000000000,0.0000000000,0.0820979401,0.0803543106,0.0576102883,0.0555300973,0.0730913505,0.0176638719,0.4334808290,0.3053036034,0.1491339505,0.1566662937,0.0596492030,0.0564629510,0.0512415506,0.0516561940,0.5208611488,0.5206766725,0.0273700729,0.0000000000,0.0000000000,0.0220301282,0.0543270186,0.0539050288,0.1715534776,0.1839052290,0.0000007319,0.0000000000,0.0000000000,0.0000000000,0.0033934461,0.1629390121,0.0005578694,0.0797719434,0.1630371958,0.0131076053
15:11:10:25.894,61,0.2197323143,0.2684924006,0.1315383166,0.0000000000,0.0000000000,0.0660578758,0.0000000000,0.2196940482,0.2691839039,0.0000000000,0.0049075782,0.0000000000,0.0660365298,0.0000000000,0.0236106962,0.0000000000,0.0028722652,0.0215317924,0.0221486371,0.0253387261,0.0908425525,0.0124314902,0.0000000000,0.0660927072,0.0746612996,0.0000000000,0.0000000000,0.0817791894,0.0799921751,0.0573574081,0.0552191548,0.0728327334,0.0174622126,0.4367349148,0.3086801469,0.1490341127,0.1566063762,0.0590567663,0.0558987819,0.0508810282,0.0513004921,0.5075746775,0.5074126124,0.0274740662,0.0000000000,0.0000000000,0.0223249514,0.0539499596,0.0535764806,0.1681269705,0.1805103272,0.0000007743,0.0000000000,0.0000000000,0.0000000000,0.0029574304,0.1644358188,0.0004907378,0.0792715922,0.1645340919,0.0131473253
15:11:10:26.895,61,0.2194448113,0.2696921825,0.1322703212,0.0000000000,0.0000000000,0.0659525096,0.0000000000,0.2194077373,0.2703965008,0.0000000000,0.0056482400,0.0000000000,0.0659319907,0.0000000000,0.0233200975,0.0000000000,0.0023474598,0.0212732013,0.0218818709,0.0251433626,0.0940147489,0.0126250451,0.0000000000,0.0647513270,0.0737446174,0.0000000000,0.0000000000,0.0814918727,0.0796741396,0.0571548790,0.0549591966,0.0726073608,0.0172511153,0.4411828518,0.3131978512,0.1490037739,0.1566291153,0.0584615506,0.0553435162,0.0505879261,0.0510274880,0.5022255182,0.5020714998,0.0276081134,0.0000000000,0.0000000000,0.0226171147,0.0536065996,0.0532891788,0.1665101945,0.1790098995,0.0000009584,0.0000000000,0.0000000000,0.0000000000,0.0034033533,0.1651767939,0.0005673227,0.0797029957,0.1652750820,0.0132793365
15:11:10:27.893,61,0.2194470316,0.2700713277,0.1322817653,0.0000000000,0.0000000000,0.0658966526,0.0000000000,0.2194118500,0.2707769573,0.0000000000,0.0056812088,0.0000000000,0.0658770502,0.0000000000,0.0230422486,0.0000000000,0.0017850038,0.0210374910,0.0216322206,0.0250270423,0.0978945643,0.0126847541,0.0000000000,0.0594842769,0.0719328001,0.0000000000,0.0000000000,0.0811713263,0.0793503225,0.0570061170,0.0547605045,0.0723968819,0.0170453712,0.4511657655,0.3217567205,0.1491240561,0.1568351835,0.0578518100,0.0547873676,0.0503264330,0.0508117713,0.4999570251,0.4998084903,0.0277288184,0.0000000000,0.0000000000,0.0229395442,0.0532602146,0.0530266948,0.1656603217,0.1782464385,0.0000017184,0.0000000000,0.0000000000,0.0000000000,0.0034230859,0.1654092073,0.0005714297,0.0797068104,0.1655075401,0.0132989893
15:11:10:28.898,61,0.2197075933,0.2695989013,0.1327491403,0.0000000000,0.0000000000,0.0659159496,0.0000000000,0.2196744382,0.2703090310,0.0000000000,0.0061581256,0.0000000000,0.0658972487,0.0000000000,0.0227701515,0.0000000000,0.0012193122,0.0208252463,0.0214146841,0.0249620639,0.1005158946,0.0126871122,0.0000000000,0.0544158965,0.0695109740,0.0000000000,0.0000000000,0.0807326585,0.0789321065,0.0568762869,0.0545856580,0.0721888542,0.0168470964,0.4548467398,0.3253317475,0.1491568238,0.1569393575,0.0572474524,0.0542394370,0.0500857867,0.0506219119,0.4984227121,0.4982774556,0.0278428122,0.0000000000,0.0000000000,0.0232479721,0.0529162958,0.0527791306,0.1650259197,0.1777203828,0.0000035521,0.0000000000,0.0000000000,0.0000000000,0.0037106178,0.1651235372,0.0006183389,0.0799922496,0.1652217358,0.0133230416
15:11:10:29.897,61,0.2200959623,0.2692700326,0.1335070133,0.0000000000,0.0000000000,0.0659262761,0.0000000000,0.2200643420,0.2699886262,0.0000000000,0.0069364575,0.0000000000,0.0659084618,0.0000000000,0.0225059707,0.0000000000,0.0006657093,0.0206292905,0.0212046374,0.0248977914,0.1018932313,0.0127119152,0.0000000000,0.0520152636,0.0680188015,0.0000000000,0.0000000000,0.0804435983,0.0786540136,0.0567364246,0.0543915555,0.0720311999,0.0166831557,0.4571496546,0.3274109066,0.1492962390,0.1571509391,0.0567336679,0.0537605397,0.0498522893,0.0504439808,0.4978353083,0.4976924360,0.0279164221,0.0000000000,0.0000000000,0.0235342905,0.0525273196,0.0524853021,0.1647933275,0.1776342541,0.0000054015,0.0000000000,0.0000000000,0.0000000000,0.0041797431,0.1649281085,0.0006956743,0.0804516152,0.1650263667,0.0133832404
15:11:10:30.898,61,0.2204990238,0.2678988874,0.1335907429,0.0000000000,0.0000000000,0.0663766414,0.0000000000,0.2204689533,0.2686143816,0.0000000000,0.0070780963,0.0000000000,0.0663595870,0.0000000000,0.0222592484,0.0000000000,0.0001722488,0.0204886254,0.0210590363,0.0249276683,0.1026670262,0.0126974173,0.0000000000,0.0505272597,0.0669717863,0.0000000000,0.0000000000,0.0800267160,0.0782572106,0.0566135868,0.0542196669,0.0718942955,0.0165596269,0.4579509795,0.3281204104,0.1492965370,0.1572188437,0.0564033911,0.0534424558,0.0496212691,0.0502673909,0.5019927025,0.5018639565,0.0279385038,0.0000000000,0.0000000000,0.0237902477,0.0522549301,0.0523021109,0.1648664623,0.1778686494,0.0000078780,0.0000000000,0.0000000000,0.0000000000,0.0042656851,0.1640887111,0.0007062991,0.0805132538,0.1641868204,0.0133240968
15:11:10:31.903,61,0.2119327635,0.2534121871,0.1334913820,0.0000000000,0.0000000000,0.0777236000,0.0000000000,0.2119041532,0.2540821433,0.0000000000,0.0073505971,0.0000000000,0.0777098611,0.0000000000,0.0220772009,0.0003811575,0.0000000000,0.0204152074,0.0209722463,0.0250803735,0.1031101048,0.0126158092,0.0000000000,0.0488739386,0.0660677254,0.0000000000,0.0000000000,0.0793976039,0.0776656643,0.0566152744,0.0541547276,0.0717030019,0.0164755080,0.4577302933,0.3278292418,0.1492255628,0.1572475731,0.0562007613,0.0532270372,0.0493346825,0.0500309020,0.5393570065,0.5392428041,0.0277801249,0.0000000000,0.0000000000,0.0240814108,0.0523440316,0.0524815656,0.1653297246,0.1788789779,0.0000078453,0.0000000000,0.0000000000,0.0000000000,0.0044362480,0.1552114934,0.0006941374,0.0805680305,0.1553085744,0.0126001853
15:11:10:32.904,61,0.1944993138,0.2285474092,0.1324207187,0.0000000000,0.0000000000,0.0916437805,0.0000000000,0.1944312900,0.2291291207,0.0000000000,0.0065856106,0.0000000000,0.0916300863,0.0000000000,0.0219430402,0.0009283652,0.0000000000,0.0203697998,0.0208951030,0.0252305456,0.1033675000,0.0125417011,0.0000000000,0.0471618399,0.0650074556,0.0000000000,0.0000000000,0.0785189644,0.0769319236,0.0566645414,0.0541206598,0.0715100691,0.0164084807,0.4573481679,0.3274389207,0.1491702348,0.1572965086,0.0559778884,0.0529791303,0.0489823446,0.0497233495,0.5635421872,0.5634174943,0.0275064744,0.0000000000,0.0000000000,0.0244127437,0.0526082143,0.0528333075,0.1655142754,0.1792784929,0.0000066122,0.0000000000,0.0000000000,0.0000000000,0.0039835786,0.1399681419,0.0005612425,0.0801024660,0.1400636882,0.0112808431
15:11:10:33.906,61,0.1818060577,0.2104760408,0.1304282397,0.0000000000,0.0000000000,0.0980429873,0.0000000000,0.1817456633,0.2109828442,0.0000000000,0.0046776659,0.0000000000,0.0980301201,0.0000000000,0.0218558945,0.0015250179,0.0000000000,0.0203047656,0.0207801871,0.0253436770,0.1038856208,0.0125017641,0.0000000000,0.0429602079,0.0615552105,0.0000000000,0.0000000000,0.0778364986,0.0762978494,0.0568012260,0.0541534759,0.0713109374,0.0163313951,0.4580116272,0.3277908862,0.1493336707,0.1575933844,0.0556425564,0.0526317768,0.0485710725,0.0493515097,0.5735675693,0.5734431148,0.0271624383,0.0000000000,0.0000000000,0.0248032529,0.0527718924,0.0530916937,0.1654715687,0.1793562770,0.0000052349,0.0000000000,0.0000000000,0.0000000000,0.0028337245,0.1288826019,0.0003672530,0.0790150762,0.1289771646,0.0102370111
15:11:10:34.905,61,0.1709055454,0.1982744485,0.1277174950,0.0000000000,0.0000000000,0.1010761261,0.0000000000,0.1708453894,0.1987197101,0.0000000000,0.0019907805,0.0000000000,0.1010637730,0.0000000000,0.0217708107,0.0021157870,0.0000000000,0.0202283598,0.0206472203,0.0254418030,0.1048639789,0.0124035422,0.0000000000,0.0390711427,0.0581218526,0.0000000000,0.0000000000,0.0772102401,0.0757135972,0.0569632240,0.0542304851,0.0711006522,0.0162430070,0.4617047608,0.3302951455,0.1496119499,0.1580034047,0.0551873371,0.0521905385,0.0481487438,0.0489728041,0.5784519315,0.5783274770,0.0267971214,0.0000000000,0.0000000000,0.0252469257,0.0528211668,0.0532399155,0.1652925313,0.1792344749,0.0000039896,0.0000000000,0.0000000000,0.0000000000,0.0012071495,0.1213910505,0.0001472611,0.0774454772,0.1214849129,0.0094452864
15:11:10:35.907,61,0.1626185328,0.1904107779,0.1271998286,0.0000000000,0.0000000000,0.1024942547,0.0000000000,0.1625521332,0.1908334047,0.0000000000,0.0014344472,0.0000000000,0.1024823561,0.0000000000,0.0217106491,0.0026727046,0.0000000000,0.0201488715,0.0204966571,0.0254898313,0.1056012139,0.0123115797,0.0000000000,0.0356738381,0.0547016375,0.0000000000,0.0000000000,0.0767266303,0.0752498657,0.0571139716,0.0542993508,0.0709920675,0.0161648691,0.4722435772,0.3389997482,0.1501634866,0.1589100957,0.0546783060,0.0517037660,0.0477800220,0.0486473516,0.5810056329,0.5808811784,0.0264230017,0.0000000000,0.0000000000,0.0257068630,0.0527611375,0.0532632880,0.1651917696,0.1791708171,0.0000052337,0.0000000000,0.0000000000,0.0000000000,0.0008703069,0.1165735498,0.0001019168,0.0771758780,0.1166641712,0.0090355091
15:11:10:36.911,61,0.1549703926,0.1847962737,0.1248961911,0.0000000000,0.0000000000,0.1029014513,0.0000000000,0.1548931003,0.1851828247,0.0009661111,0.0000000000,0.0000000000,0.1028901413,0.0000000000,0.0216916054,0.0032450114,0.0000000000,0.0200772714,0.0203441009,0.0255740881,0.1074619666,0.0122057628,0.0000000000,0.0313207358,0.0501525104,0.0000000000,0.0000000000,0.0764000863,0.0749335513,0.0573346429,0.0544443615,0.0710495189,0.0160953440,0.4932637513,0.3578180075,0.1535971463,0.1632862091,0.0541411601,0.0512057096,0.0475321375,0.0484390855,0.5823654532,0.5822409391,0.0260746665,0.0000000000,0.0000000000,0.0262414366,0.0526364669,0.0532231443,0.1654426605,0.1794387251,0.0000064263,0.0000000000,0.0000000000,0.0000000000,-0.0005863918,0.1131217703,-0.0000666181,0.0758082196,0.1132121757,0.0086108018
15:11:10:37.912,61,0.1494711637,0.1815021932,0.1239361539,0.0000000000,0.0000000000,0.1027040258,0.0000000000,0.1493949443,0.1818713993,0.0020332448,0.0000000000,0.0000000000,0.1026932001,0.0000000000,0.0217086673,0.0037820693,0.0000000000,0.0199781749,0.0201456677,0.0255925078,0.1083812490,0.0120659210,0.0000000000,0.0285156332,0.0476682000,0.0000000000,0.0000000000,0.0764076710,0.0749418214,0.0575839579,0.0546171628,0.0712044984,0.0160467345,0.5050227046,0.3687875271,0.1597107947,0.1703627110,0.0535962284,0.0506999306,0.0473040715,0.0482599922,0.5832244754,0.5830999613,0.0257279668,0.0000000000,0.0000000000,0.0268178321,0.0524148010,0.0530834608,0.1658525616,0.1799067110,0.0000083070,0.0000000000,0.0000000000,0.0000000000,-0.0012343812,0.1110990122,-0.0001377055,0.0752425417,0.1111892983,0.0083926925
15:11:10:38.914,61,0.1449123025,0.1784335673,0.1229958907,0.0000000000,0.0000000000,0.1019490510,0.0000000000,0.1448426545,0.1787865311,0.0030284182,0.0000000000,0.0000000000,0.1019393653,0.0000000000,0.0217583254,0.0042649726,0.0000000000,0.0198830124,0.0199486688,0.0256122239,0.1094975993,0.0118844062,0.0000000000,0.0250897501,0.0440998636,0.0000000000,0.0000000000,0.0764324218,0.0749651715,0.0578660890,0.0548408516,0.0714555383,0.0159915164,0.5148442984,0.3791934848,0.1639130414,0.1747165918,0.0529710986,0.0501262583,0.0471429676,0.0481445305,0.5833601356,0.5832359195,0.0254106056,0.0000000000,0.0000000000,0.0274236724,0.0521829613,0.0529149435,0.1663179547,0.1803842336,0.0000105727,0.0000000000,0.0000000000,0.0000000000,-0.0018389336,0.1092146859,-0.0002016408,0.0746872053,0.1093048081,0.0081885364
15:11:10:39.912,61,0.1418573707,0.1767890304,0.1214824915,0.0000000000,0.0000000000,0.1010307670,0.0000000000,0.1417873949,0.1771251112,0.0045086495,0.0000000000,0.0000000000,0.1010222659,0.0000000000,0.0218209773,0.0047647138,0.0000000000,0.0197741836,0.0197291877,0.0255745947,0.1103006825,0.0117660258,0.0000000000,0.0234565660,0.0424722955,0.0000000000,0.0000000000,0.0766703114,0.0751827061,0.0581792668,0.0550796576,0.0717338994,0.0159272533,0.5215309858,0.3862576485,0.1671856642,0.1782774776,0.0522944182,0.0495007709,0.0469718501,0.0480195954,0.5828898549,0.5827655196,0.0251230132,0.0000000000,0.0000000000,0.0280271936,0.0519251563,0.0527256876,0.1664869487,0.1805508286,0.0000118900,0.0000000000,0.0000000000,0.0000000000,-0.0027380714,0.1081999764,-0.0002974205,0.0737763196,0.1082900167,0.0080131702
15:11:10:40.914,61,0.1397314817,0.1777028441,0.1214988679,0.0000000000,0.0000000000,0.0999978036,0.0000000000,0.1396601200,0.1780415326,0.0044259140,0.0000000000,0.0000000000,0.0999904722,0.0000000000,0.0218887608,0.0052655381,0.0000000000,0.0196619928,0.0195047874,0.0255644470,0.1117888764,0.0116673457,0.0000000000,0.0193706788,0.0382185578,0.0000000000,0.0000000000,0.0769635811,0.0754586086,0.0585448705,0.0553683154,0.0720204785,0.0158439148,0.5313646197,0.3964398205,0.1708243638,0.1820392311,0.0515772887,0.0488395058,0.0468288176,0.0479123518,0.5823824406,0.5822578669,0.0248570349,0.0000000000,0.0000000000,0.0286780372,0.0516576730,0.0525183119,0.1665347964,0.1805801541,0.0000130156,0.0000000000,0.0000000000,0.0000000000,-0.0026876631,0.1087597981,-0.0002934673,0.0737817883,0.1088498160,0.0080555156
15:11:10:41.916,61,0.1383639872,0.1780701876,0.1215488389,0.0000000000,0.0000000000,0.0988172442,0.0000000000,0.1382921040,0.1784102768,0.0043507391,0.0000000000,0.0000000000,0.0988107920,0.0000000000,0.0219625439,0.0057488652,0.0000000000,0.0195432380,0.0192729328,0.0255552512,0.1134137660,0.0114935189,0.0000000000,0.0140021546,0.0317556560,0.0000000000,0.0000000000,0.0772933289,0.0757780597,0.0589487217,0.0557173491,0.0722987130,0.0157427099,0.5422530174,0.4080148339,0.1737760454,0.1850726455,0.0507848412,0.0481494442,0.0467132516,0.0478417836,0.5815791488,0.5814551115,0.0246183556,0.0000000000,0.0000000000,0.0293051247,0.0513676405,0.0522869304,0.1665741056,0.1805845201,0.0000139692,0.0000000000,0.0000000000,0.0000000000,-0.0026419475,0.1089850292,-0.0002890778,0.0738103315,0.1090750620,0.0080754338
15:11:10:42.920,61,0.1365944594,0.1768674850,0.1210877821,0.0000000000,0.0000000000,0.0976964459,0.0000000000,0.1365183741,0.1772006154,0.0048090061,0.0000000000,0.0000000000,0.0976908952,0.0000000000,0.0220614076,0.0062369830,0.0000000000,0.0194318146,0.0190438461,0.0255645700,0.1154778674,0.0113390395,0.0000000000,0.0106869750,0.0263076723,0.0000000000,0.0000000000,0.0777420700,0.0762164816,0.0593991391,0.0561122335,0.0725899637,0.0156435594,0.5495049357,0.4156599045,0.1775963157,0.1890452951,0.0499626100,0.0474467613,0.0465952903,0.0477632061,0.5791010857,0.5789756179,0.0244024340,0.0000000000,0.0000000000,0.0299980622,0.0510676838,0.0520412251,0.1664825529,0.1804470420,0.0000130597,0.0000000000,0.0000000000,0.0000000000,-0.0029204614,0.1082461700,-0.0003173688,0.0735362321,0.1083361357,0.0079905698
15:11:10:43.919,61,0.1348373741,0.1760349423,0.1206331104,0.0000000000,0.0000000000,0.0967454836,0.0000000000,0.1347570717,0.1763621718,0.0052654818,0.0000000000,0.0000000000,0.0967405513,0.0000000000,0.0221755803,0.0067488337,0.0000000000,0.0193015747,0.0187956523,0.0255300272,0.1165459007,0.0112019433,0.0000000000,0.0084246891,0.0226981007,0.0000000000,0.0000000000,0.0783317536,0.0767868832,0.0599021688,0.0565431304,0.0728835091,0.0155346552,0.5571638346,0.4239072204,0.1808564067,0.1925739795,0.0491813459,0.0467374474,0.0464849025,0.0476936325,0.5779880285,0.5778621435,0.0242093764,0.0000000000,0.0000000000,0.0306500513,0.0507653654,0.0517977513,0.1663596630,0.1802906841,0.0000120201,0.0000000000,0.0000000000,0.0000000000,-0.0031978516,0.1077340841,-0.0003458561,0.0732641518,0.1078239977,0.0079231327
15:11:10:44.921,61,0.1337112635,0.1749554574,0.1199055463,0.0000000000,0.0000000000,0.0958257765,0.0000000000,0.1336296052,0.1752740145,0.0059790886,0.0000000000,0.0000000000,0.0958212763,0.0000000000,0.0222827978,0.0071929023,0.0000000000,0.0191871338,0.0185642187,0.0254900232,0.1174013466,0.0110383518,0.0000000000,0.0066390592,0.0204772707,0.0000000000,0.0000000000,0.0789122134,0.0773473680,0.0603606626,0.0569428168,0.0731984004,0.0154339951,0.5603518486,0.4273068011,0.1827552170,0.1945139617,0.0484272912,0.0460497998,0.0463739224,0.0476255752,0.5765299797,0.5764043927,0.0240463391,0.0000000000,0.0000000000,0.0312742665,0.0504721254,0.0515565276,0.1660529971,0.1799358875,0.0000107404,0.0000000000,0.0000000000,0.0000000000,-0.0036315029,0.1070695370,-0.0003903151,0.0728274807,0.1071593538,0.0078270733
15:11:10:45.923,61,0.1323490292,0.1743315458,0.1194768697,0.0000000000,0.0000000000,0.0950198695,0.0000000000,0.1322656423,0.1746450514,0.0064001535,0.0000000000,0.0000000000,0.0950156003,0.0000000000,0.0223731697,0.0076316320,0.0000000000,0.0190709773,0.0183412209,0.0254340544,0.1181012467,0.0108577246,0.0000000000,0.0050506145,0.0188742578,0.0000000000,0.0000000000,0.0794419199,0.0778654888,0.0607656799,0.0573012792,0.0735031590,0.0153315375,0.5628747940,0.4300872684,0.1839788705,0.1957691759,0.0477010086,0.0453869440,0.0462900288,0.0475882031,0.5756921768,0.5755670071,0.0238923579,0.0000000000,0.0000000000,0.0318228006,0.0501909852,0.0513322093,0.1658714712,0.1796945035,0.0000084113,0.0000000000,0.0000000000,0.0000000000,-0.0038874040,0.1066854149,-0.0004163088,0.0725700781,0.1067751944,0.0077712848
15:11:10:46.924,61,0.1314034015,0.1738469899,0.1193402261,0.0000000000,0.0000000000,0.0942492262,0.0000000000,0.1313199848,0.1741582006,0.0065179081,0.0000000000,0.0000000000,0.0942450538,0.0000000000,0.0224592704,0.0080176201,0.0000000000,0.0189575460,0.0181322061,0.0253996216,0.1186786592,0.0105676316,0.0000000000,0.0016017426,0.0163422972,0.0000000000,0.0000000000,0.0799273327,0.0783569440,0.0611715391,0.0576873347,0.0737569779,0.0152341081,0.5644548535,0.4317688644,0.1848666817,0.1966715306,0.0470421277,0.0447928309,0.0462171175,0.0475693420,0.5751574039,0.5750335455,0.0237592179,0.0000000000,0.0000000000,0.0323338360,0.0499229990,0.0511188358,0.1659404188,0.1797239780,0.0000070433,0.0000000000,0.0000000000,0.0000000000,-0.0039590527,0.1063880324,-0.0004227910,0.0724893808,0.1064777747,0.0077408724
15:11:10:47.925,61,0.1306048036,0.1736279130,0.1190745309,0.0000000000,0.0000000000,0.0934646949,0.0000000000,0.1305209547,0.1739363968,0.0067879055,0.0000000000,0.0000000000,0.0934606045,0.0000000000,0.0225501582,0.0083615696,0.0000000000,0.0188338291,0.0179111715,0.0253286622,0.1190689504,0.0103925606,0.0000000000,0.0002050996,0.0154084768,0.0000000000,0.0000000000,0.0806417093,0.0790229142,0.0615174808,0.0580011792,0.0740619153,0.0151591999,0.5680527687,0.4350832105,0.1875507832,0.1996030509,0.0464425385,0.0442436859,0.0461778641,0.0475713015,0.5750315785,0.5749087334,0.0236159097,0.0000000000,0.0000000000,0.0328409374,0.0496337041,0.0508751869,0.1661340147,0.1798953116,0.0000058664,0.0000000000,0.0000000000,0.0000000000,-0.0041231122,0.1062526256,-0.0004397463,0.0723290220,0.1063423604,0.0077138832
15:11:10:48.927,61,0.1300111413,0.1734389067,0.1187129319,0.0000000000,0.0000000000,0.0927149281,0.0000000000,0.1299275607,0.1737439930,0.0071450700,0.0000000000,0.0000000000,0.0927108005,0.0000000000,0.0226125345,0.0086723398,0.0000000000,0.0187040865,0.0177080948,0.0252326857,0.1192928180,0.0101800719,0.0000000000,0.0000000000,0.0151515985,0.0005816272,0.0000000000,0.0811990425,0.0795644149,0.0617889017,0.0582433753,0.0742842481,0.0150994603,0.5691819787,0.4361209273,0.1886122972,0.2007417530,0.0459223464,0.0437702537,0.0461160168,0.0475622863,0.5745989680,0.5744773149,0.0234644096,0.0000000000,0.0000000000,0.0332566835,0.0493291505,0.0506195650,0.1662835479,0.1800528914,0.0000062133,0.0000000000,0.0000000000,0.0000000000,-0.0043401150,0.1061351746,-0.0004623749,0.0721102729,0.1062249020,0.0076820357
15:11:10:49.928,61,0.1296922266,0.1732916534,0.1185056269,0.0000000000,0.0000000000,0.0921020433,0.0000000000,0.1296091825,0.1735946983,0.0073431786,0.0000000000,0.0000000000,0.0920978710,0.0000000000,0.0226495415,0.0089202756,0.0000000000,0.0186086968,0.0175552461,0.0251725130,0.1193517074,0.0099717584,0.0000000000,0.0000000000,0.0158195868,0.0007441151,0.0000000000,0.0815804973,0.0799528211,0.0620008223,0.0584348179,0.0744775236,0.0150535675,0.5672973990,0.4336763918,0.1890317202,0.2011927962,0.0455451012,0.0434358045,0.0460625999,0.0475616306,0.5741378665,0.5740175843,0.0233348273,0.0000000000,0.0000000000,0.0335892700,0.0490950234,0.0504300073,0.1663387567,0.1801187545,0.0000088134,0.0000000000,0.0000000000,0.0000000000,-0.0044604954,0.1060440242,-0.0004747883,0.0719850510,0.1061337367,0.0076620877
15:11:10:50.930,61,0.1296393424,0.1734002084,0.1185626239,0.0000000000,0.0000000000,0.0915905908,0.0000000000,0.1295564920,0.1737039536,0.0072870785,0.0000000000,0.0000000000,0.0915862918,0.0000000000,0.0226170849,0.0090895975,0.0000000000,0.0185362082,0.0174452830,0.0251126941,0.1193320826,0.0097857341,0.0000000000,0.0000985307,0.0224533454,0.0000000000,0.0000000000,0.0818177834,0.0802046731,0.0621178709,0.0585545152,0.0745202154,0.0150119346,0.5537015796,0.4179079235,0.1885626465,0.2004698664,0.0453083329,0.0432313681,0.0459794775,0.0475189425,0.5736653805,0.5735460520,0.0232270323,0.0000000000,0.0000000000,0.0337935872,0.0489236787,0.0502967425,0.1663210839,0.1800966561,0.0000106706,0.0000000000,0.0000000000,0.0000000000,-0.0044263862,0.1061107442,-0.0004714565,0.0720191672,0.1062005088,0.0076705711
15:11:10:51.931,61,0.1296859831,0.1732745767,0.1190024838,0.0000000000,0.0000000000,0.0913074166,0.0000000000,0.1296024024,0.1735816449,0.0068321540,0.0000000000,0.0000000000,0.0913029313,0.0000000000,0.0225567427,0.0092152283,0.0000000000,0.0184871014,0.0173708182,0.0250210054,0.1189424545,0.0096579958,0.0000000000,0.0038307952,0.0299961343,0.0000000000,0.0000000000,0.0820172578,0.0804139152,0.0621490665,0.0585810021,0.0745609552,0.0149945477,0.5400952697,0.4045640528,0.1867149025,0.1983073801,0.0452244058,0.0431674495,0.0458935238,0.0474728607,0.5736117363,0.5734935403,0.0231312420,0.0000000000,0.0000000000,0.0338807143,0.0488249660,0.0502339378,0.1662871540,0.1800488383,0.0000134430,0.0000000000,0.0000000000,0.0000000000,-0.0041500842,0.1060359180,-0.0004417135,0.0722869337,0.1061256230,0.0076935701
15:11:10:52.933,61,0.1294112951,0.1723890156,0.1199836284,0.0000000000,0.0000000000,0.0914577171,0.0000000000,0.1293267608,0.1727018505,0.0058154375,0.0000000000,0.0000000000,0.0914530382,0.0000000000,0.0224937536,0.0093461536,0.0000000000,0.0184551701,0.0173287299,0.0249608792,0.1183860153,0.0095177125,0.0000000000,0.0061113308,0.0337436870,0.0000000000,0.0000000000,0.0821252391,0.0805538297,0.0621671416,0.0585988648,0.0745417476,0.0149991214,0.5344097614,0.3985648751,0.1851842701,0.1966437101,0.0452673174,0.0432226360,0.0458345525,0.0474475734,0.5753015876,0.5751886964,0.0229934230,0.0000000000,0.0000000000,0.0338960811,0.0488315262,0.0502859429,0.1667137593,0.1804962009,0.0000157494,0.0000000000,0.0000000000,0.0000000000,-0.0035326984,0.1054982394,-0.0003740815,0.0728870779,0.1055878401,0.0077177268
15:11:10:53.934,61,0.1287513822,0.1705640554,0.1207767278,0.0000000000,0.0000000000,0.0918622911,0.0000000000,0.1286659688,0.1708786190,0.0050031398,0.0000000000,0.0000000000,0.0918574110,0.0000000000,0.0224426519,0.0094483513,0.0000000000,0.0184505004,0.0173131656,0.0249096211,0.1177999675,0.0093617998,0.0000000000,0.0082295220,0.0363641232,0.0000000000,0.0000000000,0.0822218955,0.0806786120,0.0621679910,0.0586062558,0.0745596886,0.0150223961,0.5313155651,0.3953643739,0.1840163916,0.1953671426,0.0453433990,0.0433078408,0.0457887501,0.0474365950,0.5769090652,0.5768010020,0.0228453353,0.0000000000,0.0000000000,0.0338735245,0.0489209443,0.0504226349,0.1672721803,0.1810622066,0.0000173658,0.0000000000,0.0000000000,0.0000000000,-0.0030396092,0.1043843031,-0.0003184444,0.0733774826,0.1044738293,0.0076869847
15:11:10:54.936,61,0.1281368136,0.1695730388,0.1214033812,0.0000000000,0.0000000000,0.0922329873,0.0000000000,0.1280505955,0.1698900163,0.0043702126,0.0000000000,0.0000000000,0.0922279507,0.0000000000,0.0223856755,0.0095669208,0.0000000000,0.0184402280,0.0172815360,0.0247946680,0.1165578961,0.0092768483,0.0000000000,0.0136350393,0.0417232998,0.0000000000,0.0000000000,0.0825168714,0.0809980184,0.0621110834,0.0585442707,0.0746358186,0.0150569333,0.5294953585,0.3935099244,0.1833034158,0.1946163625,0.0454265736,0.0433984995,0.0457585044,0.0474396273,0.5784344673,0.5783301592,0.0227097869,0.0000000000,0.0000000000,0.0338230841,0.0490018055,0.0505481139,0.1677442193,0.1815403700,0.0000186061,0.0000000000,0.0000000000,0.0000000000,-0.0026552482,0.1037802845,-0.0002765557,0.0737628490,0.1038697287,0.0076822792
15:11:10:55.938,61,0.1278189719,0.1689319611,0.1218714938,0.0000000000,0.0000000000,0.0926706046,0.0000000000,0.1277322024,0.1692509353,0.0039139106,0.0000000000,0.0000000000,0.0926653519,0.0000000000,0.0223101098,0.0096765989,0.0000000000,0.0184418559,0.0172762536,0.0246707350,0.1142930016,0.0092161205,0.0000000000,0.0185610242,0.0468523167,0.0000000000,0.0000000000,0.0827891007,0.0812933668,0.0620131418,0.0584355071,0.0746691748,0.0151093341,0.5206395984,0.3844325244,0.1818284690,0.1930895299,0.0456691831,0.0436367430,0.0457095206,0.0474251211,0.5805669427,0.5804681182,0.0225768033,0.0000000000,0.0000000000,0.0336970128,0.0490839481,0.0506770872,0.1682715863,0.1820930243,0.0000201064,0.0000000000,0.0000000000,0.0000000000,-0.0023781054,0.1033898219,-0.0002467515,0.0740502924,0.1034792513,0.0076829600
15:11:10:56.940,61,0.1276888698,0.1682103574,0.1220433712,0.0000000000,0.0000000000,0.0931681246,0.0000000000,0.1276020855,0.1685288250,0.0037368580,0.0000000000,0.0000000000,0.0931626484,0.0000000000,0.0222416557,0.0097550862,0.0000000000,0.0184518844,0.0172840282,0.0245188121,0.1117578149,0.0091717374,0.0000000000,0.0226844531,0.0511693060,0.0000000000,0.0000000000,0.0830233917,0.0815494880,0.0618672594,0.0582744293,0.0747215077,0.0151769891,0.5118212104,0.3762902915,0.1798833907,0.1911725998,0.0459732302,0.0439321697,0.0456680991,0.0474214219,0.5817200541,0.5816236734,0.0224455763,0.0000000000,0.0000000000,0.0335086659,0.0491636842,0.0508065969,0.1687496006,0.1825973988,0.0000227990,0.0000000000,0.0000000000,0.0000000000,-0.0022706310,0.1029486656,-0.0002345876,0.0741580874,0.1030380726,0.0076610879
15:11:10:57.944,61,0.1277600080,0.1675585061,0.1221896484,0.0000000000,0.0000000000,0.0936526135,0.0000000000,0.1276727915,0.1678764075,0.0035877719,0.0000000000,0.0000000000,0.0936468095,0.0000000000,0.0221771244,0.0097944513,0.0000000000,0.0184732713,0.0173063483,0.0243575014,0.1100590825,0.0091690635,0.0000000000,0.0263707004,0.0544059910,0.0000000000,0.0000000000,0.0832382739,0.0817846581,0.0616696477,0.0580583289,0.0747742131,0.0152558228,0.5031426549,0.3681356013,0.1776956916,0.1887948364,0.0463255197,0.0442728512,0.0456046127,0.0473890714,0.5823897719,0.5822943449,0.0223316420,0.0000000000,0.0000000000,0.0333001465,0.0492392816,0.0509109795,0.1690134257,0.1828395277,0.0000274121,0.0000000000,0.0000000000,0.0000000000,-0.0021801309,0.1025501192,-0.0002243596,0.0742500350,0.1026394665,0.0076406859
15:11:10:58.946,61,0.1277345717,0.1669045389,0.1227048635,0.0000000000,0.0000000000,0.0940622911,0.0000000000,0.1276472062,0.1672247499,0.0030512549,0.0000000000,0.0000000000,0.0940562040,0.0000000000,0.0221334063,0.0098811435,0.0000000000,0.0184917375,0.0173323769,0.0242104195,0.1090116501,0.0092140036,0.0000000000,0.0283170827,0.0561106130,0.0000000000,0.0000000000,0.0833446980,0.0819184482,0.0614382587,0.0577947870,0.0748524815,0.0153348148,0.5000916719,0.3652575016,0.1766646653,0.1877232045,0.0466410853,0.0445822142,0.0456067808,0.0474180020,0.5827662349,0.5826709270,0.0222098939,0.0000000000,0.0000000000,0.0330830365,0.0492822751,0.0509753786,0.1694043428,0.1832026243,0.0000265619,0.0000000000,0.0000000000,0.0000000000,-0.0018541892,0.1021519676,-0.0001900706,0.0745661706,0.1022412926,0.0076431804
15:11:10:59.944,61,0.1275624484,0.1662404984,0.1231780723,0.0000000000,0.0000000000,0.0944686756,0.0000000000,0.1274754256,0.1665626317,0.0025822124,0.0000000000,0.0000000000,0.0944622606,0.0000000000,0.0221119188,0.0099229030,0.0000000000,0.0185023285,0.0173457786,0.0240581185,0.1080886498,0.0092982324,0.0000000000,0.0308335591,0.0578492582,0.0000000000,0.0000000000,0.0835698992,0.0821618736,0.0611579418,0.0574933067,0.0750025064,0.0154396994,0.4986460209,0.3638037443,0.1761537194,0.1871937662,0.0470077097,0.0449411497,0.0456713028,0.0474949218,0.5881800652,0.5880849361,0.0220642015,0.0000000000,0.0000000000,0.0329126269,0.0493194200,0.0510156341,0.1713644862,0.1849230230,0.0000243718,0.0000000000,0.0000000000,0.0000000000,-0.0015692262,0.1017474607,-0.0001602180,0.0748568401,0.1018367261,0.0076423464
15:11:11:00.946,61,0.1272109002,0.1651944071,0.1237165332,0.0000000000,0.0000000000,0.0948276147,0.0000000000,0.1271241009,0.1655178815,0.0020469804,0.0000000000,0.0000000000,0.0948208570,0.0000000000,0.0221089534,0.0099472553,0.0000000000,0.0185212493,0.0173593163,0.0239064228,0.1073654890,0.0094344998,0.0000000000,0.0341735817,0.0600688793,0.0000000000,0.0000000000,0.0838759840,0.0824747905,0.0608605258,0.0571736395,0.0752064288,0.0155460024,0.4980086684,0.3631125987,0.1759627163,0.1870017946,0.0473483503,0.0452751368,0.0457474329,0.0475697108,0.5915535688,0.5914561152,0.0219274182,0.0000000000,0.0000000000,0.0327906758,0.0493696220,0.0510544926,0.1722303182,0.1856745034,0.0000218793,0.0000000000,0.0000000000,0.0000000000,-0.0012440431,0.1011091992,-0.0001262146,0.0751889497,0.1011984274,0.0076277447
15:11:11:01.947,61,0.1267959476,0.1644141525,0.1240372732,0.0000000000,0.0000000000,0.0951515809,0.0000000000,0.1267091483,0.1647379398,0.0017448313,0.0000000000,0.0000000000,0.0951443911,0.0000000000,0.0221019126,0.0099779302,0.0000000000,0.0185443945,0.0173749160,0.0237580854,0.1067054570,0.0095459372,0.0000000000,0.0358977616,0.0613262095,0.0000000000,0.0000000000,0.0842081159,0.0828176811,0.0605697930,0.0568619557,0.0753973797,0.0156621560,0.4977971017,0.3627703786,0.1758044511,0.1868373603,0.0476828739,0.0455984026,0.0458232313,0.0476487167,0.5937324762,0.5936324000,0.0217922870,0.0000000000,0.0000000000,0.0326567926,0.0493872948,0.0510555878,0.1730868369,0.1864578724,0.0000165218,0.0000000000,0.0000000000,0.0000000000,-0.0010604647,0.1006327495,-0.0001070792,0.0753875002,0.1007219404,0.0076115956
